{"type":"FeatureCollection","features":[{"type":"Feature","geometry":{"type":"LineString","coordinates":[[22.439119,39.659439],[22.43747,39.657624],[22.436279,39.655513],[22.436279,39.655514],[22.434834,39.653116],[22.434835,39.653116],[22.433722,39.651388],[22.433723,39.651389],[22.433552,39.651101],[22.433601,39.650953],[22.43373,39.650552],[22.434229,39.649198],[22.434022,39.649041],[22.433278,39.648499],[22.432519,39.648171],[22.431867,39.647938],[22.43157,39.647841],[22.431402,39.647848],[22.431217,39.647719],[22.43072,39.64741],[22.43065,39.64736],[22.43032,39.64716],[22.42991,39.64691],[22.42948,39.64664],[22.42948,39.64664],[22.42896,39.64632],[22.42869,39.64615],[22.428111,39.645814],[22.428001,39.645818],[22.427944,39.645884],[22.427836,39.646111],[22.427804,39.646179],[22.427703,39.646243],[22.427579,39.646244],[22.427503,39.646191],[22.427485,39.64609],[22.427441,39.645965],[22.427378,39.645747],[22.426613,39.645103],[22.426298,39.644834],[22.42596,39.644635],[22.425676,39.644445],[22.425304,39.644225],[22.424931,39.644068],[22.424788,39.64381],[22.424703,39.643664],[22.424583,39.643461],[22.424266,39.642976],[22.42365,39.642357],[22.423446,39.642139],[22.42313,39.64185],[22.420639,39.640215],[22.420035,39.63983],[22.419927,39.63975],[22.419786,39.639736],[22.419412,39.639705],[22.419122,39.639689],[22.418791,39.639665],[22.41849,39.639682],[22.417647,39.639765],[22.416439,39.639874],[22.416371,39.639728],[22.416246,39.639376],[22.416093,39.639045],[22.416035,39.638901],[22.415967,39.638773],[22.416336,39.638795],[22.41653,39.638787],[22.416611,39.63876],[22.416638,39.638725],[22.41666,39.638191],[22.416703,39.637642],[22.416696,39.635356],[22.415962,39.635259],[22.415596,39.635179],[22.415175,39.635062],[22.414567,39.634763],[22.413264,39.634158],[22.413195,39.634099],[22.413171,39.634011],[22.413168,39.633922],[22.413181,39.633669],[22.413177,39.633166],[22.413211,39.631892],[22.41267,39.632],[22.409856,39.632543],[22.407157,39.633147],[22.407104,39.633035],[22.407013,39.632895],[22.40689,39.6328],[22.405068,39.632744],[22.401132,39.632637],[22.398084,39.632582],[22.397041,39.632562],[22.397048,39.632251],[22.39708,39.63173],[22.39709,39.63153],[22.397096,39.631321],[22.397184,39.629093],[22.39725,39.627257],[22.397295,39.626974],[22.397411,39.62668],[22.397024,39.626658],[22.39576,39.62664],[22.39546,39.62672],[22.39532,39.62679],[22.39502,39.62649],[22.394009,39.625459],[22.392485,39.623882],[22.392689,39.623758],[22.39444,39.62271],[22.394583,39.622615],[22.395066,39.622159],[22.39558,39.62157],[22.39655,39.620186],[22.396683,39.620002],[22.39849,39.62079],[22.401016,39.621839],[22.39988,39.62335],[22.39965,39.62365],[22.399051,39.62445]]},"properties":{"line":"1","dir":"0","mode":"bus"}},{"type":"Feature","geometry":{"type":"LineString","coordinates":[[22.43891,39.65922],[22.437513,39.657628],[22.437513,39.657629],[22.436279,39.655513],[22.436279,39.655514],[22.434834,39.653116],[22.434835,39.653116],[22.433722,39.651388],[22.433723,39.651389],[22.43292,39.65016],[22.43292,39.65016],[22.43169,39.648185],[22.431535,39.648],[22.43135,39.64782],[22.431217,39.647719],[22.43072,39.64741],[22.43065,39.64736],[22.43032,39.64716],[22.42991,39.64691],[22.42948,39.64664],[22.42948,39.64664],[22.42896,39.64632],[22.42869,39.64615],[22.428111,39.645814],[22.427965,39.645888],[22.427884,39.646136],[22.42773,39.646263],[22.427573,39.646224],[22.427494,39.645973],[22.427378,39.645747],[22.426613,39.645058],[22.426298,39.644834],[22.42596,39.644635],[22.425676,39.644445],[22.425309,39.644225],[22.424931,39.644068],[22.424788,39.64381],[22.424703,39.643664],[22.424668,39.643568],[22.424669,39.643568],[22.424288,39.642976],[22.423644,39.642307],[22.423532,39.642196],[22.42313,39.64185],[22.420639,39.640215],[22.420035,39.63983],[22.419764,39.639769],[22.419385,39.639722],[22.419122,39.639689],[22.418791,39.639665],[22.41849,39.639682],[22.417647,39.639765],[22.416488,39.639866],[22.416393,39.63965],[22.416246,39.639319],[22.416088,39.638987],[22.416088,39.638988],[22.415999,39.638778],[22.41661,39.63882],[22.416789,39.638811],[22.416762,39.637869],[22.416767,39.637679],[22.416777,39.635356],[22.416504,39.635346],[22.416505,39.635347],[22.415596,39.635179],[22.41454,39.634771],[22.413228,39.634099],[22.413168,39.633922],[22.413181,39.633669],[22.413177,39.633166],[22.41319,39.6319],[22.41267,39.632],[22.41236,39.63206],[22.41236,39.63206],[22.409856,39.632543],[22.409857,39.632544],[22.4072,39.63313],[22.407072,39.632916],[22.40689,39.6328],[22.405068,39.632744],[22.405068,39.632744],[22.401132,39.632637],[22.401133,39.632637],[22.398115,39.632565],[22.398084,39.632582],[22.39703,39.63255],[22.39708,39.63185],[22.39708,39.63173],[22.39709,39.63153],[22.397096,39.631321],[22.397097,39.631322],[22.397184,39.629093],[22.397184,39.629094],[22.39729,39.62697],[22.3974,39.62668],[22.397024,39.626658],[22.397025,39.626659],[22.39576,39.62664],[22.39546,39.62672],[22.39532,39.62679],[22.39502,39.62649],[22.394047,39.625451],[22.394047,39.625452],[22.39248,39.62389],[22.392689,39.623758],[22.39269,39.623758],[22.39444,39.62271],[22.394551,39.622615],[22.394551,39.622615],[22.39558,39.62157],[22.396523,39.620182],[22.396524,39.620183],[22.39664,39.62001],[22.39849,39.62079],[22.39849,39.62079],[22.401016,39.621839],[22.39988,39.62335],[22.39965,39.62365],[22.399051,39.62445]]},"properties":{"line":"1","dir":"0","mode":"bus"}},{"type":"Feature","geometry":{"type":"LineString","coordinates":[[22.439017,39.659338],[22.437514,39.657628],[22.437514,39.657628],[22.436279,39.655513],[22.43628,39.655513],[22.434836,39.653115],[22.434836,39.653116],[22.433722,39.651388],[22.433723,39.651389],[22.433599,39.651192],[22.433529,39.65109],[22.433599,39.650838],[22.433829,39.650328],[22.433947,39.649931],[22.434037,39.649695],[22.434038,39.649696],[22.434108,39.649507],[22.434248,39.64918],[22.433738,39.648832],[22.433078,39.648392],[22.431848,39.647945],[22.431848,39.647946],[22.431732,39.647909],[22.431351,39.647818],[22.43126,39.647759],[22.430718,39.64741],[22.430648,39.647362],[22.430321,39.647158],[22.429908,39.646911],[22.429479,39.646638],[22.429479,39.646638],[22.428959,39.646321],[22.42869,39.646149],[22.428111,39.645819],[22.427918,39.645945],[22.427789,39.646297],[22.427521,39.6462],[22.427473,39.64578],[22.427017,39.645385],[22.42648,39.644948],[22.425933,39.64459],[22.42529,39.644185],[22.424817,39.64381],[22.424731,39.64366],[22.424668,39.643568],[22.424669,39.643568],[22.424098,39.642791],[22.423478,39.642201],[22.423478,39.642201],[22.423127,39.641852],[22.420649,39.64019],[22.419833,39.639765],[22.419566,39.639735],[22.419342,39.639664],[22.419224,39.639681],[22.41875,39.63965],[22.416449,39.639868],[22.416352,39.639648],[22.416088,39.638987],[22.416088,39.638988],[22.416009,39.638789],[22.41661,39.638822],[22.416615,39.638671],[22.416658,39.63777],[22.416658,39.637771],[22.416679,39.635362],[22.416504,39.635347],[22.416505,39.635348],[22.41558,39.635222],[22.414539,39.634798],[22.413192,39.634122],[22.413198,39.633929],[22.413207,39.633719],[22.413208,39.633719],[22.413192,39.631901],[22.412672,39.631998],[22.412361,39.632062],[22.412362,39.632063],[22.409856,39.632541],[22.409857,39.632542],[22.4072,39.63313],[22.40712,39.633039],[22.406889,39.632797],[22.405068,39.632743],[22.405068,39.632743],[22.401132,39.632639],[22.401133,39.63264],[22.398115,39.632567],[22.398116,39.632567],[22.397029,39.632551],[22.397078,39.631848],[22.397078,39.63173],[22.397089,39.631531],[22.397096,39.631321],[22.397097,39.631322],[22.397184,39.629093],[22.397185,39.629094],[22.397292,39.626972],[22.3974,39.626682],[22.39748,39.626569],[22.397498,39.626542],[22.397499,39.626543],[22.39871,39.624884],[22.399434,39.623939],[22.399897,39.623347],[22.39946,39.623168],[22.39946,39.623169],[22.395581,39.62157],[22.395619,39.621511],[22.395619,39.621511],[22.395967,39.621012],[22.396289,39.620529],[22.396522,39.620182],[22.396522,39.620182],[22.396638,39.620009],[22.398489,39.620792],[22.398713,39.620887],[22.398713,39.620888],[22.400361,39.621591],[22.40101,39.621849],[22.400914,39.621971],[22.400914,39.621971],[22.399051,39.62445]]},"properties":{"line":"1","dir":"0","mode":"bus"}},{"type":"Feature","geometry":{"type":"LineString","coordinates":[[22.394034,39.625465],[22.392472,39.623869],[22.392707,39.62374],[22.394474,39.622729],[22.395083,39.622166],[22.395602,39.621524],[22.396023,39.620919],[22.396684,39.620016],[22.398723,39.620865],[22.401044,39.621861],[22.399067,39.624462],[22.397515,39.626499],[22.397311,39.626905],[22.397257,39.627649],[22.397204,39.628472],[22.396935,39.628468],[22.395854,39.628455],[22.395835,39.629342],[22.395773,39.631],[22.395712,39.632534],[22.399273,39.632592],[22.404705,39.632719],[22.406415,39.632763],[22.406879,39.63281],[22.407051,39.632953],[22.407353,39.633604],[22.407482,39.633901],[22.407558,39.634078],[22.407633,39.634139],[22.410016,39.634092],[22.413548,39.634097],[22.414132,39.634101],[22.414806,39.634207],[22.414987,39.634256],[22.415169,39.634371],[22.41521,39.635336],[22.415215,39.637166],[22.415245,39.638705],[22.416368,39.63879],[22.417891,39.638921],[22.419065,39.639028],[22.419416,39.63906],[22.419603,39.639163],[22.419647,39.639293],[22.419648,39.63954],[22.41988,39.639713],[22.420341,39.639997],[22.422695,39.641541],[22.423119,39.641854],[22.423626,39.642312],[22.424159,39.642855],[22.4248,39.643791],[22.424842,39.643912],[22.425313,39.64412],[22.426128,39.644609],[22.427001,39.64523],[22.427337,39.645561],[22.427583,39.645693],[22.427716,39.64573],[22.427863,39.645827],[22.427964,39.645851],[22.428057,39.645801],[22.428683,39.64616],[22.42932,39.646552],[22.430655,39.647349],[22.431242,39.647722],[22.431385,39.647818],[22.431639,39.647858],[22.432312,39.648087],[22.4331,39.648418],[22.433276,39.648509],[22.433441,39.648616],[22.433751,39.648835],[22.434227,39.649201],[22.434157,39.649459],[22.433768,39.650391],[22.433536,39.65108],[22.433733,39.651372],[22.434311,39.652292],[22.434814,39.653038],[22.435899,39.654802],[22.436696,39.656238],[22.43745,39.657563],[22.438223,39.658461],[22.439028,39.659327]]},"properties":{"line":"1","dir":"0","mode":"bus"}},{"type":"Feature","geometry":{"type":"LineString","coordinates":[[22.438966,39.659321],[22.438649,39.658903],[22.4386,39.658848],[22.438563,39.658807],[22.438529,39.658739],[22.438389,39.658592],[22.438226,39.658414],[22.437768,39.657904],[22.437693,39.657816],[22.437601,39.657706],[22.437554,39.657642],[22.437539,39.657621],[22.437539,39.657621],[22.437511,39.657581],[22.437442,39.657475],[22.437343,39.657324],[22.437167,39.657009],[22.436952,39.656612],[22.43641,39.655641],[22.436329,39.655499],[22.436329,39.655499],[22.436173,39.655227],[22.435873,39.654713],[22.435775,39.654553],[22.435668,39.654374],[22.435485,39.654074],[22.435435,39.65399],[22.435193,39.653607],[22.435103,39.653468],[22.434987,39.653287],[22.434871,39.653107],[22.434871,39.653107],[22.434834,39.65305],[22.434725,39.652884],[22.434366,39.652327],[22.433903,39.65163],[22.433746,39.651383],[22.433746,39.651383],[22.433561,39.651091],[22.433397,39.650835],[22.433105,39.650375],[22.43297,39.650167],[22.432907,39.650071],[22.432907,39.650071],[22.432856,39.649993],[22.432426,39.64933],[22.432352,39.649211],[22.432088,39.648779],[22.432034,39.648686],[22.431831,39.648364],[22.431766,39.648265],[22.431716,39.648198],[22.431646,39.648105],[22.431635,39.648092],[22.431635,39.648092],[22.431546,39.647987],[22.43147,39.647902],[22.431404,39.647839],[22.431327,39.647775],[22.431233,39.647707],[22.431166,39.64766],[22.43086,39.647464],[22.430759,39.647404],[22.430617,39.64732],[22.430415,39.647199],[22.430369,39.647171],[22.429538,39.646657],[22.42941,39.646579],[22.42941,39.646579],[22.42902,39.646341],[22.428722,39.646161],[22.42868,39.646135],[22.428153,39.64582],[22.428122,39.645801],[22.428087,39.64581],[22.428054,39.645823],[22.42802,39.64584],[22.427987,39.645867],[22.427971,39.645889],[22.427907,39.646099],[22.427798,39.646215],[22.427679,39.646268],[22.427534,39.646221],[22.427488,39.646077],[22.42746,39.645886],[22.427328,39.645687],[22.426917,39.645314],[22.426676,39.645103],[22.426364,39.644897],[22.425173,39.644157],[22.424905,39.644031],[22.424808,39.643831],[22.424762,39.643745],[22.424725,39.643681],[22.42466,39.643575],[22.424574,39.643472],[22.424507,39.643326],[22.424391,39.643142],[22.424309,39.643014],[22.424257,39.642943],[22.423506,39.642233],[22.423216,39.641927],[22.423104,39.641842],[22.423006,39.641766],[22.422918,39.641708],[22.422611,39.641505],[22.42068,39.640243],[22.420079,39.639869],[22.419781,39.639735],[22.419397,39.6397],[22.419363,39.639701]]},"properties":{"line":"1","dir":"0","mode":"bus"}},{"type":"Feature","geometry":{"type":"LineString","coordinates":[[22.399051,39.62445],[22.398258,39.62548],[22.397464,39.626577],[22.3974,39.626682],[22.397292,39.626972],[22.39726,39.62732],[22.397217,39.628448],[22.39693,39.62844],[22.396442,39.628432],[22.395876,39.628427],[22.395844,39.629255],[22.395836,39.629407],[22.395815,39.629849],[22.395811,39.630078],[22.395796,39.630913],[22.395769,39.631509],[22.395758,39.631878],[22.395731,39.632526],[22.396826,39.632556],[22.399298,39.632604],[22.400377,39.632621],[22.405387,39.632749],[22.405388,39.63275],[22.405929,39.63276],[22.406889,39.632797],[22.407064,39.632901],[22.407147,39.633043],[22.407211,39.633221],[22.407292,39.633467],[22.407357,39.633611],[22.407449,39.633868],[22.407549,39.634138],[22.4083,39.634122],[22.409861,39.634112],[22.409862,39.634112],[22.413425,39.634101],[22.413816,39.634102],[22.414158,39.634112],[22.414657,39.634173],[22.415017,39.63426],[22.415226,39.634395],[22.415253,39.635328],[22.415253,39.635882],[22.41529,39.638708],[22.415977,39.638756],[22.416288,39.638777],[22.41661,39.638806],[22.416889,39.638826],[22.417291,39.638864],[22.417883,39.638927],[22.418302,39.638974],[22.418765,39.639028],[22.419191,39.639063],[22.419667,39.639123],[22.419667,39.639551],[22.419812,39.639691],[22.42007,39.639864],[22.420302,39.64002],[22.420539,39.640153],[22.422969,39.641759],[22.422969,39.641759],[22.42355,39.642228],[22.424087,39.642746],[22.424259,39.642971],[22.424468,39.643263],[22.424774,39.643769],[22.424844,39.643928],[22.425099,39.644012],[22.42545,39.644196],[22.42603,39.64454],[22.42603,39.644541],[22.426129,39.644602],[22.426588,39.644912],[22.426669,39.644974],[22.426745,39.645028],[22.426817,39.645075],[22.42688,39.645136],[22.426956,39.64519],[22.427005,39.645239],[22.427061,39.645298],[22.42714,39.645364],[22.427215,39.645445],[22.427329,39.645554],[22.427425,39.645608],[22.427479,39.64567],[22.427604,39.645707],[22.427755,39.645697],[22.427892,39.645665],[22.427966,39.645653],[22.428051,39.645682],[22.428114,39.645758],[22.42822,39.64585],[22.42869,39.646149],[22.428959,39.646321],[22.429255,39.646502],[22.429256,39.646502],[22.430718,39.64741],[22.431271,39.647755],[22.431351,39.647818],[22.431563,39.647847],[22.431748,39.647897],[22.432022,39.648],[22.432177,39.648059],[22.432305,39.648105],[22.432665,39.648225],[22.433191,39.648413],[22.433765,39.648834],[22.43428,39.649184],[22.434172,39.649507],[22.434114,39.649686],[22.433878,39.650303],[22.433583,39.651065],[22.433599,39.651192],[22.433717,39.651381],[22.433718,39.651381],[22.434752,39.652937],[22.435563,39.654239],[22.43593,39.654815],[22.436714,39.656211],[22.437565,39.657663],[22.437824,39.657994],[22.438147,39.658337],[22.438679,39.658911],[22.438679,39.658912],[22.4387,39.659019],[22.438781,39.659099],[22.43891,39.659222]]},"properties":{"line":"1","dir":"1","mode":"bus"}},{"type":"Feature","geometry":{"type":"LineString","coordinates":[[22.399051,39.62445],[22.397497,39.626544],[22.397497,39.626544],[22.39748,39.62657],[22.3974,39.62668],[22.39729,39.62697],[22.39726,39.62732],[22.3972,39.62845],[22.396935,39.62845],[22.396935,39.62845],[22.39585,39.62845],[22.39581,39.62925],[22.395807,39.629341],[22.395808,39.629341],[22.39579,39.63008],[22.39577,39.63091],[22.39577,39.63091],[22.39575,39.63169],[22.39569,39.63252],[22.39569,39.63252],[22.399293,39.632581],[22.399294,39.632581],[22.40539,39.63275],[22.40539,39.63275],[22.40689,39.63278],[22.407048,39.63288],[22.4072,39.63313],[22.407347,39.633599],[22.407455,39.633876],[22.407571,39.63409],[22.407882,39.63412],[22.40836,39.63411],[22.40986,39.63411],[22.40986,39.63411],[22.412608,39.634087],[22.413779,39.634096],[22.41416,39.63411],[22.414625,39.634147],[22.414853,39.634206],[22.415049,39.634278],[22.415221,39.63439],[22.415248,39.635328],[22.415253,39.63563],[22.415245,39.637185],[22.41527,39.63874],[22.41601,39.63879],[22.41661,39.63882],[22.41661,39.63882],[22.41689,39.63884],[22.41729,39.63888],[22.417888,39.638943],[22.417889,39.638943],[22.418879,39.63904],[22.419278,39.639078],[22.419691,39.639181],[22.41967,39.63955],[22.41981,39.63969],[22.420095,39.639871],[22.42033,39.64002],[22.420544,39.640156],[22.42297,39.641756],[22.422971,39.641757],[22.423594,39.642251],[22.424143,39.642794],[22.424439,39.64322],[22.424887,39.643913],[22.425464,39.644195],[22.42603,39.64454],[22.426395,39.644792],[22.426759,39.64504],[22.427402,39.64559],[22.427631,39.645716],[22.428041,39.645665],[22.42831,39.645923],[22.42867,39.64616],[22.42896,39.64633],[22.429254,39.646505],[22.429254,39.646505],[22.43075,39.64742],[22.431,39.64758],[22.43135,39.64784],[22.43171,39.64826],[22.43171,39.64826],[22.432859,39.650056],[22.432859,39.650057],[22.434794,39.653049],[22.434795,39.65305],[22.435888,39.654808],[22.435888,39.654808],[22.437545,39.657667],[22.437546,39.657667],[22.43847,39.65871],[22.438661,39.658885],[22.438788,39.659125],[22.438983,39.659314]]},"properties":{"line":"1","dir":"1","mode":"bus"}},{"type":"Feature","geometry":{"type":"LineString","coordinates":[[22.394034,39.625465],[22.392477,39.62388],[22.393551,39.62324],[22.394286,39.622826],[22.394471,39.622719],[22.394614,39.622605],[22.394921,39.622308],[22.395176,39.622061],[22.395652,39.621476],[22.396668,39.62002],[22.398723,39.620865],[22.401049,39.621856],[22.399067,39.624462],[22.39751,39.626552],[22.397402,39.626682],[22.397338,39.626928],[22.397268,39.627207],[22.397263,39.627494],[22.397198,39.628468],[22.395867,39.628455],[22.395813,39.629334],[22.395783,39.630169],[22.395773,39.630996],[22.395723,39.63253],[22.399294,39.632567],[22.404705,39.632719],[22.40634,39.632754],[22.406848,39.632813],[22.407088,39.632962],[22.407215,39.633273],[22.407364,39.633571],[22.407606,39.634144],[22.410016,39.634084],[22.413548,39.634097],[22.414173,39.634109],[22.414722,39.63418],[22.41517,39.634353],[22.415232,39.635328],[22.415226,39.638707],[22.417977,39.638921],[22.41914,39.639048],[22.419572,39.639136],[22.419672,39.639311],[22.419664,39.639536],[22.419827,39.639677],[22.419989,39.639777],[22.420325,39.64001],[22.422711,39.641533],[22.42324,39.641932],[22.424185,39.642867],[22.424647,39.643566],[22.424857,39.643928],[22.425335,39.6441],[22.426964,39.645205],[22.427257,39.645507],[22.427607,39.645703],[22.427897,39.645646],[22.429266,39.646486],[22.430427,39.64723],[22.431003,39.647581],[22.431296,39.64777],[22.431557,39.64804],[22.432873,39.650047],[22.433733,39.651372],[22.434814,39.653038],[22.435899,39.654802],[22.437557,39.657658],[22.439028,39.659327]]},"properties":{"line":"1","dir":"1","mode":"bus"}},{"type":"Feature","geometry":{"type":"LineString","coordinates":[[22.399048,39.624453],[22.398888,39.62466],[22.398874,39.62468],[22.398593,39.625051],[22.398325,39.625406],[22.398032,39.625768],[22.397965,39.62585],[22.397754,39.62612],[22.397792,39.62616],[22.397748,39.626206],[22.397679,39.626277],[22.397634,39.626329],[22.397579,39.6264],[22.397554,39.626433],[22.397538,39.626455],[22.397523,39.626474],[22.397514,39.626486],[22.397495,39.626512],[22.397477,39.626538],[22.397477,39.626538],[22.397462,39.62656],[22.39742,39.626634],[22.397411,39.626649],[22.397398,39.626672],[22.397371,39.626738],[22.397363,39.626755],[22.397351,39.6268],[22.397313,39.626953],[22.397282,39.627099],[22.397268,39.627166],[22.397262,39.627203],[22.397256,39.62725],[22.397254,39.627281],[22.397254,39.627301],[22.397238,39.627772],[22.397227,39.628014],[22.397223,39.628091],[22.39721,39.628435],[22.397109,39.628436],[22.396936,39.628434],[22.396936,39.628434],[22.395875,39.628425],[22.395844,39.629342],[22.395844,39.629342],[22.39582,39.630059],[22.395792,39.630875],[22.395788,39.630996],[22.395788,39.630996],[22.39574,39.632435],[22.39574,39.632435],[22.395739,39.632454],[22.395736,39.63253],[22.39589,39.632532],[22.396978,39.632557],[22.397017,39.63256],[22.397067,39.63256],[22.397155,39.632562],[22.39832,39.632585],[22.398464,39.632588],[22.39857,39.632592],[22.398803,39.632597],[22.398979,39.6326],[22.399018,39.632601],[22.399172,39.632604],[22.399293,39.632606],[22.399293,39.632606],[22.399631,39.632613],[22.400915,39.632639],[22.402267,39.632667],[22.402334,39.632668],[22.403474,39.632691],[22.404187,39.632706],[22.404701,39.632719],[22.40483,39.632722],[22.4053,39.632734],[22.4053,39.632734],[22.405387,39.632736],[22.405463,39.632737],[22.40572,39.632741],[22.406231,39.632747],[22.406785,39.632762],[22.406893,39.632795],[22.406969,39.632821],[22.407014,39.632847],[22.407047,39.632874],[22.407097,39.632936],[22.407123,39.632992],[22.407141,39.633039],[22.407172,39.633122],[22.407191,39.633172],[22.407264,39.633357],[22.407309,39.63347],[22.407358,39.633595],[22.407358,39.633595],[22.407502,39.63396],[22.407567,39.634122],[22.40852,39.634112],[22.409172,39.634107],[22.409197,39.634106],[22.409227,39.634106],[22.40933,39.634105],[22.409402,39.634105],[22.409481,39.634104],[22.409765,39.634103],[22.409937,39.634102],[22.409937,39.634102],[22.411702,39.634095],[22.412367,39.634092],[22.413027,39.634088],[22.413177,39.634088],[22.41339,39.634087],[22.413548,39.634087],[22.413548,39.634087],[22.414072,39.634086],[22.414121,39.634088],[22.414561,39.634135],[22.414898,39.634213],[22.41499,39.634244],[22.415086,39.634298],[22.415178,39.634356],[22.415237,39.634396],[22.415255,39.634771],[22.415259,39.635024],[22.415257,39.635057],[22.415257,39.635146],[22.41526,39.635328],[22.41526,39.635328],[22.415266,39.63577],[22.415262,39.636159],[22.415261,39.636589],[22.415256,39.63716],[22.415256,39.637187],[22.415257,39.637213],[22.415265,39.637679],[22.415265,39.637708],[22.415267,39.637761],[22.415269,39.637876],[22.415279,39.6383],[22.415286,39.638657],[22.415287,39.638673],[22.415287,39.638703],[22.415337,39.638705],[22.415651,39.638722],[22.415962,39.638738],[22.415984,39.638739],[22.416031,39.638742],[22.416371,39.638773]]},"properties":{"line":"1","dir":"1","mode":"bus"}},{"type":"Feature","geometry":{"type":"LineString","coordinates":[[22.399087,39.624461],[22.398293,39.625493],[22.39781,39.626137],[22.39751,39.626545],[22.397404,39.62674],[22.397302,39.627147],[22.397265,39.627554],[22.397218,39.62846],[22.395868,39.628423],[22.395818,39.629194],[22.395773,39.631049],[22.395704,39.632521],[22.399265,39.632589],[22.40469,39.632708],[22.406832,39.632765],[22.407464,39.632812],[22.407861,39.632852],[22.408096,39.632802],[22.409532,39.63252],[22.412162,39.631999],[22.415194,39.631425],[22.415217,39.632681],[22.415236,39.634052],[22.415219,39.635407],[22.415221,39.637141],[22.415239,39.638681],[22.415907,39.638736],[22.416399,39.638775]]},"properties":{"line":"1","dir":"1","mode":"bus"}},{"type":"Feature","geometry":{"type":"LineString","coordinates":[[22.41661,39.638822],[22.419849,39.639109],[22.420167,39.639142],[22.420381,39.639138],[22.42066,39.638992],[22.422546,39.637738],[22.42237,39.637846],[22.422682,39.637641],[22.422768,39.637572],[22.423331,39.637113],[22.424708,39.635722],[22.425025,39.635416],[22.425452,39.634986],[22.425975,39.634469],[22.427204,39.63324],[22.427291,39.633175],[22.427424,39.63304],[22.427596,39.632919],[22.427843,39.632976],[22.428162,39.633065],[22.428395,39.633262],[22.429291,39.634267],[22.429458,39.634482],[22.429672,39.634704],[22.429825,39.634665],[22.430192,39.634519],[22.430589,39.634342],[22.430818,39.634258],[22.430867,39.634229],[22.431705,39.633982],[22.433885,39.633598],[22.434228,39.633516],[22.434699,39.633424],[22.434892,39.633331],[22.435106,39.633311],[22.435503,39.633317],[22.436007,39.633232],[22.437469,39.632974],[22.437383,39.632987],[22.43964,39.632612],[22.44061,39.632427],[22.440643,39.632419],[22.442915,39.632042],[22.442915,39.632043],[22.447208,39.631266],[22.447208,39.631266],[22.451433,39.630543],[22.45139,39.630548],[22.454126,39.630062],[22.455167,39.629881],[22.457296,39.629519],[22.457296,39.62952],[22.461409,39.62882],[22.46141,39.62882],[22.461971,39.62872],[22.462636,39.628604],[22.462636,39.62881],[22.462352,39.62885],[22.462078,39.628894],[22.461972,39.628909]]},"properties":{"line":"2","dir":"0","mode":"bus"}},{"type":"Feature","geometry":{"type":"LineString","coordinates":[[22.416371,39.638773],[22.416708,39.638804],[22.416733,39.638806],[22.41677,39.63881],[22.41706,39.638838],[22.417384,39.638872],[22.417435,39.638878],[22.41818,39.638961],[22.418406,39.638986],[22.4188,39.639033],[22.418881,39.639042],[22.419169,39.639069],[22.419418,39.639088],[22.419788,39.639122],[22.419788,39.639122],[22.41987,39.63913],[22.419935,39.639135],[22.420069,39.639146],[22.420117,39.639149],[22.42016,39.639151],[22.420178,39.639152],[22.420199,39.639152],[22.420243,39.63915],[22.420268,39.639147],[22.420286,39.639144],[22.420308,39.639141],[22.420348,39.639133],[22.420381,39.639125],[22.420437,39.639108],[22.420475,39.639094],[22.420519,39.639076],[22.420551,39.639062],[22.420582,39.639049],[22.420625,39.639028],[22.420706,39.638981],[22.420784,39.638929],[22.421684,39.638352],[22.421745,39.638312],[22.421795,39.638284],[22.421871,39.638217],[22.421987,39.638129],[22.422128,39.638024],[22.42255,39.637734],[22.42255,39.637734],[22.422734,39.637607],[22.422888,39.637484],[22.423203,39.637253],[22.424434,39.636006],[22.424865,39.635592],[22.424899,39.635558],[22.424899,39.635558],[22.425252,39.635204],[22.425287,39.635172],[22.425692,39.634785],[22.426169,39.634302],[22.426397,39.634072],[22.427024,39.633458],[22.427139,39.633347],[22.427195,39.633295],[22.427195,39.633295],[22.427219,39.633273],[22.427374,39.633109],[22.427502,39.632975],[22.427563,39.632908],[22.427663,39.632933],[22.428086,39.633044],[22.428145,39.633061],[22.428213,39.633094],[22.428232,39.633107],[22.428324,39.633192],[22.428379,39.633254],[22.428448,39.633329],[22.428544,39.633447],[22.429022,39.634007],[22.429264,39.634282],[22.429264,39.634282],[22.429351,39.63438],[22.429527,39.634556],[22.429555,39.634583],[22.429686,39.63472],[22.429821,39.634669],[22.43063,39.634335],[22.430828,39.634271],[22.430828,39.634271],[22.431495,39.634057],[22.431627,39.634017],[22.431677,39.634004],[22.431736,39.63399],[22.431873,39.633965],[22.432605,39.633839],[22.433313,39.633718],[22.433651,39.63366],[22.434093,39.633578],[22.434151,39.633567],[22.434249,39.633551],[22.434249,39.633551],[22.434279,39.633546],[22.434391,39.633498],[22.434469,39.633476],[22.434539,39.63346],[22.434761,39.633412],[22.434804,39.633398],[22.434835,39.633386],[22.434895,39.633349],[22.434931,39.633314],[22.434979,39.633292],[22.43503,39.633282],[22.435084,39.633287],[22.435172,39.63331],[22.435199,39.633316],[22.435214,39.633318],[22.435234,39.63332],[22.435273,39.633322],[22.435329,39.633318],[22.435584,39.633282],[22.435664,39.633275],[22.43578,39.633285],[22.43613,39.633225],[22.436949,39.633085],[22.437201,39.633041],[22.437477,39.632994],[22.437477,39.632994],[22.437667,39.632961],[22.43787,39.632926],[22.437987,39.632906],[22.438,39.632904],[22.438228,39.632865],[22.438392,39.632836],[22.438412,39.632833],[22.438745,39.632776],[22.439005,39.632731],[22.439066,39.632721],[22.439088,39.632717],[22.439457,39.632653],[22.43956,39.632635],[22.43981,39.632593],[22.440147,39.632534],[22.44026,39.632516],[22.440584,39.632462],[22.440634,39.632454],[22.440673,39.632446],[22.440687,39.632444],[22.440687,39.632444],[22.440863,39.632413],[22.440995,39.63239],[22.441229,39.63235],[22.441461,39.632305],[22.441555,39.632294],[22.441851,39.632246],[22.441875,39.632242],[22.442274,39.63217],[22.442591,39.632116],[22.442823,39.632076],[22.442827,39.632075],[22.442921,39.632059],[22.442921,39.632059],[22.443081,39.632032],[22.443743,39.631918],[22.443924,39.631887],[22.444319,39.631819],[22.444353,39.631813],[22.445257,39.631658],[22.445553,39.631554],[22.446598,39.631375],[22.447069,39.631294],[22.447212,39.63127],[22.447212,39.63127],[22.447944,39.631144],[22.447982,39.631138],[22.448428,39.631061],[22.448732,39.631009],[22.449086,39.630949],[22.449517,39.630875],[22.449625,39.630856],[22.449905,39.630808],[22.450192,39.630759],[22.45022,39.630754],[22.450362,39.63073],[22.450496,39.630707],[22.450634,39.630683],[22.451333,39.630563],[22.451435,39.630546],[22.451435,39.630546],[22.451863,39.630472],[22.452176,39.630419],[22.452693,39.63033],[22.452924,39.63029],[22.452953,39.630286],[22.454066,39.630095],[22.454066,39.630095],[22.455187,39.629903],[22.455599,39.629832],[22.456216,39.629726],[22.457304,39.62954],[22.457304,39.62954],[22.461053,39.628897],[22.461416,39.628832],[22.461417,39.628832],[22.462634,39.628616],[22.46305,39.628542],[22.470881,39.627212],[22.474604,39.626573],[22.475839,39.626355],[22.48111,39.62542],[22.481119,39.625418],[22.481998,39.625262],[22.48631,39.624516],[22.48631,39.624516],[22.486386,39.624503],[22.486535,39.624478],[22.486831,39.624428],[22.487019,39.624393],[22.487153,39.624372],[22.487316,39.62445],[22.48774,39.624666],[22.487937,39.624763],[22.488267,39.624908],[22.488316,39.624927],[22.489227,39.625298],[22.489554,39.625433],[22.489739,39.62551],[22.489739,39.62551],[22.489984,39.625612],[22.490464,39.625798],[22.491246,39.626107],[22.491926,39.626372],[22.492911,39.626789],[22.493086,39.626852],[22.493254,39.626905],[22.493476,39.626998],[22.493666,39.627103],[22.493759,39.627171],[22.49387,39.62725],[22.494007,39.627384],[22.494333,39.627714],[22.494527,39.627891],[22.494657,39.627924],[22.494765,39.627943],[22.494968,39.627962],[22.495133,39.627949],[22.495173,39.628029],[22.495237,39.628197],[22.495563,39.628285],[22.495709,39.628317],[22.4957,39.628493],[22.495574,39.629071],[22.495515,39.629395],[22.496669,39.629548],[22.496669,39.629548],[22.496808,39.629566],[22.49788,39.629718],[22.498543,39.629803],[22.499326,39.629905],[22.499393,39.629909],[22.499497,39.629905],[22.499653,39.62989],[22.499742,39.629883],[22.499824,39.629886],[22.499901,39.629889],[22.500163,39.630468],[22.500234,39.630639],[22.500281,39.630793],[22.500326,39.630972],[22.50024,39.631039]]},"properties":{"line":"2","dir":"0","mode":"bus"}},{"type":"Feature","geometry":{"type":"LineString","coordinates":[[22.416371,39.638773],[22.416708,39.638804],[22.416733,39.638806],[22.41677,39.63881],[22.41706,39.638838],[22.417384,39.638872],[22.417435,39.638878],[22.41818,39.638961],[22.418406,39.638986],[22.4188,39.639033],[22.418881,39.639042],[22.419169,39.639069],[22.419418,39.639088],[22.419788,39.639122],[22.419788,39.639122],[22.41987,39.63913],[22.419935,39.639135],[22.420069,39.639146],[22.420117,39.639149],[22.42016,39.639151],[22.420178,39.639152],[22.420199,39.639152],[22.420243,39.63915],[22.420268,39.639147],[22.420286,39.639144],[22.420308,39.639141],[22.420348,39.639133],[22.420381,39.639125],[22.420437,39.639108],[22.420475,39.639094],[22.420519,39.639076],[22.420551,39.639062],[22.420582,39.639049],[22.420625,39.639028],[22.420706,39.638981],[22.420784,39.638929],[22.421684,39.638352],[22.421745,39.638312],[22.421795,39.638284],[22.421871,39.638217],[22.421987,39.638129],[22.422128,39.638024],[22.42255,39.637734],[22.42255,39.637734],[22.422734,39.637607],[22.422888,39.637484],[22.423203,39.637253],[22.424434,39.636006],[22.424865,39.635592],[22.424899,39.635558],[22.424899,39.635558],[22.425252,39.635204],[22.425287,39.635172],[22.425692,39.634785],[22.426169,39.634302],[22.426397,39.634072],[22.427024,39.633458],[22.427139,39.633347],[22.427195,39.633295],[22.427195,39.633295],[22.427219,39.633273],[22.427374,39.633109],[22.427502,39.632975],[22.427563,39.632908],[22.427663,39.632933],[22.428086,39.633044],[22.428145,39.633061],[22.428213,39.633094],[22.428232,39.633107],[22.428324,39.633192],[22.428379,39.633254],[22.428448,39.633329],[22.428544,39.633447],[22.429022,39.634007],[22.429264,39.634282],[22.429264,39.634282],[22.429351,39.63438],[22.429527,39.634556],[22.429555,39.634583],[22.429686,39.63472],[22.429821,39.634669],[22.43063,39.634335],[22.430828,39.634271],[22.430828,39.634271],[22.431495,39.634057],[22.431627,39.634017],[22.431677,39.634004],[22.431736,39.63399],[22.431873,39.633965],[22.432605,39.633839],[22.433313,39.633718],[22.433651,39.63366],[22.434093,39.633578],[22.434151,39.633567],[22.434249,39.633551],[22.434249,39.633551],[22.434279,39.633546],[22.434391,39.633498],[22.434469,39.633476],[22.434539,39.63346],[22.434761,39.633412],[22.434804,39.633398],[22.434835,39.633386],[22.434895,39.633349],[22.434931,39.633314],[22.434979,39.633292],[22.43503,39.633282],[22.435084,39.633287],[22.435172,39.63331],[22.435199,39.633316],[22.435214,39.633318],[22.435234,39.63332],[22.435273,39.633322],[22.435329,39.633318],[22.435584,39.633282],[22.435664,39.633275],[22.43578,39.633285],[22.43613,39.633225],[22.436949,39.633085],[22.437201,39.633041],[22.437477,39.632994],[22.437477,39.632994],[22.437667,39.632961],[22.43787,39.632926],[22.437987,39.632906],[22.438,39.632904],[22.438228,39.632865],[22.438392,39.632836],[22.438412,39.632833],[22.438745,39.632776],[22.439005,39.632731],[22.439066,39.632721],[22.439088,39.632717],[22.439457,39.632653],[22.43956,39.632635],[22.43981,39.632593],[22.440147,39.632534],[22.44026,39.632516],[22.440584,39.632462],[22.440634,39.632454],[22.440673,39.632446],[22.440687,39.632444],[22.440687,39.632444],[22.440863,39.632413],[22.440995,39.63239],[22.441229,39.63235],[22.441461,39.632305],[22.441555,39.632294],[22.441851,39.632246],[22.441875,39.632242],[22.442274,39.63217],[22.442591,39.632116],[22.442823,39.632076],[22.442827,39.632075],[22.442921,39.632059],[22.442921,39.632059],[22.443081,39.632032],[22.443743,39.631918],[22.443924,39.631887],[22.444319,39.631819],[22.444353,39.631813],[22.445257,39.631658],[22.445553,39.631554],[22.446598,39.631375],[22.447069,39.631294],[22.447212,39.63127],[22.447212,39.63127],[22.447944,39.631144],[22.447982,39.631138],[22.448428,39.631061],[22.448732,39.631009],[22.449086,39.630949],[22.449517,39.630875],[22.449625,39.630856],[22.449905,39.630808],[22.450192,39.630759],[22.45022,39.630754],[22.450362,39.63073],[22.450496,39.630707],[22.450634,39.630683],[22.451333,39.630563],[22.451435,39.630546],[22.451435,39.630546],[22.451863,39.630472],[22.452176,39.630419],[22.452693,39.63033],[22.452924,39.63029],[22.452953,39.630286],[22.454066,39.630095],[22.454066,39.630095],[22.455187,39.629903],[22.455599,39.629832],[22.456216,39.629726],[22.457304,39.62954],[22.457304,39.62954],[22.461053,39.628897],[22.461416,39.628832],[22.461417,39.628832],[22.462634,39.628616],[22.46305,39.628542],[22.470881,39.627212],[22.474604,39.626573],[22.475102,39.626486],[22.475839,39.626355],[22.48111,39.62542],[22.481998,39.625262],[22.48631,39.624516],[22.48631,39.624516],[22.486386,39.624503],[22.486535,39.624478],[22.486831,39.624428],[22.487019,39.624393],[22.487153,39.624372],[22.488296,39.62418],[22.488659,39.624115],[22.488994,39.62406],[22.490383,39.623808],[22.490976,39.623682],[22.492006,39.623431],[22.49343,39.623028],[22.49343,39.623028],[22.49597,39.622325],[22.499815,39.621246],[22.500427,39.621068],[22.500613,39.621041],[22.50085,39.620971],[22.501026,39.620932],[22.501178,39.620881],[22.502364,39.62055],[22.502227,39.620128],[22.502056,39.619776],[22.501457,39.619954]]},"properties":{"line":"2","dir":"0","mode":"bus"}},{"type":"Feature","geometry":{"type":"LineString","coordinates":[[22.46195,39.628909],[22.461102,39.629059],[22.459721,39.629288],[22.458403,39.629533],[22.457824,39.629636],[22.457431,39.629704],[22.457136,39.629767],[22.456391,39.629872],[22.45618,39.629826],[22.454402,39.630129],[22.450005,39.630884],[22.445576,39.631646],[22.445283,39.63165],[22.443966,39.631875],[22.441719,39.632272],[22.439532,39.632649],[22.437002,39.633083],[22.435305,39.633385],[22.435239,39.633471],[22.435163,39.633565],[22.435009,39.633601],[22.434877,39.633538],[22.434788,39.633477],[22.434661,39.633494],[22.434444,39.633532],[22.434254,39.633561],[22.434096,39.633574],[22.433064,39.633745],[22.432027,39.63392],[22.431507,39.634042],[22.43089,39.634241],[22.429527,39.634771],[22.429147,39.63494],[22.426797,39.635952],[22.424303,39.637047],[22.422886,39.637693],[22.422357,39.637936],[22.421652,39.638317],[22.420932,39.638798],[22.420771,39.638927],[22.42058,39.639033],[22.420365,39.63915],[22.419983,39.639134],[22.419769,39.639126],[22.419691,39.639187],[22.419656,39.639247],[22.419635,39.639543],[22.419528,39.639647],[22.419357,39.639694],[22.418814,39.639659],[22.418591,39.639681],[22.418431,39.639698],[22.416651,39.639846],[22.416465,39.639827],[22.416352,39.639532],[22.415998,39.638744],[22.416615,39.638789]]},"properties":{"line":"2","dir":"1","mode":"bus"}},{"type":"Feature","geometry":{"type":"LineString","coordinates":[[22.500354,39.631098],[22.500155,39.630468],[22.50007,39.630262],[22.499881,39.62989],[22.499527,39.629904],[22.498358,39.629786],[22.497567,39.62968],[22.49683,39.629575],[22.496041,39.629471],[22.49552,39.629395],[22.495641,39.628767],[22.495719,39.628337],[22.495365,39.62824],[22.495016,39.628145],[22.494783,39.628069],[22.494532,39.627886],[22.494187,39.627567],[22.493734,39.627162],[22.49342,39.626974],[22.492775,39.626727],[22.492002,39.626418],[22.490934,39.62599],[22.489834,39.625571],[22.489834,39.625571],[22.488614,39.625061],[22.487934,39.624774],[22.487211,39.624473],[22.485918,39.624678],[22.485918,39.624678],[22.48462,39.624909],[22.483249,39.625143],[22.481883,39.62538],[22.480118,39.625685],[22.478631,39.625948],[22.476422,39.626319],[22.476422,39.62632],[22.472684,39.626975],[22.472685,39.626975],[22.469845,39.627474],[22.466963,39.627956],[22.466963,39.627957],[22.463532,39.628558],[22.462659,39.628715],[22.462635,39.628813],[22.460096,39.629255],[22.458259,39.629574],[22.457433,39.62971],[22.456326,39.629882],[22.456191,39.62983],[22.45556,39.629932],[22.453919,39.630201],[22.45392,39.630201],[22.452546,39.630456],[22.451258,39.630678],[22.451259,39.630679],[22.449322,39.631],[22.447417,39.631322],[22.447418,39.631323],[22.442844,39.632075],[22.442034,39.632212],[22.439548,39.63262],[22.439548,39.632621],[22.437013,39.633054],[22.437013,39.633055],[22.435418,39.63338],[22.435112,39.633522],[22.434916,39.63351],[22.434688,39.633457],[22.434202,39.633553],[22.433935,39.633611],[22.432022,39.633937],[22.431542,39.634042],[22.431062,39.634189],[22.430847,39.634273],[22.430106,39.634556],[22.429409,39.634838],[22.429063,39.634998],[22.42861,39.635192],[22.42822,39.63537],[22.4275,39.635698],[22.426802,39.635985],[22.426577,39.636089],[22.424346,39.637055],[22.4241,39.637183],[22.422323,39.637974],[22.421018,39.638786],[22.42076,39.638956],[22.420617,39.639054],[22.420445,39.639159],[22.419994,39.639151],[22.419753,39.639148],[22.419688,39.639551],[22.41956,39.639681],[22.41923,39.639693],[22.418814,39.639654],[22.418554,39.639677],[22.417846,39.639747],[22.41727,39.639797],[22.416651,39.639846],[22.416652,39.639846],[22.416481,39.639856],[22.416363,39.63957],[22.416191,39.63919],[22.416025,39.638756],[22.416615,39.638805]]},"properties":{"line":"2","dir":"1","mode":"bus"}},{"type":"Feature","geometry":{"type":"LineString","coordinates":[[22.501525,39.61994],[22.501783,39.619858],[22.502042,39.619784],[22.50229,39.620228],[22.502306,39.620352],[22.502328,39.620431],[22.502376,39.620507],[22.502371,39.620631],[22.501212,39.620947],[22.496202,39.622354],[22.496202,39.622355],[22.490719,39.623849],[22.485918,39.624678],[22.485918,39.624678],[22.48462,39.624901],[22.481878,39.625368],[22.480818,39.625552],[22.480819,39.625553],[22.476422,39.626319],[22.476422,39.62632],[22.472684,39.626975],[22.472685,39.626975],[22.466963,39.627956],[22.466963,39.627957],[22.460037,39.62916],[22.460038,39.62916],[22.458339,39.62945],[22.457819,39.629541],[22.457297,39.62963],[22.457297,39.62963],[22.453919,39.630201],[22.45392,39.630201],[22.451258,39.630678],[22.451259,39.630679],[22.447417,39.631322],[22.447418,39.631323],[22.442715,39.632075],[22.442715,39.632076],[22.439548,39.63262],[22.439548,39.632621],[22.437013,39.633054],[22.437013,39.633055],[22.435327,39.63336],[22.435232,39.63341],[22.43518,39.633477],[22.435109,39.633528],[22.434968,39.633513],[22.434855,39.633477],[22.434704,39.633474],[22.434181,39.633569],[22.433972,39.633603],[22.432016,39.633941],[22.431571,39.634028],[22.431051,39.634181],[22.431051,39.634182],[22.429521,39.634788],[22.429393,39.63485],[22.429302,39.634894],[22.428917,39.635072],[22.427868,39.635525],[22.427081,39.635849],[22.426567,39.636097],[22.424459,39.636997],[22.424036,39.637204],[22.423128,39.637603],[22.422178,39.638036],[22.421721,39.638328],[22.421241,39.638644],[22.420948,39.638848],[22.420733,39.638969],[22.420531,39.639108],[22.42036,39.639171],[22.419946,39.639142],[22.419831,39.639145],[22.419731,39.639189],[22.419688,39.63958],[22.419507,39.639694],[22.41882,39.639654],[22.418613,39.639664],[22.41842,39.63969],[22.418136,39.639717],[22.417686,39.639766],[22.416876,39.639829],[22.416587,39.639859],[22.416487,39.639856],[22.416352,39.639536],[22.41602,39.638768],[22.41661,39.638801]]},"properties":{"line":"2","dir":"1","mode":"bus"}},{"type":"Feature","geometry":{"type":"LineString","coordinates":[[22.413311,39.64824],[22.412175,39.64772],[22.411349,39.647343],[22.410899,39.647153],[22.410682,39.647051],[22.410532,39.64704],[22.410537,39.646835],[22.41051,39.646457],[22.4105,39.646147],[22.410446,39.645457],[22.41044,39.645268],[22.410413,39.644968],[22.410396,39.644643],[22.410365,39.644255],[22.41033,39.643721],[22.410263,39.642795],[22.410248,39.642603],[22.410303,39.642414],[22.410445,39.642219],[22.41051,39.642162],[22.41088,39.641902],[22.411605,39.641562],[22.412372,39.64123],[22.412372,39.641171],[22.412399,39.641128],[22.412441,39.641112],[22.41249,39.641091],[22.412592,39.640967],[22.412629,39.640676],[22.412677,39.640475],[22.412833,39.639905],[22.412964,39.639314],[22.413031,39.638855],[22.412946,39.63866],[22.412967,39.638532],[22.41308,39.638498],[22.413254,39.638526],[22.413396,39.638587],[22.413798,39.638582],[22.415375,39.638702],[22.416048,39.638745],[22.416482,39.638783],[22.416823,39.638817],[22.417678,39.6389],[22.419131,39.63906],[22.419763,39.639113],[22.420177,39.639142],[22.420419,39.639155],[22.420453,39.638931],[22.420434,39.638671],[22.420429,39.638349],[22.420413,39.637709],[22.420402,39.63721],[22.420403,39.636979],[22.420413,39.636689],[22.420622,39.636286],[22.420843,39.635874],[22.420989,39.635494],[22.421166,39.635015],[22.421498,39.634105],[22.421905,39.632905],[22.422023,39.632604],[22.422371,39.63164],[22.422129,39.631588],[22.421865,39.631524],[22.421866,39.631525],[22.421159,39.631381],[22.420185,39.631185],[22.419447,39.631021],[22.419431,39.630909],[22.419442,39.630732],[22.419448,39.630598],[22.419453,39.630495],[22.419491,39.630394],[22.419651,39.63019],[22.421871,39.6275],[22.422446,39.626835],[22.423463,39.625661],[22.423619,39.625471],[22.424224,39.624731],[22.424947,39.623817],[22.425227,39.62352],[22.425511,39.623194],[22.425896,39.622675],[22.426144,39.622153],[22.426312,39.621684],[22.426605,39.620698],[22.426717,39.620431],[22.426891,39.619959],[22.427248,39.619315],[22.42802,39.618316],[22.428278,39.617929],[22.428509,39.61762],[22.429431,39.616383],[22.429576,39.616198],[22.430386,39.615085],[22.430541,39.614688],[22.4306,39.614482],[22.430906,39.613413],[22.431054,39.613005],[22.43117,39.612514],[22.431272,39.611981],[22.431412,39.611391],[22.431611,39.61071],[22.431671,39.610484],[22.432128,39.609038],[22.432489,39.608293],[22.432987,39.607531],[22.433138,39.607312],[22.43453,39.605301],[22.434648,39.605148],[22.435158,39.604381],[22.435797,39.603465],[22.435964,39.603238],[22.436423,39.6025],[22.437032,39.601596],[22.437161,39.601398],[22.437418,39.601029],[22.437644,39.600717],[22.437793,39.60049],[22.438732,39.59913],[22.438597,39.599069],[22.438431,39.599003],[22.438147,39.598902],[22.437691,39.598739],[22.437205,39.598623],[22.436804,39.598541],[22.436478,39.598466],[22.436126,39.598396],[22.436009,39.598468],[22.435947,39.598541],[22.435918,39.598653],[22.435817,39.599043],[22.435616,39.599881]]},"properties":{"line":"3","dir":"0","mode":"bus"}},{"type":"Feature","geometry":{"type":"LineString","coordinates":[[22.4133,39.648257],[22.412185,39.647735],[22.411638,39.64749],[22.41108,39.647246],[22.41108,39.647246],[22.410899,39.647142],[22.410718,39.647079],[22.410618,39.647059],[22.41053,39.64704],[22.41051,39.64685],[22.41049,39.64646],[22.41049,39.64646],[22.410474,39.646034],[22.410444,39.645657],[22.41042,39.64528],[22.410375,39.644647],[22.410365,39.644255],[22.410334,39.643719],[22.41025,39.64279],[22.410272,39.64247],[22.41038,39.64229],[22.41038,39.64229],[22.410471,39.64216],[22.410647,39.64203],[22.411054,39.641812],[22.41237,39.64123],[22.41237,39.64117],[22.4124,39.64113],[22.41244,39.64111],[22.41249,39.64109],[22.41259,39.64097],[22.412594,39.640718],[22.412694,39.640384],[22.412759,39.64012],[22.412823,39.639851],[22.412899,39.639549],[22.413039,39.638862],[22.413008,39.638769],[22.412935,39.638675],[22.412925,39.638603],[22.41297,39.63853],[22.41307,39.63851],[22.413225,39.638511],[22.413391,39.638578],[22.413701,39.638596],[22.414168,39.638626],[22.414861,39.638675],[22.415994,39.638757],[22.416542,39.638794],[22.417351,39.638867],[22.418552,39.639001],[22.41986,39.639121],[22.420225,39.639154],[22.420329,39.639147],[22.420423,39.639099],[22.420427,39.63903],[22.42043,39.638945],[22.420427,39.638675],[22.420413,39.638441],[22.420402,39.637719],[22.420403,39.637191],[22.420387,39.636873],[22.420399,39.636704],[22.420833,39.635892],[22.421,39.635424],[22.421119,39.635111],[22.421484,39.634075],[22.42193,39.632854],[22.422081,39.632437],[22.422351,39.631645],[22.422077,39.631573],[22.421867,39.631515],[22.421439,39.631417],[22.420877,39.631298],[22.420171,39.63116],[22.419449,39.631026],[22.4194,39.63093],[22.41941,39.63074],[22.41943,39.63061],[22.41943,39.63061],[22.419457,39.630445],[22.419543,39.630322],[22.419967,39.629811],[22.420478,39.629184],[22.420923,39.628662],[22.42139,39.62809],[22.421895,39.627494],[22.422442,39.626848],[22.422442,39.626848],[22.423195,39.625944],[22.423533,39.625561],[22.424133,39.62484],[22.424947,39.62388],[22.42521,39.62355],[22.425557,39.623122],[22.42593,39.622607],[22.426134,39.622203],[22.426294,39.621712],[22.426659,39.62063],[22.426901,39.619916],[22.427084,39.61956],[22.42831,39.617889],[22.42861,39.617484],[22.429387,39.616445],[22.429613,39.616152],[22.430287,39.61525],[22.430472,39.614929],[22.430611,39.614451],[22.430867,39.613599],[22.431165,39.612521],[22.431284,39.611909],[22.431468,39.611172],[22.431672,39.610499],[22.431905,39.609754],[22.432244,39.608799],[22.432568,39.608185],[22.432988,39.607571],[22.433118,39.607368],[22.434544,39.6053],[22.434545,39.6053],[22.435857,39.603396],[22.437797,39.600489],[22.437946,39.600543],[22.437086,39.601838]]},"properties":{"line":"3","dir":"0","mode":"bus"}},{"type":"Feature","geometry":{"type":"LineString","coordinates":[[22.4356,39.599972],[22.435867,39.600022],[22.435879,39.600126],[22.435954,39.600182],[22.436002,39.600251],[22.43649,39.60032],[22.437499,39.600461],[22.437772,39.600498],[22.437931,39.600526],[22.437853,39.60065],[22.437568,39.601072],[22.43723,39.601571],[22.437116,39.601739],[22.437117,39.60174],[22.436277,39.602926],[22.436007,39.603202],[22.436008,39.603202],[22.434441,39.60546],[22.434517,39.605357],[22.433741,39.606485],[22.433068,39.607465],[22.433025,39.607544],[22.432494,39.608338],[22.432166,39.609042],[22.43167,39.61049],[22.431528,39.611029],[22.431523,39.611054],[22.43097,39.613062],[22.430971,39.613062],[22.4305,39.614725],[22.430581,39.614639],[22.430359,39.615089],[22.429567,39.616182],[22.429541,39.616286],[22.427988,39.618249],[22.427988,39.618332],[22.427178,39.619327],[22.426619,39.620603],[22.42671,39.620488],[22.426008,39.622331],[22.425402,39.62327],[22.425402,39.623271],[22.424291,39.624627],[22.424292,39.624628],[22.423424,39.625701],[22.422985,39.626203],[22.422985,39.626204],[22.422167,39.62717],[22.422168,39.627171],[22.419528,39.630448],[22.419528,39.630448],[22.419442,39.631038],[22.419319,39.631649],[22.419287,39.63197],[22.419201,39.632588],[22.41909,39.634868],[22.419079,39.635191],[22.419088,39.637727],[22.419088,39.637728],[22.419142,39.639042],[22.419667,39.63909],[22.419667,39.639551],[22.41948,39.639669],[22.418782,39.639642],[22.418586,39.63966],[22.418469,39.639669],[22.416651,39.639846],[22.416861,39.639817],[22.416449,39.639868],[22.416352,39.639648],[22.416009,39.638789],[22.415572,39.638761],[22.415573,39.638761],[22.415269,39.638741],[22.415,39.63872],[22.414802,39.63887],[22.414587,39.639042],[22.414588,39.639043],[22.413659,39.639787],[22.413128,39.640238],[22.412912,39.640412],[22.412912,39.640413],[22.412688,39.640592],[22.412672,39.640758],[22.41272,39.640828],[22.412779,39.640951],[22.412758,39.641042],[22.412618,39.641187],[22.412608,39.64123],[22.41257,39.641268],[22.4125,39.641289],[22.412431,39.641278],[22.412307,39.641348],[22.410696,39.642122],[22.410756,39.642094],[22.410532,39.642298],[22.410414,39.642524],[22.410382,39.642807],[22.410503,39.644368],[22.410514,39.644555],[22.410682,39.647051],[22.411014,39.647211],[22.41102,39.647208],[22.41329,39.648224]]},"properties":{"line":"3","dir":"1","mode":"bus"}},{"type":"Feature","geometry":{"type":"LineString","coordinates":[[22.437171,39.601698],[22.436007,39.603202],[22.436008,39.603202],[22.434441,39.60546],[22.434441,39.605461],[22.432998,39.607477],[22.432998,39.607478],[22.432451,39.60833],[22.432107,39.609038],[22.431528,39.611029],[22.431529,39.611029],[22.43097,39.613062],[22.430971,39.613062],[22.4305,39.614725],[22.430501,39.614726],[22.430359,39.615089],[22.429567,39.616182],[22.429568,39.616183],[22.427988,39.618249],[22.427988,39.61825],[22.427178,39.619327],[22.426619,39.620603],[22.426619,39.620604],[22.426008,39.622331],[22.425402,39.62327],[22.425402,39.623271],[22.424291,39.624627],[22.424292,39.624628],[22.422985,39.626203],[22.422985,39.626204],[22.422167,39.62717],[22.422168,39.627171],[22.419528,39.630448],[22.419528,39.630448],[22.419442,39.631038],[22.419319,39.631649],[22.419201,39.632588],[22.41909,39.634868],[22.41909,39.634868],[22.419088,39.637727],[22.419088,39.637728],[22.419142,39.639042],[22.419667,39.63909],[22.419667,39.639551],[22.41948,39.639669],[22.418782,39.639642],[22.418586,39.63966],[22.418587,39.639661],[22.416651,39.639846],[22.416652,39.639846],[22.416449,39.639868],[22.416352,39.639648],[22.416009,39.638789],[22.415572,39.638761],[22.415573,39.638761],[22.415269,39.638741],[22.415,39.63872],[22.414802,39.63887],[22.414587,39.639042],[22.414588,39.639043],[22.413659,39.639787],[22.413128,39.640238],[22.412912,39.640412],[22.412912,39.640413],[22.412688,39.640592],[22.412672,39.640758],[22.41272,39.640828],[22.412779,39.640951],[22.412758,39.641042],[22.412618,39.641187],[22.412608,39.64123],[22.41257,39.641268],[22.4125,39.641289],[22.412431,39.641278],[22.412307,39.641348],[22.410696,39.642122],[22.410697,39.642123],[22.410532,39.642298],[22.410382,39.642807],[22.410503,39.644368],[22.410503,39.644369],[22.410682,39.647051],[22.411014,39.647211],[22.411015,39.647212],[22.4133,39.648228]]},"properties":{"line":"3","dir":"1","mode":"bus"}},{"type":"Feature","geometry":{"type":"LineString","coordinates":[[22.440757,39.605707],[22.440548,39.605634],[22.440464,39.605514],[22.440487,39.605372],[22.440764,39.605329],[22.441288,39.604704],[22.442162,39.603739],[22.442695,39.603298],[22.443338,39.60254],[22.443487,39.60226],[22.443508,39.601946],[22.44346,39.601711],[22.443296,39.601477],[22.443107,39.601278],[22.44266,39.601194],[22.441684,39.601054],[22.440499,39.600936],[22.439523,39.600798],[22.438924,39.600704],[22.438175,39.600649],[22.437773,39.60082],[22.43712,39.601741],[22.436665,39.602437],[22.436125,39.603101],[22.434571,39.605257],[22.433065,39.607429],[22.43226,39.608583],[22.431445,39.611167],[22.431,39.613011],[22.4305,39.61486],[22.430107,39.615464],[22.42964,39.616124],[22.4288,39.617206],[22.427997,39.618292],[22.426959,39.619682],[22.426746,39.620265],[22.426592,39.620716],[22.426116,39.622112],[22.425862,39.622757],[22.425393,39.623315],[22.424304,39.624618],[22.423089,39.626074],[22.422233,39.627101],[22.421888,39.627559],[22.420777,39.62892],[22.420237,39.629604],[22.419693,39.630289],[22.419488,39.630539],[22.419315,39.631991],[22.419146,39.6348],[22.419087,39.636127],[22.419125,39.637421],[22.419132,39.639042],[22.419457,39.639072],[22.419631,39.639223],[22.419626,39.639555],[22.41949,39.639688],[22.419283,39.639692],[22.418868,39.639657],[22.418453,39.639713],[22.416741,39.639868],[22.416452,39.639861],[22.416167,39.639173],[22.415945,39.638779],[22.41503,39.638723],[22.414757,39.638917],[22.414495,39.639116],[22.41286,39.640445],[22.412695,39.640676],[22.412719,39.640845],[22.412802,39.640957],[22.412669,39.641142],[22.412576,39.641266],[22.412358,39.64129],[22.411889,39.641537],[22.410884,39.642032],[22.410609,39.642208],[22.410501,39.642371],[22.410382,39.642638],[22.410493,39.644409],[22.4106,39.64588],[22.410701,39.647082],[22.411001,39.647218],[22.412175,39.647749],[22.412886,39.648064],[22.413214,39.648213],[22.413199,39.648313]]},"properties":{"line":"3","dir":"1","mode":"bus"}},{"type":"Feature","geometry":{"type":"LineString","coordinates":[[22.431503,39.638508],[22.432911,39.638641],[22.432488,39.641852],[22.428346,39.641424],[22.426693,39.641532],[22.423142,39.641817],[22.421205,39.640539],[22.420076,39.639875],[22.41964,39.639733],[22.419075,39.639674],[22.418777,39.639654],[22.418298,39.639701],[22.417755,39.639755],[22.417268,39.639799],[22.416503,39.639868],[22.416395,39.639631],[22.416147,39.639074],[22.416072,39.638905],[22.416004,39.638748],[22.416355,39.638777],[22.416744,39.638805],[22.416754,39.638621],[22.416765,39.638187],[22.41676,39.637749],[22.41676,39.637205],[22.416768,39.636126],[22.416766,39.635752],[22.41677,39.635354],[22.41652,39.635326],[22.41615,39.635294],[22.415585,39.635168],[22.415087,39.634977],[22.414586,39.634782],[22.414084,39.634521],[22.413618,39.634295],[22.413181,39.634068],[22.413182,39.633702],[22.413186,39.63229],[22.413186,39.632063],[22.413192,39.631901],[22.413198,39.631793],[22.415188,39.631408],[22.415151,39.631268],[22.414925,39.630986],[22.414926,39.630987],[22.41341,39.629165],[22.413132,39.628831],[22.412014,39.627498],[22.412015,39.627498],[22.41021,39.625361],[22.41021,39.625362],[22.409132,39.624091],[22.408966,39.624154],[22.407829,39.624374],[22.407683,39.623919],[22.407431,39.623082],[22.407399,39.623002],[22.40738,39.622951],[22.40738,39.622951],[22.407105,39.622148],[22.406862,39.621452],[22.406798,39.621319],[22.406659,39.621178],[22.406128,39.62054],[22.406128,39.62054],[22.405465,39.619739],[22.404749,39.618871],[22.404588,39.618731],[22.404004,39.618025],[22.403399,39.617318],[22.403254,39.617141],[22.402689,39.616403],[22.401963,39.615524],[22.400953,39.614398],[22.399009,39.612139],[22.398902,39.612112],[22.398778,39.612091],[22.39866,39.612091],[22.398439,39.612203],[22.398439,39.612203],[22.396949,39.612921],[22.396469,39.612971],[22.395913,39.612913],[22.39542,39.612681],[22.395044,39.612315],[22.394649,39.611772],[22.394275,39.61123],[22.393522,39.610169],[22.393313,39.609839],[22.393192,39.609642],[22.393061,39.609424],[22.392909,39.609214],[22.392751,39.609034],[22.392593,39.608878],[22.392443,39.608772],[22.39226,39.608671],[22.392088,39.608592],[22.391888,39.608522],[22.391723,39.608469],[22.391537,39.608415],[22.391277,39.608376],[22.391054,39.608361],[22.390794,39.608363],[22.390459,39.608397],[22.390134,39.608469],[22.389858,39.608549],[22.389183,39.608758],[22.388357,39.608982],[22.387487,39.609219],[22.386993,39.609377],[22.386769,39.609389],[22.386477,39.609483],[22.386217,39.609585]]},"properties":{"line":"4","dir":"0","mode":"bus"}},{"type":"Feature","geometry":{"type":"LineString","coordinates":[[22.43128,39.638496],[22.432946,39.638643],[22.432704,39.640287],[22.432462,39.641864],[22.431691,39.641792],[22.43128,39.641754],[22.430638,39.641701],[22.428589,39.641458],[22.428328,39.64143],[22.428066,39.641428],[22.427355,39.641488],[22.425478,39.641631],[22.423188,39.641799],[22.423092,39.641838],[22.42299,39.64177],[22.422762,39.641614],[22.421883,39.641024],[22.420116,39.639895],[22.419974,39.639797],[22.419864,39.639773],[22.419715,39.639767],[22.419566,39.639761],[22.419294,39.639701],[22.419047,39.639681],[22.418753,39.639652],[22.417639,39.639761],[22.416498,39.63987],[22.416286,39.639402],[22.416109,39.638987],[22.416056,39.638893],[22.416005,39.638745],[22.416749,39.638799],[22.416756,39.638654],[22.416757,39.638245],[22.416757,39.637753],[22.416757,39.637555],[22.416771,39.63536],[22.416504,39.635346],[22.416021,39.635283],[22.415505,39.635154],[22.414058,39.634517],[22.413817,39.634402],[22.413195,39.634079],[22.413184,39.633306],[22.413188,39.631997],[22.413189,39.631997],[22.41319,39.6319],[22.41318,39.63181],[22.41519,39.63141],[22.41515,39.63127],[22.414886,39.630917],[22.414468,39.630434],[22.413411,39.62916],[22.413106,39.628789],[22.412014,39.627498],[22.41021,39.625361],[22.40913,39.62409],[22.408874,39.624175],[22.40779,39.62437],[22.40766,39.62392],[22.40743,39.62308],[22.4074,39.623],[22.407381,39.62295],[22.407156,39.622281],[22.406914,39.621603],[22.406873,39.621457],[22.406076,39.62047],[22.404916,39.619072],[22.404552,39.618663],[22.404082,39.618123],[22.403382,39.617303],[22.403082,39.616927],[22.402771,39.616501],[22.402147,39.615731],[22.401438,39.614961],[22.400954,39.614409],[22.400256,39.613551],[22.39901,39.61214],[22.3989,39.61211],[22.39878,39.61209],[22.39866,39.61209],[22.398438,39.612202],[22.398439,39.612202],[22.397639,39.6126],[22.397239,39.612791],[22.396839,39.612923],[22.396635,39.612948],[22.396431,39.612948],[22.396013,39.612907],[22.395736,39.61282],[22.39548,39.612684],[22.395312,39.612577],[22.395175,39.612436],[22.394781,39.611917],[22.394365,39.611312],[22.393502,39.610159],[22.393321,39.609854],[22.393162,39.609584],[22.392827,39.60914],[22.392584,39.608883],[22.392255,39.608676],[22.391893,39.60852],[22.391521,39.608418],[22.391066,39.60836],[22.3906,39.60839],[22.389827,39.608545],[22.389065,39.608758],[22.389065,39.608759],[22.386934,39.609381],[22.386764,39.609395],[22.386444,39.609483],[22.385708,39.609796],[22.385708,39.609796],[22.38449,39.61028],[22.383705,39.610482],[22.383657,39.610569],[22.38381,39.610449],[22.38449,39.61028],[22.385427,39.609911],[22.385428,39.609912],[22.38644,39.609482],[22.386778,39.609339],[22.387623,39.609082],[22.38894,39.6087],[22.38894,39.6087],[22.389878,39.608434],[22.390224,39.608346],[22.39057,39.6083],[22.39092,39.608275],[22.391302,39.608288],[22.39176,39.608376],[22.39227,39.6086],[22.392585,39.608763],[22.392916,39.609049],[22.393324,39.609622],[22.393679,39.610195],[22.39368,39.610196],[22.395132,39.612212],[22.395295,39.612432],[22.395532,39.612598],[22.395902,39.612765],[22.396195,39.612845],[22.396503,39.612853],[22.39681,39.61282],[22.397165,39.61271],[22.397584,39.612518],[22.398315,39.612146],[22.398573,39.612014],[22.398849,39.611882],[22.398273,39.611195],[22.397676,39.6105],[22.396872,39.609526],[22.396615,39.609233],[22.39554,39.607947],[22.394453,39.606648],[22.39452,39.6066],[22.3946,39.60656],[22.394784,39.606463],[22.394785,39.606464],[22.395519,39.606203],[22.396735,39.605798],[22.397301,39.605633],[22.397796,39.605422],[22.398453,39.60507],[22.399056,39.604669]]},"properties":{"line":"4","dir":"0","mode":"bus"}},{"type":"Feature","geometry":{"type":"LineString","coordinates":[[22.431481,39.638492],[22.432966,39.638646],[22.432502,39.641901],[22.428182,39.641422],[22.423115,39.641802],[22.420667,39.640224],[22.419861,39.639758],[22.418798,39.639654],[22.418303,39.639695],[22.417755,39.639753],[22.417105,39.639815],[22.416497,39.63986],[22.416395,39.639652],[22.416126,39.639049],[22.416051,39.638884],[22.415977,39.638731],[22.416749,39.638805],[22.416749,39.638597],[22.416749,39.637791],[22.41675,39.637469],[22.416763,39.636411],[22.416759,39.635362],[22.416493,39.635339],[22.415984,39.635282],[22.415548,39.635148],[22.415103,39.635008],[22.414261,39.634637],[22.41386,39.634423],[22.413461,39.634225],[22.413171,39.634068],[22.413171,39.633916],[22.413177,39.633735],[22.413178,39.632866],[22.413196,39.632431],[22.413202,39.632154],[22.413197,39.631979],[22.413182,39.63181],[22.415188,39.631408],[22.415151,39.631268],[22.414925,39.630986],[22.414926,39.630987],[22.41341,39.629165],[22.413411,39.629166],[22.412014,39.627498],[22.412015,39.627498],[22.41021,39.625361],[22.41021,39.625362],[22.409153,39.624099],[22.40903,39.62415],[22.407829,39.62437],[22.407678,39.623919],[22.407474,39.623218],[22.407426,39.623039],[22.407396,39.622939],[22.407332,39.622765],[22.406862,39.621452],[22.40668,39.621178],[22.406128,39.62054],[22.406128,39.62054],[22.404749,39.618871],[22.404749,39.618872],[22.404055,39.618103],[22.403399,39.617314],[22.403093,39.616918],[22.402553,39.616281],[22.401986,39.615568],[22.401334,39.614854],[22.400198,39.613497],[22.399009,39.612139],[22.398902,39.612112],[22.398778,39.612091],[22.39866,39.612091],[22.398439,39.612203],[22.398439,39.612203],[22.397613,39.612604],[22.397249,39.612787],[22.396852,39.612913],[22.396651,39.612947],[22.39645,39.612948],[22.396249,39.612941],[22.396047,39.612926],[22.395753,39.612818],[22.395437,39.612669],[22.395299,39.612562],[22.395162,39.612431],[22.3945,39.611511],[22.393484,39.610111],[22.393308,39.609831],[22.393092,39.609479],[22.392845,39.609136],[22.392567,39.608878],[22.392389,39.608764],[22.392191,39.60865],[22.392047,39.608579],[22.391861,39.608508],[22.391526,39.608415],[22.391287,39.608372],[22.391065,39.608357],[22.390823,39.608354],[22.390582,39.608377],[22.390209,39.608446],[22.389831,39.608553],[22.389459,39.608655],[22.389065,39.608758],[22.388518,39.60892],[22.387616,39.60918],[22.386891,39.609377],[22.38638,39.609509],[22.385708,39.609797],[22.385709,39.609797],[22.384487,39.610278],[22.383876,39.610406],[22.383724,39.610477],[22.383659,39.610548],[22.383683,39.61064],[22.38373,39.610741],[22.383951,39.611211],[22.384622,39.612729],[22.38574,39.613925],[22.386246,39.61444],[22.386719,39.614914],[22.386914,39.615194],[22.387227,39.615081]]},"properties":{"line":"4","dir":"0","mode":"bus"}},{"type":"Feature","geometry":{"type":"LineString","coordinates":[[22.431033,39.638455],[22.432916,39.638648],[22.43242,39.641868],[22.429405,39.641569],[22.4281,39.641453],[22.425775,39.641626],[22.423163,39.641845],[22.419991,39.639789],[22.419329,39.639717],[22.419215,39.639664],[22.419136,39.639671],[22.419047,39.63967],[22.419004,39.639669],[22.418936,39.639666],[22.418902,39.639665],[22.418714,39.639661],[22.41789,39.639741],[22.417012,39.639835],[22.416454,39.639874],[22.416299,39.639542],[22.41613,39.639141],[22.415955,39.638767],[22.416766,39.63883],[22.416781,39.638374],[22.416757,39.637673],[22.416756,39.636199],[22.416734,39.635379],[22.415844,39.635234],[22.415237,39.635079],[22.414631,39.634791],[22.414262,39.634608],[22.414044,39.63451],[22.414044,39.63451],[22.413215,39.634152],[22.41318,39.633694],[22.413179,39.633381],[22.413178,39.63291],[22.413179,39.632886],[22.413181,39.632569],[22.413195,39.631997],[22.413195,39.631997],[22.413196,39.631944],[22.413199,39.631883],[22.413191,39.631807],[22.413754,39.631686],[22.414202,39.6316],[22.415006,39.631467],[22.415181,39.631432],[22.415169,39.631392],[22.415168,39.631385],[22.415167,39.631381],[22.415167,39.631378],[22.415165,39.631373],[22.415164,39.631368],[22.415155,39.63134],[22.415148,39.631319],[22.415135,39.631291],[22.415126,39.63127],[22.415109,39.631247],[22.415078,39.631203],[22.414922,39.630993],[22.414922,39.630993],[22.414898,39.630961],[22.414806,39.630843],[22.41473,39.630743],[22.414589,39.630568],[22.413791,39.629606],[22.413654,39.629432],[22.413558,39.629318],[22.413427,39.629162],[22.413427,39.629162],[22.413148,39.628828],[22.412805,39.628419],[22.412765,39.628372],[22.412552,39.62812],[22.412336,39.627863],[22.412019,39.627499],[22.412019,39.627499],[22.411972,39.627445],[22.411925,39.627383],[22.411602,39.626999],[22.411276,39.626618],[22.410964,39.626242],[22.410609,39.625817],[22.410223,39.625359],[22.410223,39.625359],[22.410117,39.625233],[22.410004,39.6251],[22.409848,39.624927],[22.409502,39.624529],[22.409367,39.624367],[22.409194,39.624171],[22.409152,39.624119],[22.409094,39.624135],[22.409025,39.624152],[22.408847,39.624183],[22.408314,39.624284],[22.408034,39.624334],[22.407928,39.62436],[22.407819,39.624386],[22.407791,39.624303],[22.407754,39.624202],[22.407624,39.623688],[22.407411,39.623],[22.407393,39.62295],[22.407393,39.62295],[22.406809,39.621307],[22.406699,39.621184],[22.406423,39.620858],[22.406285,39.620691],[22.406182,39.620568],[22.406148,39.620526],[22.406126,39.620498],[22.406126,39.620498],[22.406027,39.620377],[22.405878,39.6202],[22.405297,39.619506],[22.405028,39.61918],[22.404773,39.618869],[22.404707,39.618822],[22.404707,39.618822],[22.404647,39.61878],[22.404469,39.618579],[22.404197,39.618256],[22.404083,39.618119],[22.404035,39.618061],[22.403972,39.617982],[22.403812,39.617795],[22.403445,39.61736],[22.403393,39.617301],[22.403393,39.617301],[22.403236,39.61712],[22.403092,39.616908],[22.40279,39.616535],[22.40275,39.616482],[22.402382,39.616014],[22.401964,39.615502],[22.401721,39.615227],[22.401498,39.614998],[22.401294,39.614787],[22.401162,39.61464],[22.400986,39.61443],[22.400231,39.613527],[22.399856,39.61308],[22.39965,39.612849],[22.39908,39.612172],[22.399037,39.612146],[22.39895,39.612103],[22.398881,39.612085],[22.398844,39.612076],[22.398751,39.61207],[22.398649,39.61208],[22.398515,39.612151],[22.398428,39.612195],[22.398428,39.612195],[22.397963,39.612431],[22.397825,39.612496],[22.397571,39.612631],[22.397323,39.612755],[22.397168,39.612817],[22.396977,39.612883],[22.396777,39.612926],[22.396544,39.612946],[22.396336,39.612944],[22.396109,39.61292],[22.395993,39.612899],[22.395853,39.612843],[22.395688,39.612778],[22.395517,39.612695],[22.39535,39.612593],[22.395206,39.612466],[22.395051,39.612272],[22.39369,39.610394],[22.393481,39.610104],[22.393436,39.610031],[22.393436,39.610031],[22.39308,39.609454],[22.392842,39.609123],[22.392727,39.609007],[22.392554,39.608861],[22.392419,39.608764],[22.39224,39.608664],[22.392109,39.608601],[22.391944,39.608533],[22.3918,39.608487],[22.391624,39.608437],[22.391456,39.608403],[22.391274,39.608376],[22.39111,39.608364],[22.390947,39.608361],[22.390782,39.608366],[22.390657,39.608375],[22.39031,39.608427],[22.38991,39.608535],[22.38907,39.608774],[22.38907,39.608774],[22.386904,39.609391],[22.386793,39.609417],[22.3867,39.609392],[22.386345,39.609514],[22.386151,39.609599],[22.385836,39.609736],[22.385702,39.609793],[22.385702,39.609793],[22.385641,39.609819],[22.385231,39.609987],[22.384881,39.610142],[22.384578,39.610254],[22.384264,39.610348],[22.383864,39.610432],[22.383778,39.610458],[22.383734,39.610473],[22.383695,39.610494],[22.383662,39.610522],[22.383638,39.610552],[22.383637,39.610585],[22.384156,39.611646],[22.384593,39.612646],[22.38467,39.612781],[22.384774,39.612893],[22.385414,39.613545],[22.386286,39.614462],[22.386428,39.614591],[22.386684,39.614858],[22.386761,39.614947],[22.386843,39.615062],[22.386901,39.615192],[22.38701,39.615145],[22.387169,39.615076],[22.387184,39.615081],[22.387184,39.615081],[22.387169,39.615076],[22.38701,39.615145],[22.386901,39.615192],[22.386843,39.615062],[22.386761,39.614947],[22.386684,39.614858],[22.386428,39.614591],[22.386286,39.614462],[22.385414,39.613545],[22.384774,39.612893],[22.38467,39.612781],[22.384593,39.612646],[22.384156,39.611646],[22.383637,39.610585],[22.383638,39.610552],[22.383662,39.610522],[22.383695,39.610494],[22.383734,39.610473],[22.383778,39.610458],[22.383864,39.610432],[22.384264,39.610348],[22.384578,39.610254],[22.384881,39.610142],[22.385231,39.609987],[22.385429,39.609906],[22.385429,39.609906],[22.385641,39.609819],[22.385836,39.609736],[22.386151,39.609599],[22.386345,39.609514],[22.3867,39.609392],[22.386763,39.609339],[22.389034,39.608687],[22.389034,39.608687],[22.389882,39.608446],[22.390291,39.608338],[22.390648,39.608284],[22.390781,39.608275],[22.390949,39.60827],[22.391128,39.608275],[22.391304,39.608287],[22.391481,39.608312],[22.391654,39.608348],[22.39183,39.608391],[22.391993,39.608449],[22.392163,39.608517],[22.392297,39.608584],[22.392484,39.608693],[22.39266,39.608818],[22.39282,39.60895],[22.392947,39.609081],[22.393186,39.609412],[22.393594,39.610075],[22.393679,39.610192],[22.393679,39.610192],[22.393803,39.610365],[22.395155,39.612228],[22.395301,39.61241],[22.395432,39.612526],[22.395583,39.612618],[22.395737,39.612695],[22.395902,39.61276],[22.396013,39.612798],[22.396116,39.612828],[22.396139,39.612831],[22.396347,39.612853],[22.396554,39.612855],[22.396759,39.612836],[22.396942,39.612796],[22.39711,39.612737],[22.397259,39.612677],[22.397899,39.612353],[22.398253,39.612182],[22.398346,39.612135],[22.398346,39.612135],[22.398727,39.611942],[22.398762,39.611925],[22.398786,39.611892],[22.398795,39.611855],[22.398787,39.611813],[22.398199,39.611108],[22.39769,39.610495],[22.39769,39.610495],[22.397261,39.609979],[22.396894,39.609548],[22.396615,39.609222],[22.395121,39.607474],[22.394431,39.60663],[22.394541,39.606582],[22.394634,39.60654],[22.394796,39.606479],[22.394796,39.606479],[22.39517,39.606339],[22.395602,39.606173],[22.396436,39.605892],[22.396924,39.605745],[22.397366,39.605608],[22.397569,39.605531],[22.397811,39.605415],[22.398215,39.605199],[22.398641,39.604945],[22.399216,39.604552],[22.399393,39.604775],[22.399395,39.604784]]},"properties":{"line":"4","dir":"0","mode":"bus"}},{"type":"Feature","geometry":{"type":"LineString","coordinates":[[22.419286,39.639712],[22.419075,39.639658],[22.418789,39.639646],[22.418303,39.639695],[22.417755,39.639753],[22.417105,39.639815],[22.416497,39.63986],[22.416395,39.639652],[22.416126,39.639049],[22.416051,39.638884],[22.415977,39.638731],[22.416749,39.638805],[22.416749,39.638597],[22.416749,39.637791],[22.41675,39.637469],[22.416763,39.636411],[22.416759,39.635362],[22.416493,39.635339],[22.415984,39.635282],[22.415548,39.635148],[22.415103,39.635008],[22.414261,39.634637],[22.41386,39.634423],[22.413461,39.634225],[22.413171,39.634068],[22.413171,39.633916],[22.413177,39.633735],[22.413178,39.632866],[22.413196,39.632431],[22.413202,39.632418],[22.413197,39.631979],[22.413182,39.63181],[22.415188,39.631408],[22.415151,39.631268],[22.414925,39.630986],[22.414926,39.630987],[22.41341,39.629165],[22.413411,39.629166],[22.412014,39.627498],[22.412015,39.627498],[22.41021,39.625361],[22.41021,39.625362],[22.409153,39.624099],[22.40903,39.62415],[22.407829,39.62437],[22.407678,39.623919],[22.407474,39.623218],[22.407426,39.623039],[22.407396,39.622939],[22.407332,39.622765],[22.406862,39.621452],[22.40668,39.621178],[22.406128,39.62054],[22.406128,39.62054],[22.404749,39.618871],[22.404749,39.618872],[22.404055,39.618103],[22.403399,39.617314],[22.403093,39.616918],[22.402553,39.616281],[22.401986,39.615568],[22.401334,39.614854],[22.400198,39.613497],[22.399009,39.612139],[22.398902,39.612112],[22.398778,39.612091],[22.39866,39.612091],[22.398439,39.612203],[22.398439,39.612203],[22.397613,39.612604],[22.397249,39.612787],[22.396852,39.612913],[22.396651,39.612947],[22.39645,39.612948],[22.396249,39.612941],[22.396047,39.612926],[22.395753,39.612818],[22.395437,39.612669],[22.395299,39.612562],[22.395162,39.612431],[22.3945,39.611511],[22.393484,39.610111],[22.393308,39.609831],[22.393092,39.609479],[22.392845,39.609136],[22.392567,39.608878],[22.392389,39.608764],[22.392191,39.60865],[22.392047,39.608579],[22.391861,39.608508],[22.391526,39.608415],[22.391287,39.608372],[22.391065,39.608357],[22.390823,39.608354],[22.390582,39.608377],[22.390209,39.608446],[22.389831,39.608553],[22.389459,39.608655],[22.389065,39.608758],[22.388518,39.60892],[22.387616,39.60918],[22.386891,39.609377],[22.38638,39.609509],[22.385708,39.609797],[22.385709,39.609797],[22.384487,39.610278],[22.383876,39.610406],[22.383724,39.610477],[22.383659,39.610548],[22.383683,39.61064],[22.38373,39.610741],[22.383951,39.611211],[22.384622,39.612729],[22.38574,39.613925],[22.386246,39.61444],[22.386719,39.614914],[22.386914,39.615194],[22.387227,39.615081]]},"properties":{"line":"4","dir":"0","mode":"bus"}},{"type":"Feature","geometry":{"type":"LineString","coordinates":[[22.416187,39.638756],[22.416708,39.638804],[22.416733,39.638806],[22.41677,39.63881],[22.41706,39.638838],[22.417384,39.638872],[22.417435,39.638878],[22.41789,39.638929],[22.41789,39.638929],[22.418406,39.638986],[22.4188,39.639033],[22.418881,39.639042],[22.419169,39.639069],[22.419418,39.639088],[22.41987,39.63913],[22.419935,39.639135],[22.420069,39.639146],[22.420261,39.639174],[22.420304,39.639181],[22.420362,39.639189],[22.42041,39.639193],[22.420417,39.639194],[22.420441,39.639196],[22.42046,39.639197],[22.420547,39.639201],[22.420591,39.639201],[22.420649,39.639198],[22.42089,39.639216],[22.421225,39.639245],[22.421225,39.639245],[22.421462,39.639266],[22.422338,39.639339],[22.42324,39.639426],[22.423665,39.639463],[22.423743,39.639471],[22.423795,39.639476],[22.423795,39.639476],[22.42451,39.639539],[22.425164,39.639604],[22.425452,39.63963],[22.427832,39.639867],[22.427755,39.638677],[22.427901,39.638627],[22.427927,39.638619],[22.427927,39.638619],[22.428016,39.63859],[22.428265,39.638513],[22.428486,39.638443],[22.428681,39.638387],[22.428871,39.638341],[22.428976,39.63832],[22.429074,39.63831],[22.42915,39.638306],[22.429212,39.638308],[22.429337,39.638317],[22.42952,39.638333],[22.430164,39.638385],[22.430358,39.638405],[22.430491,39.638418],[22.430567,39.638425],[22.431117,39.638474],[22.431235,39.638484],[22.431331,39.638493]]},"properties":{"line":"4","dir":"0","mode":"bus"}},{"type":"Feature","geometry":{"type":"LineString","coordinates":[[22.385656,39.609824],[22.385727,39.609794],[22.385842,39.609747],[22.386345,39.609514],[22.3867,39.609392],[22.386857,39.609307],[22.388968,39.608706],[22.389034,39.608687],[22.389034,39.608687],[22.389882,39.608446],[22.390291,39.608338],[22.390648,39.608284],[22.390781,39.608275],[22.390949,39.60827],[22.391128,39.608275],[22.391304,39.608287],[22.391481,39.608312],[22.391654,39.608348],[22.39183,39.608391],[22.391993,39.608449],[22.392163,39.608517],[22.392297,39.608584],[22.392484,39.608693],[22.39266,39.608818],[22.39282,39.60895],[22.392947,39.609081],[22.393186,39.609412],[22.393594,39.610075],[22.393679,39.610192],[22.393679,39.610192],[22.393803,39.610365],[22.395155,39.612228],[22.395301,39.61241],[22.395432,39.612526],[22.395583,39.612618],[22.395737,39.612695],[22.395902,39.61276],[22.396013,39.612798],[22.396116,39.612828],[22.396139,39.612831],[22.396347,39.612853],[22.396554,39.612855],[22.396759,39.612836],[22.396942,39.612796],[22.39711,39.612737],[22.397259,39.612677],[22.397899,39.612353],[22.398253,39.612182],[22.398346,39.612135],[22.398346,39.612135],[22.398727,39.611942],[22.398762,39.611925],[22.398845,39.611883],[22.398962,39.611825],[22.399028,39.611901],[22.399115,39.612003],[22.399973,39.613029],[22.400742,39.613967],[22.401138,39.614424],[22.401379,39.614756],[22.401547,39.614973],[22.40164,39.615103],[22.401721,39.615227],[22.401964,39.615502],[22.402382,39.616014],[22.40275,39.616482],[22.40279,39.616535],[22.403092,39.616908],[22.40316,39.616974],[22.40316,39.616974],[22.403284,39.617095],[22.403516,39.617338],[22.403574,39.617408],[22.403745,39.617609],[22.403964,39.61787],[22.404026,39.617942],[22.404093,39.618022],[22.404146,39.618086],[22.404259,39.618216],[22.404318,39.618288],[22.404318,39.618288],[22.404524,39.618538],[22.404697,39.61875],[22.404773,39.618869],[22.405028,39.61918],[22.405297,39.619506],[22.405878,39.6202],[22.406027,39.620377],[22.406182,39.620568],[22.406215,39.620607],[22.406215,39.620607],[22.406285,39.620691],[22.406423,39.620858],[22.406699,39.621184],[22.406809,39.621307],[22.40762,39.622272],[22.40767,39.622331],[22.407797,39.622483],[22.407797,39.622483],[22.407984,39.622705],[22.408265,39.623038],[22.408739,39.623602],[22.409063,39.623987],[22.409099,39.62403],[22.409163,39.624102],[22.409791,39.624847],[22.409791,39.624847],[22.410004,39.6251],[22.410117,39.625233],[22.410609,39.625817],[22.410958,39.62623],[22.411277,39.626609],[22.411602,39.626999],[22.411921,39.627373],[22.412085,39.627567],[22.412085,39.627567],[22.412336,39.627863],[22.412552,39.62812],[22.412765,39.628372],[22.412805,39.628419],[22.413148,39.628828],[22.413558,39.629318],[22.413654,39.629432],[22.413778,39.629583],[22.413793,39.629601],[22.413793,39.629601],[22.414593,39.630552],[22.414698,39.630681],[22.414698,39.630681],[22.414754,39.63075],[22.414905,39.630949],[22.415089,39.631187],[22.415124,39.631236],[22.415135,39.631252],[22.415148,39.63127],[22.415162,39.631294],[22.415176,39.631321],[22.415184,39.631339],[22.415185,39.631342],[22.415187,39.631347],[22.415189,39.631356],[22.415189,39.631359],[22.415191,39.631366],[22.415192,39.631386],[22.415194,39.631409],[22.415196,39.631491],[22.415208,39.632559],[22.415214,39.633002],[22.415214,39.633002],[22.415214,39.63358],[22.415216,39.633705],[22.41522,39.633854],[22.415226,39.634164],[22.415226,39.634189],[22.415237,39.634396],[22.415255,39.634771],[22.415259,39.635024],[22.415257,39.635057],[22.415257,39.635146],[22.41526,39.635328],[22.41526,39.635328],[22.415266,39.63577],[22.415262,39.636159],[22.415261,39.636589],[22.415256,39.63716],[22.415256,39.637187],[22.415257,39.637213],[22.415265,39.637679],[22.415265,39.637708],[22.415267,39.637761],[22.415269,39.637876],[22.415279,39.6383],[22.415286,39.638657],[22.415287,39.638673],[22.415287,39.638703],[22.415337,39.638705],[22.415651,39.638722],[22.415962,39.638738],[22.415984,39.638739],[22.416031,39.638742],[22.416187,39.638756],[22.416187,39.638756],[22.416708,39.638804],[22.416733,39.638806],[22.41677,39.63881],[22.41706,39.638838],[22.417384,39.638872],[22.417435,39.638878],[22.41789,39.638929],[22.41789,39.638929],[22.418406,39.638986],[22.4188,39.639033],[22.418881,39.639042],[22.419169,39.639069],[22.419418,39.639088],[22.41987,39.63913],[22.419935,39.639135],[22.420069,39.639146],[22.420261,39.639174],[22.420304,39.639181],[22.420362,39.639189],[22.42041,39.639193],[22.420417,39.639194],[22.420441,39.639196],[22.42046,39.639197],[22.420547,39.639201],[22.420591,39.639201],[22.420649,39.639198],[22.42089,39.639216],[22.421225,39.639245],[22.421225,39.639245],[22.421462,39.639266],[22.422338,39.639339],[22.42324,39.639426],[22.423665,39.639463],[22.423743,39.639471],[22.423795,39.639476],[22.423795,39.639476],[22.42451,39.639539],[22.425164,39.639604],[22.425452,39.63963],[22.425817,39.639676],[22.427848,39.639861],[22.427772,39.638751],[22.427927,39.638619],[22.427927,39.638619],[22.428016,39.63859],[22.428265,39.638513],[22.428486,39.638443],[22.428681,39.638387],[22.428871,39.638341],[22.428976,39.63832],[22.429074,39.63831],[22.42915,39.638306],[22.429212,39.638308],[22.429337,39.638317],[22.42952,39.638333],[22.430164,39.638385],[22.430358,39.638405],[22.430491,39.638418],[22.430567,39.638425],[22.431117,39.638474],[22.431235,39.638484],[22.431331,39.638493],[22.431524,39.63851]]},"properties":{"line":"4","dir":"1","mode":"bus"}},{"type":"Feature","geometry":{"type":"LineString","coordinates":[[22.399395,39.604784],[22.399393,39.604775],[22.399216,39.604552],[22.398641,39.604945],[22.398215,39.605199],[22.397811,39.605415],[22.397569,39.605531],[22.397366,39.605608],[22.396924,39.605745],[22.396436,39.605892],[22.395602,39.606173],[22.39517,39.606339],[22.394866,39.606453],[22.394866,39.606453],[22.394634,39.60654],[22.394541,39.606582],[22.396993,39.60951],[22.397362,39.609936],[22.398464,39.61123],[22.398874,39.61172],[22.398906,39.611758],[22.398962,39.611825],[22.399028,39.611901],[22.399115,39.612003],[22.399973,39.613029],[22.400742,39.613967],[22.401138,39.614424],[22.401379,39.614756],[22.401547,39.614973],[22.40164,39.615103],[22.401721,39.615227],[22.401964,39.615502],[22.402382,39.616014],[22.40275,39.616482],[22.40279,39.616535],[22.403092,39.616908],[22.40316,39.616974],[22.40316,39.616974],[22.403284,39.617095],[22.403516,39.617338],[22.403574,39.617408],[22.403745,39.617609],[22.403964,39.61787],[22.404026,39.617942],[22.404093,39.618022],[22.404146,39.618086],[22.404259,39.618216],[22.404318,39.618288],[22.404318,39.618288],[22.404524,39.618538],[22.404697,39.61875],[22.404773,39.618869],[22.405028,39.61918],[22.405297,39.619506],[22.405878,39.6202],[22.406027,39.620377],[22.406182,39.620568],[22.406215,39.620607],[22.406215,39.620607],[22.406285,39.620691],[22.406423,39.620858],[22.406699,39.621184],[22.406809,39.621307],[22.407315,39.621909],[22.407632,39.622282],[22.40767,39.622331],[22.407797,39.622483],[22.407797,39.622483],[22.407984,39.622705],[22.4083,39.623075],[22.408739,39.623602],[22.409063,39.623998],[22.409099,39.624041],[22.409152,39.624119],[22.409194,39.624171],[22.409367,39.624367],[22.409502,39.624529],[22.409783,39.624852],[22.409783,39.624852],[22.409848,39.624927],[22.410004,39.6251],[22.410117,39.625233],[22.410609,39.625817],[22.410964,39.626242],[22.411276,39.626618],[22.411602,39.626999],[22.411925,39.627383],[22.411972,39.627445],[22.41208,39.627569],[22.41208,39.627569],[22.412336,39.627863],[22.412552,39.62812],[22.412765,39.628372],[22.412805,39.628419],[22.413148,39.628828],[22.413558,39.629318],[22.413654,39.629432],[22.413789,39.629603],[22.413791,39.629606],[22.414589,39.630568],[22.414685,39.630687],[22.414685,39.630687],[22.41473,39.630743],[22.414806,39.630843],[22.414898,39.630961],[22.415078,39.631203],[22.415109,39.631247],[22.415126,39.63127],[22.415135,39.631291],[22.415148,39.631319],[22.415155,39.63134],[22.415164,39.631368],[22.415165,39.631373],[22.415167,39.631378],[22.415167,39.631381],[22.415168,39.631385],[22.415169,39.631392],[22.415181,39.631432],[22.415187,39.631518],[22.415182,39.631994],[22.415206,39.632575],[22.415201,39.633002],[22.415201,39.633002],[22.415201,39.633049],[22.415214,39.63358],[22.415214,39.633725],[22.415207,39.633903],[22.415202,39.634125],[22.415203,39.634159],[22.415201,39.634198],[22.415201,39.634437],[22.415205,39.634765],[22.415207,39.634987],[22.415209,39.635143],[22.415211,39.635328],[22.415211,39.635328],[22.415216,39.635766],[22.41522,39.636156],[22.415225,39.636604],[22.41523,39.637152],[22.415231,39.637179],[22.415231,39.637212],[22.415236,39.637709],[22.415237,39.637726],[22.415237,39.637768],[22.415238,39.637888],[22.41524,39.638088],[22.415243,39.638302],[22.415247,39.638663],[22.415247,39.638705],[22.415305,39.638707],[22.415651,39.638722],[22.415709,39.638725],[22.415817,39.63873],[22.415941,39.638737],[22.415984,39.638739],[22.416022,39.638746],[22.416186,39.638765],[22.416186,39.638765],[22.416262,39.638774],[22.416691,39.638822],[22.416716,39.638824],[22.416753,39.638828],[22.417049,39.638856],[22.417301,39.638878],[22.417351,39.638884],[22.417785,39.638927],[22.417888,39.638937],[22.417888,39.638937],[22.418143,39.638961],[22.418368,39.638982],[22.418736,39.639001],[22.418792,39.639004],[22.418877,39.639012],[22.419124,39.639033],[22.419367,39.639059],[22.419702,39.639085],[22.419906,39.639106],[22.419918,39.639107],[22.420066,39.639124],[22.420099,39.639147],[22.420285,39.639166],[22.420316,39.639166],[22.420356,39.639162],[22.420409,39.639169],[22.420446,39.639172],[22.420467,39.639172],[22.420541,39.639177],[22.420573,39.63918],[22.42062,39.639185],[22.420896,39.639215],[22.421224,39.639249],[22.421224,39.639249],[22.421425,39.63927],[22.42232,39.639348],[22.423179,39.639417],[22.423623,39.63946],[22.423743,39.639471],[22.423795,39.639476],[22.423795,39.639476],[22.424476,39.639545],[22.425164,39.639604],[22.425452,39.63963],[22.425597,39.639635],[22.425764,39.639663],[22.426769,39.639778],[22.427866,39.63988],[22.427746,39.638657],[22.427886,39.638595],[22.427909,39.638588],[22.427909,39.638588],[22.428021,39.638554],[22.428246,39.638492],[22.428486,39.638425],[22.428668,39.638373],[22.428863,39.63832],[22.42896,39.638307],[22.429017,39.638308],[22.429119,39.638308],[22.429215,39.638313],[22.429339,39.638323],[22.429538,39.638341],[22.430173,39.638396],[22.430305,39.638408],[22.430432,39.63842],[22.430522,39.638427],[22.43079,39.638453],[22.431053,39.638473],[22.43117,39.638484],[22.431331,39.638496]]},"properties":{"line":"4","dir":"1","mode":"bus"}},{"type":"Feature","geometry":{"type":"LineString","coordinates":[[22.387184,39.615081],[22.387169,39.615076],[22.38701,39.615145],[22.386901,39.615192],[22.386843,39.615062],[22.386761,39.614947],[22.386684,39.614858],[22.386428,39.614591],[22.386286,39.614462],[22.385414,39.613545],[22.384774,39.612893],[22.38467,39.612781],[22.384593,39.612646],[22.384156,39.611646],[22.383637,39.610585],[22.383638,39.610552],[22.383662,39.610522],[22.383695,39.610494],[22.383734,39.610473],[22.383778,39.610458],[22.383864,39.610432],[22.384264,39.610348],[22.384578,39.610254],[22.384881,39.610142],[22.385231,39.609987],[22.385429,39.609906],[22.385429,39.609906],[22.385641,39.609819],[22.385836,39.609736],[22.386151,39.609599],[22.386345,39.609514],[22.3867,39.609392],[22.386763,39.609339],[22.389034,39.608687],[22.389034,39.608687],[22.389882,39.608446],[22.390291,39.608338],[22.390648,39.608284],[22.390781,39.608275],[22.390949,39.60827],[22.391128,39.608275],[22.391304,39.608287],[22.391481,39.608312],[22.391654,39.608348],[22.39183,39.608391],[22.391993,39.608449],[22.392163,39.608517],[22.392297,39.608584],[22.392484,39.608693],[22.39266,39.608818],[22.39282,39.60895],[22.392947,39.609081],[22.393186,39.609412],[22.393594,39.610075],[22.393679,39.610192],[22.393679,39.610192],[22.393803,39.610365],[22.395155,39.612228],[22.395301,39.61241],[22.395432,39.612526],[22.395583,39.612618],[22.395737,39.612695],[22.395902,39.61276],[22.396013,39.612798],[22.396116,39.612828],[22.396139,39.612831],[22.396347,39.612853],[22.396554,39.612855],[22.396759,39.612836],[22.396942,39.612796],[22.39711,39.612737],[22.397259,39.612677],[22.397899,39.612353],[22.398253,39.612182],[22.398346,39.612135],[22.398346,39.612135],[22.398727,39.611942],[22.398762,39.611925],[22.398845,39.611883],[22.398962,39.611825],[22.399028,39.611901],[22.399115,39.612003],[22.399973,39.613029],[22.400742,39.613967],[22.401138,39.614424],[22.401379,39.614756],[22.401547,39.614973],[22.40164,39.615103],[22.401721,39.615227],[22.401964,39.615502],[22.402382,39.616014],[22.40275,39.616482],[22.40279,39.616535],[22.403092,39.616908],[22.40316,39.616974],[22.40316,39.616974],[22.403284,39.617095],[22.403516,39.617338],[22.403574,39.617408],[22.403745,39.617609],[22.403964,39.61787],[22.404026,39.617942],[22.404093,39.618022],[22.404146,39.618086],[22.404259,39.618216],[22.404318,39.618288],[22.404318,39.618288],[22.404524,39.618538],[22.404697,39.61875],[22.404773,39.618869],[22.405028,39.61918],[22.405297,39.619506],[22.405878,39.6202],[22.406027,39.620377],[22.406182,39.620568],[22.406215,39.620607],[22.406215,39.620607],[22.406285,39.620691],[22.406423,39.620858],[22.406699,39.621184],[22.406809,39.621307],[22.407315,39.621909],[22.407632,39.622282],[22.40767,39.622331],[22.407797,39.622483],[22.407797,39.622483],[22.407984,39.622705],[22.4083,39.623075],[22.408739,39.623602],[22.409063,39.623998],[22.409099,39.624041],[22.409152,39.624119],[22.409194,39.624171],[22.409367,39.624367],[22.409502,39.624529],[22.409783,39.624852],[22.409783,39.624852],[22.409848,39.624927],[22.410004,39.6251],[22.410117,39.625233],[22.410609,39.625817],[22.410964,39.626242],[22.411276,39.626618],[22.411602,39.626999],[22.411925,39.627383],[22.411972,39.627445],[22.41208,39.627569],[22.41208,39.627569],[22.412336,39.627863],[22.412552,39.62812],[22.412765,39.628372],[22.412805,39.628419],[22.413148,39.628828],[22.413558,39.629318],[22.413654,39.629432],[22.413789,39.629603],[22.413791,39.629606],[22.414589,39.630568],[22.414685,39.630687],[22.414685,39.630687],[22.41473,39.630743],[22.414806,39.630843],[22.414898,39.630961],[22.415078,39.631203],[22.415109,39.631247],[22.415126,39.63127],[22.415135,39.631291],[22.415148,39.631319],[22.415155,39.63134],[22.415164,39.631368],[22.415165,39.631373],[22.415167,39.631378],[22.415167,39.631381],[22.415168,39.631385],[22.415169,39.631392],[22.415181,39.631432],[22.415187,39.631518],[22.415182,39.631994],[22.415206,39.632575],[22.415201,39.633002],[22.415201,39.633002],[22.415201,39.633049],[22.415214,39.63358],[22.415214,39.633725],[22.415207,39.633903],[22.415202,39.634125],[22.415203,39.634159],[22.415201,39.634198],[22.415201,39.634437],[22.415205,39.634765],[22.415207,39.634987],[22.415209,39.635143],[22.415211,39.635328],[22.415211,39.635328],[22.415216,39.635766],[22.41522,39.636156],[22.415225,39.636604],[22.41523,39.637152],[22.415231,39.637179],[22.415231,39.637212],[22.415236,39.637709],[22.415237,39.637726],[22.415237,39.637768],[22.415238,39.637888],[22.41524,39.638088],[22.415243,39.638302],[22.415247,39.638663],[22.415247,39.638705],[22.415305,39.638707],[22.415651,39.638722],[22.415709,39.638725],[22.415817,39.63873],[22.415941,39.638737],[22.415984,39.638739],[22.416022,39.638746],[22.416186,39.638765],[22.416186,39.638765],[22.416262,39.638774],[22.416691,39.638822],[22.416716,39.638824],[22.416753,39.638828],[22.417049,39.638856],[22.417301,39.638878],[22.417351,39.638884],[22.417785,39.638927],[22.417888,39.638937],[22.417888,39.638937],[22.418143,39.638961],[22.418368,39.638982],[22.418736,39.639001],[22.418792,39.639004],[22.418877,39.639012],[22.419124,39.639033],[22.419367,39.639059],[22.419702,39.639085],[22.419906,39.639106],[22.419918,39.639107],[22.420066,39.639124],[22.420099,39.639147],[22.420285,39.639166],[22.420316,39.639166],[22.420356,39.639162],[22.420409,39.639169],[22.420446,39.639172],[22.420467,39.639172],[22.420541,39.639177],[22.420573,39.63918],[22.42062,39.639185],[22.420896,39.639215],[22.421224,39.639249],[22.421224,39.639249],[22.421425,39.63927],[22.42232,39.639348],[22.423179,39.639417],[22.423623,39.63946],[22.423743,39.639471],[22.423795,39.639476],[22.423795,39.639476],[22.424476,39.639545],[22.425164,39.639604],[22.425452,39.63963],[22.427855,39.63988],[22.427746,39.638657],[22.427886,39.638595],[22.427909,39.638588],[22.427909,39.638588],[22.428021,39.638554],[22.428246,39.638492],[22.428486,39.638425],[22.428668,39.638373],[22.428863,39.63832],[22.42896,39.638307],[22.429017,39.638308],[22.429119,39.638308],[22.429215,39.638313],[22.429339,39.638323],[22.429538,39.638341],[22.430173,39.638396],[22.430305,39.638408],[22.430432,39.63842],[22.430522,39.638427],[22.43079,39.638453],[22.431053,39.638473],[22.43117,39.638484],[22.431331,39.638496]]},"properties":{"line":"4","dir":"1","mode":"bus"}},{"type":"Feature","geometry":{"type":"LineString","coordinates":[[22.387231,39.615094],[22.387156,39.615085],[22.3869,39.615191],[22.386843,39.615062],[22.386684,39.614858],[22.38642,39.614596],[22.386274,39.614462],[22.385402,39.613549],[22.384774,39.612893],[22.384576,39.612651],[22.383666,39.610591],[22.38369,39.610527],[22.383723,39.610486],[22.383805,39.610437],[22.384577,39.610256],[22.385325,39.609957],[22.385434,39.609913],[22.385434,39.609913],[22.385656,39.609824],[22.385727,39.609794],[22.385842,39.609747],[22.386345,39.609514],[22.3867,39.609392],[22.386857,39.609307],[22.388968,39.608706],[22.389034,39.608687],[22.389034,39.608687],[22.389882,39.608446],[22.390291,39.608338],[22.390648,39.608284],[22.390781,39.608275],[22.390949,39.60827],[22.391128,39.608275],[22.391304,39.608287],[22.391481,39.608312],[22.391654,39.608348],[22.39183,39.608391],[22.391993,39.608449],[22.392163,39.608517],[22.392297,39.608584],[22.392484,39.608693],[22.39266,39.608818],[22.39282,39.60895],[22.392947,39.609081],[22.393186,39.609412],[22.393594,39.610075],[22.393679,39.610192],[22.393679,39.610192],[22.393803,39.610365],[22.395155,39.612228],[22.395301,39.61241],[22.395432,39.612526],[22.395583,39.612618],[22.395737,39.612695],[22.395902,39.61276],[22.396013,39.612798],[22.396116,39.612828],[22.396139,39.612831],[22.396347,39.612853],[22.396554,39.612855],[22.396759,39.612836],[22.396942,39.612796],[22.39711,39.612737],[22.397259,39.612677],[22.397899,39.612353],[22.398253,39.612182],[22.398346,39.612135],[22.398346,39.612135],[22.398727,39.611942],[22.398762,39.611925],[22.398845,39.611883],[22.398962,39.611825],[22.399028,39.611901],[22.399115,39.612003],[22.399973,39.613029],[22.400742,39.613967],[22.401138,39.614424],[22.401379,39.614756],[22.401547,39.614973],[22.40164,39.615103],[22.401721,39.615227],[22.401964,39.615502],[22.402382,39.616014],[22.40275,39.616482],[22.40279,39.616535],[22.403092,39.616908],[22.40316,39.616974],[22.40316,39.616974],[22.403284,39.617095],[22.403516,39.617338],[22.403574,39.617408],[22.403745,39.617609],[22.403964,39.61787],[22.404026,39.617942],[22.404093,39.618022],[22.404146,39.618086],[22.404259,39.618216],[22.404318,39.618288],[22.404318,39.618288],[22.404524,39.618538],[22.404697,39.61875],[22.404773,39.618869],[22.405028,39.61918],[22.405297,39.619506],[22.405878,39.6202],[22.406027,39.620377],[22.406182,39.620568],[22.406215,39.620607],[22.406215,39.620607],[22.406285,39.620691],[22.406423,39.620858],[22.406699,39.621184],[22.406809,39.621307],[22.40762,39.622272],[22.40767,39.622331],[22.407797,39.622483],[22.407797,39.622483],[22.407984,39.622705],[22.408265,39.623038],[22.408739,39.623602],[22.409063,39.623987],[22.409099,39.62403],[22.409163,39.624102],[22.409791,39.624847],[22.409791,39.624847],[22.410004,39.6251],[22.410117,39.625233],[22.410609,39.625817],[22.410958,39.62623],[22.411277,39.626609],[22.411602,39.626999],[22.411921,39.627373],[22.412085,39.627567],[22.412085,39.627567],[22.412336,39.627863],[22.412552,39.62812],[22.412765,39.628372],[22.412805,39.628419],[22.413148,39.628828],[22.413558,39.629318],[22.413654,39.629432],[22.413778,39.629583],[22.413793,39.629601],[22.413793,39.629601],[22.414593,39.630552],[22.414698,39.630681],[22.414698,39.630681],[22.414754,39.63075],[22.414905,39.630949],[22.415089,39.631187],[22.415124,39.631236],[22.415135,39.631252],[22.415148,39.63127],[22.415162,39.631294],[22.415176,39.631321],[22.415184,39.631339],[22.415185,39.631342],[22.415187,39.631347],[22.415189,39.631356],[22.415189,39.631359],[22.415191,39.631366],[22.415192,39.631386],[22.415194,39.631409],[22.415196,39.631491],[22.415208,39.632559],[22.415214,39.633002],[22.415214,39.633002],[22.415214,39.63358],[22.415216,39.633705],[22.41522,39.633854],[22.415226,39.634164],[22.415226,39.634189],[22.415237,39.634396],[22.415255,39.634771],[22.415259,39.635024],[22.415257,39.635057],[22.415257,39.635146],[22.41526,39.635328],[22.41526,39.635328],[22.415266,39.63577],[22.415262,39.636159],[22.415261,39.636589],[22.415256,39.63716],[22.415256,39.637187],[22.415257,39.637213],[22.415265,39.637679],[22.415265,39.637708],[22.415267,39.637761],[22.415269,39.637876],[22.415279,39.6383],[22.415286,39.638657],[22.415287,39.638673],[22.415287,39.638703],[22.415337,39.638705],[22.415651,39.638722],[22.415962,39.638738],[22.415984,39.638739],[22.416031,39.638742],[22.416187,39.638756]]},"properties":{"line":"4","dir":"1","mode":"bus"}},{"type":"Feature","geometry":{"type":"LineString","coordinates":[[22.387184,39.615081],[22.387169,39.615076],[22.38701,39.615145],[22.386901,39.615192],[22.386843,39.615062],[22.386761,39.614947],[22.386684,39.614858],[22.386428,39.614591],[22.386286,39.614462],[22.385414,39.613545],[22.384774,39.612893],[22.38467,39.612781],[22.384593,39.612646],[22.384156,39.611646],[22.383637,39.610585],[22.383638,39.610552],[22.383662,39.610522],[22.383695,39.610494],[22.383734,39.610473],[22.383778,39.610458],[22.383864,39.610432],[22.384264,39.610348],[22.384578,39.610254],[22.384881,39.610142],[22.385231,39.609987],[22.385429,39.609906],[22.385429,39.609906],[22.385641,39.609819],[22.385836,39.609736],[22.386151,39.609599],[22.386345,39.609514],[22.3867,39.609392],[22.386763,39.609339],[22.389034,39.608687],[22.389034,39.608687],[22.389882,39.608446],[22.390291,39.608338],[22.390648,39.608284],[22.390781,39.608275],[22.390949,39.60827],[22.391128,39.608275],[22.391304,39.608287],[22.391481,39.608312],[22.391654,39.608348],[22.39183,39.608391],[22.391993,39.608449],[22.392163,39.608517],[22.392297,39.608584],[22.392484,39.608693],[22.39266,39.608818],[22.39282,39.60895],[22.392947,39.609081],[22.393186,39.609412],[22.393594,39.610075],[22.393679,39.610192],[22.393679,39.610192],[22.393803,39.610365],[22.395155,39.612228],[22.395301,39.61241],[22.395432,39.612526],[22.395583,39.612618],[22.395737,39.612695],[22.395902,39.61276],[22.396013,39.612798],[22.396116,39.612828],[22.396139,39.612831],[22.396347,39.612853],[22.396554,39.612855],[22.396759,39.612836],[22.396942,39.612796],[22.39711,39.612737],[22.397259,39.612677],[22.397899,39.612353],[22.398253,39.612182],[22.398346,39.612135],[22.398346,39.612135],[22.398727,39.611942],[22.398762,39.611925],[22.398845,39.611883],[22.398962,39.611825],[22.399028,39.611901],[22.399115,39.612003],[22.399973,39.613029],[22.400742,39.613967],[22.401138,39.614424],[22.401379,39.614756],[22.401547,39.614973],[22.40164,39.615103],[22.401721,39.615227],[22.401964,39.615502],[22.402382,39.616014],[22.40275,39.616482],[22.40279,39.616535],[22.403092,39.616908],[22.40316,39.616974],[22.40316,39.616974],[22.403284,39.617095],[22.403516,39.617338],[22.403574,39.617408],[22.403745,39.617609],[22.403964,39.61787],[22.404026,39.617942],[22.404093,39.618022],[22.404146,39.618086],[22.404259,39.618216],[22.404318,39.618288],[22.404318,39.618288],[22.404524,39.618538],[22.404697,39.61875],[22.404773,39.618869],[22.405028,39.61918],[22.405297,39.619506],[22.405878,39.6202],[22.406027,39.620377],[22.406182,39.620568],[22.406215,39.620607],[22.406215,39.620607],[22.406285,39.620691],[22.406423,39.620858],[22.406699,39.621184],[22.406809,39.621307],[22.407315,39.621909],[22.407632,39.622282],[22.40767,39.622331],[22.407797,39.622483],[22.407797,39.622483],[22.407984,39.622705],[22.4083,39.623075],[22.408739,39.623602],[22.409063,39.623998],[22.409099,39.624041],[22.409152,39.624119],[22.409194,39.624171],[22.409367,39.624367],[22.409502,39.624529],[22.409783,39.624852],[22.409783,39.624852],[22.409848,39.624927],[22.410004,39.6251],[22.410117,39.625233],[22.410609,39.625817],[22.410964,39.626242],[22.411276,39.626618],[22.411602,39.626999],[22.411925,39.627383],[22.411972,39.627445],[22.41208,39.627569],[22.41208,39.627569],[22.412336,39.627863],[22.412552,39.62812],[22.412765,39.628372],[22.412805,39.628419],[22.413148,39.628828],[22.413558,39.629318],[22.413654,39.629432],[22.413789,39.629603],[22.413791,39.629606],[22.414589,39.630568],[22.414685,39.630687],[22.414685,39.630687],[22.41473,39.630743],[22.414806,39.630843],[22.414898,39.630961],[22.415078,39.631203],[22.415109,39.631247],[22.415126,39.63127],[22.415135,39.631291],[22.415148,39.631319],[22.415155,39.63134],[22.415164,39.631368],[22.415165,39.631373],[22.415167,39.631378],[22.415167,39.631381],[22.415168,39.631385],[22.415169,39.631392],[22.415181,39.631432],[22.415187,39.631518],[22.415182,39.631994],[22.415206,39.632575],[22.415201,39.633002],[22.415201,39.633002],[22.415201,39.633049],[22.415214,39.63358],[22.415214,39.633725],[22.415207,39.633903],[22.415202,39.634125],[22.415203,39.634159],[22.415201,39.634198],[22.415201,39.634437],[22.415205,39.634765],[22.415207,39.634987],[22.415209,39.635143],[22.415211,39.635328],[22.415211,39.635328],[22.415216,39.635766],[22.41522,39.636156],[22.415225,39.636604],[22.41523,39.637152],[22.415231,39.637179],[22.415231,39.637212],[22.415236,39.637709],[22.415237,39.637726],[22.415237,39.637768],[22.415238,39.637888],[22.41524,39.638088],[22.415243,39.638302],[22.415247,39.638663],[22.415247,39.638705],[22.415305,39.638707],[22.415651,39.638722],[22.415709,39.638725],[22.415817,39.63873],[22.415941,39.638737],[22.415984,39.638739],[22.416022,39.638746],[22.416186,39.638765],[22.416186,39.638765],[22.416262,39.638774],[22.416691,39.638822],[22.416716,39.638824],[22.416753,39.638828],[22.417049,39.638856],[22.417301,39.638878],[22.417351,39.638884],[22.417785,39.638927],[22.417888,39.638937],[22.417888,39.638937],[22.418143,39.638961],[22.418368,39.638982],[22.418736,39.639001],[22.418792,39.639004],[22.418877,39.639012],[22.419124,39.639033],[22.419367,39.639059],[22.419515,39.639138],[22.41954,39.639148],[22.419559,39.639156],[22.419576,39.639165],[22.419594,39.639174],[22.419613,39.639186],[22.419628,39.639196],[22.419644,39.639208],[22.41967,39.63923],[22.419713,39.639249],[22.419665,39.639466],[22.419662,39.639513],[22.419693,39.639554],[22.419706,39.63957],[22.419717,39.639586],[22.419729,39.639598],[22.419748,39.639622],[22.419776,39.639648],[22.419815,39.639676],[22.419968,39.639765],[22.420001,39.639789],[22.420042,39.639818],[22.420118,39.639862],[22.420267,39.639962],[22.420326,39.639997]]},"properties":{"line":"4","dir":"1","mode":"bus"}},{"type":"Feature","geometry":{"type":"LineString","coordinates":[[22.387184,39.615081],[22.387169,39.615076],[22.38701,39.615145],[22.386901,39.615192],[22.386843,39.615062],[22.386761,39.614947],[22.386684,39.614858],[22.386428,39.614591],[22.386286,39.614462],[22.385414,39.613545],[22.384774,39.612893],[22.38467,39.612781],[22.384593,39.612646],[22.384156,39.611646],[22.383637,39.610585],[22.383638,39.610552],[22.383662,39.610522],[22.383695,39.610494],[22.383734,39.610473],[22.383778,39.610458],[22.383864,39.610432],[22.384264,39.610348],[22.384578,39.610254],[22.384881,39.610142],[22.385231,39.609987],[22.385429,39.609906],[22.385429,39.609906],[22.385641,39.609819],[22.385836,39.609736],[22.386151,39.609599],[22.386345,39.609514],[22.3867,39.609392],[22.386763,39.609339],[22.389034,39.608687],[22.389034,39.608687],[22.389882,39.608446],[22.390291,39.608338],[22.390648,39.608284],[22.390781,39.608275],[22.390949,39.60827],[22.391128,39.608275],[22.391304,39.608287],[22.391481,39.608312],[22.391654,39.608348],[22.39183,39.608391],[22.391993,39.608449],[22.392163,39.608517],[22.392297,39.608584],[22.392484,39.608693],[22.39266,39.608818],[22.39282,39.60895],[22.392947,39.609081],[22.393186,39.609412],[22.393594,39.610075],[22.393679,39.610192],[22.393679,39.610192],[22.393803,39.610365],[22.395155,39.612228],[22.395301,39.61241],[22.395432,39.612526],[22.395583,39.612618],[22.395737,39.612695],[22.395902,39.61276],[22.396013,39.612798],[22.396116,39.612828],[22.396139,39.612831],[22.396347,39.612853],[22.396554,39.612855],[22.396759,39.612836],[22.396942,39.612796],[22.39711,39.612737],[22.397259,39.612677],[22.397899,39.612353],[22.398253,39.612182],[22.398346,39.612135],[22.398346,39.612135],[22.398727,39.611942],[22.398762,39.611925],[22.398845,39.611883],[22.398962,39.611825],[22.399028,39.611901],[22.399115,39.612003],[22.399973,39.613029],[22.400742,39.613967],[22.401138,39.614424],[22.401247,39.614574],[22.401334,39.614691],[22.401547,39.614973],[22.40164,39.615103],[22.401721,39.615227],[22.401791,39.615306],[22.401964,39.615502],[22.402382,39.616014],[22.40275,39.616482],[22.40279,39.616535],[22.403092,39.616908],[22.40316,39.616974],[22.40316,39.616974],[22.403284,39.617095],[22.403516,39.617338],[22.403574,39.617408],[22.403745,39.617609],[22.403964,39.61787],[22.404026,39.617942],[22.404093,39.618022],[22.404146,39.618086],[22.404259,39.618216],[22.404318,39.618288],[22.404318,39.618288],[22.404524,39.618538],[22.404697,39.61875],[22.404773,39.618869],[22.405028,39.61918],[22.405297,39.619506],[22.405878,39.6202],[22.406027,39.620377],[22.406182,39.620568],[22.406215,39.620607],[22.406215,39.620607],[22.406285,39.620691],[22.406423,39.620858],[22.406699,39.621184],[22.406809,39.621307],[22.407315,39.621909],[22.407632,39.622282],[22.40767,39.622331],[22.407797,39.622483],[22.407797,39.622483],[22.407984,39.622705],[22.4083,39.623075],[22.408739,39.623602],[22.409063,39.623998],[22.409099,39.624041],[22.409152,39.624119],[22.409194,39.624171],[22.409367,39.624367],[22.409475,39.624496],[22.409502,39.624529],[22.409783,39.624852],[22.409783,39.624852],[22.409848,39.624927],[22.410004,39.6251],[22.410117,39.625233],[22.410609,39.625817],[22.410964,39.626242],[22.411276,39.626618],[22.411602,39.626999],[22.411925,39.627383],[22.411972,39.627445],[22.41208,39.627569],[22.41208,39.627569],[22.412336,39.627863],[22.412552,39.62812],[22.412765,39.628372],[22.412805,39.628419],[22.413148,39.628828],[22.413558,39.629318],[22.413654,39.629432],[22.413789,39.629603],[22.413791,39.629606],[22.414589,39.630568],[22.414685,39.630687],[22.414685,39.630687],[22.41473,39.630743],[22.414806,39.630843],[22.414898,39.630961],[22.415078,39.631203],[22.415109,39.631247],[22.415126,39.63127],[22.415135,39.631291],[22.415148,39.631319],[22.415155,39.63134],[22.415164,39.631368],[22.415165,39.631373],[22.415167,39.631378],[22.415167,39.631381],[22.415168,39.631385],[22.415169,39.631392],[22.415181,39.631432],[22.415187,39.631518],[22.415182,39.631994],[22.415206,39.632575],[22.415201,39.633002],[22.415201,39.633002],[22.415201,39.633049],[22.415208,39.633583],[22.415214,39.633725],[22.415207,39.633903],[22.415202,39.634125],[22.415203,39.634159],[22.415201,39.634198],[22.415201,39.634437],[22.415205,39.634765],[22.415207,39.634987],[22.415209,39.635143],[22.415211,39.635328],[22.415211,39.635328],[22.415216,39.635766],[22.415219,39.636146],[22.415225,39.636604],[22.41523,39.637152],[22.415231,39.637179],[22.415231,39.637212],[22.415222,39.637695],[22.415221,39.637709],[22.41522,39.637731],[22.415219,39.637766],[22.415216,39.6379],[22.415221,39.638088],[22.415231,39.638301],[22.415236,39.638655],[22.415237,39.638675],[22.415237,39.638694],[22.415297,39.638697],[22.415651,39.638723],[22.415709,39.638726],[22.415941,39.638739],[22.415984,39.638741],[22.416002,39.638741],[22.416186,39.638762]]},"properties":{"line":"4","dir":"1","mode":"bus"}},{"type":"Feature","geometry":{"type":"LineString","coordinates":[[22.387184,39.615081],[22.387169,39.615076],[22.38701,39.615145],[22.386901,39.615192],[22.386843,39.615062],[22.386761,39.614947],[22.386684,39.614858],[22.386428,39.614591],[22.386286,39.614462],[22.385414,39.613545],[22.384774,39.612893],[22.38467,39.612781],[22.384593,39.612646],[22.384156,39.611646],[22.383637,39.610585],[22.383638,39.610552],[22.383662,39.610522],[22.383695,39.610494],[22.383734,39.610473],[22.383778,39.610458],[22.383864,39.610432],[22.384264,39.610348],[22.384578,39.610254],[22.384881,39.610142],[22.385231,39.609987],[22.385429,39.609906],[22.385429,39.609906],[22.385641,39.609819],[22.385836,39.609736],[22.386151,39.609599],[22.386345,39.609514],[22.3867,39.609392],[22.386763,39.609339],[22.389034,39.608687],[22.389034,39.608687],[22.389882,39.608446],[22.390291,39.608338],[22.390648,39.608284],[22.390781,39.608275],[22.390949,39.60827],[22.391128,39.608275],[22.391304,39.608287],[22.391481,39.608312],[22.391654,39.608348],[22.39183,39.608391],[22.391993,39.608449],[22.392163,39.608517],[22.392297,39.608584],[22.392484,39.608693],[22.39266,39.608818],[22.39282,39.60895],[22.392947,39.609081],[22.393186,39.609412],[22.393594,39.610075],[22.393679,39.610192],[22.393679,39.610192],[22.393803,39.610365],[22.395155,39.612228],[22.395301,39.61241],[22.395432,39.612526],[22.395583,39.612618],[22.395737,39.612695],[22.395902,39.61276],[22.396013,39.612798],[22.396116,39.612828],[22.396139,39.612831],[22.396347,39.612853],[22.396554,39.612855],[22.396759,39.612836],[22.396942,39.612796],[22.39711,39.612737],[22.397259,39.612677],[22.397899,39.612353],[22.398253,39.612182],[22.398346,39.612135],[22.398346,39.612135],[22.398727,39.611942],[22.398762,39.611925],[22.398845,39.611883],[22.398962,39.611825],[22.399028,39.611901],[22.399115,39.612003],[22.399973,39.613029],[22.400742,39.613967],[22.401138,39.614424],[22.401247,39.614574],[22.401334,39.614691],[22.401547,39.614973],[22.40164,39.615103],[22.401721,39.615227],[22.401791,39.615306],[22.401964,39.615502],[22.402382,39.616014],[22.40275,39.616482],[22.40279,39.616535],[22.403092,39.616908],[22.40316,39.616974],[22.40316,39.616974],[22.403284,39.617095],[22.403516,39.617338],[22.403574,39.617408],[22.403745,39.617609],[22.403964,39.61787],[22.404026,39.617942],[22.404093,39.618022],[22.404146,39.618086],[22.404259,39.618216],[22.404318,39.618288],[22.404318,39.618288],[22.404524,39.618538],[22.404697,39.61875],[22.404773,39.618869],[22.405028,39.61918],[22.405297,39.619506],[22.405878,39.6202],[22.406027,39.620377],[22.406182,39.620568],[22.406215,39.620607],[22.406215,39.620607],[22.406285,39.620691],[22.406423,39.620858],[22.406699,39.621184],[22.406809,39.621307],[22.407315,39.621909],[22.407632,39.622282],[22.40767,39.622331],[22.407797,39.622483],[22.407797,39.622483],[22.407984,39.622705],[22.4083,39.623075],[22.408739,39.623602],[22.409063,39.623998],[22.409099,39.624041],[22.409152,39.624119],[22.409194,39.624171],[22.409367,39.624367],[22.409475,39.624496],[22.409502,39.624529],[22.409783,39.624852],[22.409783,39.624852],[22.409848,39.624927],[22.410004,39.6251],[22.410117,39.625233],[22.410609,39.625817],[22.410964,39.626242],[22.411276,39.626618],[22.411602,39.626999],[22.411925,39.627383],[22.411972,39.627445],[22.41208,39.627569],[22.41208,39.627569],[22.412336,39.627863],[22.412552,39.62812],[22.412765,39.628372],[22.412805,39.628419],[22.413148,39.628828],[22.413558,39.629318],[22.413654,39.629432],[22.413789,39.629603],[22.413791,39.629606],[22.414589,39.630568],[22.414685,39.630687],[22.414685,39.630687],[22.41473,39.630743],[22.414806,39.630843],[22.414898,39.630961],[22.415078,39.631203],[22.415109,39.631247],[22.415126,39.63127],[22.415135,39.631291],[22.415148,39.631319],[22.415155,39.63134],[22.415164,39.631368],[22.415165,39.631373],[22.415167,39.631378],[22.415167,39.631381],[22.415168,39.631385],[22.415169,39.631392],[22.415181,39.631432],[22.415187,39.631518],[22.415182,39.631994],[22.415206,39.632575],[22.415201,39.633002],[22.415201,39.633002],[22.415201,39.633049],[22.415208,39.633583],[22.415214,39.633725],[22.415207,39.633903],[22.415202,39.634125],[22.415203,39.634159],[22.415201,39.634198],[22.415201,39.634437],[22.415205,39.634765],[22.415207,39.634987],[22.415209,39.635143],[22.415211,39.635328],[22.415211,39.635328],[22.415216,39.635766],[22.415219,39.636146],[22.415225,39.636604],[22.41523,39.637152],[22.415231,39.637179],[22.415231,39.637212],[22.415222,39.637695],[22.415221,39.637709],[22.41522,39.637731],[22.415219,39.637766],[22.415216,39.6379],[22.415221,39.638088],[22.415231,39.638301],[22.415236,39.638655],[22.415237,39.638675],[22.415237,39.638694],[22.415297,39.638697],[22.415651,39.638723],[22.415709,39.638726],[22.415941,39.638739],[22.415984,39.638741],[22.416002,39.638741],[22.416186,39.638762],[22.416186,39.638762],[22.416262,39.638771],[22.416457,39.638799],[22.416521,39.638809],[22.416556,39.638813],[22.41697,39.638863],[22.417295,39.63889],[22.417347,39.638893],[22.417785,39.638927],[22.417888,39.638937],[22.417888,39.638937],[22.418143,39.638961],[22.418368,39.638982],[22.418736,39.639001],[22.418792,39.639004],[22.418877,39.639012],[22.419124,39.639033],[22.419426,39.639064],[22.419702,39.639085],[22.419823,39.639102],[22.419919,39.639112],[22.420066,39.639124],[22.420099,39.639147],[22.420285,39.639166],[22.420316,39.639166],[22.420356,39.639162],[22.420409,39.639169],[22.420446,39.639172],[22.420467,39.639172],[22.420541,39.639177],[22.420573,39.63918],[22.42062,39.639185],[22.420896,39.639215],[22.421224,39.639249],[22.421224,39.639249],[22.421425,39.63927],[22.42232,39.639348],[22.423179,39.639417],[22.423623,39.63946],[22.423743,39.639471],[22.423795,39.639476],[22.423795,39.639476],[22.424476,39.639545],[22.425164,39.639604],[22.4266,39.639752],[22.427844,39.639851],[22.42779,39.639149],[22.42775,39.638647],[22.428246,39.638492],[22.428486,39.638425],[22.428668,39.638373],[22.428863,39.63832],[22.42896,39.638307],[22.429017,39.638308],[22.429119,39.638308],[22.429215,39.638313],[22.429339,39.638323],[22.429538,39.638341],[22.430173,39.638396],[22.430305,39.638408],[22.430432,39.63842],[22.430522,39.638427],[22.43079,39.638453],[22.431053,39.638473],[22.43117,39.638484],[22.431331,39.638496]]},"properties":{"line":"4","dir":"1","mode":"bus"}},{"type":"Feature","geometry":{"type":"LineString","coordinates":[[22.431458,39.638505],[22.432882,39.638628],[22.432443,39.641848],[22.43036,39.64168],[22.42812,39.641448],[22.423112,39.641819],[22.419846,39.639707],[22.41886,39.639635],[22.416457,39.63988],[22.415954,39.63877],[22.416762,39.638795],[22.416691,39.637647],[22.4167,39.636522],[22.416686,39.635364],[22.415915,39.635271],[22.415208,39.635062],[22.41316,39.634116],[22.413208,39.631821],[22.415175,39.631418],[22.414857,39.630924],[22.413426,39.629175],[22.412725,39.628338],[22.411981,39.627534],[22.411068,39.626379],[22.410069,39.625323],[22.40915,39.62415],[22.407843,39.624373],[22.407298,39.622753],[22.40684,39.621421],[22.40607,39.620436],[22.40465,39.618858],[22.40329,39.617265],[22.401124,39.614552],[22.39989,39.613146],[22.398849,39.612022],[22.397475,39.6127],[22.396707,39.612956],[22.395888,39.612855],[22.395218,39.612505],[22.393429,39.610088],[22.392735,39.609021],[22.392302,39.608735],[22.391976,39.608582],[22.391388,39.608408],[22.390649,39.608366],[22.389782,39.608572],[22.387884,39.609125],[22.386027,39.609694],[22.384316,39.610382],[22.383548,39.610492],[22.385069,39.609987],[22.387082,39.609234],[22.389136,39.608589],[22.390417,39.608271],[22.39134,39.608269],[22.392144,39.608475],[22.392729,39.608851],[22.39316,39.609336],[22.393934,39.610463],[22.395061,39.612052],[22.395443,39.612524],[22.396094,39.612793],[22.396775,39.612795],[22.397308,39.612614],[22.397939,39.612301],[22.398785,39.611913],[22.397634,39.610576],[22.394421,39.606641],[22.39675,39.605762],[22.397454,39.605546],[22.398031,39.605289],[22.398598,39.604938],[22.399225,39.604547],[22.399359,39.604785]]},"properties":{"line":"4","dir":"1","mode":"bus"}},{"type":"Feature","geometry":{"type":"LineString","coordinates":[[22.43149,39.638489],[22.432916,39.6386],[22.432785,39.639529],[22.432422,39.641873],[22.429706,39.641602],[22.429362,39.64268],[22.428986,39.643758],[22.428154,39.645582],[22.428043,39.64579],[22.427911,39.645902],[22.427843,39.646138],[22.427696,39.646254],[22.427528,39.646232],[22.42745,39.646022],[22.427337,39.64571],[22.427003,39.645424],[22.426298,39.644854],[22.425777,39.644523],[22.425358,39.644259],[22.424939,39.644061],[22.424863,39.643871],[22.424322,39.64303],[22.423116,39.641826],[22.422543,39.641472],[22.420996,39.64042],[22.419835,39.639707],[22.418908,39.639652],[22.416428,39.639872],[22.415965,39.638737],[22.416736,39.638804],[22.416691,39.637647],[22.416678,39.636464],[22.416697,39.635347],[22.416116,39.635312],[22.415234,39.635095],[22.413149,39.634108],[22.413187,39.631772],[22.415154,39.631377],[22.414889,39.630941],[22.413426,39.629166],[22.412024,39.627518],[22.410069,39.625191],[22.409138,39.624117],[22.407809,39.624381],[22.407352,39.622836],[22.40691,39.621603],[22.406571,39.621077],[22.406081,39.620568],[22.405408,39.619697],[22.40465,39.618858],[22.40329,39.617265],[22.402239,39.615913],[22.401081,39.61456],[22.399944,39.6132],[22.398882,39.611991],[22.398313,39.612319],[22.396955,39.612923],[22.396104,39.612927],[22.395195,39.612516],[22.393483,39.610125],[22.39326,39.609744],[22.392985,39.609326],[22.392763,39.609046],[22.392445,39.608784],[22.39184,39.60849],[22.391425,39.608388],[22.391021,39.608361],[22.390296,39.608437],[22.389764,39.608595],[22.389113,39.608774],[22.387546,39.609203],[22.385748,39.609818],[22.38371,39.610513],[22.383711,39.610695],[22.384333,39.611985],[22.384698,39.612795],[22.386897,39.615167],[22.387273,39.614993]]},"properties":{"line":"4","dir":"1","mode":"bus"}},{"type":"Feature","geometry":{"type":"LineString","coordinates":[[22.431523,39.638518],[22.432903,39.638641],[22.432695,39.6401],[22.432422,39.641852],[22.429743,39.641602],[22.429083,39.643573],[22.428208,39.645461],[22.428085,39.645724],[22.427983,39.645839],[22.427852,39.646045],[22.427763,39.64621],[22.427573,39.646235],[22.427479,39.646148],[22.427401,39.645786],[22.426852,39.645287],[22.426201,39.64478],[22.425469,39.644322],[22.42491,39.644041],[22.424576,39.643432],[22.424134,39.642824],[22.423123,39.641839],[22.422382,39.64136],[22.420899,39.640369],[22.419911,39.639741],[22.418848,39.639658],[22.416457,39.639871],[22.415965,39.638746],[22.416752,39.638816],[22.416734,39.637639],[22.416689,39.636423],[22.416709,39.635352],[22.416105,39.635313],[22.415265,39.635108],[22.413171,39.6341],[22.413179,39.633188],[22.413203,39.631801],[22.415178,39.631428],[22.415146,39.6313],[22.414755,39.630755],[22.41341,39.629162],[22.41204,39.627514],[22.410069,39.625323],[22.409118,39.624125],[22.407822,39.624369],[22.407352,39.62284],[22.406797,39.621307],[22.406108,39.62051],[22.404714,39.618805],[22.404018,39.618031],[22.403333,39.617252],[22.402373,39.616054],[22.401877,39.615455],[22.401349,39.614856],[22.400217,39.613509],[22.398974,39.612114],[22.398755,39.612063],[22.398227,39.61229],[22.397228,39.612805],[22.396775,39.612923],[22.396396,39.612967],[22.395973,39.612892],[22.395497,39.612701],[22.395203,39.612469],[22.394397,39.611394],[22.393934,39.610725],[22.39323,39.609704],[22.393023,39.60941],[22.392805,39.609117],[22.392634,39.60893],[22.392388,39.608743],[22.391841,39.608501],[22.391328,39.608378],[22.390847,39.608354],[22.390185,39.608454],[22.388903,39.608824],[22.387374,39.609259],[22.386862,39.609394],[22.386407,39.609515],[22.385754,39.609781]]},"properties":{"line":"4","dir":"1","mode":"bus"}},{"type":"Feature","geometry":{"type":"LineString","coordinates":[[22.431469,39.638497],[22.432892,39.63862],[22.432433,39.641881],[22.429877,39.641622],[22.428039,39.641444],[22.423119,39.641817],[22.421803,39.640952],[22.419773,39.639668],[22.418816,39.639641],[22.416446,39.639867],[22.415986,39.638787],[22.416714,39.638795],[22.416691,39.637647],[22.416678,39.636406],[22.416704,39.635348],[22.415923,39.635253],[22.415238,39.635042],[22.413182,39.634166],[22.413219,39.631829],[22.415127,39.631406],[22.415073,39.631169],[22.414718,39.630709],[22.413255,39.628943],[22.412003,39.62751],[22.40993,39.625092],[22.409091,39.62415],[22.407803,39.624423],[22.406987,39.62172],[22.406631,39.621094],[22.406146,39.620535],[22.404703,39.618842],[22.403997,39.617962],[22.40255,39.616331],[22.400485,39.613846],[22.39956,39.612743],[22.398915,39.611994],[22.398313,39.612319],[22.397008,39.612898],[22.396548,39.612943],[22.396195,39.612923],[22.395723,39.612813],[22.395273,39.612588],[22.393386,39.610088],[22.392931,39.609293],[22.392678,39.608982],[22.392285,39.608738],[22.39163,39.608452],[22.390919,39.608385],[22.390542,39.608397],[22.390132,39.608466],[22.389102,39.608778],[22.387508,39.609207],[22.386832,39.609403],[22.386473,39.609484],[22.386027,39.609694],[22.384815,39.610217],[22.383721,39.610542],[22.384703,39.612701],[22.385934,39.613996],[22.386764,39.61485],[22.387273,39.614993],[22.386738,39.614989],[22.38631,39.614538],[22.385583,39.613818],[22.384622,39.612792],[22.383623,39.610595],[22.383682,39.610458],[22.384518,39.610233],[22.385446,39.609838],[22.386572,39.60937],[22.389109,39.608655],[22.390458,39.608269],[22.391237,39.60827],[22.391744,39.608366],[22.392352,39.608579],[22.392935,39.609057],[22.393711,39.610164],[22.394467,39.611241],[22.395435,39.612498],[22.395994,39.612764],[22.396671,39.612822],[22.397417,39.612562],[22.398785,39.61188],[22.397634,39.610576],[22.395931,39.608526],[22.39441,39.606633],[22.395339,39.606254],[22.397167,39.60561],[22.397812,39.605371],[22.398392,39.605078],[22.399176,39.604543],[22.399359,39.604785]]},"properties":{"line":"4","dir":"1","mode":"bus"}},{"type":"Feature","geometry":{"type":"LineString","coordinates":[[22.413289,39.638516],[22.413391,39.638566],[22.414332,39.638634],[22.415242,39.638702],[22.416856,39.638818],[22.418042,39.638946],[22.418737,39.639024],[22.419367,39.639094],[22.419571,39.639152],[22.419673,39.639231],[22.419694,39.639384],[22.419683,39.639536],[22.419624,39.63964],[22.419528,39.63971],[22.419378,39.639726],[22.41919,39.639704],[22.418959,39.639677],[22.41875,39.639656],[22.416529,39.639863],[22.416481,39.639846],[22.416481,39.639813],[22.416403,39.639673],[22.416347,39.639532],[22.416164,39.639098],[22.416025,39.638785],[22.415081,39.638735],[22.414882,39.638838],[22.413868,39.639681],[22.412822,39.640491],[22.412734,39.640567],[22.412677,39.640643],[22.412661,39.640714],[22.412739,39.640862],[22.412774,39.641011],[22.412726,39.641092],[22.412675,39.641155],[22.412624,39.641218],[22.412584,39.641251],[22.412522,39.641284],[22.412439,39.641302],[22.412323,39.641329],[22.411427,39.641736],[22.410725,39.642093],[22.410513,39.642331],[22.410387,39.642577],[22.410427,39.6432],[22.410467,39.643866],[22.410534,39.644734],[22.410589,39.645594],[22.410668,39.647315],[22.410689,39.647704],[22.410646,39.648093],[22.410483,39.648508],[22.410212,39.648914],[22.409693,39.649735],[22.409603,39.649962],[22.409608,39.650019],[22.409624,39.650059],[22.409628,39.650137],[22.409574,39.650178],[22.409514,39.650215],[22.409416,39.650239],[22.409284,39.650338],[22.407427,39.653145],[22.404291,39.658141],[22.403094,39.660061],[22.402466,39.661008],[22.401731,39.661956],[22.400786,39.662711],[22.40023,39.663092],[22.400094,39.66325],[22.400066,39.664788],[22.40008,39.669543],[22.400092,39.673617],[22.400114,39.680813],[22.400019,39.682185],[22.400014,39.682941],[22.400128,39.683548],[22.400382,39.685144],[22.400598,39.686732],[22.400721,39.688295],[22.400801,39.689858],[22.400675,39.692349],[22.400535,39.693463],[22.400325,39.694565],[22.400173,39.695297],[22.400117,39.69603],[22.39992,39.700956],[22.399837,39.702102],[22.400421,39.705773],[22.400433,39.706074],[22.400396,39.70626],[22.399914,39.707421],[22.39933,39.708581],[22.398736,39.709826],[22.398184,39.711087],[22.397989,39.711519],[22.397784,39.711852],[22.396543,39.713546],[22.396367,39.71385],[22.396319,39.714162],[22.396218,39.714891],[22.396189,39.715198],[22.396198,39.715308],[22.396239,39.715418],[22.396581,39.716254],[22.396572,39.716977],[22.396591,39.717096],[22.396658,39.717223],[22.397092,39.717509],[22.398233,39.718221],[22.398659,39.718593],[22.39901,39.718965],[22.39913,39.719203],[22.399369,39.719309],[22.399534,39.719415],[22.398953,39.719911],[22.398458,39.720381],[22.398275,39.720778],[22.398176,39.721123],[22.397969,39.721475],[22.397596,39.722043],[22.397345,39.722039],[22.397052,39.722065],[22.396944,39.722187],[22.39659,39.722596],[22.396311,39.722906],[22.396087,39.722646],[22.395788,39.722181],[22.395725,39.722038],[22.395599,39.721863]]},"properties":{"line":"5","dir":"0","mode":"bus"}},{"type":"Feature","geometry":{"type":"LineString","coordinates":[[22.413455,39.638594],[22.416105,39.638768],[22.419689,39.639148],[22.419689,39.639586],[22.419506,39.639693],[22.418798,39.63966],[22.416567,39.639867],[22.416009,39.638785],[22.414979,39.638751],[22.412726,39.640561],[22.412661,39.640701],[22.412812,39.640999],[22.412618,39.641247],[22.41249,39.641296],[22.410591,39.64223],[22.410451,39.642403],[22.410355,39.642742],[22.41073,39.647682],[22.410719,39.647934],[22.410644,39.64817],[22.410526,39.6485],[22.409614,39.64988],[22.409582,39.650169],[22.409378,39.650301],[22.407758,39.652672],[22.406224,39.655059],[22.404121,39.658437],[22.402126,39.661526],[22.401375,39.662303],[22.400168,39.663141],[22.400092,39.663372],[22.400111,39.669007],[22.400109,39.674798],[22.400033,39.682973],[22.400291,39.684607],[22.40057,39.68696],[22.400784,39.689503],[22.400742,39.691832],[22.400581,39.693082],[22.40087,39.693301],[22.402179,39.693268],[22.405312,39.692996],[22.408499,39.693169],[22.411835,39.693351],[22.414206,39.693367],[22.417951,39.693491],[22.417961,39.692244],[22.417629,39.691997],[22.417564,39.691914],[22.418015,39.691609],[22.418219,39.691774],[22.418401,39.691939],[22.417977,39.692236],[22.417967,39.692228],[22.417913,39.693495],[22.416513,39.693474],[22.412441,39.69333],[22.410945,39.693326],[22.405435,39.693008],[22.401546,39.693309],[22.400613,39.693367],[22.400516,39.693536],[22.400119,39.695571],[22.399894,39.701432],[22.399873,39.701961],[22.399851,39.702398],[22.400441,39.705997],[22.400388,39.706393],[22.399765,39.707681],[22.398016,39.711486],[22.397748,39.711931],[22.396536,39.713565],[22.396375,39.713937],[22.396182,39.715241],[22.3966,39.716322],[22.39659,39.717032],[22.39675,39.717312],[22.397609,39.717816],[22.398403,39.718336],[22.398926,39.718858],[22.399127,39.719181],[22.399521,39.71934],[22.399407,39.719544],[22.398749,39.720107],[22.39842,39.72048],[22.398299,39.720807],[22.398109,39.72125],[22.397875,39.721679],[22.397651,39.721951],[22.397442,39.722062],[22.397016,39.72206],[22.396824,39.722356],[22.396417,39.722858],[22.396224,39.722846],[22.395989,39.722485],[22.395798,39.722139],[22.395608,39.721876]]},"properties":{"line":"5","dir":"0","mode":"bus"}},{"type":"Feature","geometry":{"type":"LineString","coordinates":[[22.395589,39.721858],[22.395579,39.721848],[22.3955,39.72181],[22.39542,39.721765],[22.395305,39.721695],[22.394877,39.721382],[22.394798,39.721298],[22.394643,39.721293],[22.393746,39.720891],[22.393318,39.720707],[22.393318,39.720707],[22.393234,39.720671],[22.393084,39.720636],[22.393016,39.720555],[22.392974,39.720511],[22.392926,39.720468],[22.392634,39.720245],[22.392158,39.719901],[22.392104,39.719828],[22.392111,39.719745],[22.39214,39.719653],[22.392483,39.718993],[22.392519,39.71892],[22.392519,39.71892],[22.392588,39.718782],[22.392625,39.718698],[22.393012,39.718076],[22.39314,39.717857],[22.39335,39.717506],[22.393479,39.717308],[22.393577,39.717202],[22.393644,39.717125],[22.39367,39.717088],[22.39371,39.717032],[22.393884,39.716756],[22.393884,39.716756],[22.39409,39.716429],[22.39488,39.715066],[22.394949,39.714999],[22.39553,39.714418],[22.396085,39.713822],[22.396197,39.713708],[22.39643,39.713478],[22.39643,39.713478],[22.396453,39.713456],[22.396526,39.71339],[22.396799,39.713169],[22.397361,39.712424],[22.397849,39.711757],[22.397926,39.711643],[22.397983,39.711547],[22.397998,39.711515],[22.398016,39.711478],[22.398363,39.710644],[22.398363,39.710644],[22.398467,39.710394],[22.398978,39.709309],[22.399177,39.708898],[22.399446,39.708358],[22.399548,39.708146],[22.399548,39.708146],[22.400051,39.707098],[22.400223,39.706727],[22.400316,39.706507],[22.400358,39.706396],[22.400388,39.706306],[22.400408,39.706222],[22.400429,39.706112],[22.400437,39.70596],[22.400425,39.705784],[22.400343,39.705219],[22.400147,39.704081],[22.4,39.703191],[22.399915,39.702675],[22.399876,39.702391],[22.399863,39.702245],[22.399853,39.702056],[22.399855,39.701897],[22.399859,39.701799],[22.399858,39.701743],[22.39992,39.700635],[22.39992,39.700635],[22.399922,39.700593],[22.400077,39.696534],[22.400329,39.694197],[22.400709,39.692289],[22.400784,39.689331],[22.400736,39.688691],[22.400736,39.688691],[22.400693,39.688128],[22.400651,39.687685],[22.400616,39.687282],[22.400575,39.686917],[22.400561,39.686783],[22.400416,39.685376],[22.400267,39.684452],[22.400191,39.684047],[22.400191,39.684047],[22.400133,39.683734],[22.40004,39.683133],[22.400026,39.683029],[22.400011,39.682893],[22.40004,39.682094],[22.400066,39.681527],[22.4001,39.68066],[22.400121,39.678675],[22.400117,39.677867],[22.400117,39.677867],[22.400116,39.677737],[22.40012,39.677006],[22.400099,39.675825],[22.400101,39.675074],[22.400101,39.675074],[22.400109,39.67242],[22.40011,39.672277],[22.40009,39.670238],[22.400086,39.668779],[22.40009,39.668532],[22.400079,39.667904],[22.400079,39.667866],[22.400079,39.667866],[22.400075,39.66693],[22.40008,39.66635],[22.400076,39.665824],[22.400085,39.664876],[22.400089,39.66431],[22.400074,39.663789],[22.400074,39.663789],[22.400072,39.663717],[22.400068,39.663626],[22.400069,39.66356],[22.400033,39.663366],[22.400013,39.663271],[22.400008,39.663208],[22.400023,39.663141],[22.400041,39.663073],[22.400152,39.662964],[22.400469,39.662758],[22.400652,39.662646],[22.400979,39.662428],[22.401248,39.662225],[22.401487,39.662018],[22.401689,39.661814],[22.401861,39.661624],[22.401952,39.661529],[22.402052,39.661398],[22.402129,39.661281],[22.40224,39.661135],[22.402318,39.661015],[22.402449,39.660836],[22.402486,39.660777],[22.402566,39.660616],[22.403858,39.658576],[22.403883,39.658533],[22.403883,39.658533],[22.403983,39.658364],[22.404034,39.658291],[22.404114,39.658171],[22.404421,39.657686],[22.404798,39.65708],[22.405205,39.656416],[22.405835,39.655458],[22.40586,39.655411],[22.405931,39.65528],[22.405963,39.655231],[22.406016,39.655159],[22.406123,39.65497],[22.407081,39.653462],[22.407434,39.652924],[22.408088,39.651915],[22.408135,39.651836],[22.408351,39.651507],[22.408549,39.651188],[22.408721,39.650938],[22.409102,39.6504],[22.40913,39.650358],[22.409156,39.650279],[22.409178,39.650195],[22.409176,39.650109],[22.409173,39.650048],[22.409199,39.64999],[22.40925,39.649942],[22.409319,39.649912],[22.409404,39.649863],[22.409479,39.649803],[22.409537,39.649732],[22.409802,39.649357],[22.409994,39.649066],[22.409994,39.649066],[22.410175,39.648793],[22.410364,39.648473],[22.410462,39.648282],[22.410529,39.64811],[22.41057,39.647939],[22.410584,39.647828],[22.410592,39.647679],[22.41057,39.64719],[22.410567,39.64712],[22.410565,39.647081],[22.410548,39.646836],[22.410526,39.64644],[22.410523,39.646393],[22.410523,39.646393],[22.410453,39.645445],[22.410442,39.645318],[22.410437,39.645202],[22.410387,39.644443],[22.410364,39.644077],[22.410332,39.643682],[22.410304,39.643328],[22.410302,39.643301],[22.410283,39.642981],[22.41027,39.642836],[22.410264,39.642727],[22.410265,39.642682],[22.410264,39.642624],[22.410269,39.642558],[22.410284,39.642488],[22.4103,39.642437],[22.410318,39.642389],[22.410365,39.642297],[22.410389,39.642261],[22.410423,39.642213],[22.41043,39.642206],[22.410463,39.642173],[22.410508,39.642135],[22.410538,39.642114],[22.410573,39.64209],[22.410616,39.64206],[22.410658,39.642035],[22.41075,39.641981],[22.411025,39.641832],[22.411147,39.641774],[22.412202,39.641277],[22.412209,39.641274],[22.412239,39.641259],[22.412249,39.641253],[22.412258,39.641247],[22.412276,39.641231],[22.412284,39.641222],[22.412292,39.641211],[22.412301,39.641198],[22.412308,39.641189],[22.412313,39.641179],[22.412314,39.641165],[22.412316,39.641152],[22.412321,39.641139],[22.412336,39.641115],[22.412346,39.641104],[22.412358,39.641094],[22.412371,39.641086],[22.412385,39.641078],[22.4124,39.641072],[22.412416,39.641067],[22.412433,39.641063],[22.41245,39.641061],[22.412467,39.641061],[22.412484,39.641062],[22.412501,39.641064],[22.412554,39.640991],[22.412572,39.640957],[22.412581,39.640928],[22.412589,39.640881],[22.412599,39.640757],[22.41261,39.640677],[22.412617,39.640634],[22.412622,39.640608],[22.412628,39.64059],[22.412662,39.64052],[22.412673,39.640499],[22.412682,39.640477],[22.4127,39.640425],[22.41271,39.640384],[22.41271,39.640383],[22.412769,39.640121],[22.412795,39.640019],[22.41281,39.639954],[22.412857,39.639775],[22.412868,39.639726],[22.4129,39.639599],[22.412932,39.639479],[22.412952,39.639386],[22.41296,39.639347],[22.412975,39.639266],[22.413023,39.638974],[22.413033,39.638921],[22.413038,39.638891],[22.413043,39.638852],[22.413044,39.638828],[22.413041,39.638808],[22.413037,39.638794],[22.413032,39.638782],[22.41301,39.638757],[22.412991,39.638739],[22.412965,39.638709],[22.412951,39.638683],[22.412943,39.638658],[22.41294,39.638636],[22.412945,39.638595],[22.412962,39.638554],[22.412978,39.638534],[22.412982,39.638528],[22.412996,39.638519],[22.413022,39.638509],[22.413047,39.638501],[22.413083,39.638492],[22.413149,39.638493],[22.413181,39.638498],[22.413212,39.638505],[22.413327,39.63852],[22.41343,39.638569],[22.413788,39.638567]]},"properties":{"line":"5","dir":"1","mode":"bus"}},{"type":"Feature","geometry":{"type":"LineString","coordinates":[[22.395589,39.721858],[22.395579,39.721848],[22.3955,39.72181],[22.39542,39.721765],[22.395305,39.721695],[22.394877,39.721382],[22.394798,39.721298],[22.394643,39.721293],[22.393746,39.720891],[22.393318,39.720707],[22.393318,39.720707],[22.393234,39.720671],[22.393084,39.720636],[22.393016,39.720555],[22.392974,39.720511],[22.392926,39.720468],[22.392634,39.720245],[22.392158,39.719901],[22.392104,39.719828],[22.392111,39.719745],[22.39214,39.719653],[22.392483,39.718993],[22.392519,39.71892],[22.392519,39.71892],[22.392588,39.718782],[22.392625,39.718698],[22.393012,39.718076],[22.39314,39.717857],[22.39335,39.717506],[22.393479,39.717308],[22.393577,39.717202],[22.393644,39.717125],[22.39367,39.717088],[22.39371,39.717032],[22.393884,39.716756],[22.393884,39.716756],[22.39409,39.716429],[22.39488,39.715066],[22.394949,39.714999],[22.39553,39.714418],[22.396085,39.713822],[22.396197,39.713708],[22.39643,39.713478],[22.39643,39.713478],[22.396453,39.713456],[22.396526,39.71339],[22.396799,39.713169],[22.397361,39.712424],[22.397849,39.711757],[22.397926,39.711643],[22.397983,39.711547],[22.397998,39.711515],[22.398016,39.711478],[22.398363,39.710644],[22.398363,39.710644],[22.398467,39.710394],[22.398978,39.709309],[22.399177,39.708898],[22.399446,39.708358],[22.399548,39.708146],[22.399548,39.708146],[22.400051,39.707098],[22.400223,39.706727],[22.400316,39.706507],[22.400358,39.706396],[22.400388,39.706306],[22.400408,39.706222],[22.400429,39.706112],[22.400437,39.70596],[22.400425,39.705784],[22.400343,39.705219],[22.400147,39.704081],[22.4,39.703191],[22.399915,39.702675],[22.399876,39.702391],[22.399863,39.702245],[22.399853,39.702056],[22.399855,39.701897],[22.399859,39.701799],[22.399858,39.701743],[22.39992,39.700635],[22.39992,39.700635],[22.399922,39.700593],[22.399959,39.69964],[22.400002,39.698658],[22.400044,39.697616],[22.400077,39.696534],[22.400088,39.696247],[22.400139,39.695199],[22.400411,39.693332],[22.400666,39.693279],[22.400798,39.693267],[22.400914,39.693279],[22.40099,39.693282],[22.401091,39.693284],[22.401218,39.693283],[22.401463,39.693278],[22.401583,39.693274],[22.402325,39.693215],[22.403101,39.693161],[22.404016,39.693082],[22.404488,39.693055],[22.404907,39.693012],[22.405166,39.692999],[22.405545,39.692993],[22.40577,39.693006],[22.406015,39.693007],[22.406374,39.693033],[22.40721,39.693074],[22.407974,39.693131],[22.409538,39.693204],[22.411826,39.693294],[22.412573,39.693321],[22.413377,39.693354],[22.413794,39.693369],[22.414258,39.693389],[22.414483,39.693399],[22.414979,39.693424],[22.415183,39.693433],[22.41543,39.693439],[22.415853,39.693454],[22.416248,39.693449],[22.416475,39.693445],[22.416997,39.693464],[22.41784,39.693487],[22.4179,39.692223],[22.417538,39.691949],[22.417983,39.691616],[22.418343,39.691953],[22.418005,39.692211],[22.417968,39.69242],[22.417961,39.693037],[22.417921,39.693531],[22.411895,39.693339],[22.408657,39.693194],[22.405902,39.693062],[22.405126,39.693045],[22.403713,39.693173],[22.402354,39.693264],[22.401581,39.693303],[22.401463,39.693311],[22.401325,39.69332],[22.401236,39.693328],[22.40102,39.69334],[22.400818,39.693372],[22.400681,39.69337],[22.400556,39.693379],[22.40045,39.693276],[22.400441,39.693197],[22.400559,39.692382],[22.400672,39.691686],[22.400702,39.69121],[22.400774,39.690742],[22.400744,39.689352],[22.400698,39.688693],[22.400698,39.688693],[22.400674,39.688353],[22.400617,39.687686],[22.400574,39.687264],[22.400547,39.686953],[22.400527,39.686784],[22.400389,39.685374],[22.400235,39.684446],[22.400165,39.68405],[22.400165,39.68405],[22.40011,39.683738],[22.400013,39.683135],[22.400004,39.683057],[22.399993,39.682896],[22.400018,39.682094],[22.400052,39.681538],[22.400076,39.680659],[22.400088,39.679173],[22.400092,39.678704],[22.40009,39.677867],[22.40009,39.677867],[22.40009,39.677841],[22.400089,39.677711],[22.400086,39.677009],[22.400077,39.675832],[22.400081,39.675074],[22.400081,39.675074],[22.400093,39.672434],[22.400095,39.672287],[22.400074,39.670265],[22.400057,39.668802],[22.400057,39.668569],[22.400051,39.667929],[22.400051,39.667866],[22.400051,39.667866],[22.400051,39.666942],[22.400053,39.666373],[22.400052,39.665847],[22.400059,39.664895],[22.400055,39.664321],[22.40006,39.66379],[22.40006,39.66379],[22.40006,39.663761],[22.400057,39.663652],[22.400058,39.663562],[22.400028,39.663466],[22.40002,39.663366],[22.400013,39.663271],[22.400008,39.663208],[22.400014,39.663136],[22.400041,39.663073],[22.400142,39.662954],[22.400469,39.662758],[22.400652,39.662646],[22.400979,39.662428],[22.401248,39.662225],[22.401487,39.662018],[22.401689,39.661814],[22.401861,39.661624],[22.401952,39.661529],[22.402139,39.661284],[22.40224,39.661135],[22.402303,39.66103],[22.402418,39.660843],[22.402451,39.660791],[22.402551,39.660632],[22.403836,39.658596],[22.403878,39.658531],[22.403878,39.658531],[22.403951,39.658418],[22.403983,39.658364],[22.404043,39.658302],[22.404114,39.658171],[22.40441,39.657685],[22.404788,39.657073],[22.405205,39.656416],[22.405835,39.655458],[22.40586,39.655411],[22.405931,39.65528],[22.405963,39.655231],[22.406016,39.655159],[22.406123,39.65497],[22.407081,39.653462],[22.407434,39.652924],[22.408088,39.651915],[22.408135,39.651836],[22.408351,39.651507],[22.408549,39.651188],[22.408698,39.650967],[22.40873,39.650925],[22.40907,39.650393],[22.4091,39.650347],[22.409144,39.650273],[22.409166,39.650212],[22.409156,39.6501],[22.409153,39.650038],[22.409179,39.64998],[22.40923,39.649933],[22.409299,39.649902],[22.409399,39.649856],[22.409465,39.649801],[22.409527,39.649721],[22.409774,39.64935],[22.40996,39.649081],[22.409975,39.649059],[22.409975,39.649059],[22.410155,39.64879],[22.41035,39.648471],[22.410448,39.648284],[22.410514,39.648116],[22.410538,39.648023],[22.410559,39.647934],[22.410573,39.647824],[22.410583,39.647679],[22.41056,39.647215],[22.410532,39.646851],[22.410264,39.642727],[22.410265,39.642682],[22.410264,39.642624],[22.410269,39.642558],[22.410284,39.642488],[22.4103,39.642437],[22.410318,39.642389],[22.410365,39.642297],[22.410389,39.642261],[22.410423,39.642213],[22.41043,39.642206],[22.410463,39.642173],[22.410508,39.642135],[22.410538,39.642114],[22.410573,39.64209],[22.410616,39.64206],[22.410658,39.642035],[22.41075,39.641981],[22.411025,39.641832],[22.411147,39.641774],[22.412202,39.641277],[22.412209,39.641274],[22.412239,39.641259],[22.412249,39.641253],[22.412258,39.641247],[22.412276,39.641231],[22.412284,39.641222],[22.412292,39.641211],[22.412301,39.641198],[22.412308,39.641189],[22.412313,39.641179],[22.412314,39.641165],[22.412316,39.641152],[22.412321,39.641139],[22.412336,39.641115],[22.412346,39.641104],[22.412358,39.641094],[22.412371,39.641086],[22.412385,39.641078],[22.4124,39.641072],[22.412416,39.641067],[22.412433,39.641063],[22.41245,39.641061],[22.412467,39.641061],[22.412484,39.641062],[22.412501,39.641064],[22.412554,39.640991],[22.412572,39.640957],[22.412581,39.640928],[22.412589,39.640881],[22.41259,39.640868],[22.412611,39.640764],[22.412627,39.640679],[22.412641,39.640617],[22.412647,39.640595],[22.412658,39.640551],[22.412673,39.640493],[22.412679,39.640472],[22.412693,39.640418],[22.412703,39.640382],[22.412704,39.640376],[22.412766,39.640122],[22.412785,39.640029],[22.412792,39.639977],[22.412835,39.639723],[22.41285,39.639633],[22.412867,39.639564],[22.41289,39.639478],[22.41291,39.639386],[22.412919,39.639346],[22.412935,39.639262],[22.412987,39.63898],[22.412995,39.638924],[22.413006,39.638855],[22.413006,39.638831],[22.413003,39.638811],[22.412999,39.638797],[22.412995,39.638784],[22.412989,39.638768],[22.412984,39.638749],[22.412976,39.638725],[22.412962,39.638698],[22.412955,39.638674],[22.412953,39.638652],[22.412957,39.63861],[22.412974,39.63857],[22.412989,39.63855],[22.412994,39.638544],[22.413017,39.638522],[22.41303,39.638512],[22.413049,39.6385],[22.41308,39.638485],[22.413149,39.638493],[22.413181,39.638498],[22.413212,39.638505],[22.413302,39.638526],[22.413393,39.638563],[22.41381,39.638596]]},"properties":{"line":"5","dir":"1","mode":"bus"}},{"type":"Feature","geometry":{"type":"LineString","coordinates":[[22.479976,39.676223],[22.480264,39.676366],[22.480466,39.676436],[22.480426,39.676497],[22.480349,39.676566],[22.480236,39.676659],[22.480092,39.676744],[22.479895,39.676843],[22.478769,39.677364],[22.477233,39.678126],[22.476662,39.678467],[22.4761,39.678845],[22.473971,39.680298],[22.473971,39.680298],[22.473806,39.680411],[22.470489,39.682781],[22.470164,39.683007],[22.470164,39.683007],[22.469562,39.683426],[22.469047,39.683785],[22.468282,39.684317],[22.468233,39.684376],[22.468186,39.684422],[22.468142,39.684462],[22.468046,39.684548],[22.467984,39.68459],[22.467965,39.684601],[22.467947,39.68461],[22.467914,39.684624],[22.467888,39.684631],[22.467874,39.684633],[22.467864,39.684634],[22.467851,39.684635],[22.467839,39.684635],[22.467825,39.684634],[22.467813,39.684636],[22.46778,39.684632],[22.467751,39.684629],[22.467724,39.684626],[22.467682,39.684617],[22.467652,39.684612],[22.466602,39.683716],[22.466481,39.683584],[22.466398,39.683493],[22.466134,39.68327],[22.466029,39.683181],[22.466029,39.683181],[22.465798,39.682985],[22.465697,39.6829],[22.464358,39.681757],[22.464312,39.681718],[22.4642,39.681622],[22.463149,39.680728],[22.46194,39.679704],[22.461563,39.679385],[22.461443,39.679284],[22.461443,39.679284],[22.461419,39.679264],[22.4604,39.678402],[22.458502,39.676796],[22.458502,39.676796],[22.457594,39.676023],[22.457083,39.675592],[22.456757,39.675325],[22.456574,39.675183],[22.45643,39.675074],[22.455669,39.674542],[22.455253,39.674257],[22.454693,39.673872],[22.454693,39.673872],[22.454277,39.673587],[22.45387,39.673315],[22.45332,39.672937],[22.452645,39.672482],[22.451579,39.671743],[22.450959,39.67129],[22.450577,39.67101],[22.450215,39.670789],[22.450074,39.670735],[22.450025,39.670726],[22.44998,39.670729],[22.449954,39.670734],[22.449954,39.670734],[22.449919,39.670742],[22.449839,39.670767],[22.449769,39.670802],[22.449676,39.670811],[22.449619,39.670814],[22.449575,39.670807],[22.44952,39.670794],[22.449454,39.670767],[22.449283,39.670653],[22.44921,39.670543],[22.448983,39.670204],[22.448787,39.669921],[22.448457,39.669455],[22.448282,39.669219],[22.448164,39.669059],[22.448084,39.668959],[22.448006,39.668863],[22.447902,39.668684],[22.44753,39.668304],[22.446569,39.667362],[22.445356,39.666164],[22.444459,39.665283],[22.444121,39.664953],[22.442955,39.663797],[22.442625,39.663469],[22.442486,39.663382],[22.442453,39.663348],[22.442446,39.663341],[22.442347,39.66324],[22.442164,39.663049],[22.441917,39.662783],[22.441728,39.662572],[22.441662,39.662495],[22.44157,39.662391],[22.441406,39.662205],[22.44129,39.662069],[22.441162,39.661905],[22.441121,39.661854],[22.441085,39.661806],[22.441038,39.661747],[22.440992,39.661692],[22.440934,39.661624],[22.440891,39.661578],[22.440762,39.661457],[22.440666,39.66137],[22.440614,39.661307],[22.440589,39.661273],[22.440545,39.661202],[22.440476,39.661061],[22.440457,39.661015],[22.440441,39.660984],[22.440423,39.660961],[22.440401,39.660935],[22.440379,39.660915],[22.440344,39.660884],[22.440288,39.660831],[22.44026,39.660828],[22.440223,39.660819],[22.440181,39.660801],[22.440146,39.660775],[22.440121,39.660744],[22.440105,39.660709],[22.440101,39.660672],[22.440112,39.660627],[22.440108,39.660597],[22.440101,39.66055],[22.440098,39.660523],[22.440088,39.66048],[22.440079,39.660459],[22.440069,39.660434],[22.43981,39.660038],[22.439682,39.659839],[22.439623,39.659736],[22.439556,39.659622],[22.439429,39.659395],[22.439352,39.659248],[22.439251,39.659064],[22.439157,39.659003],[22.439067,39.658952],[22.439044,39.658944],[22.439019,39.658938],[22.438985,39.658934],[22.43894,39.65893],[22.438898,39.658927],[22.438852,39.658922],[22.438822,39.658919],[22.438773,39.658912],[22.438738,39.65891],[22.43871,39.658907],[22.43866,39.658891],[22.438637,39.658881],[22.438603,39.65886],[22.438523,39.658787],[22.438359,39.658602],[22.438229,39.658462],[22.438177,39.658407],[22.437978,39.658177],[22.437801,39.657974],[22.437668,39.657832],[22.437587,39.65774],[22.437562,39.657711],[22.437525,39.657669],[22.437499,39.657638],[22.437499,39.657638],[22.437482,39.657618],[22.437442,39.657558],[22.437393,39.657478],[22.437309,39.657349],[22.437231,39.657222],[22.437135,39.657033],[22.437028,39.656828],[22.43691,39.656614],[22.436337,39.655651],[22.436268,39.65552],[22.436264,39.655513],[22.436118,39.655236],[22.435973,39.65496],[22.435836,39.654714],[22.435742,39.65455],[22.435629,39.654375],[22.435484,39.654142],[22.435444,39.654079],[22.435384,39.653963],[22.435164,39.65363],[22.435062,39.653459],[22.434967,39.653299],[22.434836,39.653119],[22.434836,39.653119],[22.434828,39.653108],[22.434793,39.653056],[22.434676,39.652881],[22.434506,39.652613],[22.434337,39.652372],[22.434302,39.652321],[22.433885,39.651638],[22.433729,39.651426],[22.43371,39.651396],[22.43371,39.651396],[22.433629,39.65127],[22.433523,39.651102],[22.433345,39.650822],[22.43308,39.650391],[22.432922,39.650153],[22.432851,39.650056],[22.432851,39.650056],[22.432807,39.649996],[22.432394,39.649341],[22.432301,39.649194],[22.432165,39.648977],[22.432039,39.648791],[22.431968,39.648681],[22.431781,39.648372],[22.431722,39.648264],[22.431678,39.648197],[22.431677,39.648195],[22.431623,39.64811],[22.431582,39.648055],[22.43153,39.647994],[22.431453,39.647915],[22.431375,39.647844],[22.431298,39.647782],[22.431214,39.647712],[22.43114,39.647668],[22.430821,39.647469],[22.430594,39.647318],[22.430523,39.647281],[22.430308,39.647156],[22.42949,39.646659],[22.429405,39.64661],[22.429388,39.6466],[22.429388,39.6466],[22.429286,39.646537],[22.429003,39.646363],[22.42896,39.646333],[22.428676,39.646161],[22.428658,39.646152],[22.428161,39.645855],[22.428133,39.645838],[22.428043,39.645786],[22.428022,39.645803],[22.427998,39.645816],[22.427975,39.64583],[22.427942,39.645857],[22.427862,39.646011],[22.427825,39.646182],[22.427676,39.64625],[22.42749,39.646186],[22.427356,39.645728],[22.42665,39.64511],[22.425826,39.644533],[22.424919,39.644032],[22.424842,39.643938],[22.424808,39.643831],[22.424762,39.643745],[22.424725,39.643681],[22.42466,39.643575],[22.42466,39.643575],[22.424585,39.643453],[22.424484,39.643307],[22.424389,39.643165],[22.424292,39.643022],[22.42424,39.642946],[22.424152,39.64284],[22.423709,39.64241],[22.423489,39.642199],[22.423216,39.641927],[22.423114,39.641845],[22.423006,39.641766],[22.422653,39.641533],[22.422611,39.641505],[22.422264,39.641268],[22.421777,39.640956],[22.420995,39.640437],[22.420567,39.640141],[22.420118,39.639862],[22.420042,39.639818],[22.420001,39.639789],[22.419968,39.639765],[22.419883,39.639756],[22.419813,39.639755],[22.419677,39.639747],[22.419588,39.639742],[22.419484,39.639734],[22.419436,39.639731],[22.419403,39.639728],[22.419381,39.639727]]},"properties":{"line":"6","dir":"0","mode":"bus"}},{"type":"Feature","geometry":{"type":"LineString","coordinates":[[22.419342,39.639697],[22.419062,39.63969],[22.418814,39.639642],[22.418825,39.639337],[22.418868,39.639031],[22.419153,39.639054],[22.419434,39.639093],[22.419619,39.639206],[22.419686,39.63937],[22.419683,39.639555],[22.419855,39.639674],[22.420027,39.639772],[22.420156,39.639852],[22.420554,39.640103],[22.421163,39.640498],[22.421772,39.640933],[22.423012,39.641742],[22.423398,39.642077],[22.423807,39.642463],[22.424141,39.642808],[22.424393,39.643151],[22.424817,39.643835],[22.424885,39.64391],[22.425305,39.644104],[22.426405,39.6448],[22.426982,39.645215],[22.427298,39.645521],[22.427431,39.645637],[22.427538,39.645683],[22.427693,39.645715],[22.427821,39.645702],[22.427897,39.645687],[22.427982,39.645629],[22.428084,39.645721],[22.428146,39.645815],[22.428257,39.645875],[22.42869,39.646149],[22.428959,39.646321],[22.429255,39.646502],[22.429256,39.646502],[22.430014,39.646948],[22.430761,39.64741],[22.431048,39.647585],[22.431314,39.647763],[22.431743,39.648222],[22.432032,39.648681],[22.432875,39.650031],[22.433323,39.650706],[22.433755,39.651381],[22.434029,39.651832],[22.434998,39.653292],[22.435478,39.654048],[22.43592,39.654794],[22.436231,39.655348],[22.436872,39.656483],[22.437229,39.657116],[22.437571,39.657667],[22.437765,39.657891],[22.438008,39.658171],[22.438365,39.65858],[22.43857,39.658781],[22.4387,39.658849],[22.438845,39.658849],[22.438942,39.658779],[22.4391,39.658773],[22.439214,39.658816],[22.439339,39.658895],[22.439473,39.659035],[22.439696,39.659431],[22.439973,39.659902],[22.440241,39.660339],[22.440391,39.660583],[22.440482,39.660709],[22.440498,39.660851],[22.440943,39.661422],[22.441192,39.661736],[22.44142,39.662018],[22.441694,39.662324],[22.442051,39.66275],[22.442288,39.663013],[22.442504,39.663238],[22.44278,39.663532],[22.443433,39.664178],[22.443824,39.664572],[22.44422,39.664957],[22.444607,39.665346],[22.446396,39.667107],[22.447996,39.668691],[22.44818,39.668864],[22.448783,39.669649],[22.449112,39.670094],[22.449456,39.670524],[22.449639,39.670616],[22.449852,39.670633],[22.450008,39.670646],[22.450218,39.670721],[22.450475,39.670902],[22.451737,39.671835],[22.452541,39.672376],[22.453313,39.672917],[22.454143,39.673433],[22.454899,39.673957],[22.455232,39.674176],[22.455648,39.674505],[22.456612,39.675139],[22.457561,39.675928],[22.458031,39.676346],[22.458521,39.676742],[22.458839,39.677036],[22.459777,39.677815],[22.460805,39.678694],[22.461575,39.679363],[22.461993,39.679694],[22.463333,39.680849],[22.464331,39.681689],[22.465034,39.682298],[22.465726,39.682891],[22.466116,39.683233],[22.466519,39.683551],[22.467201,39.684086],[22.467851,39.684628],[22.470232,39.68296],[22.470981,39.682436],[22.470981,39.682437],[22.474036,39.680281],[22.47431,39.680083],[22.474524,39.679951],[22.475452,39.679307],[22.476133,39.678819],[22.475983,39.678585],[22.475915,39.67846],[22.475755,39.678134],[22.475324,39.677294],[22.475291,39.677187],[22.47542,39.676791],[22.475524,39.676541],[22.475731,39.67604],[22.476209,39.674904],[22.476478,39.674965],[22.476897,39.675064],[22.477338,39.675155],[22.477877,39.675286],[22.478138,39.675374],[22.479,39.675752],[22.480075,39.676259]]},"properties":{"line":"6","dir":"1","mode":"bus"}},{"type":"Feature","geometry":{"type":"LineString","coordinates":[[22.415826,39.638714],[22.416191,39.638739],[22.418503,39.638975],[22.419437,39.639086],[22.419699,39.639218],[22.419689,39.639586],[22.41956,39.639677],[22.419345,39.639714],[22.41882,39.63966],[22.418069,39.639731],[22.416529,39.639871],[22.416009,39.638789],[22.415027,39.63876],[22.413841,39.63971],[22.41271,39.640594],[22.412661,39.64073],[22.412779,39.640953],[22.412753,39.641077],[22.412618,39.641214],[22.412511,39.641296],[22.412398,39.6413],[22.41135,39.641778],[22.410655,39.642141],[22.410393,39.642554],[22.41053,39.644975],[22.410678,39.64804],[22.409581,39.649922],[22.409591,39.650136],[22.409172,39.650433],[22.407698,39.652777],[22.406103,39.655143],[22.405895,39.65521],[22.405641,39.655145],[22.405418,39.65512],[22.404909,39.654943],[22.404376,39.654697],[22.402435,39.657614],[22.4039,39.65823],[22.404161,39.658348],[22.404014,39.658598],[22.402261,39.661314],[22.401667,39.662063],[22.400043,39.663188],[22.397786,39.663932],[22.397546,39.664478],[22.394871,39.668707],[22.391114,39.667295],[22.390759,39.666775],[22.390829,39.666581],[22.394181,39.66528]]},"properties":{"line":"7","dir":"0","mode":"bus"}},{"type":"Feature","geometry":{"type":"LineString","coordinates":[[22.393891,39.665316],[22.394024,39.665325],[22.394291,39.665257],[22.395045,39.664975],[22.395096,39.664955],[22.396054,39.664582],[22.396992,39.664238],[22.396992,39.664238],[22.397431,39.664076],[22.397706,39.663972],[22.397945,39.663871],[22.397966,39.66386],[22.398079,39.663784],[22.398347,39.663662],[22.398187,39.66342],[22.398187,39.66342],[22.39797,39.663092],[22.397797,39.662823],[22.397585,39.662502],[22.397546,39.662437],[22.397196,39.661922],[22.397196,39.661922],[22.397403,39.661826],[22.397616,39.661762],[22.398452,39.662048],[22.398524,39.661951],[22.398721,39.661638],[22.398883,39.661417],[22.398883,39.661417],[22.399126,39.661012],[22.399587,39.660315],[22.399826,39.659941],[22.400405,39.6599],[22.401202,39.65985],[22.402166,39.659775],[22.402851,39.659727],[22.402938,39.659668],[22.403122,39.659372],[22.403402,39.658962],[22.403755,39.658391],[22.403723,39.658305],[22.403679,39.658267],[22.403615,39.658219],[22.403444,39.658127],[22.403248,39.658023],[22.402637,39.657781],[22.402548,39.657743],[22.4025,39.657715],[22.402471,39.657693],[22.402456,39.657675],[22.402443,39.657647],[22.402443,39.657612],[22.402631,39.657286],[22.402665,39.657233],[22.402665,39.657233],[22.402706,39.657169],[22.402876,39.65689],[22.403092,39.656553],[22.403704,39.656776],[22.403779,39.656804],[22.40398,39.656874],[22.40398,39.656874],[22.404059,39.656901],[22.404622,39.657111],[22.404865,39.656714],[22.404965,39.656561],[22.405111,39.656336],[22.405452,39.655804],[22.40552,39.6557],[22.40552,39.6557],[22.405649,39.655503],[22.40573,39.65536],[22.405734,39.655317],[22.405693,39.655281],[22.405596,39.655235],[22.40556,39.655198],[22.405544,39.655143],[22.405565,39.655096],[22.405643,39.655048],[22.405721,39.655041],[22.405803,39.65505],[22.405893,39.65505],[22.405972,39.655036],[22.406047,39.655013],[22.406123,39.65497],[22.407081,39.653462],[22.407434,39.652924],[22.408088,39.651915],[22.408135,39.651836],[22.408351,39.651507],[22.408549,39.651188],[22.408721,39.650938],[22.409102,39.6504],[22.40913,39.650358],[22.409156,39.650279],[22.409178,39.650195],[22.409176,39.650109],[22.409173,39.650048],[22.409199,39.64999],[22.40925,39.649942],[22.409319,39.649912],[22.409404,39.649863],[22.409479,39.649803],[22.409537,39.649732],[22.409802,39.649357],[22.409994,39.649066],[22.409994,39.649066],[22.410175,39.648793],[22.410364,39.648473],[22.410462,39.648282],[22.410529,39.64811],[22.41057,39.647939],[22.410584,39.647828],[22.410592,39.647679],[22.41057,39.64719],[22.410567,39.64712],[22.410565,39.647081],[22.410548,39.646836],[22.410526,39.64644],[22.410523,39.646393],[22.410523,39.646393],[22.410453,39.645445],[22.410442,39.645318],[22.410437,39.645202],[22.4104,39.644646],[22.4104,39.644646],[22.410387,39.644443],[22.410364,39.644077],[22.410332,39.643682],[22.410304,39.643328],[22.410302,39.643301],[22.410283,39.642981],[22.41027,39.642836],[22.410264,39.642727],[22.410265,39.642682],[22.410264,39.642624],[22.410269,39.642558],[22.410284,39.642488],[22.4103,39.642437],[22.410318,39.642389],[22.410365,39.642297],[22.410389,39.642261],[22.410423,39.642213],[22.41043,39.642206],[22.410463,39.642173],[22.410508,39.642135],[22.410538,39.642114],[22.410573,39.64209],[22.410616,39.64206],[22.410658,39.642035],[22.41075,39.641981],[22.411025,39.641832],[22.411147,39.641774],[22.412202,39.641277],[22.412209,39.641274],[22.412239,39.641259],[22.412249,39.641253],[22.412258,39.641247],[22.412276,39.641231],[22.412284,39.641222],[22.412292,39.641211],[22.412301,39.641198],[22.412308,39.641189],[22.412313,39.641179],[22.412314,39.641165],[22.412316,39.641152],[22.412321,39.641139],[22.412336,39.641115],[22.412346,39.641104],[22.412358,39.641094],[22.412371,39.641086],[22.412385,39.641078],[22.4124,39.641072],[22.412416,39.641067],[22.412433,39.641063],[22.41245,39.641061],[22.412467,39.641061],[22.412484,39.641062],[22.412501,39.641064],[22.412554,39.640991],[22.412572,39.640957],[22.412581,39.640928],[22.412589,39.640881],[22.412599,39.640757],[22.41261,39.640677],[22.412617,39.640634],[22.412622,39.640608],[22.412628,39.64059],[22.412662,39.64052],[22.412673,39.640499],[22.412682,39.640477],[22.4127,39.640425],[22.41271,39.640384],[22.41271,39.640383],[22.412769,39.640121],[22.412795,39.640019],[22.41281,39.639954],[22.412857,39.639775],[22.412868,39.639726],[22.4129,39.639599],[22.412932,39.639479],[22.412952,39.639386],[22.41296,39.639347],[22.412975,39.639266],[22.413023,39.638974],[22.413033,39.638921],[22.413038,39.638891],[22.413043,39.638852],[22.413044,39.638828],[22.413041,39.638808],[22.413037,39.638794],[22.413032,39.638782],[22.41301,39.638757],[22.412991,39.638739],[22.412965,39.638709],[22.412951,39.638683],[22.412943,39.638658],[22.41294,39.638636],[22.412945,39.638595],[22.412962,39.638554],[22.412978,39.638534],[22.412982,39.638528],[22.412996,39.638519],[22.413022,39.638509],[22.413047,39.638501],[22.413083,39.638492],[22.413149,39.638493],[22.413181,39.638498],[22.413212,39.638505],[22.413241,39.638514],[22.413276,39.638528],[22.413316,39.63855],[22.413332,39.638557],[22.413365,39.63857],[22.41338,39.638575],[22.413396,39.63858],[22.413413,39.638583],[22.413436,39.638583],[22.413443,39.638581],[22.41347,39.638571],[22.4137,39.638589],[22.4137,39.638589],[22.414282,39.638635],[22.414554,39.638656],[22.414703,39.638667],[22.415241,39.6387],[22.41526,39.638701],[22.415287,39.638703],[22.415337,39.638705],[22.415651,39.638722],[22.415776,39.638728]]},"properties":{"line":"7","dir":"1","mode":"bus"}},{"type":"Feature","geometry":{"type":"LineString","coordinates":[[22.419337,39.639697],[22.418841,39.63965],[22.416492,39.639872],[22.416406,39.63964],[22.415982,39.638756],[22.416631,39.638805],[22.416701,39.638758],[22.416698,39.638258],[22.416701,39.63782],[22.416685,39.637428],[22.416687,39.63637],[22.416679,39.635345],[22.415948,39.635291],[22.415008,39.635005],[22.413128,39.634119],[22.413157,39.632795],[22.413183,39.631782],[22.416092,39.631244],[22.416633,39.631163],[22.41678,39.631173],[22.417909,39.630967],[22.418101,39.630868],[22.418503,39.63081],[22.418731,39.630789],[22.418915,39.630812],[22.419157,39.630864],[22.419356,39.630724],[22.419373,39.630574],[22.419461,39.630382],[22.419603,39.630186],[22.420008,39.629712],[22.42045,39.62918],[22.420898,39.628638],[22.421346,39.628079],[22.421871,39.627455],[22.422457,39.626765],[22.423328,39.62571],[22.424232,39.624646],[22.424668,39.624122],[22.424928,39.623794],[22.42513,39.623536],[22.425308,39.62333],[22.425596,39.622961],[22.425802,39.622632],[22.42596,39.622303],[22.426033,39.62211],[22.42613,39.622043],[22.426133,39.621933],[22.42634,39.621377],[22.426535,39.62076],[22.426664,39.620397],[22.42676,39.620121],[22.426878,39.619825],[22.426988,39.619609],[22.427115,39.619425],[22.427285,39.619174],[22.427562,39.618787],[22.428241,39.617921],[22.428616,39.617405],[22.429037,39.616813],[22.429457,39.616271],[22.429747,39.615896],[22.430091,39.615447],[22.430262,39.615202],[22.430386,39.614961],[22.430458,39.614779],[22.430525,39.614539],[22.430722,39.613836],[22.430947,39.613099],[22.431083,39.612579],[22.431197,39.612006],[22.43131,39.611568],[22.431458,39.611],[22.431606,39.610466],[22.431746,39.610046],[22.431873,39.609622],[22.432091,39.60898],[22.43229,39.60852],[22.432593,39.608044],[22.432842,39.607675],[22.433229,39.607089],[22.433869,39.60616],[22.434263,39.605611],[22.434615,39.60509],[22.434997,39.604524],[22.43555,39.603775],[22.435829,39.603399],[22.436074,39.603097],[22.436093,39.602986],[22.436597,39.602225],[22.437026,39.601575],[22.437328,39.60115],[22.437595,39.600752],[22.437703,39.600663],[22.437625,39.600539],[22.437675,39.600436],[22.437843,39.600355],[22.437916,39.600306],[22.438043,39.600158],[22.438113,39.599998],[22.438259,39.599789],[22.438464,39.599508],[22.43914,39.598542],[22.439376,39.598266],[22.439806,39.597693],[22.440138,39.597167],[22.440423,39.596767],[22.44132,39.595492],[22.442191,39.594189],[22.442903,39.593106],[22.44328,39.59256],[22.443716,39.591935],[22.444738,39.590471],[22.44527,39.589702],[22.445717,39.589008],[22.446706,39.58754],[22.447217,39.586806],[22.447722,39.58608],[22.447986,39.585691],[22.448179,39.585379],[22.448286,39.585196],[22.44842,39.585037],[22.448632,39.58476],[22.44927,39.583944],[22.450048,39.583115],[22.450785,39.582264],[22.451764,39.581089],[22.452728,39.579942],[22.452954,39.579674],[22.453233,39.579345],[22.454335,39.57815],[22.455416,39.576857],[22.456168,39.575962],[22.456646,39.575458],[22.457279,39.574738],[22.457867,39.574056],[22.458459,39.573352],[22.459376,39.572303],[22.459771,39.571845],[22.460247,39.571304],[22.460739,39.570788],[22.461051,39.570402],[22.461374,39.570045],[22.462033,39.569274],[22.462756,39.568429],[22.463148,39.567995],[22.463478,39.567616],[22.463688,39.567383],[22.463773,39.567187],[22.463765,39.56698],[22.463736,39.566765],[22.463483,39.566273],[22.463246,39.565777],[22.463145,39.565592],[22.46306,39.565343],[22.463052,39.565196],[22.463081,39.565016],[22.463147,39.564926],[22.463277,39.564803],[22.463797,39.564178],[22.464252,39.563682],[22.4646,39.563235],[22.464777,39.562653],[22.464889,39.562329],[22.465083,39.561873],[22.465168,39.561633],[22.465125,39.561565],[22.464324,39.561385],[22.463479,39.561172],[22.463414,39.561103],[22.46342,39.560742],[22.463425,39.560621],[22.46352,39.560572],[22.463589,39.560524],[22.463826,39.560405],[22.464221,39.560218],[22.464509,39.560135],[22.464798,39.560077],[22.465208,39.560122],[22.46559,39.560184],[22.465673,39.560215],[22.46563,39.56048],[22.465479,39.561],[22.465228,39.56151],[22.464917,39.562227]]},"properties":{"line":"8","dir":"0","mode":"bus"}},{"type":"Feature","geometry":{"type":"LineString","coordinates":[[22.464998,39.562109],[22.464948,39.562363],[22.464663,39.563136],[22.464649,39.563177],[22.464633,39.563221],[22.464616,39.563259],[22.464593,39.563302],[22.46457,39.56334],[22.464549,39.563372],[22.46453,39.563398],[22.464424,39.563525],[22.46413,39.563902],[22.463858,39.564213],[22.463583,39.564543],[22.463487,39.56467],[22.463313,39.564851],[22.46319,39.564976],[22.463145,39.56506],[22.463121,39.565136],[22.463111,39.565235],[22.463118,39.565377],[22.463192,39.56552],[22.463235,39.565608],[22.463255,39.565676],[22.463369,39.56588],[22.463444,39.566051],[22.463538,39.566235],[22.46365,39.566467],[22.463751,39.566711],[22.463778,39.566765],[22.463808,39.566827],[22.463814,39.56688],[22.463817,39.566914],[22.463825,39.566951],[22.463826,39.566994],[22.463839,39.567057],[22.463837,39.567109],[22.463834,39.567216],[22.463755,39.56738],[22.463666,39.567517],[22.463388,39.56781],[22.463078,39.568172],[22.462965,39.568312],[22.462656,39.568638],[22.46245,39.568893],[22.461948,39.569476],[22.461724,39.569764],[22.461192,39.570357],[22.460882,39.570728],[22.460411,39.571236],[22.460022,39.571671],[22.459671,39.572053],[22.459314,39.572472],[22.45903,39.572817],[22.458622,39.573249],[22.458383,39.573536],[22.458049,39.573936],[22.457672,39.574384],[22.457411,39.574677],[22.457027,39.575119],[22.45655,39.57564],[22.455949,39.576322],[22.455022,39.577419],[22.454309,39.578263],[22.454137,39.578476],[22.453418,39.579198],[22.451893,39.581024],[22.451126,39.58195],[22.450326,39.582904],[22.449606,39.583682],[22.449311,39.58399],[22.449102,39.584251],[22.448845,39.584627],[22.448614,39.584863],[22.448378,39.585165],[22.448228,39.585401],[22.448083,39.585616],[22.447906,39.585925],[22.44763,39.586315],[22.447115,39.587083],[22.446599,39.587817],[22.446412,39.588087],[22.446412,39.588087],[22.446221,39.588363],[22.445364,39.589603],[22.44506,39.590042],[22.444735,39.590509],[22.444651,39.59063],[22.444329,39.591075],[22.444329,39.591075],[22.444241,39.591197],[22.443668,39.592047],[22.443096,39.592885],[22.442575,39.593665],[22.441784,39.59483],[22.441784,39.59483],[22.441716,39.59493],[22.441344,39.595497],[22.441249,39.595633],[22.440829,39.596221],[22.440565,39.596607],[22.440516,39.596668],[22.440432,39.596793],[22.440432,39.596793],[22.439616,39.598014],[22.439393,39.598409],[22.439285,39.598584],[22.43917,39.598756],[22.439047,39.598936],[22.438233,39.60011],[22.438233,39.60011],[22.438074,39.600338],[22.438057,39.600364],[22.437961,39.600509],[22.437916,39.600573],[22.437767,39.600787],[22.437223,39.601584],[22.437115,39.601743],[22.437115,39.601743],[22.436676,39.602387],[22.436626,39.602459],[22.436482,39.602637],[22.436187,39.603027],[22.436103,39.603073],[22.436004,39.603203],[22.435953,39.603277],[22.435953,39.603277],[22.435485,39.603962],[22.435415,39.604058],[22.435242,39.604303],[22.435161,39.604419],[22.434714,39.605069],[22.434656,39.605153],[22.434484,39.605413],[22.434484,39.605413],[22.434454,39.605459],[22.434204,39.605824],[22.434058,39.606027],[22.43395,39.606175],[22.43366,39.606579],[22.433432,39.606918],[22.433172,39.607312],[22.433079,39.607452],[22.433044,39.607505],[22.433016,39.60755],[22.433016,39.60755],[22.432923,39.607696],[22.432744,39.60796],[22.432649,39.608101],[22.432564,39.60823],[22.432436,39.608439],[22.432332,39.60864],[22.432231,39.608866],[22.432199,39.608947],[22.432117,39.609166],[22.432072,39.6093],[22.432052,39.609358],[22.432007,39.609499],[22.43195,39.609676],[22.431833,39.610024],[22.431695,39.610465],[22.431646,39.610619],[22.431563,39.610907],[22.431527,39.611049],[22.431513,39.611102],[22.431513,39.611102],[22.431393,39.611552],[22.431344,39.611757],[22.43123,39.612286],[22.431207,39.612419],[22.431198,39.612465],[22.43119,39.612513],[22.431184,39.612541],[22.431169,39.6126],[22.431093,39.612875],[22.431051,39.613024],[22.431051,39.613024],[22.431041,39.613059],[22.430789,39.613896],[22.430625,39.614485],[22.430554,39.614737],[22.430554,39.614737],[22.430536,39.614799],[22.430498,39.614914],[22.430476,39.614964],[22.430409,39.615082],[22.430299,39.615261],[22.430117,39.615527],[22.429934,39.615768],[22.429711,39.616054],[22.4296,39.616203],[22.4296,39.616203],[22.429384,39.616494],[22.429127,39.616826],[22.428884,39.617149],[22.428595,39.617538],[22.428414,39.617782],[22.428386,39.617819],[22.428228,39.618037],[22.428091,39.618225],[22.427999,39.618343],[22.427999,39.618343],[22.427723,39.618696],[22.427381,39.61916],[22.427132,39.619523],[22.427071,39.619618],[22.427032,39.619686],[22.427011,39.619723],[22.426994,39.619759],[22.426917,39.619933],[22.426761,39.620369],[22.426676,39.620618],[22.426676,39.620618],[22.426635,39.620738],[22.426279,39.621831],[22.426208,39.622026],[22.42617,39.622143],[22.426137,39.622215],[22.42606,39.622379],[22.425983,39.622538],[22.425938,39.622621],[22.425917,39.622655],[22.425818,39.622804],[22.425522,39.623184],[22.425454,39.623271],[22.425428,39.623306],[22.425428,39.623306],[22.425334,39.623429],[22.425048,39.623771],[22.424767,39.624108],[22.424739,39.624143],[22.424678,39.624216],[22.424622,39.624284],[22.424583,39.624331],[22.424544,39.62438],[22.424398,39.624557],[22.424358,39.624607],[22.424291,39.624687],[22.424291,39.624687],[22.424138,39.62487],[22.424012,39.625017],[22.423929,39.62512],[22.423672,39.625431],[22.423488,39.625654],[22.423151,39.625952],[22.422944,39.626186],[22.422944,39.626186],[22.422711,39.626449],[22.422613,39.626574],[22.422572,39.62662],[22.422307,39.626969],[22.422208,39.627094],[22.422208,39.627094],[22.422189,39.627119],[22.422029,39.6274],[22.422028,39.627455],[22.421123,39.628547],[22.420702,39.629056],[22.419617,39.630367],[22.419599,39.630393],[22.419577,39.630435],[22.419565,39.630471],[22.419556,39.630523],[22.419556,39.630523],[22.419554,39.630535],[22.419515,39.63085],[22.41951,39.630889],[22.419502,39.63096],[22.419488,39.631035],[22.419453,39.631186],[22.419367,39.63159],[22.419356,39.631668],[22.419348,39.631761],[22.419335,39.631949],[22.419335,39.631949],[22.419294,39.632571],[22.419186,39.633365],[22.41917,39.633577],[22.419131,39.634022],[22.419112,39.634273],[22.4191,39.634383],[22.419112,39.63487],[22.419112,39.63487],[22.419126,39.635422],[22.419122,39.635482],[22.41912,39.635506],[22.419081,39.63613],[22.419101,39.636634],[22.419122,39.637152],[22.419124,39.637191],[22.419124,39.63722],[22.419137,39.637658],[22.419137,39.637658],[22.419139,39.637713],[22.419138,39.637732],[22.419143,39.637936],[22.419156,39.63838],[22.419168,39.639028],[22.419169,39.639044],[22.419169,39.639069],[22.419418,39.639088],[22.41954,39.63913],[22.419585,39.639148],[22.419602,39.639156],[22.41962,39.639166],[22.419638,39.639177],[22.419653,39.639188],[22.419669,39.6392],[22.419683,39.639211],[22.419695,39.639221],[22.419707,39.639233],[22.419697,39.639498],[22.419696,39.63954],[22.419688,39.639573],[22.419682,39.639586],[22.419674,39.639599],[22.419662,39.639615],[22.419651,39.639628],[22.419634,39.639642],[22.419607,39.639659],[22.419591,39.639667],[22.419567,39.639676],[22.419538,39.639683],[22.419518,39.639687],[22.419486,39.639692],[22.419459,39.639696],[22.419438,39.639697],[22.419397,39.6397],[22.419363,39.639701]]},"properties":{"line":"8","dir":"1","mode":"bus"}},{"type":"Feature","geometry":{"type":"LineString","coordinates":[[22.412726,39.638507],[22.41276,39.638509],[22.412816,39.638511],[22.412875,39.638514],[22.412996,39.638519],[22.413022,39.638509],[22.413047,39.638501],[22.413083,39.638492],[22.413107,39.63847],[22.413121,39.638446],[22.413141,39.638393],[22.413149,39.638344],[22.41315,39.638296],[22.413158,39.637737],[22.413172,39.637261],[22.413173,39.637199],[22.413172,39.636614],[22.413181,39.636171],[22.413182,39.635819],[22.413182,39.635767],[22.413178,39.635123],[22.413175,39.634781],[22.413176,39.634151],[22.413177,39.634129],[22.413177,39.634088],[22.41318,39.633718],[22.41318,39.633718],[22.413179,39.633381],[22.413178,39.63291],[22.41319,39.632562],[22.413196,39.631944],[22.413199,39.631883],[22.412459,39.632032],[22.412288,39.632064],[22.412253,39.632071],[22.412253,39.632071],[22.411783,39.63216],[22.411352,39.632242],[22.41134,39.632245],[22.411086,39.63229],[22.410929,39.632321],[22.410451,39.632415],[22.409853,39.632536],[22.409853,39.632536],[22.409787,39.632549],[22.40971,39.632565],[22.409432,39.632626],[22.409413,39.63263],[22.409383,39.632637],[22.409248,39.632666],[22.408831,39.632757],[22.408339,39.632863],[22.408158,39.632903],[22.407689,39.633006],[22.407318,39.633089],[22.40726,39.633101],[22.407172,39.633122],[22.407141,39.633039],[22.407123,39.632992],[22.407097,39.632936],[22.407047,39.632874],[22.407014,39.632847],[22.406969,39.632821],[22.406893,39.632795],[22.406785,39.632762],[22.406231,39.632747],[22.40572,39.632741],[22.405463,39.632737],[22.405387,39.632736],[22.405069,39.632728],[22.405069,39.632728],[22.40483,39.632722],[22.404701,39.632719],[22.404187,39.632706],[22.403474,39.632691],[22.402334,39.632668],[22.402267,39.632667],[22.401132,39.632643],[22.401132,39.632643],[22.400915,39.632639],[22.399631,39.632613],[22.399018,39.632601],[22.398979,39.6326],[22.398803,39.632597],[22.39857,39.632592],[22.398464,39.632588],[22.39832,39.632585],[22.397155,39.632562],[22.397067,39.63256],[22.397017,39.63256],[22.396978,39.632557],[22.395998,39.632534],[22.395998,39.632534],[22.39589,39.632532],[22.395736,39.63253],[22.395321,39.632526],[22.394984,39.63253],[22.394671,39.632545],[22.39444,39.632565],[22.39372,39.632633],[22.393284,39.632679],[22.393183,39.632689],[22.393183,39.632689],[22.392615,39.632743],[22.392269,39.632774],[22.392036,39.632796],[22.391825,39.632815],[22.391586,39.632836],[22.391185,39.63288],[22.39073,39.632928],[22.390264,39.632976],[22.390209,39.632981],[22.390073,39.632993],[22.390073,39.632993],[22.389769,39.633025],[22.389748,39.633026],[22.38971,39.63303],[22.389679,39.633032],[22.389561,39.633043],[22.389249,39.633069],[22.388663,39.633125],[22.388472,39.633142],[22.38765,39.633218],[22.387539,39.633239],[22.387417,39.633251],[22.387271,39.633264],[22.387171,39.633274],[22.387171,39.633274],[22.387045,39.633286],[22.38698,39.633293],[22.386881,39.633304],[22.386705,39.633319],[22.38656,39.633331],[22.386412,39.633343],[22.386324,39.633351],[22.386083,39.633371],[22.385926,39.633386],[22.385293,39.633459],[22.384738,39.633522],[22.384604,39.63354],[22.384559,39.633548],[22.384513,39.633565],[22.384468,39.633594],[22.384441,39.633627],[22.384405,39.633654],[22.384361,39.633674],[22.384312,39.633685],[22.384261,39.633687],[22.384211,39.633679],[22.384165,39.633663],[22.384126,39.633638],[22.384095,39.633607],[22.384075,39.633571],[22.384066,39.633533],[22.38407,39.633494],[22.384085,39.633457],[22.384117,39.633419],[22.38416,39.633389],[22.384212,39.63337],[22.384255,39.633373],[22.384262,39.633373],[22.384315,39.633364],[22.384314,39.633334],[22.384311,39.633293],[22.384287,39.633243],[22.384263,39.633181],[22.384208,39.63305],[22.384107,39.632424],[22.384021,39.632038],[22.383992,39.631872],[22.383962,39.631674],[22.383943,39.631499],[22.383935,39.631334],[22.383926,39.631152],[22.38394,39.630968],[22.383957,39.63088],[22.383973,39.630792],[22.384008,39.630683],[22.38403,39.630577],[22.384098,39.630431],[22.384133,39.63035],[22.384168,39.630277],[22.384247,39.630134],[22.384296,39.630033],[22.384321,39.629965],[22.384324,39.629887],[22.384311,39.629817],[22.384304,39.62979],[22.384266,39.629725],[22.384206,39.629659],[22.384117,39.629588],[22.38397,39.629481],[22.382622,39.628816],[22.38221,39.62861],[22.381791,39.628402],[22.381738,39.628247],[22.381563,39.628134],[22.381314,39.628022],[22.380895,39.627816],[22.38086,39.62774],[22.380868,39.627663],[22.381016,39.627504],[22.381336,39.627635],[22.381635,39.627766]]},"properties":{"line":"9","dir":"0","mode":"bus"}},{"type":"Feature","geometry":{"type":"LineString","coordinates":[[22.381656,39.627751],[22.381733,39.627909],[22.381745,39.628227],[22.381767,39.628374],[22.382105,39.628567],[22.384273,39.629603],[22.384509,39.629729],[22.384031,39.630617],[22.383967,39.631],[22.384,39.631831],[22.384241,39.633117],[22.384485,39.633446],[22.384772,39.63342],[22.386548,39.633238],[22.386549,39.633238],[22.387302,39.633188],[22.387668,39.633208],[22.390222,39.63298],[22.390223,39.63298],[22.393433,39.632661],[22.393433,39.632662],[22.394841,39.632518],[22.396073,39.632526],[22.396074,39.632526],[22.399293,39.632587],[22.399293,39.632588],[22.405387,39.632749],[22.405388,39.63275],[22.405929,39.63276],[22.406889,39.632797],[22.40712,39.633039],[22.4072,39.63313],[22.407249,39.633479],[22.407309,39.633611],[22.407309,39.633611],[22.407549,39.634138],[22.4083,39.634122],[22.409861,39.634112],[22.409862,39.634112],[22.411648,39.634112],[22.411646,39.634301],[22.411647,39.634302],[22.411621,39.63718],[22.411621,39.637181],[22.41161,39.637749],[22.411631,39.638478],[22.411959,39.6385],[22.412109,39.63851],[22.41235,39.638532],[22.412812,39.638559]]},"properties":{"line":"9","dir":"1","mode":"bus"}},{"type":"Feature","geometry":{"type":"LineString","coordinates":[[22.41273,39.638512],[22.413021,39.638515],[22.413188,39.638483],[22.413394,39.638583],[22.413751,39.638567],[22.414497,39.638627],[22.413604,39.637727],[22.413447,39.637186],[22.41329,39.636628],[22.413158,39.6366],[22.413182,39.635527],[22.413171,39.633818],[22.413184,39.631911],[22.412703,39.632004],[22.412167,39.632108],[22.409896,39.632576],[22.407174,39.633156],[22.407052,39.632928],[22.406932,39.632838],[22.406758,39.632782],[22.404694,39.632762],[22.401169,39.632682],[22.395874,39.632569],[22.39499,39.632558],[22.394496,39.632592],[22.393145,39.632714],[22.389804,39.633037],[22.388431,39.633164],[22.387865,39.633216],[22.387068,39.633273],[22.38692,39.633312],[22.386299,39.63336],[22.385554,39.633449],[22.384577,39.633579],[22.384413,39.633692],[22.384206,39.63373],[22.38404,39.633649],[22.384008,39.633497],[22.384099,39.633334],[22.38415,39.633042],[22.3839,39.6317],[22.383871,39.631182],[22.38391,39.630813],[22.384023,39.630452],[22.38412,39.630231],[22.384266,39.629968],[22.384266,39.629837],[22.38418,39.629694],[22.384072,39.629606],[22.383959,39.629522],[22.383377,39.629241],[22.382698,39.628906],[22.38219,39.628638],[22.381742,39.628401],[22.381733,39.628334],[22.381648,39.628167],[22.381418,39.628071],[22.38089,39.627799],[22.380825,39.627711],[22.380996,39.627503],[22.381071,39.627511],[22.381419,39.627652],[22.381574,39.627685]]},"properties":{"line":"9","dir":"1","mode":"bus"}},{"type":"Feature","geometry":{"type":"LineString","coordinates":[[22.415772,39.638774],[22.416009,39.638789],[22.416733,39.638814],[22.416738,39.638667],[22.41676,39.637774],[22.416771,39.637576],[22.416765,39.635362],[22.415376,39.635106],[22.413252,39.634125],[22.413204,39.631796],[22.416604,39.631158],[22.416819,39.631143],[22.417569,39.631012],[22.418389,39.63086],[22.418711,39.630807],[22.418976,39.630856],[22.419131,39.630877],[22.419318,39.630818],[22.419421,39.630678],[22.419469,39.630598],[22.419544,39.630355],[22.419678,39.63019],[22.422569,39.626654],[22.422415,39.626586],[22.422149,39.62653],[22.422149,39.626531],[22.421759,39.62643],[22.421502,39.626349],[22.420719,39.626097],[22.420789,39.625759],[22.419812,39.625657],[22.419813,39.625658],[22.419828,39.625309],[22.41985,39.62511],[22.419855,39.624908],[22.419856,39.624908],[22.419908,39.624239],[22.419961,39.623657],[22.419988,39.623529],[22.420418,39.622342],[22.419179,39.622112],[22.419179,39.622112],[22.419002,39.622079],[22.419179,39.621618],[22.419372,39.620808],[22.42067,39.616929],[22.420113,39.616829],[22.420114,39.616829],[22.41978,39.616768],[22.419308,39.616677],[22.419431,39.616152],[22.419549,39.615647],[22.419598,39.615401],[22.419742,39.614939],[22.419743,39.61494],[22.420231,39.613212],[22.420231,39.613212],[22.42096,39.610691],[22.420961,39.610691],[22.421191,39.609768],[22.42132,39.609339],[22.4214,39.60906],[22.421401,39.60906],[22.4217,39.607842],[22.42173,39.606512],[22.42163,39.605265],[22.422942,39.605459],[22.425336,39.60568],[22.426185,39.60576],[22.426883,39.605819],[22.426308,39.607172],[22.426212,39.607402],[22.42582,39.608379],[22.425708,39.608722],[22.425611,39.609022],[22.425612,39.609023],[22.424769,39.611329],[22.423181,39.611071],[22.42177,39.61083],[22.42096,39.610691],[22.420535,39.610612],[22.420536,39.610613],[22.419088,39.610379],[22.417479,39.610369],[22.417479,39.610369],[22.416288,39.610369],[22.415789,39.610712],[22.414107,39.611764],[22.414107,39.611765],[22.41191,39.612681],[22.411911,39.612681],[22.409304,39.613702],[22.409304,39.613703],[22.408751,39.613861],[22.408831,39.61488],[22.408831,39.615218],[22.408831,39.615561],[22.408832,39.615562],[22.408879,39.615932],[22.409169,39.616312],[22.40925,39.616441],[22.40985,39.617267],[22.410001,39.61723],[22.41006,39.617206]]},"properties":{"line":"10","dir":"0","mode":"bus"}},{"type":"Feature","geometry":{"type":"LineString","coordinates":[[22.415776,39.638728],[22.415817,39.63873],[22.415941,39.638737],[22.415984,39.638739],[22.416022,39.638746],[22.416262,39.638774],[22.416691,39.638822],[22.416716,39.638824],[22.416753,39.638828],[22.416788,39.638059],[22.416768,39.6376],[22.416753,39.636951],[22.416759,39.636144],[22.416778,39.635369],[22.416292,39.635338],[22.415724,39.635222],[22.414631,39.634791],[22.414262,39.634608],[22.413549,39.634262],[22.413236,39.634106],[22.41318,39.633718],[22.41318,39.633718],[22.413179,39.633381],[22.413178,39.63291],[22.413179,39.632886],[22.413181,39.632569],[22.413196,39.631944],[22.413199,39.631883],[22.413191,39.631807],[22.413754,39.631686],[22.414202,39.6316],[22.415006,39.631467],[22.415181,39.631432],[22.416622,39.63118],[22.41678,39.631184],[22.416938,39.631163],[22.417457,39.631075],[22.417962,39.630969],[22.418091,39.630903],[22.418281,39.630861],[22.418546,39.630823],[22.418657,39.630812],[22.418732,39.63081],[22.418795,39.630811],[22.418829,39.630817],[22.419045,39.630862],[22.419123,39.630851],[22.419142,39.630849],[22.4192,39.63083],[22.419253,39.630804],[22.419286,39.630776],[22.419341,39.63072],[22.419377,39.630622],[22.419391,39.630557],[22.419923,39.629888],[22.42113,39.628386],[22.422208,39.627116],[22.422331,39.626988],[22.422433,39.626869],[22.422451,39.626847],[22.422451,39.626847],[22.422637,39.626619],[22.422673,39.626574],[22.42277,39.626461],[22.423137,39.626001],[22.423324,39.625771],[22.423324,39.625771],[22.42338,39.625702],[22.423413,39.62566],[22.423595,39.625436],[22.423851,39.625133],[22.423916,39.625053],[22.424083,39.624862],[22.424277,39.624624],[22.424354,39.624535],[22.424481,39.624382],[22.424514,39.624341],[22.424618,39.62421],[22.424716,39.624089],[22.424921,39.623846],[22.424989,39.623771],[22.425072,39.62367],[22.425072,39.62367],[22.425268,39.62343],[22.425406,39.623266],[22.425474,39.623182],[22.42577,39.622802],[22.424795,39.622412],[22.419409,39.621366],[22.419409,39.621366],[22.419363,39.621353],[22.419308,39.621338],[22.419248,39.621313],[22.419228,39.621251],[22.419226,39.621205],[22.419236,39.621166],[22.419367,39.620798],[22.420091,39.618551],[22.420215,39.618189],[22.42025,39.61808],[22.420295,39.617948],[22.420633,39.616925],[22.420118,39.616823],[22.420118,39.616823],[22.419805,39.616761],[22.419281,39.616658],[22.419388,39.616249],[22.419415,39.616135],[22.419447,39.615962],[22.419527,39.615651],[22.419595,39.61537],[22.419704,39.614985],[22.419704,39.614985],[22.41972,39.614929],[22.41985,39.614487],[22.420036,39.613803],[22.420203,39.613206],[22.420218,39.613153],[22.420218,39.613153],[22.420308,39.612846],[22.420558,39.611971],[22.420734,39.611309],[22.4209,39.61077],[22.42091,39.610735],[22.42091,39.610735],[22.420927,39.610673],[22.421292,39.609357],[22.421354,39.609106],[22.421354,39.609106],[22.421367,39.609051],[22.421505,39.608602],[22.421574,39.608383],[22.421596,39.608288],[22.42161,39.608188],[22.421643,39.608055],[22.421657,39.607969],[22.421681,39.607763],[22.421688,39.607687],[22.421696,39.607575],[22.421701,39.607455],[22.421723,39.60712],[22.421741,39.60689],[22.421738,39.606802],[22.421738,39.606693],[22.421726,39.606548],[22.421607,39.605263],[22.422415,39.60538],[22.424147,39.605603],[22.425567,39.60572],[22.426858,39.605852],[22.426559,39.606628],[22.426196,39.607403],[22.425924,39.60812],[22.42572,39.608713],[22.42561,39.609009],[22.425584,39.609077],[22.425584,39.609077],[22.425487,39.609334],[22.425341,39.609719],[22.424966,39.61072],[22.424733,39.61134],[22.420927,39.610673],[22.420538,39.610607],[22.420538,39.610607],[22.42039,39.610582],[22.419899,39.610496],[22.419523,39.610436],[22.41932,39.610396],[22.41926,39.610386],[22.41918,39.610377],[22.419049,39.610364],[22.418898,39.610359],[22.418803,39.610344],[22.418715,39.610342],[22.418594,39.610342],[22.418426,39.610339],[22.417972,39.610344],[22.417824,39.610346],[22.41745,39.610346],[22.417391,39.610347],[22.417391,39.610347],[22.417254,39.61035],[22.417027,39.610353],[22.416744,39.610357],[22.416413,39.610357],[22.416336,39.610377],[22.416305,39.610386],[22.416275,39.610394],[22.416225,39.610414],[22.41615,39.610452],[22.416093,39.610484],[22.416035,39.61052],[22.415983,39.610555],[22.41593,39.610592],[22.415883,39.610626],[22.41579,39.610694],[22.415767,39.610712],[22.415446,39.61093],[22.414794,39.611343],[22.414252,39.611696],[22.414101,39.61176],[22.414101,39.61176],[22.413743,39.611912],[22.413654,39.611951],[22.413421,39.61206],[22.413394,39.612072],[22.413013,39.612228],[22.412696,39.61236],[22.41213,39.612584],[22.411958,39.612655],[22.411958,39.612655],[22.411621,39.61279],[22.411317,39.612922],[22.410662,39.613198],[22.410624,39.613215],[22.41025,39.613374],[22.410108,39.613432],[22.409933,39.613504],[22.409797,39.613553],[22.40969,39.613586],[22.409637,39.613602],[22.4093,39.613697],[22.4093,39.613697],[22.408781,39.613844],[22.408817,39.614853],[22.408836,39.615191],[22.408851,39.615547],[22.408862,39.615623],[22.408862,39.615623],[22.408901,39.615903],[22.409142,39.616279],[22.409173,39.616319],[22.409245,39.616428],[22.409861,39.617283],[22.410061,39.6172]]},"properties":{"line":"10","dir":"0","mode":"bus"}},{"type":"Feature","geometry":{"type":"LineString","coordinates":[[22.410061,39.6172],[22.410502,39.617018],[22.410581,39.616991],[22.410666,39.616967],[22.410793,39.616933],[22.410859,39.61692],[22.411371,39.61686],[22.411376,39.616608],[22.411376,39.616608],[22.411381,39.616326],[22.411385,39.615861],[22.411983,39.615851],[22.412268,39.615845],[22.412268,39.615845],[22.412562,39.615838],[22.41329,39.615876],[22.413776,39.615905],[22.413776,39.615905],[22.41387,39.61591],[22.413818,39.616538],[22.413788,39.616959],[22.413728,39.617908],[22.413731,39.617929],[22.413738,39.617946],[22.41378,39.618004],[22.41378,39.618004],[22.413987,39.618291],[22.41429,39.618704],[22.414461,39.618628],[22.414461,39.618628],[22.415346,39.618234],[22.416669,39.61767],[22.416954,39.61755],[22.417259,39.617414],[22.417366,39.617367],[22.417366,39.617367],[22.417745,39.617201],[22.41908,39.616622],[22.419218,39.616647],[22.419319,39.616665],[22.419805,39.616761],[22.42019,39.616835],[22.42019,39.616835],[22.420679,39.61693],[22.420354,39.617937],[22.420343,39.61797],[22.420269,39.618201],[22.420152,39.618562],[22.419427,39.620809],[22.419296,39.621176],[22.419287,39.621215],[22.419289,39.621262],[22.419303,39.621293],[22.419273,39.621428],[22.419243,39.621529],[22.4191,39.62195],[22.4191,39.62195],[22.41906,39.622069],[22.420449,39.622317],[22.420306,39.622719],[22.42028,39.622794],[22.420144,39.623117],[22.420134,39.623142],[22.420007,39.623438],[22.419968,39.623537],[22.419947,39.623659],[22.419944,39.623713],[22.419944,39.623713],[22.419941,39.623756],[22.419901,39.624246],[22.419894,39.624366],[22.419877,39.624615],[22.419873,39.62471],[22.419859,39.624971],[22.419859,39.624971],[22.419862,39.625112],[22.420987,39.62524],[22.420793,39.62575],[22.42072,39.625922],[22.420694,39.626018],[22.420712,39.626106],[22.421497,39.626316],[22.421819,39.626404],[22.422154,39.6265],[22.422154,39.6265],[22.422417,39.626568],[22.422636,39.62662],[22.422382,39.626952],[22.422262,39.627094],[22.422154,39.627214],[22.422071,39.627326],[22.422029,39.6274],[22.422028,39.627455],[22.421123,39.628547],[22.420702,39.629056],[22.419617,39.630367],[22.419599,39.630393],[22.419577,39.630435],[22.419565,39.630471],[22.419554,39.630535],[22.419515,39.63085],[22.41951,39.630889],[22.419502,39.63096],[22.419488,39.631035],[22.419306,39.630992],[22.419002,39.630921],[22.419002,39.630921],[22.41884,39.630883],[22.418806,39.630878],[22.418751,39.630872],[22.4187,39.630871],[22.418628,39.630878],[22.418413,39.630917],[22.418134,39.630965],[22.417944,39.630953],[22.417476,39.631039],[22.416954,39.631131],[22.416795,39.631157],[22.41666,39.631213],[22.415806,39.631376],[22.415298,39.631471],[22.415196,39.631491],[22.415208,39.632559],[22.415214,39.633002],[22.415214,39.633002],[22.415214,39.63358],[22.415216,39.633705],[22.41522,39.633854],[22.415226,39.634164],[22.415226,39.634189],[22.415237,39.634396],[22.415255,39.634771],[22.415259,39.635024],[22.415257,39.635057],[22.415257,39.635146],[22.41526,39.635328],[22.41526,39.635328],[22.415266,39.63577],[22.415262,39.636159],[22.415261,39.636589],[22.415256,39.63716],[22.415256,39.637187],[22.415257,39.637213],[22.415265,39.637679],[22.415265,39.637708],[22.415267,39.637761],[22.415269,39.637876],[22.415279,39.6383],[22.415286,39.638657],[22.415287,39.638673],[22.415287,39.638703],[22.415337,39.638705],[22.415651,39.638722],[22.415776,39.638728]]},"properties":{"line":"10","dir":"1","mode":"bus"}},{"type":"Feature","geometry":{"type":"LineString","coordinates":[[22.410061,39.6172],[22.410502,39.617018],[22.410581,39.616991],[22.410666,39.616967],[22.410793,39.616933],[22.410859,39.61692],[22.411371,39.61686],[22.411376,39.616608],[22.411376,39.616608],[22.411381,39.616326],[22.411385,39.615861],[22.411983,39.615851],[22.412268,39.615845],[22.412268,39.615845],[22.412562,39.615838],[22.41329,39.615876],[22.413775,39.615914],[22.413775,39.615914],[22.413864,39.615921],[22.413813,39.616543],[22.413788,39.616959],[22.413728,39.617908],[22.413731,39.617929],[22.413738,39.617946],[22.41378,39.618004],[22.41378,39.618004],[22.413992,39.618298],[22.41429,39.618704],[22.414355,39.618677],[22.414462,39.618629],[22.414462,39.618629],[22.415336,39.618237],[22.41664,39.617682],[22.416919,39.617565],[22.417239,39.617421],[22.417365,39.617366],[22.417365,39.617366],[22.417745,39.617201],[22.41908,39.616622],[22.419218,39.616647],[22.419281,39.616658],[22.419805,39.616761],[22.420189,39.616837],[22.420189,39.616837],[22.420633,39.616925],[22.420295,39.617948],[22.42025,39.61808],[22.420215,39.618189],[22.420091,39.618551],[22.419367,39.620798],[22.419236,39.621166],[22.419226,39.621205],[22.419228,39.621251],[22.419248,39.621313],[22.419217,39.621425],[22.419196,39.621529],[22.41907,39.621944],[22.41907,39.621944],[22.419029,39.622078],[22.420327,39.622298],[22.420327,39.622298],[22.420416,39.622313],[22.420368,39.62246],[22.421979,39.622781],[22.421856,39.623036],[22.421856,39.623036],[22.421822,39.623107],[22.421708,39.623436],[22.421602,39.623765],[22.42209,39.623918],[22.422566,39.62406],[22.423034,39.624201],[22.423958,39.624513],[22.424277,39.624624],[22.424245,39.624664],[22.424245,39.624664],[22.424083,39.624862],[22.423916,39.625053],[22.423851,39.625133],[22.423595,39.625436],[22.423413,39.62566],[22.42338,39.625702],[22.423137,39.626001],[22.422975,39.626204],[22.422975,39.626204],[22.42277,39.626461],[22.422673,39.626574],[22.422637,39.626619],[22.422433,39.626869],[22.422331,39.626988],[22.422224,39.6271],[22.422224,39.6271],[22.422208,39.627116],[22.422001,39.627381],[22.421997,39.627438],[22.421113,39.628499],[22.421072,39.62855],[22.420691,39.629044],[22.419641,39.630332],[22.419591,39.630388],[22.41957,39.630428],[22.419543,39.630477],[22.419506,39.630574],[22.419499,39.630622],[22.419474,39.630818],[22.419469,39.630874],[22.419459,39.630952],[22.41941,39.631051],[22.419268,39.631023],[22.419017,39.63097],[22.418986,39.630964],[22.418986,39.630964],[22.418759,39.630923],[22.418629,39.630907],[22.418559,39.630905],[22.418453,39.630911],[22.418113,39.630979],[22.417962,39.630969],[22.417457,39.631075],[22.416938,39.631163],[22.41678,39.631184],[22.416645,39.63124],[22.415792,39.631404],[22.41528,39.631501],[22.415187,39.631518],[22.415182,39.631994],[22.415206,39.632575],[22.415201,39.633002],[22.415201,39.633002],[22.415201,39.633049],[22.415214,39.63358],[22.415214,39.633725],[22.415207,39.633903],[22.415202,39.634125],[22.415203,39.634159],[22.415201,39.634198],[22.415201,39.634437],[22.415205,39.634765],[22.415207,39.634987],[22.415209,39.635143],[22.415211,39.635328],[22.415211,39.635328],[22.415216,39.635766],[22.41522,39.636156],[22.415225,39.636604],[22.41523,39.637152],[22.415231,39.637179],[22.415231,39.637212],[22.415236,39.637709],[22.415237,39.637726],[22.415237,39.637768],[22.415238,39.637888],[22.41524,39.638088],[22.415243,39.638302],[22.415247,39.638663],[22.415247,39.638705],[22.415305,39.638707],[22.415651,39.638722],[22.415709,39.638725],[22.415776,39.638728]]},"properties":{"line":"10","dir":"1","mode":"bus"}},{"type":"Feature","geometry":{"type":"LineString","coordinates":[[22.413804,39.638604],[22.414282,39.638635],[22.414536,39.638653],[22.414654,39.638658],[22.415134,39.638693],[22.415154,39.638694],[22.415247,39.638705],[22.415305,39.638707],[22.415651,39.638722],[22.415709,39.638725],[22.415817,39.63873],[22.415941,39.638737],[22.415984,39.638739],[22.416022,39.638746],[22.416186,39.638765],[22.416186,39.638765],[22.416262,39.638774],[22.416691,39.638822],[22.416716,39.638824],[22.416753,39.638828],[22.417049,39.638856],[22.417301,39.638878],[22.417351,39.638884],[22.417785,39.638927],[22.418143,39.638961],[22.418368,39.638982],[22.418736,39.639001],[22.418792,39.639004],[22.418877,39.639012],[22.419124,39.639033],[22.419367,39.639059],[22.419702,39.639085],[22.419792,39.639094],[22.419792,39.639094],[22.419906,39.639106],[22.419918,39.639107],[22.420066,39.639124],[22.420089,39.639114],[22.420132,39.639117],[22.42015,39.639118],[22.420171,39.639118],[22.420194,39.639117],[22.420215,39.639115],[22.42024,39.639113],[22.420258,39.63911],[22.42028,39.639106],[22.420321,39.639099],[22.420337,39.639086],[22.42035,39.639065],[22.420363,39.639041],[22.420373,39.639021],[22.420379,39.639002],[22.420382,39.63899],[22.420386,39.638948],[22.420388,39.638918],[22.420394,39.638408],[22.420376,39.637683],[22.420369,39.637297],[22.420369,39.637297],[22.420368,39.637225],[22.420367,39.637198],[22.420368,39.63718],[22.420366,39.636788],[22.420409,39.636731],[22.420426,39.636681],[22.420808,39.635894],[22.420831,39.635855],[22.420858,39.635808],[22.420957,39.635512],[22.42104,39.635271],[22.42104,39.635271],[22.421198,39.63481],[22.421375,39.634308],[22.421521,39.633889],[22.421742,39.633281],[22.421813,39.633077],[22.421876,39.63291],[22.421876,39.63291],[22.421888,39.632877],[22.421962,39.632678],[22.422096,39.632313],[22.422311,39.631733],[22.422348,39.631654],[22.421328,39.63143],[22.42011,39.63119],[22.41959,39.631092],[22.419368,39.631053],[22.419372,39.63098],[22.419391,39.630557],[22.419451,39.630409],[22.420864,39.628699],[22.422192,39.627108],[22.422396,39.626851],[22.422668,39.626545],[22.42277,39.626461],[22.423137,39.626001],[22.42338,39.625702],[22.423413,39.62566],[22.423644,39.625764],[22.423644,39.625764],[22.423947,39.6259],[22.424407,39.626094],[22.424944,39.626316],[22.425349,39.626494],[22.425427,39.626532],[22.425495,39.626567],[22.425579,39.626616],[22.425579,39.626616],[22.425669,39.626668],[22.425815,39.626755],[22.426662,39.627242],[22.42696,39.627337],[22.42696,39.627337],[22.427208,39.627416],[22.42735,39.627463],[22.428333,39.627786],[22.428525,39.627842],[22.428966,39.627984],[22.428983,39.62799],[22.428983,39.62799],[22.429451,39.628146],[22.429924,39.628303],[22.430393,39.628456],[22.430791,39.628588],[22.430791,39.628588],[22.430865,39.628612],[22.431313,39.627937],[22.431372,39.62785],[22.431531,39.627613],[22.431707,39.627348],[22.431784,39.627272],[22.431815,39.627239],[22.431847,39.627209],[22.431895,39.627168],[22.432022,39.627029],[22.431741,39.626235],[22.431741,39.626235],[22.431117,39.624836],[22.431001,39.624577],[22.430887,39.624324],[22.430615,39.623716],[22.430472,39.623393],[22.430381,39.623172],[22.43028,39.622903],[22.430189,39.622652],[22.430134,39.622478],[22.430053,39.62222],[22.429989,39.621985],[22.429975,39.621878],[22.429933,39.621643],[22.4299,39.621506],[22.429837,39.621412],[22.429722,39.621328],[22.429694,39.621296],[22.429668,39.621224],[22.429669,39.62115],[22.429669,39.621127],[22.429744,39.621077],[22.4298,39.621048],[22.429877,39.621021],[22.429965,39.621036],[22.430017,39.621052],[22.430061,39.621077],[22.430121,39.621144],[22.430135,39.621183],[22.430036,39.621361],[22.430032,39.62153],[22.430039,39.621576],[22.430093,39.621709],[22.430147,39.621793],[22.430176,39.621826],[22.430196,39.621872],[22.430219,39.621964],[22.430259,39.622096],[22.430287,39.622175],[22.430419,39.622601],[22.430507,39.622856],[22.430538,39.622936],[22.430615,39.623127],[22.43066,39.623218],[22.43066,39.623218],[22.430719,39.623336],[22.430851,39.623667],[22.431107,39.624264],[22.431224,39.624522],[22.431275,39.624633],[22.431472,39.625068],[22.431596,39.62534],[22.431596,39.62534],[22.431611,39.625373],[22.431681,39.625362],[22.431707,39.62536],[22.431728,39.625362],[22.431753,39.625365],[22.432321,39.625504],[22.432823,39.62562],[22.432874,39.625635],[22.43291,39.625645],[22.432958,39.625678],[22.433012,39.625741],[22.433041,39.625808],[22.433155,39.626095]]},"properties":{"line":"11","dir":"0","mode":"bus"}},{"type":"Feature","geometry":{"type":"LineString","coordinates":[[22.400788,39.635899],[22.400797,39.635882],[22.400802,39.635852],[22.400809,39.635502],[22.400815,39.635419],[22.401314,39.635444],[22.401417,39.635454],[22.401471,39.635413],[22.401533,39.63537],[22.40158,39.635337],[22.401656,39.635284],[22.401709,39.635252],[22.401738,39.635234],[22.401781,39.635207],[22.401863,39.63516],[22.402076,39.63504],[22.402125,39.635014],[22.402179,39.634991],[22.402211,39.635035],[22.402219,39.635045],[22.402251,39.635086],[22.402286,39.635134],[22.402328,39.635186],[22.402401,39.635281],[22.402452,39.635347],[22.402519,39.63542],[22.402557,39.635457],[22.402604,39.635505],[22.402715,39.635595],[22.402715,39.635595],[22.402723,39.635602],[22.402816,39.635671],[22.403052,39.63585],[22.403067,39.635861],[22.403162,39.635925],[22.40361,39.636221],[22.40385,39.636367],[22.403902,39.636401],[22.404109,39.636529],[22.404158,39.636561],[22.404809,39.636976],[22.404979,39.637077],[22.405278,39.637191],[22.405423,39.637245],[22.405977,39.637458],[22.40657,39.637633],[22.407101,39.637786],[22.407366,39.637863],[22.407485,39.637849],[22.407814,39.637916],[22.408051,39.637966],[22.408179,39.637995],[22.408179,39.637995],[22.408375,39.63804],[22.408406,39.638042],[22.40846,39.638055],[22.408509,39.638078],[22.408538,39.6381],[22.408562,39.638125],[22.408579,39.638154],[22.408592,39.638202],[22.408616,39.638225],[22.408666,39.638258],[22.408736,39.638281],[22.408803,39.638293],[22.409341,39.638325],[22.409786,39.638359],[22.410228,39.638384],[22.410228,39.638384],[22.410339,39.63839],[22.411025,39.638431],[22.411326,39.638445],[22.411701,39.638465],[22.412431,39.638515],[22.412725,39.638525]]},"properties":{"line":"11","dir":"0","mode":"bus"}},{"type":"Feature","geometry":{"type":"LineString","coordinates":[[22.43316,39.62607],[22.43328,39.626376],[22.433519,39.626984],[22.433618,39.627158],[22.435558,39.626674],[22.435555,39.626602],[22.435032,39.626154],[22.435833,39.625659],[22.436588,39.625231],[22.437398,39.624795],[22.437736,39.624457],[22.440363,39.626041],[22.441214,39.626615],[22.443302,39.628153],[22.440956,39.629326],[22.438162,39.630533],[22.436229,39.6314],[22.435392,39.631413],[22.43185,39.63045],[22.43169,39.63048],[22.43105,39.63062],[22.43089,39.63065],[22.42979,39.63013],[22.42994,39.62992],[22.429997,39.629836],[22.43034,39.62934],[22.43059,39.62902],[22.43088,39.62863],[22.42889,39.62799],[22.429235,39.627489],[22.43002,39.62608],[22.43016,39.62588],[22.42945,39.62575],[22.42899,39.62566],[22.42861,39.62558],[22.42828,39.62553],[22.42791,39.62545],[22.42751,39.62538],[22.427422,39.625584],[22.42657,39.627393],[22.42651,39.62748],[22.42593,39.62725],[22.42575,39.62713],[22.42557,39.62705],[22.4252,39.62689],[22.42418,39.62643],[22.42364,39.62623],[22.42314,39.62602],[22.422984,39.626203],[22.42217,39.62717],[22.41968,39.63019],[22.41947,39.6306],[22.41944,39.63104],[22.41932,39.63165],[22.41931,39.6317],[22.41926,39.63186],[22.419089,39.634868],[22.41909,39.63773],[22.41914,39.63904],[22.41967,39.63909],[22.41967,39.63955],[22.419383,39.639736]]},"properties":{"line":"11","dir":"1","mode":"bus"}},{"type":"Feature","geometry":{"type":"LineString","coordinates":[[22.419341,39.639701],[22.419255,39.639701],[22.419174,39.639692],[22.419099,39.639685],[22.419011,39.639677],[22.418936,39.639671],[22.418902,39.639668],[22.418803,39.639663],[22.418808,39.639625],[22.418815,39.639559],[22.418862,39.639149],[22.418864,39.639134],[22.418867,39.639122],[22.418881,39.639042],[22.419169,39.639069],[22.419418,39.639088],[22.41987,39.63913],[22.419935,39.639135],[22.420069,39.639146],[22.420261,39.639174],[22.420304,39.639181],[22.420362,39.639189],[22.42041,39.639193],[22.420417,39.639194],[22.420441,39.639196],[22.42046,39.639197],[22.420547,39.639201],[22.420591,39.639201],[22.420649,39.639198],[22.42089,39.639216],[22.421225,39.639245],[22.421225,39.639245],[22.421462,39.639266],[22.422338,39.639339],[22.42324,39.639426],[22.423665,39.639463],[22.423743,39.639471],[22.423795,39.639476],[22.423795,39.639476],[22.42451,39.639539],[22.425164,39.639604],[22.425452,39.63963],[22.426693,39.639758],[22.427848,39.63987],[22.427755,39.638677],[22.427901,39.638627],[22.427927,39.638619],[22.427927,39.638619],[22.428016,39.63859],[22.428265,39.638513],[22.428486,39.638443],[22.428681,39.638387],[22.428871,39.638341],[22.428976,39.63832],[22.429074,39.63831],[22.42915,39.638306],[22.429212,39.638308],[22.429337,39.638317],[22.42952,39.638333],[22.430164,39.638385],[22.430358,39.638405],[22.430384,39.638281],[22.4304,39.6382],[22.430455,39.637952],[22.430483,39.637829],[22.430483,39.637829],[22.430513,39.637694],[22.430604,39.637319],[22.430652,39.637102],[22.430677,39.63694],[22.430693,39.636807],[22.430697,39.636691],[22.430696,39.636577],[22.430691,39.636458],[22.430681,39.636357],[22.430667,39.636265],[22.430651,39.636193],[22.430616,39.636099],[22.430571,39.636009],[22.4305,39.635883],[22.430407,39.635737],[22.430302,39.635593],[22.430226,39.635492],[22.43014,39.635389],[22.429698,39.634906],[22.429668,39.634871],[22.429571,39.634771],[22.42948,39.634671],[22.429424,39.634611],[22.429275,39.634452],[22.429275,39.634452],[22.429215,39.634388],[22.428429,39.633498],[22.428221,39.633257],[22.428164,39.633196],[22.428099,39.633148],[22.428035,39.633116],[22.427955,39.633089],[22.427711,39.633028],[22.427502,39.632975],[22.427274,39.63292],[22.427274,39.63292],[22.425885,39.63259],[22.425525,39.632496],[22.425253,39.632422],[22.425114,39.632388],[22.42491,39.632332],[22.424521,39.632219],[22.424326,39.632162],[22.424093,39.632088],[22.423904,39.632027],[22.423856,39.632012],[22.423856,39.632012],[22.423708,39.631967],[22.42363,39.631946],[22.423278,39.631857],[22.423268,39.631854],[22.423193,39.631836],[22.423033,39.631796],[22.422485,39.631668],[22.422456,39.631662],[22.422379,39.631644],[22.421994,39.631557],[22.42132,39.631397],[22.421256,39.631384],[22.421103,39.631349],[22.421103,39.631349],[22.420966,39.631318],[22.420436,39.63122],[22.420206,39.631176],[22.419715,39.631086],[22.419626,39.631067],[22.419488,39.631035],[22.419306,39.630992],[22.41884,39.630883],[22.418806,39.630878],[22.418751,39.630872],[22.4187,39.630871],[22.418628,39.630878],[22.418413,39.630917],[22.418134,39.630965],[22.417944,39.630953],[22.417476,39.631039],[22.416954,39.631131],[22.416795,39.631157],[22.41666,39.631213],[22.416311,39.63128],[22.416311,39.63128],[22.415806,39.631376],[22.415298,39.631471],[22.415196,39.631491],[22.415194,39.631409],[22.415192,39.631386],[22.415191,39.631366],[22.415189,39.631359],[22.415189,39.631356],[22.415187,39.631347],[22.415185,39.631342],[22.415184,39.631339],[22.415176,39.631321],[22.415162,39.631294],[22.415148,39.63127],[22.415135,39.631252],[22.415124,39.631236],[22.415089,39.631187],[22.414934,39.630987],[22.414934,39.630987],[22.414754,39.63075],[22.414593,39.630552],[22.413778,39.629583],[22.413654,39.629432],[22.413558,39.629318],[22.413427,39.629162],[22.413427,39.629162],[22.413148,39.628828],[22.412805,39.628419],[22.412765,39.628372],[22.412552,39.62812],[22.412336,39.627863],[22.412026,39.627497],[22.412026,39.627497],[22.411921,39.627373],[22.411602,39.626999],[22.411277,39.626609],[22.410958,39.62623],[22.410609,39.625817],[22.410223,39.625359],[22.410223,39.625359],[22.410117,39.625233],[22.410004,39.6251],[22.409861,39.62493],[22.409163,39.624102],[22.409094,39.624124],[22.409025,39.624142],[22.408847,39.624183],[22.408314,39.624284],[22.408057,39.624332],[22.407951,39.624358],[22.407842,39.624385],[22.407814,39.624301],[22.407776,39.624195],[22.407624,39.623688],[22.407429,39.623],[22.407409,39.622946],[22.407409,39.622946],[22.406809,39.621307],[22.406699,39.621184],[22.406423,39.620858],[22.406285,39.620691],[22.406182,39.620568],[22.406148,39.620526],[22.406126,39.620498],[22.406126,39.620498],[22.406027,39.620377],[22.405878,39.6202],[22.405297,39.619506],[22.405028,39.61918],[22.404773,39.618869],[22.404707,39.618822],[22.404707,39.618822],[22.404647,39.61878],[22.404469,39.618579],[22.404197,39.618256],[22.404172,39.618242],[22.404147,39.61823],[22.404127,39.618221],[22.404107,39.618214],[22.404087,39.618208],[22.404065,39.618203],[22.404043,39.618199],[22.404017,39.618196],[22.403999,39.618195],[22.40396,39.618195],[22.403943,39.618196],[22.403922,39.618198],[22.403906,39.6182],[22.403893,39.618202],[22.403882,39.618205],[22.403869,39.618209],[22.40383,39.618222],[22.403763,39.618286],[22.403741,39.61831],[22.403706,39.618347],[22.403671,39.618378],[22.403616,39.618423],[22.403232,39.618938],[22.403022,39.619214],[22.403022,39.619214],[22.402856,39.619433],[22.402477,39.619945],[22.402143,39.620395],[22.402123,39.620424],[22.401756,39.620893],[22.401611,39.621087],[22.401343,39.621447],[22.401086,39.621785],[22.401037,39.621851],[22.400934,39.621988],[22.400934,39.621988],[22.400773,39.622202],[22.40067,39.622341],[22.400302,39.622815],[22.399943,39.623292],[22.399898,39.623352],[22.399704,39.623615],[22.399434,39.623963],[22.399161,39.624306],[22.399048,39.624453],[22.399048,39.624453],[22.398888,39.62466],[22.398874,39.62468],[22.398593,39.625051],[22.398325,39.625406],[22.398032,39.625768],[22.397965,39.62585],[22.397754,39.62612],[22.397606,39.625962],[22.397537,39.625889],[22.397326,39.625675],[22.397326,39.625675],[22.397281,39.625629],[22.39726,39.625608],[22.397012,39.625354],[22.396916,39.625257],[22.396565,39.624896],[22.396209,39.624531],[22.395861,39.624182],[22.395751,39.624066],[22.395496,39.623809],[22.395151,39.623455],[22.394938,39.623232],[22.394805,39.623094],[22.394451,39.62272],[22.394137,39.62239],[22.394137,39.62239],[22.394067,39.622317],[22.39397,39.62221],[22.393913,39.622155],[22.393863,39.622118],[22.393801,39.622085],[22.393714,39.622053],[22.393607,39.622029],[22.393465,39.622003],[22.3933,39.621966],[22.393164,39.621928],[22.392971,39.621872],[22.392698,39.621788],[22.39258,39.621752],[22.39258,39.621752],[22.392111,39.621611],[22.392062,39.621596],[22.391885,39.621541],[22.391732,39.621492],[22.391588,39.621438],[22.391524,39.621415],[22.391519,39.621413],[22.391325,39.621343],[22.391191,39.621504],[22.39095,39.62179],[22.390581,39.622247],[22.390478,39.622373],[22.390366,39.622507],[22.390239,39.622658],[22.390079,39.622853],[22.389964,39.623001],[22.389715,39.62332],[22.389564,39.623509],[22.389413,39.623697],[22.389334,39.623793],[22.389243,39.623901],[22.389133,39.624032],[22.388699,39.624563],[22.388294,39.625061],[22.387469,39.626078],[22.387427,39.626131],[22.387391,39.626175],[22.387391,39.626175],[22.386955,39.626706],[22.385055,39.629061],[22.384619,39.629581],[22.384554,39.629663],[22.384495,39.629745],[22.384449,39.629754],[22.384375,39.629733],[22.384268,39.629679],[22.384117,39.629588],[22.38397,39.629481],[22.382622,39.628816],[22.38221,39.62861],[22.381791,39.628402],[22.381729,39.628244],[22.381432,39.62807],[22.380938,39.627829],[22.380879,39.627779],[22.380849,39.627704],[22.380963,39.627543],[22.381068,39.627516],[22.381397,39.627645],[22.381651,39.627782]]},"properties":{"line":"12","dir":"0","mode":"bus"}},{"type":"Feature","geometry":{"type":"LineString","coordinates":[[22.381662,39.627788],[22.381726,39.627897],[22.381747,39.628224],[22.381785,39.628392],[22.383802,39.629399],[22.384345,39.629617],[22.384478,39.629627],[22.384611,39.629541],[22.385059,39.629018],[22.385491,39.628491],[22.3861,39.62772],[22.387416,39.626154],[22.387738,39.625741],[22.388376,39.624953],[22.389363,39.62376],[22.391326,39.621357],[22.391512,39.621409],[22.392111,39.621609],[22.392435,39.621709],[22.392608,39.621769],[22.392775,39.621827],[22.392997,39.621879],[22.393341,39.621977],[22.393688,39.622041],[22.393823,39.622093],[22.393968,39.622212],[22.39408,39.62233],[22.394294,39.622567],[22.394294,39.622568],[22.39725,39.62561],[22.39725,39.62561],[22.39761,39.62596],[22.397774,39.626117],[22.398015,39.62581],[22.39924,39.624197],[22.39924,39.624197],[22.40025,39.62283],[22.40056,39.62242],[22.401086,39.621753],[22.401087,39.621753],[22.403018,39.619205],[22.403018,39.619206],[22.403669,39.618357],[22.403669,39.618357],[22.40381,39.61819],[22.40407,39.61806],[22.40621,39.620616],[22.406211,39.620616],[22.40686,39.62145],[22.40695,39.62149],[22.407797,39.622488],[22.407798,39.622488],[22.409782,39.624858],[22.409782,39.624858],[22.412075,39.627575],[22.412075,39.627576],[22.41383,39.62967],[22.41383,39.62967],[22.41456,39.63054],[22.414685,39.630692],[22.414685,39.630693],[22.41479,39.63082],[22.41497,39.631049],[22.41515,39.63127],[22.415195,39.631381],[22.415399,39.63137],[22.41572,39.63131],[22.416184,39.631226],[22.416619,39.631144],[22.416818,39.631145],[22.41721,39.631079],[22.41874,39.6308],[22.420283,39.631099],[22.421526,39.631357],[22.422234,39.631526],[22.423827,39.631902],[22.42437,39.632064],[22.424709,39.632164],[22.425483,39.632376],[22.427062,39.632783],[22.427486,39.63289],[22.427659,39.63294],[22.428174,39.633076],[22.428313,39.633166],[22.428504,39.633388],[22.428892,39.63386],[22.42929,39.63432],[22.42929,39.63432],[22.429661,39.634701],[22.429839,39.634886],[22.430204,39.635284],[22.430613,39.635748],[22.4308,39.63604],[22.430891,39.636319],[22.430859,39.636706],[22.430811,39.636966],[22.430645,39.637692],[22.430441,39.638656],[22.430001,39.640594],[22.429969,39.640764],[22.429944,39.64086],[22.429835,39.641416],[22.429779,39.641612],[22.42959,39.64159],[22.428804,39.641478],[22.42805,39.64144],[22.42736,39.64148],[22.42736,39.64148],[22.42451,39.641706],[22.423119,39.641825],[22.42299,39.64177],[22.422762,39.641614],[22.422763,39.641615],[22.422125,39.641179],[22.421434,39.640726],[22.420127,39.639895],[22.419998,39.639824],[22.419891,39.639778],[22.419783,39.639773],[22.419674,39.639758],[22.419559,39.639736],[22.419453,39.639703]]},"properties":{"line":"12","dir":"1","mode":"bus"}},{"type":"Feature","geometry":{"type":"LineString","coordinates":[[22.400862,39.622084],[22.400773,39.622202],[22.40067,39.622341],[22.400302,39.622815],[22.399943,39.623292],[22.399898,39.623352],[22.399676,39.623621],[22.399411,39.623977],[22.399243,39.624195],[22.399144,39.624322],[22.399045,39.624452],[22.399045,39.624452],[22.398888,39.62466],[22.39886,39.624698],[22.39858,39.625072],[22.398312,39.625424],[22.398037,39.625779],[22.397979,39.625858],[22.397775,39.626144],[22.397728,39.626208],[22.39768,39.626271],[22.397573,39.626417],[22.397558,39.626436],[22.397544,39.626457],[22.397522,39.626489],[22.397486,39.626543],[22.397486,39.626543],[22.397522,39.626489],[22.397544,39.626457],[22.397558,39.626436],[22.397573,39.626417],[22.398046,39.626403],[22.398645,39.627],[22.399287,39.627661],[22.399172,39.62769],[22.398979,39.627728],[22.398439,39.627782],[22.398441,39.627837],[22.398423,39.627936],[22.398422,39.627993],[22.39843,39.628066],[22.398558,39.628391],[22.39857,39.628434],[22.398583,39.628475],[22.398601,39.628518],[22.398605,39.628555],[22.398575,39.629313],[22.398547,39.630128],[22.398514,39.630943],[22.398484,39.631753],[22.398469,39.632459],[22.398452,39.632588],[22.39857,39.632592],[22.398803,39.632597],[22.398979,39.6326],[22.399018,39.632601],[22.399172,39.632604],[22.399292,39.632607],[22.399292,39.632607],[22.399601,39.632616],[22.40089,39.632643],[22.401408,39.632638],[22.402179,39.632652],[22.402281,39.632652],[22.40238,39.632656],[22.403466,39.632694],[22.403839,39.6327],[22.404186,39.63272],[22.404663,39.632731],[22.404705,39.63273],[22.404705,39.63273],[22.404792,39.632728],[22.404996,39.632734],[22.405377,39.632748],[22.405461,39.632753],[22.405718,39.632756],[22.406218,39.632771],[22.406624,39.632786],[22.406702,39.632757],[22.40716,39.632771],[22.407423,39.632801],[22.407719,39.632837],[22.407943,39.632862],[22.408641,39.632707],[22.409115,39.632603],[22.409215,39.632583],[22.409344,39.632558],[22.409344,39.632558],[22.410892,39.632256],[22.411071,39.632222],[22.41117,39.632202],[22.41131,39.632175],[22.411592,39.632114],[22.412241,39.631988],[22.412241,39.631988],[22.412703,39.631899],[22.41311,39.631821],[22.413191,39.631807],[22.413754,39.631686],[22.414202,39.6316],[22.415006,39.631467],[22.415181,39.631432],[22.415732,39.631336],[22.415732,39.631336],[22.416622,39.63118],[22.41678,39.631184],[22.416938,39.631163],[22.417457,39.631075],[22.417962,39.630969],[22.418091,39.630903],[22.418281,39.630861],[22.418546,39.630823],[22.418657,39.630812],[22.418732,39.63081],[22.418795,39.630811],[22.418829,39.630817],[22.419045,39.630862],[22.419263,39.630909],[22.419299,39.630916],[22.419373,39.630933],[22.41941,39.631051],[22.419398,39.631228],[22.419324,39.631583],[22.419304,39.63168],[22.419289,39.631758],[22.419282,39.631849],[22.419275,39.631947],[22.419275,39.631947],[22.419179,39.633385],[22.41917,39.633577],[22.419148,39.634023],[22.419122,39.63426],[22.419115,39.634373],[22.419086,39.634869],[22.419086,39.634869],[22.419055,39.635417],[22.419051,39.635477],[22.41905,39.635501],[22.419058,39.636129],[22.419051,39.636636],[22.419069,39.637152],[22.419071,39.637191],[22.419071,39.63722],[22.419074,39.637659],[22.419074,39.637659],[22.419074,39.637709],[22.419073,39.637728],[22.419084,39.637931],[22.419107,39.638368],[22.419123,39.638992],[22.419124,39.639008],[22.419124,39.639033],[22.419367,39.639059],[22.419702,39.639085],[22.419792,39.639094],[22.419792,39.639094],[22.419906,39.639106],[22.419918,39.639107],[22.420066,39.639124],[22.420089,39.639114],[22.420132,39.639117],[22.42015,39.639118],[22.420171,39.639118],[22.420194,39.639117],[22.420215,39.639115],[22.42024,39.639113],[22.420258,39.63911],[22.42028,39.639106],[22.420321,39.639099],[22.420337,39.639086],[22.420386,39.639085],[22.420442,39.639068],[22.420483,39.63905],[22.420515,39.639032],[22.420583,39.638988],[22.420662,39.638962],[22.420782,39.638897],[22.421033,39.638731],[22.421621,39.638322],[22.421683,39.638286],[22.421742,39.638236],[22.42179,39.63817],[22.421934,39.638088],[22.422272,39.637884],[22.422537,39.637723],[22.422537,39.637723],[22.422712,39.637617],[22.422826,39.637541],[22.423135,39.637292],[22.424338,39.636023],[22.424754,39.635618],[22.424845,39.635526],[22.424845,39.635526],[22.42497,39.635401],[22.425201,39.635185],[22.425235,39.635152],[22.425395,39.634993],[22.42562,39.63477],[22.426107,39.634285],[22.426339,39.634065],[22.42699,39.633409],[22.427077,39.633323],[22.427141,39.63326],[22.427141,39.63326],[22.427161,39.633241],[22.427328,39.633076],[22.427403,39.633009],[22.427474,39.632938],[22.427565,39.632968],[22.427714,39.633009],[22.427963,39.633089],[22.428043,39.633116],[22.428113,39.633149],[22.428244,39.633233],[22.428318,39.633287],[22.428387,39.633355],[22.428467,39.633445],[22.428984,39.633998],[22.429248,39.63429],[22.429248,39.63429],[22.42931,39.634359],[22.429496,39.634572],[22.42952,39.6346],[22.429626,39.634719],[22.429727,39.634833],[22.429765,39.634871],[22.430212,39.635353],[22.430302,39.635457],[22.430391,39.635563],[22.430503,39.635701],[22.430608,39.635852],[22.430661,39.635939],[22.430728,39.63608],[22.430764,39.636184],[22.430782,39.636256],[22.430797,39.636355],[22.4308,39.636464],[22.430797,39.636589],[22.430791,39.636704],[22.430789,39.636718],[22.430789,39.636718],[22.430778,39.636815],[22.430759,39.636937],[22.43072,39.637118],[22.430565,39.637769],[22.430514,39.637999],[22.430469,39.638251],[22.43046,39.638298],[22.430432,39.63842],[22.430402,39.638563],[22.430343,39.638815],[22.430232,39.639263],[22.430051,39.640125],[22.429922,39.640714],[22.429922,39.640714],[22.429889,39.640867],[22.429811,39.641221],[22.429769,39.641419],[22.429757,39.641461],[22.429719,39.641601],[22.429678,39.641729],[22.429648,39.641819],[22.429563,39.642081],[22.429505,39.642261],[22.42913,39.64337],[22.429066,39.643553],[22.428996,39.643714],[22.428955,39.643815],[22.428899,39.643956],[22.428879,39.644001],[22.428789,39.644198],[22.428609,39.644577],[22.42842,39.644958],[22.428364,39.645074],[22.428364,39.645074],[22.428323,39.645159],[22.428167,39.645494],[22.428136,39.64556],[22.428113,39.645619],[22.4281,39.645655],[22.428092,39.645676],[22.428082,39.645705],[22.428043,39.645786],[22.428133,39.645838],[22.428161,39.645855],[22.428658,39.646152],[22.428676,39.646161],[22.42896,39.646333],[22.429003,39.646363],[22.429241,39.64651],[22.429241,39.64651],[22.429286,39.646537],[22.429405,39.64661],[22.42949,39.646659],[22.430308,39.647156],[22.430523,39.647281],[22.430594,39.647318],[22.430821,39.647469],[22.43114,39.647668],[22.431214,39.647712],[22.431298,39.647782],[22.431375,39.647844],[22.431453,39.647915],[22.43153,39.647994],[22.431566,39.648036],[22.431566,39.648036],[22.431582,39.648055],[22.431623,39.64811],[22.431678,39.648197],[22.431722,39.648264],[22.431781,39.648372],[22.431968,39.648681],[22.432039,39.648791],[22.432165,39.648977],[22.432301,39.649194],[22.432394,39.649341],[22.432807,39.649996],[22.432851,39.650056],[22.432851,39.650056],[22.432922,39.650153],[22.43308,39.650391],[22.433345,39.650822],[22.433523,39.651102],[22.433629,39.65127],[22.433702,39.651384],[22.433702,39.651384],[22.433729,39.651426],[22.433885,39.651638],[22.434302,39.652321],[22.434337,39.652372],[22.434506,39.652613],[22.434676,39.652881],[22.434788,39.653048],[22.434793,39.653056],[22.434828,39.653108],[22.434967,39.653299],[22.435062,39.653459],[22.435164,39.65363],[22.435384,39.653963],[22.435444,39.654079],[22.435484,39.654142],[22.435629,39.654375],[22.435742,39.65455],[22.435836,39.654714],[22.435887,39.654806],[22.435887,39.654806],[22.435973,39.65496],[22.436118,39.655236],[22.436264,39.655513],[22.436337,39.655651],[22.43691,39.656614],[22.437028,39.656828],[22.437135,39.657033],[22.437231,39.657222],[22.437309,39.657349],[22.437393,39.657478],[22.437442,39.657558],[22.437482,39.657618],[22.437525,39.657669],[22.437528,39.657673],[22.437562,39.657711],[22.437587,39.65774],[22.437668,39.657832],[22.437801,39.657974],[22.437978,39.658177],[22.438177,39.658407],[22.438229,39.658462],[22.438359,39.658602],[22.438523,39.658787],[22.4386,39.658808],[22.438641,39.658824],[22.438675,39.658835],[22.438719,39.658844],[22.438753,39.658845],[22.438793,39.658843],[22.438831,39.658837],[22.438905,39.65882],[22.439026,39.658789],[22.439079,39.658782],[22.43913,39.658796],[22.439183,39.658808],[22.439212,39.65882],[22.439241,39.658842],[22.439261,39.658864],[22.439313,39.658947],[22.439334,39.658984],[22.439348,39.659012],[22.439368,39.65905],[22.439385,39.659083],[22.43941,39.659134],[22.439427,39.659165],[22.439447,39.659202],[22.439564,39.659319],[22.439783,39.659679],[22.439843,39.659785],[22.439903,39.659892],[22.439955,39.659984],[22.440109,39.660242],[22.440137,39.660287],[22.440205,39.660393],[22.440224,39.660417],[22.440243,39.660438],[22.440275,39.660466],[22.440359,39.660529],[22.440397,39.660541],[22.440431,39.660559],[22.440468,39.660591],[22.440492,39.660629],[22.440502,39.660671],[22.440497,39.660712],[22.440484,39.660743],[22.440512,39.660814],[22.440525,39.660861],[22.44055,39.660933],[22.440688,39.661136],[22.440921,39.661442],[22.441246,39.661867],[22.441365,39.662036],[22.441481,39.662178],[22.441635,39.662359],[22.441723,39.662465],[22.441791,39.662544],[22.441983,39.66275],[22.442234,39.663012],[22.442346,39.663132],[22.442414,39.663202],[22.44247,39.663261],[22.442512,39.663306],[22.442555,39.66335],[22.442625,39.663469],[22.442955,39.663797],[22.444137,39.664969],[22.444137,39.664969],[22.444459,39.665283],[22.445356,39.666164],[22.446569,39.667362],[22.44753,39.668304],[22.447902,39.668684],[22.448083,39.668822],[22.448174,39.668915],[22.448261,39.669015],[22.448392,39.669172],[22.448577,39.669408],[22.448966,39.669905],[22.449114,39.670116],[22.449348,39.67046],[22.449499,39.670698],[22.449575,39.670807],[22.449673,39.670967],[22.449683,39.670984],[22.449683,39.670984],[22.449922,39.67141],[22.450131,39.671806],[22.450246,39.67205],[22.450324,39.672232],[22.450411,39.67254],[22.450487,39.672729],[22.450629,39.673119],[22.450732,39.673416],[22.450774,39.673535],[22.451057,39.674541],[22.451248,39.675221],[22.451777,39.677101],[22.451811,39.677217],[22.451908,39.677554],[22.451908,39.677554],[22.452417,39.679328],[22.452666,39.680207],[22.452666,39.680207],[22.452774,39.680589],[22.453583,39.683462],[22.454652,39.687202],[22.455323,39.68956],[22.455476,39.690101],[22.455694,39.690883],[22.455694,39.690883],[22.455797,39.691251],[22.456129,39.692409],[22.456494,39.693679],[22.457861,39.698356],[22.457873,39.698396],[22.458281,39.699968],[22.458593,39.700862],[22.45876,39.701489],[22.458781,39.701563],[22.458802,39.701638],[22.458854,39.70182],[22.459029,39.702591],[22.459029,39.702591],[22.459086,39.702841],[22.459433,39.704069],[22.45984,39.705513],[22.460505,39.70768],[22.461525,39.711283],[22.461847,39.712391],[22.462254,39.713786],[22.462756,39.715327],[22.463038,39.716186],[22.463414,39.717307],[22.463414,39.717307],[22.463956,39.71892],[22.465804,39.724454],[22.467797,39.730423],[22.469425,39.735319],[22.47022,39.737903],[22.470402,39.73834],[22.470577,39.73878],[22.472154,39.743501],[22.472293,39.743717],[22.472967,39.745308],[22.473119,39.745586],[22.47321,39.745729],[22.473258,39.74578],[22.473301,39.745817],[22.473355,39.745847],[22.473434,39.745871],[22.473555,39.745838],[22.473828,39.745765],[22.47387,39.745756],[22.474067,39.745716],[22.474281,39.745686],[22.474464,39.745672],[22.474647,39.745663],[22.475062,39.745651],[22.475173,39.745648],[22.475728,39.745639],[22.475762,39.74564],[22.475903,39.745642],[22.476058,39.745661],[22.476127,39.74568],[22.476199,39.745706],[22.476257,39.74573],[22.476308,39.745758],[22.47639,39.745812],[22.476453,39.745859],[22.476519,39.745933],[22.476592,39.746067],[22.476634,39.746191],[22.476647,39.746309],[22.476637,39.746377],[22.47661,39.74653],[22.476531,39.7468],[22.476491,39.746934],[22.476464,39.74708],[22.476456,39.747248],[22.476464,39.74742],[22.476488,39.747587],[22.476521,39.747731],[22.477972,39.752313],[22.478175,39.75295],[22.478277,39.75321],[22.478387,39.753448],[22.478537,39.753641],[22.478745,39.753826],[22.479232,39.75417],[22.47948,39.754354],[22.4797,39.754548],[22.479854,39.75472],[22.479952,39.754907],[22.480001,39.755113],[22.480025,39.755376],[22.48003,39.755916],[22.480031,39.755985],[22.480032,39.756075],[22.480032,39.756075],[22.480066,39.759823],[22.480082,39.760067],[22.480119,39.76028],[22.480205,39.760477],[22.480289,39.760689],[22.480894,39.76169],[22.481651,39.762977],[22.481824,39.763307],[22.481994,39.763594],[22.482244,39.764108],[22.482597,39.764643],[22.483559,39.766214],[22.48464,39.767986],[22.485415,39.769235],[22.485974,39.770173],[22.486436,39.770906],[22.486871,39.771602],[22.487228,39.772247],[22.487396,39.772627],[22.487598,39.773097],[22.487935,39.773192],[22.48924,39.772721],[22.489775,39.772526],[22.490714,39.772172],[22.487009,39.766132],[22.485157,39.763054],[22.487711,39.762444],[22.490583,39.767156],[22.493,39.771128],[22.493329,39.771201],[22.495548,39.770388],[22.493203,39.766559],[22.492149,39.76476],[22.491933,39.763638],[22.492061,39.761737]]},"properties":{"line":"13","dir":"0","mode":"bus"}},{"type":"Feature","geometry":{"type":"LineString","coordinates":[[22.487304,39.772483],[22.487601,39.773098],[22.487995,39.773168],[22.489414,39.772653],[22.490715,39.772203],[22.488424,39.76841],[22.487609,39.767069],[22.486752,39.765687],[22.485315,39.763331],[22.485186,39.763004],[22.487736,39.762466],[22.488334,39.763524],[22.489019,39.764615],[22.490345,39.766797],[22.492996,39.771128],[22.493345,39.771199],[22.494124,39.770939],[22.495272,39.770536],[22.495497,39.770363],[22.495239,39.769844],[22.494637,39.768871],[22.493562,39.767139],[22.492294,39.76502],[22.492135,39.764634],[22.492063,39.764214],[22.491917,39.763375],[22.492003,39.762424],[22.492056,39.761456],[22.487732,39.762307],[22.487598,39.761738],[22.487476,39.760823],[22.487251,39.759124],[22.485096,39.75952],[22.485094,39.759947],[22.485102,39.760374],[22.48511,39.760908],[22.484925,39.761046],[22.480897,39.761701],[22.480589,39.761196],[22.480259,39.760609],[22.480079,39.760147],[22.480072,39.759487],[22.480056,39.7582],[22.480025,39.755742],[22.479999,39.755194],[22.479887,39.754761],[22.479774,39.754623],[22.479661,39.754519],[22.479305,39.754243],[22.478681,39.753742],[22.478444,39.75353],[22.478208,39.753087],[22.477714,39.751508],[22.477048,39.749323],[22.476805,39.74862],[22.476562,39.747851],[22.476462,39.747418],[22.476477,39.747098],[22.47655,39.746703],[22.476631,39.746393],[22.476623,39.746152],[22.476477,39.745951],[22.476126,39.745784],[22.475614,39.745749],[22.474709,39.745745],[22.474095,39.745834],[22.473503,39.745964],[22.472661,39.746116],[22.472438,39.745274],[22.472184,39.744242],[22.471674,39.742375],[22.470398,39.738593],[22.4694,39.735229],[22.468295,39.731864],[22.466665,39.727083],[22.464844,39.721505],[22.46265,39.714944],[22.461693,39.711754],[22.460768,39.708548],[22.459863,39.705598],[22.459055,39.702664],[22.457397,39.696781],[22.454079,39.685012],[22.452554,39.679589],[22.451008,39.674166],[22.450677,39.673252],[22.450259,39.672322],[22.449392,39.670816],[22.449089,39.670376],[22.448753,39.669903],[22.448092,39.668907],[22.447822,39.668551],[22.445822,39.666568],[22.444903,39.665638],[22.443935,39.664717],[22.44256,39.663358],[22.442129,39.662949],[22.441496,39.662242],[22.440884,39.661494],[22.44063,39.661274],[22.440549,39.661153],[22.440503,39.661051],[22.440465,39.66097],[22.440368,39.660892],[22.440248,39.660877],[22.440128,39.660846],[22.440069,39.660759],[22.44009,39.660668],[22.440123,39.66054],[22.440118,39.660434],[22.44007,39.660328],[22.43947,39.659369],[22.439301,39.659094],[22.439258,39.658988],[22.439183,39.658969],[22.439097,39.658947],[22.439001,39.658938],[22.43889,39.658922],[22.4388,39.65889],[22.438721,39.658864],[22.4386,39.65883],[22.438082,39.658247],[22.437542,39.657631],[22.437251,39.657182],[22.436928,39.656577],[22.436351,39.655526],[22.435986,39.654927],[22.435631,39.654306],[22.434879,39.653123],[22.434322,39.652256],[22.433743,39.651388],[22.432916,39.650078],[22.432283,39.649107],[22.431988,39.648613],[22.431651,39.648111],[22.431308,39.64776],[22.43097,39.647548],[22.43064,39.64735],[22.430071,39.646999],[22.42948,39.64664],[22.428987,39.64633],[22.428713,39.64616],[22.428454,39.645996],[22.428205,39.64584],[22.428114,39.645798],[22.428045,39.645831],[22.42795,39.64588],[22.427909,39.645961],[22.427892,39.646075],[22.427847,39.64616],[22.427747,39.646258],[22.427626,39.646255],[22.427548,39.646195],[22.427509,39.646099],[22.427475,39.645972],[22.427481,39.645852],[22.427621,39.645728],[22.427804,39.645708],[22.428002,39.645639],[22.428249,39.645189],[22.428384,39.644904],[22.428744,39.644098],[22.429082,39.643295],[22.429433,39.64234],[22.429688,39.64138],[22.430076,39.639721],[22.430432,39.63805],[22.430603,39.637349],[22.430678,39.636876],[22.430691,39.63656],[22.430657,39.63624],[22.430528,39.635938],[22.43033,39.63566],[22.429976,39.635213],[22.429557,39.634767],[22.429348,39.634868],[22.429142,39.634959],[22.42862,39.635191],[22.427974,39.635476],[22.42678,39.635997],[22.425525,39.636547],[22.424893,39.636828],[22.424186,39.637142],[22.423434,39.637473],[22.422972,39.637675],[22.422627,39.637833],[22.422408,39.637949],[22.422176,39.638092],[22.421632,39.638397],[22.4209,39.638849],[22.420668,39.639007],[22.420535,39.639071],[22.420401,39.639111],[22.420261,39.639147],[22.42012,39.639149],[22.41986,39.639125],[22.419697,39.639185],[22.419691,39.639322],[22.419691,39.639554],[22.419528,39.639682],[22.41933,39.639701],[22.419066,39.639681],[22.418801,39.639657],[22.418771,39.639794],[22.418752,39.639931],[22.418713,39.640432],[22.418728,39.640585],[22.418785,39.640986],[22.418848,39.64154],[22.418894,39.642147],[22.41893,39.642439],[22.418961,39.64273],[22.418857,39.642731],[22.418624,39.642694],[22.418148,39.642642],[22.417815,39.64264],[22.417284,39.642637],[22.416511,39.642591],[22.416339,39.642607],[22.415943,39.642541],[22.41544,39.642459],[22.414906,39.642385],[22.414297,39.642297],[22.413768,39.642205],[22.413341,39.642145],[22.413021,39.642069],[22.41289,39.64198],[22.412814,39.641835],[22.412759,39.641735],[22.412682,39.641585],[22.412613,39.641458],[22.412565,39.641387],[22.412457,39.641299],[22.41235,39.641253],[22.412306,39.641147],[22.412399,39.641078],[22.412513,39.64103],[22.41259,39.64097],[22.412587,39.640838],[22.412605,39.640673],[22.412716,39.640384],[22.412897,39.639632],[22.413053,39.63888],[22.41303,39.638765],[22.412942,39.638666],[22.412959,39.638551],[22.413066,39.638491],[22.413143,39.638404],[22.413146,39.638153],[22.41315,39.637724],[22.413168,39.636728],[22.413171,39.635736],[22.413176,39.633743],[22.413178,39.632799],[22.41319,39.63188],[22.41269,39.63198],[22.41236,39.63205],[22.409856,39.632538],[22.408541,39.63282],[22.407205,39.633109],[22.407166,39.63303],[22.407106,39.632945],[22.407041,39.63286],[22.406952,39.63282],[22.406842,39.63278],[22.401132,39.63263],[22.399613,39.632603],[22.39817,39.632575],[22.397653,39.632568],[22.397062,39.63256],[22.39708,39.63185],[22.39708,39.63173],[22.39709,39.63153],[22.397096,39.631321],[22.397184,39.629094],[22.39724,39.627385],[22.397253,39.627173],[22.39729,39.62697],[22.397341,39.626759],[22.397459,39.626562],[22.397637,39.626298],[22.397958,39.625835],[22.398333,39.625371],[22.399232,39.624208],[22.39976,39.623519],[22.400266,39.62283],[22.400576,39.622412],[22.401086,39.621752]]},"properties":{"line":"13","dir":"1","mode":"bus"}},{"type":"Feature","geometry":{"type":"LineString","coordinates":[[22.418234,39.639715],[22.417629,39.639764],[22.417397,39.639786],[22.417169,39.639804],[22.416832,39.639839],[22.416586,39.63986],[22.416494,39.639855],[22.416465,39.639794],[22.416245,39.639291],[22.416041,39.638825],[22.415802,39.638789],[22.415628,39.63877],[22.415413,39.638757],[22.415238,39.638749],[22.415114,39.638744],[22.41499,39.638786],[22.414897,39.638848],[22.414632,39.63907],[22.41438,39.639276],[22.413673,39.63986],[22.41332,39.640131],[22.41294,39.640402],[22.412795,39.640509],[22.412672,39.640656],[22.412721,39.640812],[22.412792,39.640967],[22.412764,39.641005],[22.412707,39.641078],[22.412667,39.64113],[22.41263,39.641199],[22.412601,39.641247],[22.412523,39.641273],[22.412439,39.641298],[22.412341,39.641316],[22.412249,39.641341],[22.411278,39.641813],[22.410658,39.642145],[22.410581,39.642207],[22.410524,39.642285],[22.410474,39.642368],[22.410439,39.64245],[22.410386,39.642607],[22.410384,39.642794],[22.410403,39.64298],[22.410275,39.642971],[22.410141,39.642964],[22.409964,39.642943],[22.409739,39.642923],[22.409071,39.642831],[22.408274,39.642773],[22.407464,39.642736],[22.406581,39.642703],[22.406062,39.642745],[22.406003,39.642522],[22.405571,39.640961],[22.405545,39.640833],[22.405357,39.640862],[22.405126,39.6409],[22.403308,39.6412],[22.403332,39.641289],[22.403332,39.641289],[22.40348,39.641739],[22.403595,39.642189],[22.403825,39.643023],[22.403858,39.643132],[22.40357,39.643179],[22.402957,39.64327],[22.402301,39.643436],[22.40222,39.64333],[22.401995,39.642893],[22.40178,39.642415],[22.401682,39.642006],[22.401606,39.641589],[22.401599,39.641169],[22.40164,39.64075],[22.401864,39.639873],[22.401965,39.639439],[22.402002,39.639042],[22.401938,39.638782],[22.401798,39.638555],[22.401578,39.638244],[22.401424,39.638041],[22.400812,39.637227],[22.400704,39.637011],[22.40066,39.636638],[22.400572,39.636581],[22.400509,39.636508],[22.400501,39.636444],[22.400525,39.636352],[22.400583,39.636285],[22.400679,39.636239],[22.400755,39.636087],[22.400873,39.635951]]},"properties":{"line":"14","dir":"ΔΕΥΑΛ","mode":"bus"}},{"type":"Feature","geometry":{"type":"LineString","coordinates":[[22.416152,39.63876],[22.416648,39.638795],[22.418558,39.639006],[22.419921,39.639125],[22.420351,39.639154],[22.420447,39.639065],[22.420426,39.637704],[22.420394,39.636853],[22.42042,39.636693],[22.420846,39.635882],[22.421165,39.635038],[22.421776,39.633336],[22.422071,39.632477],[22.422377,39.631647],[22.421476,39.631429],[22.420608,39.631245],[22.42003,39.631149],[22.419472,39.631044],[22.419435,39.630977],[22.41943,39.63091],[22.41944,39.63073],[22.419443,39.6306],[22.419465,39.630435],[22.419548,39.630298],[22.419685,39.630161],[22.420532,39.629116],[22.421454,39.628027],[22.421899,39.62747],[22.422213,39.627158],[22.422441,39.626847],[22.422441,39.626848],[22.422896,39.626316],[22.423339,39.625784],[22.423339,39.625784],[22.424216,39.624728],[22.424654,39.624208],[22.425049,39.623734],[22.4252,39.623552],[22.425459,39.623244],[22.425629,39.62302],[22.425825,39.622763],[22.426006,39.622451],[22.426149,39.62214],[22.42632,39.622067],[22.426528,39.62196],[22.426776,39.621845],[22.426986,39.62173],[22.427195,39.621631],[22.427575,39.621445],[22.428031,39.621277],[22.42838,39.621205],[22.428868,39.621192],[22.428868,39.621192],[22.429452,39.621175],[22.429605,39.621163],[22.429759,39.621117],[22.429788,39.62102],[22.429775,39.620923],[22.429771,39.620573],[22.429745,39.620232],[22.429706,39.619884],[22.4297,39.619544],[22.429721,39.619391],[22.429726,39.619241],[22.429745,39.618732],[22.429818,39.618223],[22.429861,39.618038],[22.429936,39.617835],[22.430064,39.617484],[22.430171,39.617282],[22.430328,39.617025],[22.430897,39.616284],[22.432747,39.614258],[22.433667,39.613244],[22.434533,39.612297],[22.434684,39.612125],[22.435435,39.611305],[22.436219,39.610459],[22.437439,39.609125],[22.438012,39.608449],[22.438271,39.608122],[22.438563,39.607802],[22.438691,39.607663],[22.438831,39.607543],[22.438942,39.607382],[22.439075,39.607238],[22.439219,39.607077],[22.439357,39.606916],[22.439511,39.60675],[22.439706,39.606539],[22.439976,39.606258],[22.440173,39.606067],[22.440333,39.605873],[22.440615,39.605542],[22.440803,39.605298],[22.440972,39.605136],[22.441167,39.604941],[22.441413,39.604654],[22.441603,39.604463],[22.441685,39.604362],[22.441799,39.604217],[22.441952,39.604059],[22.442163,39.603837],[22.44229,39.603735],[22.442423,39.60365],[22.44254,39.603533],[22.442643,39.603418],[22.442846,39.60318],[22.443207,39.60277],[22.443391,39.60258],[22.443521,39.60244],[22.444391,39.601494],[22.445646,39.600116],[22.446954,39.598738],[22.448214,39.597339],[22.449468,39.595944],[22.450475,39.59497],[22.450899,39.594631],[22.45176,39.59405],[22.454225,39.592852],[22.455041,39.592452],[22.459521,39.590246],[22.459982,39.590004],[22.460401,39.589806],[22.460927,39.589575],[22.461778,39.589151],[22.46762,39.58628],[22.470312,39.584925],[22.47295,39.58357],[22.473083,39.583474],[22.47319,39.583353],[22.473204,39.583172],[22.472951,39.582788],[22.472951,39.582788],[22.47294,39.58275],[22.47292,39.58263],[22.472923,39.582593],[22.472923,39.582593],[22.47294,39.58241],[22.473066,39.582206],[22.473066,39.582206],[22.47307,39.5822],[22.47323,39.58206],[22.473271,39.58204],[22.473272,39.58204],[22.473467,39.581902],[22.473705,39.581829],[22.473995,39.581787],[22.474318,39.581787],[22.474313,39.581439],[22.47427,39.5811],[22.47412,39.5801],[22.474135,39.57996],[22.47415,39.579862],[22.474137,39.579764],[22.474115,39.579649],[22.474051,39.579558],[22.473901,39.579471],[22.473691,39.579384],[22.473617,39.579377],[22.473509,39.579357],[22.47338,39.57941],[22.47338,39.57941],[22.47327,39.57942],[22.473162,39.579457],[22.473048,39.579467],[22.472968,39.579438],[22.47277,39.57935],[22.472392,39.579158],[22.472126,39.579021],[22.47199,39.57897],[22.471907,39.578923],[22.471802,39.578921],[22.47175,39.57896],[22.47166,39.57903],[22.471529,39.579198],[22.471424,39.579342],[22.470923,39.579964],[22.470619,39.580333],[22.470357,39.580644],[22.470403,39.580734],[22.470386,39.580795],[22.470325,39.580822],[22.470238,39.580831],[22.470117,39.580904],[22.470032,39.581033],[22.46984,39.581232]]},"properties":{"line":"15","dir":"0","mode":"bus"}},{"type":"Feature","geometry":{"type":"LineString","coordinates":[[22.469808,39.581279],[22.469808,39.581279],[22.470212,39.580819],[22.470199,39.580811],[22.470189,39.580803],[22.470179,39.580793],[22.470171,39.580782],[22.470166,39.580772],[22.470161,39.580759],[22.47016,39.580746],[22.47016,39.580734],[22.470162,39.580722],[22.470166,39.58071],[22.470172,39.580699],[22.470181,39.580688],[22.47019,39.580679],[22.470202,39.58067],[22.470216,39.580662],[22.470245,39.580651],[22.470259,39.580649],[22.470275,39.580648],[22.470291,39.580648],[22.470307,39.580649],[22.470322,39.580653],[22.470337,39.580658],[22.470351,39.580664],[22.47056,39.580406],[22.470656,39.580289],[22.47076,39.58016],[22.470859,39.580038],[22.47093,39.57995],[22.470959,39.579908],[22.47101,39.579833],[22.471047,39.579783],[22.471147,39.579659],[22.47125,39.579534],[22.471297,39.579476],[22.471297,39.579476],[22.471355,39.579405],[22.471455,39.579282],[22.471558,39.579157],[22.471664,39.579031],[22.471738,39.578951],[22.471826,39.578861],[22.471847,39.578838],[22.471938,39.578706],[22.472064,39.578636],[22.472175,39.578626],[22.472295,39.578658],[22.472415,39.578715],[22.47256,39.578769],[22.472592,39.578779],[22.472636,39.578792],[22.472673,39.578802],[22.472716,39.578814],[22.472775,39.578832],[22.472935,39.578893],[22.473094,39.57897],[22.473151,39.578998],[22.473593,39.579227],[22.474051,39.579452],[22.474146,39.579484],[22.474241,39.579495],[22.474286,39.579536],[22.474274,39.579598],[22.474249,39.579661],[22.474164,39.579882],[22.474145,39.580046],[22.474146,39.580153],[22.474204,39.580616],[22.474269,39.581101],[22.4743,39.581295],[22.474309,39.581593],[22.47431,39.581794],[22.474313,39.581848],[22.47433,39.581969],[22.474333,39.582152],[22.474352,39.582258],[22.474397,39.582396],[22.474541,39.582596],[22.474915,39.583062],[22.474987,39.583159],[22.475001,39.583272],[22.474998,39.583358],[22.47496,39.583497],[22.474915,39.583619],[22.474747,39.584132],[22.474672,39.584388],[22.474582,39.584924],[22.474484,39.584957],[22.474424,39.58475],[22.47439,39.584613],[22.474205,39.584507],[22.473916,39.584437],[22.473632,39.584374],[22.473434,39.584235],[22.473271,39.584105],[22.47314,39.584058],[22.472949,39.584037],[22.47257,39.584123],[22.472122,39.584348],[22.471465,39.584624],[22.470494,39.585068],[22.469769,39.585433],[22.469459,39.585574],[22.468936,39.585819],[22.465613,39.58744],[22.463924,39.588267],[22.462332,39.589049],[22.461935,39.589248],[22.460577,39.5899],[22.460319,39.590031],[22.460159,39.590105],[22.459523,39.590423],[22.459523,39.590423],[22.458085,39.591144],[22.457455,39.59148],[22.456045,39.592187],[22.453425,39.593411],[22.452405,39.593903],[22.452187,39.593849],[22.45184,39.594033],[22.451689,39.594118],[22.451588,39.59418],[22.451402,39.594278],[22.451089,39.594491],[22.450961,39.594585],[22.450636,39.594814],[22.450623,39.594826],[22.450623,39.594826],[22.450315,39.595127],[22.449932,39.595481],[22.449601,39.595829],[22.449068,39.596395],[22.447829,39.597769],[22.447571,39.598047],[22.447074,39.598613],[22.445841,39.599926],[22.445841,39.599926],[22.445397,39.600399],[22.444467,39.601405],[22.444404,39.601508],[22.443616,39.602372],[22.443334,39.602668],[22.443203,39.602803],[22.443057,39.602965],[22.442896,39.603143],[22.442453,39.603611],[22.442309,39.603787],[22.442109,39.604116],[22.441764,39.604499],[22.441425,39.60489],[22.441225,39.605129],[22.441158,39.605319],[22.441123,39.605516],[22.441051,39.605645],[22.440903,39.605733],[22.440706,39.605814],[22.440568,39.605865],[22.440462,39.605958],[22.44004,39.606412],[22.43913,39.607445],[22.438247,39.608412],[22.438047,39.608619],[22.438085,39.608623],[22.437946,39.608681],[22.437804,39.608747],[22.437118,39.609502],[22.437079,39.609542],[22.436329,39.61036],[22.435935,39.610786],[22.435594,39.61116],[22.434946,39.611872],[22.434717,39.612121],[22.434717,39.612121],[22.434715,39.612123],[22.434715,39.612123],[22.434106,39.612784],[22.432785,39.61425],[22.432785,39.61425],[22.432508,39.614557],[22.430912,39.616298],[22.430696,39.616552],[22.430549,39.61674],[22.430467,39.616844],[22.430369,39.616989],[22.430283,39.617127],[22.430215,39.617249],[22.430145,39.617378],[22.430108,39.61745],[22.430075,39.617515],[22.43004,39.617598],[22.429993,39.617717],[22.429943,39.617849],[22.429908,39.617952],[22.429869,39.618075],[22.429834,39.618213],[22.42981,39.61834],[22.429793,39.618438],[22.42978,39.618551],[22.429752,39.618886],[22.429749,39.619007],[22.429746,39.619291],[22.429819,39.619493],[22.429831,39.619601],[22.429847,39.619758],[22.429873,39.619997],[22.429897,39.620199],[22.429915,39.620396],[22.42994,39.620734],[22.429952,39.620869],[22.429959,39.620923],[22.429968,39.620966],[22.429976,39.620987],[22.42999,39.621013],[22.430001,39.621026],[22.430019,39.621043],[22.4301,39.621092],[22.430135,39.621123],[22.43016,39.621159],[22.430174,39.621198],[22.430176,39.621239],[22.430172,39.621256],[22.430167,39.621279],[22.430146,39.621316],[22.430115,39.621349],[22.430075,39.621376],[22.430028,39.621396],[22.429975,39.621406],[22.429921,39.621407],[22.429867,39.621399],[22.429798,39.62137],[22.429761,39.621343],[22.429733,39.621311],[22.429711,39.621294],[22.429695,39.621284],[22.429673,39.621274],[22.429649,39.621264],[22.429598,39.621245],[22.429542,39.621227],[22.42952,39.621222],[22.42952,39.621222],[22.429433,39.621208],[22.429383,39.621201],[22.429249,39.621188],[22.428953,39.621201],[22.42845,39.621218],[22.428399,39.621221],[22.428348,39.621225],[22.428288,39.621232],[22.428217,39.621244],[22.428139,39.62126],[22.428072,39.621277],[22.428023,39.62129],[22.427969,39.621305],[22.427876,39.621336],[22.427792,39.621366],[22.427741,39.621389],[22.427111,39.621688],[22.427111,39.621688],[22.427091,39.621698],[22.426534,39.62197],[22.426268,39.622096],[22.42617,39.622143],[22.426137,39.622215],[22.42606,39.622379],[22.425983,39.622538],[22.425938,39.622621],[22.425917,39.622655],[22.425818,39.622804],[22.425522,39.623184],[22.425454,39.623271],[22.425428,39.623306],[22.425428,39.623306],[22.425334,39.623429],[22.425048,39.623771],[22.424767,39.624108],[22.424739,39.624143],[22.424678,39.624216],[22.424622,39.624284],[22.424583,39.624331],[22.424544,39.62438],[22.424398,39.624557],[22.424358,39.624607],[22.424291,39.624687],[22.424122,39.624845],[22.424007,39.624988],[22.423897,39.625128],[22.42364,39.625414],[22.42345,39.625654],[22.423167,39.625993],[22.422976,39.626227],[22.422781,39.626457],[22.422661,39.626603],[22.422524,39.626756],[22.422345,39.626969],[22.422251,39.62709],[22.422178,39.627185],[22.422029,39.6274],[22.422028,39.627455],[22.421123,39.628547],[22.420702,39.629056],[22.419617,39.630367],[22.419599,39.630393],[22.419577,39.630435],[22.419565,39.630471],[22.419556,39.630523],[22.419556,39.630523],[22.419554,39.630535],[22.419515,39.63085],[22.41951,39.630889],[22.419502,39.63096],[22.419488,39.631035],[22.419306,39.630992],[22.419002,39.630921],[22.419002,39.630921],[22.41884,39.630883],[22.418806,39.630878],[22.418751,39.630872],[22.4187,39.630871],[22.418628,39.630878],[22.418413,39.630917],[22.418134,39.630965],[22.417944,39.630953],[22.417476,39.631039],[22.416954,39.631131],[22.416795,39.631157],[22.41666,39.631213],[22.415806,39.631376],[22.415298,39.631471],[22.415196,39.631491],[22.415208,39.632559],[22.415214,39.633002],[22.415214,39.633002],[22.415214,39.63358],[22.415216,39.633705],[22.41522,39.633854],[22.415226,39.634164],[22.415226,39.634189],[22.415237,39.634396],[22.415255,39.634771],[22.415259,39.635024],[22.415257,39.635057],[22.415257,39.635146],[22.41526,39.635328],[22.41526,39.635328],[22.415266,39.63577],[22.415262,39.636159],[22.415261,39.636589],[22.415256,39.63716],[22.415256,39.637187],[22.415257,39.637213],[22.415265,39.637679],[22.415265,39.637708],[22.415267,39.637761],[22.415269,39.637876],[22.415279,39.6383],[22.415286,39.638657],[22.415287,39.638673],[22.415287,39.638703],[22.415337,39.638705],[22.415651,39.638722],[22.415776,39.638728]]},"properties":{"line":"15","dir":"1","mode":"bus"}},{"type":"Feature","geometry":{"type":"LineString","coordinates":[[22.469806,39.581264],[22.470187,39.580875],[22.4702,39.580808],[22.470153,39.580742],[22.470184,39.580671],[22.47037,39.580636],[22.470557,39.580406],[22.470754,39.580151],[22.471015,39.579818],[22.471292,39.579485],[22.471689,39.579002],[22.471915,39.578745],[22.472011,39.578657],[22.472162,39.578622],[22.472339,39.57869],[22.472828,39.578851],[22.473576,39.579216],[22.474262,39.579585],[22.474148,39.579885],[22.47414,39.580031],[22.474168,39.580435],[22.474225,39.580794],[22.474283,39.581267],[22.474301,39.58183],[22.47431,39.58217],[22.474358,39.582356],[22.474537,39.582594],[22.474747,39.582866],[22.474912,39.583092],[22.474978,39.583227],[22.474965,39.58344],[22.474898,39.583662],[22.474625,39.584419],[22.474586,39.584742],[22.474566,39.584929],[22.474476,39.584979],[22.474402,39.584891],[22.474429,39.584706],[22.474359,39.584563],[22.474212,39.5845],[22.474045,39.584456],[22.473743,39.584411],[22.47358,39.584353],[22.473403,39.584213],[22.473276,39.584123],[22.473107,39.584059],[22.472866,39.584051],[22.472331,39.584217],[22.471818,39.584483],[22.470683,39.584983],[22.468532,39.586022],[22.462211,39.589103],[22.456122,39.592054],[22.453056,39.593562],[22.451866,39.594167],[22.450119,39.595599],[22.449476,39.595973],[22.445829,39.599752],[22.443063,39.602953],[22.441679,39.604545],[22.44132,39.604977],[22.441184,39.605164],[22.441147,39.605531],[22.441033,39.60566],[22.440863,39.605762]]},"properties":{"line":"15","dir":"1","mode":"bus"}},{"type":"Feature","geometry":{"type":"LineString","coordinates":[[22.419412,39.639742],[22.418801,39.639673],[22.418728,39.640237],[22.418716,39.640496],[22.41886,39.641613],[22.418916,39.642192],[22.418967,39.642738],[22.41856,39.64269],[22.418313,39.642667],[22.418314,39.642668],[22.417216,39.642638],[22.416435,39.642583],[22.416295,39.642594],[22.415982,39.642547],[22.414576,39.642335],[22.413132,39.642098],[22.412967,39.642045],[22.412877,39.64195],[22.412659,39.641622],[22.412532,39.641353],[22.4125,39.64129],[22.412408,39.641272],[22.412349,39.64123],[22.412322,39.641168],[22.412339,39.641106],[22.412431,39.641069],[22.41251,39.641044],[22.41259,39.64097],[22.412602,39.640677],[22.412645,39.640531],[22.412705,39.640384],[22.412785,39.640091],[22.412821,39.63991],[22.412953,39.639453],[22.413031,39.638996],[22.41306,39.638829],[22.412972,39.638725],[22.412928,39.638623],[22.41297,39.63853],[22.413087,39.638482],[22.413147,39.638346],[22.413159,39.638247],[22.413165,39.638109],[22.413165,39.637977],[22.413166,39.637801],[22.41315,39.637596],[22.413174,39.63574],[22.413164,39.634725],[22.413176,39.633719],[22.413182,39.633335],[22.413186,39.632618],[22.41319,39.6319],[22.41267,39.632],[22.41236,39.63206],[22.41236,39.63206],[22.409856,39.632543],[22.409857,39.632544],[22.408491,39.632837],[22.4072,39.63313],[22.40712,39.63304],[22.407064,39.632891],[22.40689,39.6328],[22.406467,39.632765],[22.40599,39.632755],[22.405068,39.632744],[22.405068,39.632744],[22.401132,39.632637],[22.401133,39.632637],[22.395998,39.632525],[22.395998,39.632525],[22.394835,39.632537],[22.393184,39.632688],[22.393184,39.632689],[22.390074,39.632993],[22.390074,39.632994],[22.387199,39.633262],[22.3864,39.633333],[22.384797,39.63351],[22.384634,39.633545],[22.384557,39.63358],[22.384469,39.633619],[22.384413,39.633666],[22.384334,39.633697],[22.384244,39.633715],[22.384153,39.633705],[22.38408,39.633662],[22.384001,39.633629],[22.383921,39.633627],[22.383814,39.633636],[22.38375,39.633644],[22.383675,39.633649],[22.383594,39.633655],[22.383532,39.633658],[22.38346,39.633661],[22.382749,39.633744],[22.382112,39.633814],[22.38173,39.63384],[22.381292,39.633872],[22.380515,39.633925],[22.379577,39.634011],[22.379578,39.634011],[22.379007,39.634038],[22.378469,39.634039],[22.377914,39.634021],[22.377381,39.633953],[22.376029,39.633697],[22.374667,39.633441],[22.373273,39.633169],[22.372538,39.63302],[22.37183,39.632884],[22.368942,39.63232],[22.367498,39.632038],[22.366038,39.631744],[22.365357,39.631628],[22.364223,39.631414],[22.363466,39.631287],[22.362698,39.631197],[22.36226,39.631144],[22.361876,39.631132],[22.361161,39.631113],[22.360588,39.63111],[22.359149,39.631119],[22.357705,39.631128],[22.356156,39.631132],[22.354751,39.631149],[22.354205,39.63115],[22.353212,39.631162],[22.351811,39.631116],[22.348849,39.631172],[22.348486,39.631172],[22.345703,39.631199],[22.344083,39.63122],[22.34175,39.631253],[22.338503,39.631335],[22.337938,39.631346],[22.337309,39.631387],[22.336682,39.631418],[22.33553,39.631483],[22.334976,39.631528],[22.334336,39.631568],[22.333826,39.631618],[22.333075,39.631673],[22.331847,39.631741],[22.330594,39.631792],[22.329341,39.631885],[22.328645,39.631863],[22.328029,39.631775],[22.327454,39.631657],[22.32691,39.63153],[22.3264,39.63135],[22.324274,39.630249],[22.323945,39.630125],[22.323392,39.63001],[22.32273,39.629902],[22.321396,39.62972],[22.31877,39.62939],[22.318378,39.629377],[22.318028,39.629381],[22.317647,39.62941],[22.31734,39.629463],[22.313515,39.630502],[22.312888,39.630643],[22.312573,39.630684],[22.312083,39.630713],[22.311507,39.630668],[22.31079,39.630515],[22.310029,39.630272],[22.309103,39.629996],[22.308402,39.629782],[22.305328,39.629371],[22.303807,39.628929],[22.303079,39.628696],[22.302319,39.628442],[22.301323,39.628115],[22.300285,39.62788],[22.299066,39.627735],[22.297803,39.627657],[22.296959,39.627538],[22.296169,39.627307],[22.295734,39.627116],[22.2949,39.626541],[22.294099,39.626062],[22.293846,39.625904],[22.29062,39.6238],[22.290423,39.623637],[22.290198,39.623565],[22.290021,39.623542],[22.289845,39.623519],[22.289629,39.623572],[22.289483,39.62365],[22.28932,39.62382],[22.28928,39.62399],[22.28929,39.62412],[22.289432,39.624304],[22.28964,39.624353],[22.289878,39.624281],[22.290165,39.624021],[22.290464,39.623712],[22.29091,39.62313],[22.290983,39.623015],[22.291018,39.622896],[22.290988,39.622643],[22.290872,39.622394],[22.290743,39.622241],[22.290526,39.622112],[22.290288,39.621992],[22.290116,39.622099],[22.289912,39.622368],[22.289837,39.622549],[22.289827,39.62273],[22.289867,39.62292],[22.289976,39.62311],[22.290214,39.62334],[22.290418,39.623518],[22.29065,39.62367],[22.290791,39.62377],[22.291935,39.624522],[22.292526,39.624907],[22.293112,39.625292],[22.294242,39.62608],[22.2943,39.62619],[22.294293,39.626182],[22.294908,39.626554],[22.295443,39.626947],[22.295441,39.626943],[22.295743,39.627127],[22.296163,39.627307],[22.296956,39.627536],[22.297798,39.627661],[22.299063,39.627746],[22.300285,39.62788],[22.301323,39.628111],[22.302319,39.628434],[22.303072,39.628688],[22.303804,39.628921],[22.305333,39.629371],[22.305964,39.629472],[22.305946,39.629468],[22.306905,39.629581],[22.307672,39.629648],[22.308397,39.629782],[22.311244,39.630631],[22.311796,39.630693],[22.312096,39.630714],[22.312554,39.630687],[22.313162,39.630586],[22.313271,39.630487],[22.313304,39.630385],[22.313307,39.630138],[22.313283,39.629959],[22.313258,39.62966],[22.313099,39.629424],[22.312662,39.629067]]},"properties":{"line":"16","dir":"0","mode":"bus"}},{"type":"Feature","geometry":{"type":"LineString","coordinates":[[22.313243,39.628927],[22.334704,39.631383],[22.354758,39.631],[22.360077,39.630918],[22.365784,39.63152],[22.379601,39.633855],[22.386688,39.633158],[22.389994,39.632939],[22.393088,39.632624],[22.395987,39.632485],[22.399297,39.632527],[22.404727,39.632633],[22.409489,39.632466],[22.412108,39.631962],[22.415287,39.632677],[22.415288,39.635407],[22.41613,39.638678],[22.419374,39.639757]]},"properties":{"line":"16","dir":"1","mode":"bus"}},{"type":"Feature","geometry":{"type":"LineString","coordinates":[[22.419374,39.639757],[22.418807,39.639638],[22.418707,39.640339],[22.418756,39.641023],[22.418951,39.642755],[22.418305,39.642686],[22.417897,39.642639],[22.417223,39.642644],[22.416355,39.642624],[22.415499,39.642493],[22.414631,39.642361],[22.413044,39.642083],[22.412883,39.641973],[22.412502,39.641339],[22.412359,39.641295],[22.412319,39.641169],[22.412387,39.641081],[22.412532,39.641067],[22.412635,39.640674],[22.412711,39.640264],[22.412899,39.639314],[22.412976,39.638859],[22.412951,39.638685],[22.412943,39.638532],[22.413048,39.638483],[22.413378,39.638566],[22.413751,39.638567],[22.414481,39.638629],[22.413692,39.637793],[22.413601,39.637735],[22.413448,39.637152],[22.413279,39.636615],[22.413166,39.636592],[22.413177,39.635508],[22.413139,39.633822],[22.413163,39.631909],[22.412205,39.6321],[22.409885,39.63258],[22.407528,39.633072],[22.407162,39.633139],[22.407032,39.632958],[22.406925,39.632865],[22.406731,39.632797],[22.404651,39.632758],[22.401169,39.632682],[22.398532,39.632622],[22.395896,39.632577],[22.395227,39.632563],[22.394882,39.632556],[22.394515,39.63259],[22.393841,39.632658],[22.393172,39.632714],[22.39148,39.632872],[22.38981,39.633033],[22.38845,39.633162],[22.387083,39.633259],[22.386864,39.633315],[22.384822,39.633513],[22.384547,39.633577],[22.384434,39.633723],[22.384181,39.633754],[22.384017,39.633648],[22.383767,39.633641],[22.38174,39.633849],[22.379639,39.634033],[22.377899,39.634039],[22.377019,39.633922],[22.374926,39.633516],[22.372337,39.633016],[22.365507,39.631702],[22.363692,39.631347],[22.362857,39.631289],[22.362128,39.631223],[22.360719,39.631194],[22.359141,39.631198],[22.357552,39.631202],[22.356451,39.631204],[22.355541,39.631189],[22.355237,39.631317],[22.355213,39.631423],[22.355201,39.631682],[22.354761,39.631643],[22.354422,39.631396],[22.354068,39.631282],[22.352652,39.631275],[22.351397,39.631273],[22.350126,39.631262],[22.347959,39.631256],[22.345824,39.631284],[22.343511,39.631325],[22.34117,39.631357],[22.337975,39.631436],[22.336372,39.631505],[22.334361,39.631717],[22.334358,39.631552],[22.333294,39.631623],[22.33118,39.631769],[22.329088,39.631911],[22.328331,39.631843],[22.32688,39.631541],[22.326024,39.631197],[22.325568,39.630902],[22.32417,39.630242],[22.323848,39.630145],[22.322581,39.629957],[22.320896,39.629731],[22.318663,39.629459],[22.318298,39.629431],[22.317965,39.629409],[22.31767,39.629451],[22.31675,39.629675],[22.315646,39.629977],[22.314311,39.630314],[22.31322,39.630606],[22.312508,39.630701],[22.312136,39.630703],[22.311651,39.630684],[22.311254,39.630628],[22.310881,39.630539],[22.30965,39.630137],[22.308877,39.629894],[22.308358,39.62976],[22.307664,39.629659],[22.307172,39.629609],[22.306452,39.629565],[22.305329,39.629402],[22.304807,39.629263],[22.303645,39.628876],[22.301964,39.628319],[22.301445,39.628152],[22.300886,39.628023],[22.300676,39.627954],[22.300372,39.627903],[22.299512,39.627787],[22.299015,39.627751],[22.297796,39.627659],[22.296856,39.627522],[22.295841,39.627179],[22.295543,39.627031],[22.294332,39.626246],[22.292796,39.625265],[22.291404,39.624307],[22.290644,39.623763],[22.290329,39.623623],[22.289978,39.623536],[22.289545,39.623575],[22.289264,39.623876],[22.289312,39.6241],[22.289386,39.624278],[22.289568,39.624355],[22.289767,39.624357],[22.289989,39.624171],[22.290367,39.623775],[22.290595,39.623524],[22.290845,39.623249],[22.290993,39.623049],[22.291046,39.622813],[22.291013,39.622589],[22.29084,39.622325],[22.29077,39.622253],[22.290257,39.621965],[22.289883,39.622441],[22.28983,39.622652],[22.289868,39.622947],[22.290053,39.623161],[22.290183,39.623324],[22.290447,39.623529],[22.291169,39.624041],[22.292041,39.624606],[22.293725,39.625752],[22.294841,39.626519],[22.295528,39.626964],[22.295925,39.627149],[22.296424,39.627333],[22.296866,39.62747],[22.297341,39.627554],[22.298044,39.627636],[22.298757,39.627681],[22.299401,39.627736],[22.300354,39.627855],[22.300655,39.6279],[22.301794,39.628205],[22.304297,39.629036],[22.304792,39.629187],[22.305543,39.629379],[22.305871,39.629445],[22.306442,39.629487],[22.307084,39.629541],[22.307744,39.629603],[22.30817,39.629662],[22.308598,39.629763],[22.310802,39.630453],[22.310973,39.630515],[22.311467,39.630608],[22.311949,39.63066],[22.312432,39.63066],[22.313068,39.630566],[22.313268,39.630519],[22.313382,39.630381],[22.313357,39.630025],[22.313343,39.629757],[22.313303,39.629565],[22.313241,39.629453],[22.31329,39.629392],[22.313207,39.62928],[22.312973,39.629079],[22.313243,39.628927]]},"properties":{"line":"16","dir":"1","mode":"bus"}},{"type":"Feature","geometry":{"type":"LineString","coordinates":[[22.412984,39.638474],[22.413035,39.638442],[22.413087,39.638393],[22.413122,39.638348],[22.413134,39.638292],[22.413142,39.637729],[22.413161,39.637265],[22.413162,39.637141],[22.413172,39.636614],[22.413181,39.636171],[22.413182,39.635819],[22.413182,39.635767],[22.413178,39.635123],[22.413175,39.634781],[22.413176,39.634151],[22.413177,39.634129],[22.413177,39.634088],[22.41318,39.633718],[22.41318,39.633718],[22.413179,39.633381],[22.413178,39.63291],[22.41319,39.632562],[22.413196,39.631944],[22.413199,39.631883],[22.412459,39.632032],[22.412288,39.632064],[22.412253,39.632071],[22.412253,39.632071],[22.411783,39.63216],[22.411352,39.632242],[22.41134,39.632245],[22.411086,39.63229],[22.410929,39.632321],[22.410451,39.632415],[22.409853,39.632536],[22.409853,39.632536],[22.409787,39.632549],[22.40971,39.632565],[22.409432,39.632626],[22.409413,39.63263],[22.409383,39.632637],[22.409248,39.632666],[22.408831,39.632757],[22.408339,39.632863],[22.408158,39.632903],[22.407689,39.633006],[22.407318,39.633089],[22.40726,39.633101],[22.407172,39.633122],[22.407141,39.633039],[22.407123,39.632992],[22.407097,39.632936],[22.407047,39.632874],[22.407014,39.632847],[22.406969,39.632821],[22.406893,39.632795],[22.406785,39.632762],[22.406231,39.632747],[22.40572,39.632741],[22.405463,39.632737],[22.405387,39.632736],[22.405069,39.632728],[22.405069,39.632728],[22.40483,39.632722],[22.404701,39.632719],[22.404187,39.632706],[22.403474,39.632691],[22.402334,39.632668],[22.402267,39.632667],[22.401132,39.632643],[22.401132,39.632643],[22.400915,39.632639],[22.399631,39.632613],[22.399018,39.632601],[22.398979,39.6326],[22.398803,39.632597],[22.39857,39.632592],[22.398464,39.632588],[22.39832,39.632585],[22.397155,39.632562],[22.397067,39.63256],[22.397017,39.63256],[22.396978,39.632557],[22.395998,39.632534],[22.395998,39.632534],[22.39589,39.632532],[22.395736,39.63253],[22.395321,39.632526],[22.394984,39.63253],[22.394671,39.632545],[22.39444,39.632565],[22.39372,39.632633],[22.393284,39.632679],[22.393183,39.632689],[22.393183,39.632689],[22.392615,39.632743],[22.392269,39.632774],[22.392036,39.632796],[22.391825,39.632815],[22.391586,39.632836],[22.391185,39.63288],[22.39073,39.632928],[22.390264,39.632976],[22.390209,39.632981],[22.390073,39.632993],[22.390073,39.632993],[22.389769,39.633025],[22.389748,39.633026],[22.38971,39.63303],[22.389679,39.633032],[22.389561,39.633043],[22.389249,39.633069],[22.388663,39.633125],[22.388472,39.633142],[22.38765,39.633218],[22.387539,39.633239],[22.387417,39.633251],[22.387271,39.633264],[22.387171,39.633274],[22.387171,39.633274],[22.387045,39.633286],[22.38698,39.633293],[22.386881,39.633304],[22.386705,39.633319],[22.38656,39.633331],[22.386412,39.633343],[22.386324,39.633351],[22.386083,39.633371],[22.385926,39.633386],[22.385293,39.633459],[22.384738,39.633522],[22.384604,39.63354],[22.384559,39.633548],[22.384513,39.633565],[22.384468,39.633594],[22.384441,39.633627],[22.384405,39.633654],[22.384366,39.633682],[22.384312,39.633702],[22.384261,39.633708],[22.384206,39.6337],[22.38416,39.633692],[22.384105,39.633675],[22.384038,39.63365],[22.383961,39.633632],[22.38382,39.633618],[22.383586,39.633648],[22.383336,39.633679],[22.38315,39.633701],[22.382989,39.633721],[22.382814,39.633742],[22.382614,39.633765],[22.382345,39.633794],[22.382137,39.633811],[22.381893,39.633828],[22.381576,39.633847],[22.381017,39.633886],[22.380603,39.63392],[22.380083,39.633965],[22.379624,39.634001],[22.379577,39.634005],[22.379577,39.634005],[22.379424,39.634016],[22.379277,39.634024],[22.379119,39.634032],[22.378967,39.634037],[22.378834,39.634038],[22.378662,39.63404],[22.378515,39.634039],[22.378313,39.634036],[22.378167,39.634031],[22.378035,39.634025],[22.3779,39.634015],[22.377764,39.634002],[22.377636,39.633988],[22.377494,39.633969],[22.377352,39.633948],[22.377183,39.633922],[22.376988,39.633889],[22.37674,39.633844],[22.376362,39.633771],[22.375724,39.633649],[22.374848,39.63348],[22.374329,39.633379],[22.373773,39.633271],[22.372925,39.633104],[22.37231,39.632982],[22.371701,39.632861],[22.370306,39.632603],[22.369705,39.632487],[22.369549,39.632458],[22.368912,39.632321],[22.368671,39.632273],[22.368595,39.632261],[22.368491,39.63224],[22.367251,39.631992],[22.366561,39.631862],[22.365726,39.631694],[22.365547,39.63166],[22.365547,39.63166],[22.364707,39.631499],[22.363751,39.631337],[22.362965,39.631226],[22.362538,39.631184],[22.362129,39.631149],[22.3617,39.631129],[22.361265,39.631114],[22.360792,39.631112],[22.360642,39.631113],[22.360642,39.631113],[22.360296,39.631114],[22.357083,39.631145],[22.356191,39.63114],[22.355531,39.631145],[22.355344,39.631147],[22.355306,39.631147],[22.355258,39.631145],[22.355162,39.631148],[22.355153,39.631058],[22.355137,39.630987],[22.35512,39.63094],[22.355064,39.6308],[22.355009,39.630681],[22.354967,39.63058],[22.354967,39.63058],[22.354811,39.630202],[22.354571,39.629626],[22.354474,39.629382],[22.354318,39.629018],[22.354133,39.628526],[22.353544,39.627045],[22.353354,39.626483],[22.353354,39.626483],[22.352861,39.625339],[22.352663,39.624858],[22.352341,39.624151],[22.352199,39.62381],[22.352099,39.623461],[22.352004,39.623152],[22.351895,39.622794],[22.35185,39.622645],[22.35185,39.622645],[22.351735,39.622261],[22.351645,39.621845],[22.351533,39.621222],[22.351457,39.620785],[22.351444,39.620726],[22.351311,39.619705],[22.351356,39.619625],[22.351241,39.6195],[22.351204,39.619367],[22.351167,39.619257],[22.351113,39.619161],[22.351085,39.61911],[22.351,39.618957],[22.350864,39.618797],[22.350759,39.618712],[22.350496,39.618552],[22.3503,39.618445],[22.350172,39.61834],[22.350048,39.618278],[22.349899,39.618196],[22.349681,39.618116],[22.34943,39.618025],[22.349014,39.617855],[22.349014,39.617855],[22.348973,39.617838],[22.348586,39.617658],[22.348248,39.617496],[22.347815,39.617368],[22.347917,39.617218],[22.348142,39.617016],[22.34829,39.616879],[22.34829,39.616879],[22.348432,39.616749],[22.348621,39.616601],[22.348952,39.616327],[22.349195,39.616615],[22.349401,39.616834],[22.349689,39.61709],[22.34974,39.617134],[22.349768,39.617159],[22.349799,39.617184],[22.349847,39.61721],[22.349898,39.61723],[22.34998,39.617258],[22.350094,39.617298],[22.35021,39.617342],[22.350312,39.617383],[22.350312,39.617383],[22.350333,39.617392],[22.350496,39.617459],[22.350584,39.6175],[22.350659,39.617534],[22.350805,39.617601],[22.350932,39.61766],[22.351004,39.617696],[22.351172,39.617781],[22.351245,39.617817],[22.35129,39.617838],[22.351279,39.617901],[22.351257,39.617989],[22.35124,39.618053],[22.351006,39.618668],[22.350961,39.618809],[22.351043,39.618916],[22.351167,39.619105]]},"properties":{"line":"18","dir":"0","mode":"bus"}},{"type":"Feature","geometry":{"type":"LineString","coordinates":[[22.412812,39.638559],[22.41286,39.638559],[22.412994,39.638524],[22.413069,39.638503],[22.413133,39.638482],[22.413141,39.638108],[22.413139,39.637726],[22.413151,39.636749],[22.413162,39.63578],[22.413163,39.634746],[22.41318,39.633719],[22.413176,39.633265],[22.413189,39.632585],[22.413192,39.631901],[22.412672,39.631998],[22.412361,39.632062],[22.412362,39.632063],[22.409856,39.632541],[22.409857,39.632542],[22.407173,39.63313],[22.40712,39.633039],[22.407064,39.632906],[22.406889,39.632797],[22.405973,39.632753],[22.405068,39.632743],[22.405068,39.632743],[22.401132,39.632639],[22.401133,39.63264],[22.398549,39.63259],[22.395998,39.632524],[22.395998,39.632525],[22.39483,39.63253],[22.394147,39.632592],[22.393184,39.632687],[22.393184,39.632688],[22.391661,39.632828],[22.390074,39.632993],[22.390074,39.632993],[22.388568,39.633133],[22.387239,39.633269],[22.386666,39.633319],[22.38574,39.633396],[22.384761,39.633522],[22.384557,39.6336],[22.384321,39.633719],[22.384107,39.633682],[22.384043,39.633596],[22.384031,39.633458],[22.384104,39.63337],[22.384156,39.633197],[22.384158,39.632964],[22.384116,39.632732],[22.384,39.632097],[22.383906,39.631548],[22.383919,39.631],[22.383999,39.630609],[22.38431,39.629992],[22.384306,39.629893],[22.384268,39.629748],[22.38416,39.629611],[22.381774,39.628388],[22.381737,39.62824],[22.380916,39.627814],[22.380869,39.627696],[22.380975,39.627534],[22.381071,39.627515],[22.381543,39.627708],[22.381639,39.627771],[22.381714,39.627852],[22.381757,39.627984],[22.381746,39.628165],[22.381751,39.628343],[22.381888,39.628452],[22.38416,39.629611],[22.384359,39.629728],[22.384482,39.629762],[22.383999,39.630609],[22.383919,39.631],[22.383967,39.631738],[22.384134,39.632616],[22.384249,39.633187],[22.384375,39.633336],[22.384493,39.633545],[22.384454,39.633638],[22.384305,39.633719],[22.38421,39.633717],[22.383991,39.633631],[22.3818,39.633829],[22.379577,39.634011],[22.379578,39.634011],[22.37849,39.634029],[22.377927,39.634013],[22.377374,39.633955],[22.365544,39.631662],[22.365544,39.631663],[22.364083,39.631391],[22.363358,39.631272],[22.362579,39.631177],[22.361605,39.631122],[22.360641,39.631109],[22.359504,39.63111],[22.355166,39.631144],[22.355144,39.631032],[22.35508,39.630872],[22.354956,39.63058],[22.354956,39.63058],[22.354731,39.630051],[22.354656,39.629872],[22.353983,39.628163],[22.353325,39.626462],[22.353187,39.626124],[22.35265,39.624847],[22.35236,39.624213],[22.352124,39.623579],[22.351846,39.622643],[22.351728,39.622264],[22.351609,39.621686],[22.351427,39.620645],[22.351346,39.620095],[22.351314,39.619769],[22.351341,39.619636],[22.351231,39.619479],[22.351169,39.619322],[22.351111,39.619157]]},"properties":{"line":"18","dir":"0","mode":"bus"}},{"type":"Feature","geometry":{"type":"LineString","coordinates":[[22.351186,39.619187],[22.351437,39.61988],[22.351609,39.620849],[22.351834,39.62181],[22.352028,39.622449],[22.352216,39.623092],[22.352468,39.62382],[22.352682,39.624483],[22.352929,39.62513],[22.353197,39.62581],[22.353444,39.626424],[22.353621,39.626895],[22.354179,39.628242],[22.354677,39.629581],[22.35486,39.630051],[22.354988,39.630378],[22.355139,39.63073],[22.355203,39.630868],[22.355316,39.630937],[22.355498,39.631024],[22.355879,39.631049],[22.358063,39.631024],[22.359145,39.631024],[22.360215,39.631016],[22.36101,39.631012],[22.361886,39.63104],[22.36234,39.631063],[22.362816,39.63111],[22.363415,39.631188],[22.364402,39.631355],[22.365131,39.631488],[22.365807,39.631613],[22.365808,39.631613],[22.371572,39.632753],[22.377262,39.633842],[22.377745,39.633914],[22.377914,39.633931],[22.378088,39.633944],[22.378231,39.633954],[22.37837,39.63396],[22.37856,39.633958],[22.378941,39.633955],[22.379702,39.633916],[22.379703,39.633916],[22.382594,39.633665],[22.383822,39.633551],[22.383967,39.633485],[22.384075,39.633399],[22.384188,39.633351],[22.384319,39.633348],[22.384438,39.633371],[22.384568,39.63342],[22.386548,39.633238],[22.386549,39.633238],[22.387146,39.633196],[22.387568,39.633214],[22.387828,39.633196],[22.390222,39.63298],[22.390223,39.63298],[22.393433,39.632661],[22.393433,39.632662],[22.394632,39.632539],[22.396073,39.632526],[22.396074,39.632526],[22.399293,39.632587],[22.399293,39.632588],[22.405355,39.632724],[22.405715,39.632737],[22.406063,39.632739],[22.406616,39.632752],[22.406878,39.632785],[22.407023,39.632842],[22.407112,39.632941],[22.407168,39.633039],[22.4072,39.63313],[22.407251,39.633305],[22.407324,39.633491],[22.407373,39.633623],[22.40747,39.633901],[22.407554,39.634121],[22.407868,39.634122],[22.4083,39.634122],[22.408807,39.634121],[22.409312,39.634117],[22.409684,39.634112],[22.410033,39.634108],[22.411718,39.6341],[22.41171,39.634297],[22.411711,39.634802],[22.411714,39.635991],[22.411705,39.636585],[22.411701,39.63718],[22.411686,39.637565],[22.411669,39.638212],[22.411663,39.638461],[22.4119,39.638475],[22.412136,39.638489],[22.412382,39.638499],[22.412844,39.638522]]},"properties":{"line":"18","dir":"1","mode":"bus"}},{"type":"Feature","geometry":{"type":"LineString","coordinates":[[22.35117,39.619186],[22.351198,39.619246],[22.351267,39.619414],[22.351304,39.61952],[22.351323,39.61958],[22.351421,39.619712],[22.351436,39.619834],[22.351448,39.619912],[22.351557,39.62078],[22.351642,39.621249],[22.351808,39.62182],[22.352198,39.623053],[22.352198,39.623053],[22.35221,39.623091],[22.352419,39.623767],[22.352548,39.624145],[22.352764,39.624843],[22.353027,39.625471],[22.353375,39.626344],[22.353406,39.62642],[22.353406,39.62642],[22.353429,39.626476],[22.353642,39.627024],[22.353926,39.627765],[22.35421,39.628511],[22.354421,39.629009],[22.354737,39.629843],[22.354867,39.63019],[22.354953,39.630388],[22.354953,39.630388],[22.355093,39.630709],[22.355134,39.630806],[22.355253,39.63092],[22.355323,39.630966],[22.355403,39.631],[22.355464,39.631023],[22.355533,39.631038],[22.355596,39.631066],[22.357455,39.631062],[22.360227,39.631052],[22.360227,39.631052],[22.3603,39.631052],[22.3608,39.631051],[22.361267,39.631053],[22.361706,39.631062],[22.362145,39.63108],[22.362554,39.631108],[22.362981,39.631151],[22.363079,39.631161],[22.363609,39.631232],[22.363777,39.631256],[22.36473,39.631428],[22.36571,39.631621],[22.365797,39.631638],[22.365797,39.631638],[22.36658,39.631789],[22.367541,39.631967],[22.367628,39.631985],[22.367814,39.632019],[22.368048,39.632064],[22.368176,39.632089],[22.368493,39.63215],[22.368609,39.632172],[22.368906,39.63223],[22.369735,39.632387],[22.370669,39.632583],[22.371288,39.632705],[22.371738,39.632791],[22.37233,39.632908],[22.372948,39.633031],[22.373233,39.633087],[22.373714,39.633179],[22.374887,39.633407],[22.375457,39.63352],[22.376113,39.633648],[22.376415,39.633706],[22.376756,39.633773],[22.377006,39.633819],[22.377204,39.633851],[22.377356,39.633874],[22.377486,39.633892],[22.377594,39.633906],[22.377715,39.633919],[22.377877,39.633934],[22.378018,39.633944],[22.378145,39.633952],[22.378308,39.63396],[22.378461,39.633964],[22.378693,39.633964],[22.378913,39.63396],[22.379057,39.633957],[22.37922,39.63395],[22.379405,39.633939],[22.379559,39.633926],[22.379704,39.633915],[22.379704,39.633915],[22.380068,39.633888],[22.380608,39.633844],[22.381007,39.633813],[22.381562,39.633764],[22.381874,39.633738],[22.382128,39.633714],[22.382275,39.633701],[22.382402,39.633688],[22.382627,39.633663],[22.382966,39.633628],[22.383125,39.633613],[22.383624,39.63356],[22.383793,39.633536],[22.383892,39.633517],[22.383953,39.633497],[22.384017,39.633457],[22.384037,39.633426],[22.384063,39.633398],[22.384105,39.633306],[22.384129,39.63325],[22.38415,39.633183],[22.384184,39.633013],[22.384077,39.632424],[22.384001,39.632042],[22.383967,39.631868],[22.383941,39.631671],[22.383925,39.631495],[22.383918,39.631337],[22.383919,39.631167],[22.383928,39.630989],[22.383942,39.630892],[22.383959,39.630798],[22.383983,39.630686],[22.384012,39.630596],[22.384031,39.630536],[22.384059,39.630455],[22.384097,39.630357],[22.384141,39.630261],[22.384266,39.630034],[22.384272,39.629932],[22.384264,39.629858],[22.384251,39.629788],[22.384243,39.62977],[22.384199,39.629706],[22.384136,39.629653],[22.384085,39.629604],[22.384059,39.629584],[22.383946,39.629496],[22.382668,39.628861],[22.38261,39.628831],[22.382181,39.628622],[22.381716,39.628378],[22.381744,39.628334],[22.381625,39.628148],[22.38151,39.628104],[22.381318,39.628014],[22.381142,39.627931],[22.380935,39.627822],[22.380884,39.627795],[22.380839,39.627733],[22.380848,39.627688],[22.380976,39.627525],[22.381011,39.627506],[22.381061,39.6275],[22.381146,39.627538],[22.381266,39.627592],[22.381379,39.627642],[22.381554,39.627723],[22.381631,39.627767],[22.381643,39.627776],[22.381643,39.627776],[22.381693,39.627816],[22.381749,39.627934],[22.381748,39.627999],[22.381625,39.628148],[22.381744,39.628334],[22.381716,39.628378],[22.382181,39.628622],[22.38261,39.628831],[22.382668,39.628861],[22.383946,39.629496],[22.3841,39.629554],[22.384333,39.629665],[22.384388,39.629697],[22.384472,39.629744],[22.384439,39.629786],[22.384423,39.629806],[22.384406,39.629829],[22.384266,39.630034],[22.384141,39.630261],[22.384097,39.630357],[22.384059,39.630455],[22.384031,39.630536],[22.384012,39.630596],[22.383983,39.630686],[22.383959,39.630798],[22.383942,39.630892],[22.383928,39.630989],[22.383919,39.631167],[22.383918,39.631337],[22.383925,39.631495],[22.383941,39.631671],[22.383967,39.631868],[22.384001,39.632042],[22.384077,39.632424],[22.384184,39.633013],[22.384253,39.633175],[22.384278,39.633229],[22.384316,39.633284],[22.384379,39.633352],[22.384452,39.633395],[22.384538,39.63342],[22.384597,39.633431],[22.384716,39.633432],[22.385789,39.63331],[22.386451,39.633248],[22.386551,39.63324],[22.386551,39.63324],[22.387025,39.633199],[22.387227,39.633196],[22.38739,39.633197],[22.387509,39.633204],[22.387635,39.633218],[22.387964,39.633194],[22.388448,39.633146],[22.388652,39.633127],[22.388726,39.633119],[22.389222,39.633072],[22.389553,39.633045],[22.389653,39.633034],[22.389748,39.633026],[22.389769,39.633025],[22.389891,39.633012],[22.390035,39.632997],[22.390151,39.632986],[22.390151,39.632986],[22.390264,39.632976],[22.390717,39.632933],[22.391161,39.632882],[22.391581,39.632843],[22.391799,39.63282],[22.392036,39.632796],[22.392269,39.632774],[22.392615,39.632743],[22.393284,39.632679],[22.393435,39.632665],[22.393435,39.632665],[22.393722,39.632638],[22.394424,39.632575],[22.394673,39.632556],[22.394981,39.632537],[22.3953,39.632535],[22.395712,39.63254],[22.396073,39.632546],[22.396073,39.632546],[22.396962,39.632559],[22.397005,39.63256],[22.397048,39.63256],[22.397155,39.632562],[22.39832,39.632585],[22.398452,39.632588],[22.39857,39.632592],[22.398803,39.632597],[22.398979,39.6326],[22.399018,39.632601],[22.399172,39.632604],[22.399292,39.632607],[22.399292,39.632607],[22.399601,39.632616],[22.40089,39.632643],[22.401408,39.632638],[22.402179,39.632652],[22.402281,39.632652],[22.40238,39.632656],[22.403466,39.632694],[22.403839,39.6327],[22.404186,39.63272],[22.404663,39.632731],[22.404705,39.63273],[22.404705,39.63273],[22.404792,39.632728],[22.404996,39.632734],[22.405377,39.632748],[22.405461,39.632753],[22.405718,39.632756],[22.406218,39.632771],[22.406463,39.632779],[22.406695,39.63279],[22.406838,39.632815],[22.406921,39.632844],[22.406975,39.632865],[22.40702,39.6329],[22.407046,39.632933],[22.407075,39.632978],[22.407108,39.633052],[22.407143,39.633155],[22.407243,39.633389],[22.407272,39.633462],[22.407336,39.6336],[22.407336,39.6336],[22.407502,39.63396],[22.407526,39.63402],[22.407579,39.634145],[22.408326,39.634114],[22.408443,39.634113],[22.409196,39.634113],[22.409251,39.634114],[22.40933,39.634117],[22.40943,39.634115],[22.409483,39.634113],[22.409844,39.634102],[22.409937,39.634102],[22.409937,39.634102],[22.410082,39.634102],[22.410398,39.634106],[22.411391,39.634105],[22.411703,39.634102],[22.41172,39.634102],[22.411719,39.634193],[22.411719,39.634302],[22.411719,39.634302],[22.411717,39.63479],[22.411707,39.635762],[22.41171,39.636171],[22.411704,39.636476],[22.411707,39.636658],[22.411698,39.637189],[22.4117,39.637265],[22.4117,39.637265],[22.411701,39.637302],[22.411701,39.637745],[22.411702,39.638403],[22.411701,39.638465],[22.412431,39.638515],[22.412725,39.638525]]},"properties":{"line":"18","dir":"1","mode":"bus"}},{"type":"Feature","geometry":{"type":"LineString","coordinates":[[22.4036628,39.6587044],[22.4097658,39.6492417],[22.4104409,39.6465935],[22.4103243,39.6447228],[22.4103781,39.6421597],[22.41269,39.6402681],[22.4129358,39.6384126],[22.4131071,39.6338217],[22.4122103,39.6321535],[22.4098957,39.6325884],[22.404689,39.632795],[22.4011685,39.6326822],[22.3982512,39.6326354],[22.3970469,39.6313263],[22.3970957,39.6291036],[22.3974906,39.6264217],[22.3991741,39.624167],[22.4010576,39.6216705],[22.4030452,39.6190443],[22.4090159,39.6137109],[22.41187,39.612614],[22.4208113,39.6106319],[22.4276428,39.6117769],[22.4313211,39.6120532],[22.4305426,39.614877],[22.4296402,39.6161947],[22.4279596,39.6184288],[22.4266614,39.6206909],[22.4253929,39.6233436],[22.4243147,39.6246837],[22.4222816,39.6271791],[22.4197684,39.6309434],[22.4211795,39.6312098],[22.4240585,39.6319106],[22.4270568,39.6327705],[22.4294362,39.6344333],[22.4308475,39.6367234],[22.4299758,39.6407169],[22.4283939,39.6450989],[22.429286,39.6464363],[22.4316573,39.6480537],[22.4328975,39.6500257],[22.4337907,39.6513843],[22.434926983432383,39.653163636726354],[22.4359367,39.6547753],[22.4375856,39.6576368],[22.4926804,39.7612351]]},"properties":{"line":"60","dir":"Μπετινα","mode":"bus"}},{"type":"Feature","geometry":{"type":"LineString","coordinates":[[22.4926804,39.7612351],[22.4375051,39.6577468],[22.4361916,39.655478],[22.434776252149568,39.653110746199324],[22.4336387,39.6513793],[22.4326861,39.6499207],[22.4314926,39.648072],[22.4292822,39.6465799],[22.4282108,39.6449682],[22.4295831,39.6413202],[22.4303778,39.6377193],[22.4292164,39.6349327],[22.4270343,39.6358874],[22.4243579,39.6371098],[22.4210339,39.6387927],[22.4193736,39.6397569],[22.4182457,39.6427192],[22.41269,39.6402681],[22.4129358,39.6384126],[22.4131071,39.6338217],[22.4122103,39.6321535],[22.4098957,39.6325884],[22.404689,39.632795],[22.4011685,39.6326822],[22.3982512,39.6326354],[22.3970469,39.6313263],[22.3970957,39.6291036],[22.3974906,39.6264217],[22.3991741,39.624167],[22.4010576,39.6216705],[22.4030452,39.6190443],[22.4090159,39.6137109],[22.41187,39.612614],[22.4208113,39.6106319],[22.4276428,39.6117769],[22.4305426,39.614877],[22.4279596,39.6184288],[22.4266614,39.6206909],[22.4253929,39.6233436],[22.4243147,39.6246837],[22.4222816,39.6271791]]},"properties":{"line":"60","dir":"Τελωνείο - Παλιό Κοιμητήριο","mode":"bus"}}]}