{"type":"FeatureCollection","features":[{"type":"Feature","geometry":{"type":"Point","coordinates":[22.438851,39.659181]},"properties":{"lines":"1","color":"#0059a9","mode":"bus","arr":["1"],"angle":-57.1}},{"type":"Feature","geometry":{"type":"Point","coordinates":[22.434774,39.653028]},"properties":{"lines":"1, 6, 13, 60","color":"#0059a9","mode":"bus","arr":["1","6","13","60"],"angle":-63.2,"mi":1}},{"type":"Feature","geometry":{"type":"Point","coordinates":[22.437938,39.658132]},"properties":{"lines":"1, 6, 13, 60","color":"#0059a9","mode":"bus","arr":["1","6","13","60"],"angle":-55.9,"extra":1,"ei":0}},{"type":"Feature","geometry":{"type":"Point","coordinates":[22.436819,39.656461]},"properties":{"lines":"1, 6, 13, 60","color":"#0059a9","mode":"bus","arr":["1","6","13","60"],"angle":-65.7,"extra":1,"ei":1}},{"type":"Feature","geometry":{"type":"Point","coordinates":[22.435844,39.654728]},"properties":{"lines":"1, 6, 13, 60","color":"#0059a9","mode":"bus","arr":["1","6","13","60"],"angle":-66.2,"extra":1,"ei":2}},{"type":"Feature","geometry":{"type":"Point","coordinates":[22.433675,39.651341]},"properties":{"lines":"1, 6, 13, 60","color":"#0059a9","mode":"bus","arr":["1","6","13","60"],"angle":-63.9,"extra":1,"ei":3}},{"type":"Feature","geometry":{"type":"Point","coordinates":[22.432588,39.649649]},"properties":{"lines":"1, 6, 13, 60","color":"#0059a9","mode":"bus","arr":["1","6","13","60"],"angle":-64.1,"extra":1,"ei":4}},{"type":"Feature","geometry":{"type":"Point","coordinates":[22.431496,39.647959]},"properties":{"lines":"1, 6, 13, 60","color":"#0059a9","mode":"bus","arr":["1","6","13","60"],"angle":-53,"extra":1,"ei":5}},{"type":"Feature","geometry":{"type":"Point","coordinates":[22.433867,39.650148]},"properties":{"lines":"1","color":"#0059a9","mode":"bus","arr":["1"],"angle":74.3}},{"type":"Feature","geometry":{"type":"Point","coordinates":[22.432941,39.648339]},"properties":{"lines":"1","color":"#0059a9","mode":"bus","arr":["1"],"angle":-29.1,"mi":1}},{"type":"Feature","geometry":{"type":"Point","coordinates":[22.42932,39.646551]},"properties":{"lines":"1, 6, 13, 60","color":"#0059a9","mode":"bus","arr":["1","6","13","60"],"angle":-38}},{"type":"Feature","geometry":{"type":"Point","coordinates":[22.427743,39.646228]},"properties":{"lines":"1, 4, 6, 13","color":"#0059a9","mode":"bus","arr":["1","4","6","13"],"angle":26.1}},{"type":"Feature","geometry":{"type":"Point","coordinates":[22.426255,39.644817]},"properties":{"lines":"1, 4, 6","color":"#0059a9","mode":"bus","arr":["1","4","6"],"angle":-42.1}},{"type":"Feature","geometry":{"type":"Point","coordinates":[22.424866,39.643945]},"properties":{"lines":"1, 4, 6","color":"#0059a9","mode":"bus","arr":["1","4","6"],"angle":-48.1,"extra":1,"ei":0}},{"type":"Feature","geometry":{"type":"Point","coordinates":[22.424126,39.642815]},"properties":{"lines":"1, 4, 6","color":"#0059a9","mode":"bus","arr":["1","4","6"],"angle":-55.6,"mi":1}},{"type":"Feature","geometry":{"type":"Point","coordinates":[22.421515,39.640788]},"properties":{"lines":"1, 4, 6, 12","color":"#0059a9","mode":"bus","arr":["1","4","6","12"],"angle":-40.7}},{"type":"Feature","geometry":{"type":"Point","coordinates":[22.420323,39.639998]},"properties":{"lines":"1, 4, 6, 12","color":"#0059a9","mode":"bus","arr":["1","4","6","12"],"angle":-40.5,"extra":1,"ei":0}},{"type":"Feature","geometry":{"type":"Point","coordinates":[22.419122,39.639672]},"properties":{"lines":"1, 2, 3, 4, 5, 6, 7, 8, 12, 13, 16, 60","color":"#0059a9","mode":"bus","arr":["1","2","3","4","5","6","7","8","12","13","16","60"],"angle":-5.8}},{"type":"Feature","geometry":{"type":"Point","coordinates":[22.418541,39.639678]},"properties":{"lines":"1, 2, 3, 4, 5, 7, 8","color":"#0059a9","mode":"bus","arr":["1","2","3","4","5","7","8"],"angle":6.7,"side":-1}},{"type":"Feature","geometry":{"type":"Point","coordinates":[22.417339,39.639788]},"properties":{"lines":"1, 2, 3, 4, 5, 7, 8, 14","color":"#0059a9","mode":"bus","arr":["1","2","3","4","5","7","8","14"],"angle":6.7}},{"type":"Feature","geometry":{"type":"Point","coordinates":[22.416205,39.639331]},"properties":{"lines":"1, 2, 3, 4, 5, 7, 8, 14","color":"#0059a9","mode":"bus","arr":["1","2","3","4","5","7","8","14"],"angle":-70.8,"mi":1}},{"type":"Feature","geometry":{"type":"Point","coordinates":[22.416698,39.637069]},"properties":{"lines":"1, 4, 8, 10","color":"#0059a9","mode":"bus","arr":["1","4","8","10"],"angle":-89.5}},{"type":"Feature","geometry":{"type":"Point","coordinates":[22.414851,39.634904]},"properties":{"lines":"1, 4, 8, 10","color":"#0059a9","mode":"bus","arr":["1","4","8","10"],"angle":-32.4,"mi":1}},{"type":"Feature","geometry":{"type":"Point","coordinates":[22.413399,39.634221]},"properties":{"lines":"1, 4, 8, 10","color":"#0059a9","mode":"bus","arr":["1","4","8","10"],"angle":-32.3,"extra":1,"ei":0}},{"type":"Feature","geometry":{"type":"Point","coordinates":[22.413178,39.632991]},"properties":{"lines":"1, 4, 8, 9, 10, 13, 16, 18, 60","color":"#0059a9","mode":"bus","arr":["1","4","8","9","10","13","16","18","60"],"angle":89.9}},{"type":"Feature","geometry":{"type":"Point","coordinates":[22.410164,39.632492]},"properties":{"lines":"1, 9, 13, 16, 18, 60","color":"#0059a9","mode":"bus","arr":["1","9","13","16","18","60"],"angle":15.5}},{"type":"Feature","geometry":{"type":"Point","coordinates":[22.412012,39.632119]},"properties":{"lines":"1, 9, 13, 16, 18, 60","color":"#0059a9","mode":"bus","arr":["1","9","13","16","18","60"],"angle":14.5,"extra":1,"ei":0}},{"type":"Feature","geometry":{"type":"Point","coordinates":[22.407281,39.633115]},"properties":{"lines":"1, 9, 13, 16, 18, 60","color":"#0059a9","mode":"bus","arr":["1","9","13","16","18","60"],"angle":15.9,"extra":1,"ei":1}},{"type":"Feature","geometry":{"type":"Point","coordinates":[22.402165,39.632679]},"properties":{"lines":"1, 9, 13, 16, 18, 60","color":"#0059a9","mode":"bus","arr":["1","9","13","16","18","60"],"angle":-1.7,"mi":1}},{"type":"Feature","geometry":{"type":"Point","coordinates":[22.406057,39.632765]},"properties":{"lines":"1, 9, 13, 16, 18, 60","color":"#0059a9","mode":"bus","arr":["1","9","13","16","18","60"],"angle":-1.7,"extra":1,"ei":0}},{"type":"Feature","geometry":{"type":"Point","coordinates":[22.398703,39.632599]},"properties":{"lines":"1, 9, 13, 16, 18, 60","color":"#0059a9","mode":"bus","arr":["1","9","13","16","18","60"],"angle":-1.7,"extra":1,"ei":1}},{"type":"Feature","geometry":{"type":"Point","coordinates":[22.397162,39.629309]},"properties":{"lines":"1, 13, 60","color":"#0059a9","mode":"bus","arr":["1","13","60"],"angle":88.4}},{"type":"Feature","geometry":{"type":"Point","coordinates":[22.397087,39.631616]},"properties":{"lines":"1, 13, 60","color":"#0059a9","mode":"bus","arr":["1","13","60"],"angle":88.7,"extra":1,"ei":0}},{"type":"Feature","geometry":{"type":"Point","coordinates":[22.397234,39.627841]},"properties":{"lines":"1, 13, 60","color":"#0059a9","mode":"bus","arr":["1","13","60"],"angle":88.2,"extra":1,"ei":1}},{"type":"Feature","geometry":{"type":"Point","coordinates":[22.396463,39.626652]},"properties":{"lines":"1","color":"#0059a9","mode":"bus","arr":["1"],"angle":-1.9,"mi":1}},{"type":"Feature","geometry":{"type":"Point","coordinates":[22.393909,39.625339]},"properties":{"lines":"1","color":"#0059a9","mode":"bus","arr":["1"],"angle":-53.2}},{"type":"Feature","geometry":{"type":"Point","coordinates":[22.393471,39.623308]},"properties":{"lines":"1","color":"#0059a9","mode":"bus","arr":["1"],"angle":37,"mi":2}},{"type":"Feature","geometry":{"type":"Point","coordinates":[22.395683,39.62143]},"properties":{"lines":"1","color":"#0059a9","mode":"bus","arr":["1"],"angle":60.8,"side":-1,"mi":4}},{"type":"Feature","geometry":{"type":"Point","coordinates":[22.394786,39.622434]},"properties":{"lines":"1","color":"#0059a9","mode":"bus","arr":["1"],"angle":50.1,"extra":1,"ei":0}},{"type":"Feature","geometry":{"type":"Point","coordinates":[22.398845,39.620945]},"properties":{"lines":"1","color":"#0059a9","mode":"bus","arr":["1"],"angle":-29.1,"mi":6}},{"type":"Feature","geometry":{"type":"Point","coordinates":[22.400491,39.622572]},"properties":{"lines":"1, 12, 13, 60","color":"#0059a9","mode":"bus","arr":["1","12","13","60"],"angle":59.1}},{"type":"Feature","geometry":{"type":"Point","coordinates":[22.398855,39.624716]},"properties":{"lines":"1, 12, 13, 60","color":"#0059a9","mode":"bus","arr":["1","12","13","60"],"angle":59.1,"mi":1}},{"type":"Feature","geometry":{"type":"Point","coordinates":[22.398074,39.625732]},"properties":{"lines":"1, 12, 13, 60","color":"#0059a9","mode":"bus","arr":["1","12","13","60"],"angle":59.9,"extra":1,"ei":0}},{"type":"Feature","geometry":{"type":"Point","coordinates":[22.417871,39.638926]},"properties":{"lines":"1, 2, 3, 4, 5, 7, 11, 15, 16","color":"#0059a9","mode":"bus","arr":["1","2","3","4","5","7","11","15","16"],"angle":-6.4}},{"type":"Feature","geometry":{"type":"Point","coordinates":[22.397743,39.622458]},"properties":{"lines":"1","color":"#0059a9","mode":"bus","arr":["1"],"angle":-28.2,"mi":3}},{"type":"Feature","geometry":{"type":"Point","coordinates":[22.396534,39.628442]},"properties":{"lines":"1","color":"#0059a9","mode":"bus","arr":["1"],"angle":-1.2,"mi":5}},{"type":"Feature","geometry":{"type":"Point","coordinates":[22.395785,39.630486]},"properties":{"lines":"1","color":"#0059a9","mode":"bus","arr":["1"],"angle":89.2,"mi":7}},{"type":"Feature","geometry":{"type":"Point","coordinates":[22.39638,39.63255]},"properties":{"lines":"1, 9, 16, 18","color":"#0059a9","mode":"bus","arr":["1","9","16","18"],"angle":-1.1}},{"type":"Feature","geometry":{"type":"Point","coordinates":[22.407358,39.633646]},"properties":{"lines":"1, 9, 18","color":"#0059a9","mode":"bus","arr":["1","9","18"],"angle":-71.1}},{"type":"Feature","geometry":{"type":"Point","coordinates":[22.409649,39.634124]},"properties":{"lines":"1, 9, 18","color":"#0059a9","mode":"bus","arr":["1","9","18"],"angle":0.8,"mi":1}},{"type":"Feature","geometry":{"type":"Point","coordinates":[22.411257,39.634107]},"properties":{"lines":"1, 9, 18","color":"#0059a9","mode":"bus","arr":["1","9","18"],"angle":0.8,"extra":1,"ei":0}},{"type":"Feature","geometry":{"type":"Point","coordinates":[22.413907,39.634099]},"properties":{"lines":"1","color":"#0059a9","mode":"bus","arr":["1"],"angle":-2.8}},{"type":"Feature","geometry":{"type":"Point","coordinates":[22.411993,39.634101]},"properties":{"lines":"1","color":"#0059a9","mode":"bus","arr":["1"],"angle":0.3,"mi":2}},{"type":"Feature","geometry":{"type":"Point","coordinates":[22.414954,39.634256]},"properties":{"lines":"1","color":"#0059a9","mode":"bus","arr":["1"],"angle":-31,"mi":1}},{"type":"Feature","geometry":{"type":"Point","coordinates":[22.415192,39.635649]},"properties":{"lines":"1, 4, 10, 15, 16","color":"#0059a9","mode":"bus","arr":["1","4","10","15","16"],"angle":-89.4}},{"type":"Feature","geometry":{"type":"Point","coordinates":[22.415217,39.637781]},"properties":{"lines":"1, 4, 10, 15, 16","color":"#0059a9","mode":"bus","arr":["1","4","10","15","16"],"angle":-89.5,"extra":1,"ei":0}},{"type":"Feature","geometry":{"type":"Point","coordinates":[22.415198,39.634004]},"properties":{"lines":"1, 4, 10, 15, 16","color":"#0059a9","mode":"bus","arr":["1","4","10","15","16"],"angle":-89.9,"extra":1,"ei":1}},{"type":"Feature","geometry":{"type":"Point","coordinates":[22.415521,39.638746]},"properties":{"lines":"1, 3, 4, 5, 7, 10, 11, 14, 15, 16","color":"#0059a9","mode":"bus","arr":["1","3","4","5","7","10","11","14","15","16"],"angle":-5.2}},{"type":"Feature","geometry":{"type":"Point","coordinates":[22.42631,39.644757]},"properties":{"lines":"1, 6","color":"#0059a9","mode":"bus","arr":["1","6"],"angle":-41.2,"side":-1}},{"type":"Feature","geometry":{"type":"Point","coordinates":[22.420022,39.639153]},"properties":{"lines":"2, 13, 60","color":"#0059a9","mode":"bus","arr":["2","13","60"],"angle":-1.8,"mi":1}},{"type":"Feature","geometry":{"type":"Point","coordinates":[22.407335,39.632809]},"properties":{"lines":"1, 13, 16","color":"#0059a9","mode":"bus","arr":["1","13","16"],"angle":-5.5,"mi":1}},{"type":"Feature","geometry":{"type":"Point","coordinates":[22.410569,39.632325]},"properties":{"lines":"1, 13, 16","color":"#0059a9","mode":"bus","arr":["1","13","16"],"angle":14.9,"side":-1}},{"type":"Feature","geometry":{"type":"Point","coordinates":[22.414191,39.631619]},"properties":{"lines":"1, 4, 8, 10, 13","color":"#0059a9","mode":"bus","arr":["1","4","8","10","13"],"angle":13.7}},{"type":"Feature","geometry":{"type":"Point","coordinates":[22.415189,39.632046]},"properties":{"lines":"1, 4, 10, 15","color":"#0059a9","mode":"bus","arr":["1","4","10","15"],"angle":-89.8}},{"type":"Feature","geometry":{"type":"Point","coordinates":[22.419886,39.639101]},"properties":{"lines":"2, 3, 4, 11, 12, 13, 15","color":"#0059a9","mode":"bus","arr":["2","3","4","11","12","13","15"],"angle":-6.4,"side":-1}},{"type":"Feature","geometry":{"type":"Point","coordinates":[22.424889,39.636787]},"properties":{"lines":"2, 13, 60","color":"#0059a9","mode":"bus","arr":["2","13","60"],"angle":29.7}},{"type":"Feature","geometry":{"type":"Point","coordinates":[22.421422,39.63846]},"properties":{"lines":"2, 13, 60","color":"#0059a9","mode":"bus","arr":["2","13","60"],"angle":41.5,"extra":1,"ei":0}},{"type":"Feature","geometry":{"type":"Point","coordinates":[22.423455,39.637418]},"properties":{"lines":"2, 13, 60","color":"#0059a9","mode":"bus","arr":["2","13","60"],"angle":29.8,"extra":1,"ei":1}},{"type":"Feature","geometry":{"type":"Point","coordinates":[22.427713,39.635544]},"properties":{"lines":"2, 13, 60","color":"#0059a9","mode":"bus","arr":["2","13","60"],"angle":29.8,"extra":1,"ei":2}},{"type":"Feature","geometry":{"type":"Point","coordinates":[22.422274,39.637883]},"properties":{"lines":"2, 13","color":"#0059a9","mode":"bus","arr":["2","13"],"angle":38.2,"side":-1}},{"type":"Feature","geometry":{"type":"Point","coordinates":[22.425138,39.635236]},"properties":{"lines":"2, 13","color":"#0059a9","mode":"bus","arr":["2","13"],"angle":52,"mi":1}},{"type":"Feature","geometry":{"type":"Point","coordinates":[22.4236,39.636811]},"properties":{"lines":"2, 13","color":"#0059a9","mode":"bus","arr":["2","13"],"angle":53.3,"extra":1,"ei":0}},{"type":"Feature","geometry":{"type":"Point","coordinates":[22.426585,39.633814]},"properties":{"lines":"2, 13","color":"#0059a9","mode":"bus","arr":["2","13"],"angle":51.9,"extra":1,"ei":1}},{"type":"Feature","geometry":{"type":"Point","coordinates":[22.428682,39.633674]},"properties":{"lines":"2, 12, 13, 60","color":"#0059a9","mode":"bus","arr":["2","12","13","60"],"angle":-54.3,"side":-1}},{"type":"Feature","geometry":{"type":"Point","coordinates":[22.474165,39.626648]},"properties":{"lines":"2","color":"#0059a9","mode":"bus","arr":["2"],"angle":12.5,"side":-1}},{"type":"Feature","geometry":{"type":"Point","coordinates":[22.440235,39.632504]},"properties":{"lines":"2","color":"#0059a9","mode":"bus","arr":["2"],"angle":12.7}},{"type":"Feature","geometry":{"type":"Point","coordinates":[22.432164,39.633902]},"properties":{"lines":"2","color":"#0059a9","mode":"bus","arr":["2"],"angle":12.9,"mi":2}},{"type":"Feature","geometry":{"type":"Point","coordinates":[22.444057,39.63185]},"properties":{"lines":"2","color":"#0059a9","mode":"bus","arr":["2"],"angle":12.8,"extra":1,"ei":0}},{"type":"Feature","geometry":{"type":"Point","coordinates":[22.436876,39.633084]},"properties":{"lines":"2","color":"#0059a9","mode":"bus","arr":["2"],"angle":12.6,"extra":1,"ei":1}},{"type":"Feature","geometry":{"type":"Point","coordinates":[22.446746,39.631348]},"properties":{"lines":"2","color":"#0059a9","mode":"bus","arr":["2"],"angle":12.2,"extra":1,"ei":0,"side":-1}},{"type":"Feature","geometry":{"type":"Point","coordinates":[22.44914,39.63094]},"properties":{"lines":"2","color":"#0059a9","mode":"bus","arr":["2"],"angle":12.7,"extra":1,"ei":1,"side":-1}},{"type":"Feature","geometry":{"type":"Point","coordinates":[22.451534,39.630529]},"properties":{"lines":"2","color":"#0059a9","mode":"bus","arr":["2"],"angle":12.7,"extra":1,"ei":2,"side":-1}},{"type":"Feature","geometry":{"type":"Point","coordinates":[22.453928,39.630119]},"properties":{"lines":"2","color":"#0059a9","mode":"bus","arr":["2"],"angle":12.6,"extra":1,"ei":3,"side":-1}},{"type":"Feature","geometry":{"type":"Point","coordinates":[22.456322,39.629708]},"properties":{"lines":"2","color":"#0059a9","mode":"bus","arr":["2"],"angle":12.6,"extra":1,"ei":4,"side":-1}},{"type":"Feature","geometry":{"type":"Point","coordinates":[22.458715,39.629297]},"properties":{"lines":"2","color":"#0059a9","mode":"bus","arr":["2"],"angle":12.6,"extra":1,"ei":5,"side":-1}},{"type":"Feature","geometry":{"type":"Point","coordinates":[22.461109,39.628885]},"properties":{"lines":"2","color":"#0059a9","mode":"bus","arr":["2"],"angle":12.6,"extra":1,"ei":6,"side":-1}},{"type":"Feature","geometry":{"type":"Point","coordinates":[22.4635,39.628466]},"properties":{"lines":"2","color":"#0059a9","mode":"bus","arr":["2"],"angle":12.4,"extra":1,"ei":7,"side":-1}},{"type":"Feature","geometry":{"type":"Point","coordinates":[22.465894,39.628057]},"properties":{"lines":"2","color":"#0059a9","mode":"bus","arr":["2"],"angle":12.5,"extra":1,"ei":8,"side":-1}},{"type":"Feature","geometry":{"type":"Point","coordinates":[22.468289,39.627649]},"properties":{"lines":"2","color":"#0059a9","mode":"bus","arr":["2"],"angle":12.5,"extra":1,"ei":9,"side":-1}},{"type":"Feature","geometry":{"type":"Point","coordinates":[22.470684,39.627241]},"properties":{"lines":"2","color":"#0059a9","mode":"bus","arr":["2"],"angle":12.5,"extra":1,"ei":10,"side":-1}},{"type":"Feature","geometry":{"type":"Point","coordinates":[22.477861,39.625996]},"properties":{"lines":"2","color":"#0059a9","mode":"bus","arr":["2"],"angle":13,"extra":1,"ei":11,"side":-1}},{"type":"Feature","geometry":{"type":"Point","coordinates":[22.480251,39.625572]},"properties":{"lines":"2","color":"#0059a9","mode":"bus","arr":["2"],"angle":13,"extra":1,"ei":12,"side":-1}},{"type":"Feature","geometry":{"type":"Point","coordinates":[22.482642,39.625152]},"properties":{"lines":"2","color":"#0059a9","mode":"bus","arr":["2"],"angle":12.6,"extra":1,"ei":13,"side":-1}},{"type":"Feature","geometry":{"type":"Point","coordinates":[22.485035,39.624741]},"properties":{"lines":"2","color":"#0059a9","mode":"bus","arr":["2"],"angle":12.6,"extra":1,"ei":14,"side":-1}},{"type":"Feature","geometry":{"type":"Point","coordinates":[22.487428,39.624326]},"properties":{"lines":"2","color":"#0059a9","mode":"bus","arr":["2"],"angle":12.4,"extra":1,"ei":15,"side":-1}},{"type":"Feature","geometry":{"type":"Point","coordinates":[22.48982,39.62391]},"properties":{"lines":"2","color":"#0059a9","mode":"bus","arr":["2"],"angle":13.3,"extra":1,"ei":16,"side":-1}},{"type":"Feature","geometry":{"type":"Point","coordinates":[22.492174,39.623384]},"properties":{"lines":"2","color":"#0059a9","mode":"bus","arr":["2"],"angle":19.5,"extra":1,"ei":17,"side":-1}},{"type":"Feature","geometry":{"type":"Point","coordinates":[22.494478,39.622738]},"properties":{"lines":"2","color":"#0059a9","mode":"bus","arr":["2"],"angle":19.8,"extra":1,"ei":18,"side":-1}},{"type":"Feature","geometry":{"type":"Point","coordinates":[22.496786,39.622099]},"properties":{"lines":"2","color":"#0059a9","mode":"bus","arr":["2"],"angle":19.8,"extra":1,"ei":19,"side":-1}},{"type":"Feature","geometry":{"type":"Point","coordinates":[22.499093,39.621458]},"properties":{"lines":"2","color":"#0059a9","mode":"bus","arr":["2"],"angle":19.8,"extra":1,"ei":20,"side":-1}},{"type":"Feature","geometry":{"type":"Point","coordinates":[22.5014,39.620818]},"properties":{"lines":"2","color":"#0059a9","mode":"bus","arr":["2"],"angle":20,"extra":1,"ei":21,"side":-1}},{"type":"Feature","geometry":{"type":"Point","coordinates":[22.445253,39.631639]},"properties":{"lines":"2","color":"#0059a9","mode":"bus","arr":["2"],"angle":-78.4,"mi":1}},{"type":"Feature","geometry":{"type":"Point","coordinates":[22.491397,39.626166]},"properties":{"lines":"2","color":"#0059a9","mode":"bus","arr":["2"],"angle":-26.9}},{"type":"Feature","geometry":{"type":"Point","coordinates":[22.488152,39.624867]},"properties":{"lines":"2","color":"#0059a9","mode":"bus","arr":["2"],"angle":-27.1,"extra":1,"ei":0}},{"type":"Feature","geometry":{"type":"Point","coordinates":[22.494386,39.627763]},"properties":{"lines":"2","color":"#0059a9","mode":"bus","arr":["2"],"angle":-45.2,"extra":1,"ei":1}},{"type":"Feature","geometry":{"type":"Point","coordinates":[22.497177,39.629624]},"properties":{"lines":"2","color":"#0059a9","mode":"bus","arr":["2"],"angle":-10.8,"mi":1}},{"type":"Feature","geometry":{"type":"Point","coordinates":[22.500014,39.630166]},"properties":{"lines":"2","color":"#0059a9","mode":"bus","arr":["2"],"angle":-72.6,"extra":1,"ei":0}},{"type":"Feature","geometry":{"type":"Point","coordinates":[22.495539,39.629403]},"properties":{"lines":"2","color":"#0059a9","mode":"bus","arr":["2"],"angle":-44.6,"extra":1,"ei":1}},{"type":"Feature","geometry":{"type":"Point","coordinates":[22.4948,39.628063]},"properties":{"lines":"2","color":"#0059a9","mode":"bus","arr":["2"],"angle":-33,"extra":1,"ei":2}},{"type":"Feature","geometry":{"type":"Point","coordinates":[22.459414,39.629358]},"properties":{"lines":"2","color":"#0059a9","mode":"bus","arr":["2"],"angle":13}},{"type":"Feature","geometry":{"type":"Point","coordinates":[22.502213,39.620207]},"properties":{"lines":"2","color":"#0059a9","mode":"bus","arr":["2"],"angle":-71.9}},{"type":"Feature","geometry":{"type":"Point","coordinates":[22.46145,39.62901]},"properties":{"lines":"2","color":"#0059a9","mode":"bus","arr":["2"],"angle":12.9,"extra":1,"ei":0}},{"type":"Feature","geometry":{"type":"Point","coordinates":[22.456664,39.629833]},"properties":{"lines":"2","color":"#0059a9","mode":"bus","arr":["2"],"angle":11,"extra":1,"ei":1}},{"type":"Feature","geometry":{"type":"Point","coordinates":[22.412002,39.647672]},"properties":{"lines":"3","color":"#0059a9","mode":"bus","arr":["3"],"angle":-30.3}},{"type":"Feature","geometry":{"type":"Point","coordinates":[22.410325,39.643742]},"properties":{"lines":"3, 5, 7, 60","color":"#0059a9","mode":"bus","arr":["3","5","7","60"],"angle":-87.4}},{"type":"Feature","geometry":{"type":"Point","coordinates":[22.410482,39.646146]},"properties":{"lines":"3, 5, 7, 60","color":"#0059a9","mode":"bus","arr":["3","5","7","60"],"angle":-87.3,"extra":1,"ei":0}},{"type":"Feature","geometry":{"type":"Point","coordinates":[22.410323,39.642379]},"properties":{"lines":"3, 5, 7, 60","color":"#0059a9","mode":"bus","arr":["3","5","7","60"],"angle":70.4,"extra":1,"ei":1,"side":-1}},{"type":"Feature","geometry":{"type":"Point","coordinates":[22.412245,39.641255]},"properties":{"lines":"3, 5, 7, 60","color":"#0059a9","mode":"bus","arr":["3","5","7","60"],"angle":37.7,"extra":1,"ei":2,"side":-1}},{"type":"Feature","geometry":{"type":"Point","coordinates":[22.412823,39.639796]},"properties":{"lines":"3, 5, 7, 13, 16, 60","color":"#0059a9","mode":"bus","arr":["3","5","7","13","16","60"],"angle":81.9}},{"type":"Feature","geometry":{"type":"Point","coordinates":[22.413425,39.638584]},"properties":{"lines":"3, 5, 7, 9, 16","color":"#0059a9","mode":"bus","arr":["3","5","7","9","16"],"angle":-13.4}},{"type":"Feature","geometry":{"type":"Point","coordinates":[22.41417,39.638628]},"properties":{"lines":"3, 5, 7, 9, 11, 16","color":"#0059a9","mode":"bus","arr":["3","5","7","9","11","16"],"angle":-5}},{"type":"Feature","geometry":{"type":"Point","coordinates":[22.41482,39.638673]},"properties":{"lines":"3, 5, 7, 11","color":"#0059a9","mode":"bus","arr":["3","5","7","11"],"angle":-8.3,"side":-1}},{"type":"Feature","geometry":{"type":"Point","coordinates":[22.421015,39.635339]},"properties":{"lines":"3, 11, 15","color":"#0059a9","mode":"bus","arr":["3","11","15"],"angle":74.6}},{"type":"Feature","geometry":{"type":"Point","coordinates":[22.420382,39.63814]},"properties":{"lines":"3, 11, 15","color":"#0059a9","mode":"bus","arr":["3","11","15"],"angle":-89.2,"extra":1,"ei":0}},{"type":"Feature","geometry":{"type":"Point","coordinates":[22.421972,39.63266]},"properties":{"lines":"3, 11, 15","color":"#0059a9","mode":"bus","arr":["3","11","15"],"angle":74.6,"extra":1,"ei":1}},{"type":"Feature","geometry":{"type":"Point","coordinates":[22.420877,39.631347]},"properties":{"lines":"3, 11, 12, 15","color":"#0059a9","mode":"bus","arr":["3","11","12","15"],"angle":-14.9}},{"type":"Feature","geometry":{"type":"Point","coordinates":[22.419943,39.629811]},"properties":{"lines":"3, 8, 10, 11, 15","color":"#0059a9","mode":"bus","arr":["3","8","10","11","15"],"angle":57.2,"side":-1,"mi":2}},{"type":"Feature","geometry":{"type":"Point","coordinates":[22.421471,39.627959]},"properties":{"lines":"3, 8, 10, 11, 15","color":"#0059a9","mode":"bus","arr":["3","8","10","11","15"],"angle":57.5,"side":-1,"mi":1}},{"type":"Feature","geometry":{"type":"Point","coordinates":[22.420808,39.628767]},"properties":{"lines":"3, 8, 10, 11, 15","color":"#0059a9","mode":"bus","arr":["3","8","10","11","15"],"angle":58.1,"side":-1}},{"type":"Feature","geometry":{"type":"Point","coordinates":[22.424604,39.624232]},"properties":{"lines":"3, 8, 10, 15, 60","color":"#0059a9","mode":"bus","arr":["3","8","10","15","60"],"angle":57.4}},{"type":"Feature","geometry":{"type":"Point","coordinates":[22.42274,39.626474]},"properties":{"lines":"3, 8, 10, 11, 15, 60","color":"#0059a9","mode":"bus","arr":["3","8","10","11","15","60"],"angle":57.4,"mi":3}},{"type":"Feature","geometry":{"type":"Point","coordinates":[22.420058,39.629821]},"properties":{"lines":"3, 8, 10, 11, 15, 60","color":"#0059a9","mode":"bus","arr":["3","8","10","11","15","60"],"angle":57.9,"mi":2}},{"type":"Feature","geometry":{"type":"Point","coordinates":[22.421555,39.627968]},"properties":{"lines":"3, 8, 10, 11, 15, 60","color":"#0059a9","mode":"bus","arr":["3","8","10","11","15","60"],"angle":57.3}},{"type":"Feature","geometry":{"type":"Point","coordinates":[22.425951,39.622458]},"properties":{"lines":"3, 8, 15, 60","color":"#0059a9","mode":"bus","arr":["3","8","15","60"],"angle":69.1}},{"type":"Feature","geometry":{"type":"Point","coordinates":[22.428867,39.61708]},"properties":{"lines":"3, 8, 60","color":"#0059a9","mode":"bus","arr":["3","8","60"],"angle":59.8}},{"type":"Feature","geometry":{"type":"Point","coordinates":[22.426432,39.621207]},"properties":{"lines":"3, 8, 60","color":"#0059a9","mode":"bus","arr":["3","8","60"],"angle":74.7,"extra":1,"ei":0}},{"type":"Feature","geometry":{"type":"Point","coordinates":[22.427138,39.619404]},"properties":{"lines":"3, 8, 60","color":"#0059a9","mode":"bus","arr":["3","8","60"],"angle":62.9,"extra":1,"ei":1}},{"type":"Feature","geometry":{"type":"Point","coordinates":[22.430592,39.614427]},"properties":{"lines":"3, 8, 60","color":"#0059a9","mode":"bus","arr":["3","8","60"],"angle":78.1,"extra":1,"ei":2}},{"type":"Feature","geometry":{"type":"Point","coordinates":[22.431125,39.612583]},"properties":{"lines":"3, 8, 60","color":"#0059a9","mode":"bus","arr":["3","8","60"],"angle":79.4,"extra":1,"ei":3}},{"type":"Feature","geometry":{"type":"Point","coordinates":[22.433098,39.607341]},"properties":{"lines":"3, 8","color":"#0059a9","mode":"bus","arr":["3","8"],"angle":63,"mi":2}},{"type":"Feature","geometry":{"type":"Point","coordinates":[22.436133,39.603057]},"properties":{"lines":"3, 8","color":"#0059a9","mode":"bus","arr":["3","8"],"angle":8.8}},{"type":"Feature","geometry":{"type":"Point","coordinates":[22.438323,39.599749]},"properties":{"lines":"3, 8","color":"#0059a9","mode":"bus","arr":["3","8"],"angle":62.2,"side":-1,"mi":1}},{"type":"Feature","geometry":{"type":"Point","coordinates":[22.431498,39.611032]},"properties":{"lines":"3, 8","color":"#0059a9","mode":"bus","arr":["3","8"],"angle":77.2,"extra":1,"ei":0}},{"type":"Feature","geometry":{"type":"Point","coordinates":[22.432059,39.609194]},"properties":{"lines":"3, 8","color":"#0059a9","mode":"bus","arr":["3","8"],"angle":74.9,"extra":1,"ei":1}},{"type":"Feature","geometry":{"type":"Point","coordinates":[22.434173,39.605796]},"properties":{"lines":"3, 8","color":"#0059a9","mode":"bus","arr":["3","8"],"angle":61.7,"extra":1,"ei":2}},{"type":"Feature","geometry":{"type":"Point","coordinates":[22.435317,39.604125]},"properties":{"lines":"3, 8","color":"#0059a9","mode":"bus","arr":["3","8"],"angle":60.3,"extra":1,"ei":3}},{"type":"Feature","geometry":{"type":"Point","coordinates":[22.437144,39.601475]},"properties":{"lines":"3, 8","color":"#0059a9","mode":"bus","arr":["3","8"],"angle":62.2,"extra":1,"ei":0}},{"type":"Feature","geometry":{"type":"Point","coordinates":[22.436489,39.598505]},"properties":{"lines":"3","color":"#0059a9","mode":"bus","arr":["3"],"angle":-14.8,"mi":3}},{"type":"Feature","geometry":{"type":"Point","coordinates":[22.435836,39.600092]},"properties":{"lines":"3","color":"#0059a9","mode":"bus","arr":["3"],"angle":-35.4,"mi":2}},{"type":"Feature","geometry":{"type":"Point","coordinates":[22.443503,39.601765]},"properties":{"lines":"3","color":"#0059a9","mode":"bus","arr":["3"],"angle":-76.2,"mi":4}},{"type":"Feature","geometry":{"type":"Point","coordinates":[22.440401,39.600894]},"properties":{"lines":"3","color":"#0059a9","mode":"bus","arr":["3"],"angle":-9.7,"mi":1}},{"type":"Feature","geometry":{"type":"Point","coordinates":[22.436864,39.600362]},"properties":{"lines":"3","color":"#0059a9","mode":"bus","arr":["3"],"angle":-10}},{"type":"Feature","geometry":{"type":"Point","coordinates":[22.420902,39.628771]},"properties":{"lines":"3, 8, 10, 11, 15, 60","color":"#0059a9","mode":"bus","arr":["3","8","10","11","15","60"],"angle":59.3,"mi":1}},{"type":"Feature","geometry":{"type":"Point","coordinates":[22.419077,39.635038]},"properties":{"lines":"3, 8, 11, 13","color":"#0059a9","mode":"bus","arr":["3","8","11","13"],"angle":87.5}},{"type":"Feature","geometry":{"type":"Point","coordinates":[22.419278,39.631988]},"properties":{"lines":"3, 8, 11, 13","color":"#0059a9","mode":"bus","arr":["3","8","11","13"],"angle":87.5,"extra":1,"ei":0}},{"type":"Feature","geometry":{"type":"Point","coordinates":[22.419082,39.637649]},"properties":{"lines":"3, 8, 11, 13","color":"#0059a9","mode":"bus","arr":["3","8","11","13"],"angle":-89.1,"extra":1,"ei":1}},{"type":"Feature","geometry":{"type":"Point","coordinates":[22.413529,39.639897]},"properties":{"lines":"3, 5, 7, 14","color":"#0059a9","mode":"bus","arr":["3","5","7","14"],"angle":47.2}},{"type":"Feature","geometry":{"type":"Point","coordinates":[22.411041,39.641927]},"properties":{"lines":"3, 5, 7, 14","color":"#0059a9","mode":"bus","arr":["3","5","7","14"],"angle":34.4,"mi":1}},{"type":"Feature","geometry":{"type":"Point","coordinates":[22.410537,39.64503]},"properties":{"lines":"3, 5, 7","color":"#0059a9","mode":"bus","arr":["3","5","7"],"angle":-86.4,"side":-1}},{"type":"Feature","geometry":{"type":"Point","coordinates":[22.410401,39.648607]},"properties":{"lines":"5, 7","color":"#0059a9","mode":"bus","arr":["5","7"],"angle":65.3}},{"type":"Feature","geometry":{"type":"Point","coordinates":[22.409649,39.649747]},"properties":{"lines":"5, 7","color":"#0059a9","mode":"bus","arr":["5","7"],"angle":71.4,"extra":1,"ei":0}},{"type":"Feature","geometry":{"type":"Point","coordinates":[22.441283,39.604735]},"properties":{"lines":"3, 15","color":"#0059a9","mode":"bus","arr":["3","15"],"angle":55.4,"side":-1,"mi":2}},{"type":"Feature","geometry":{"type":"Point","coordinates":[22.442376,39.603593]},"properties":{"lines":"3, 15","color":"#0059a9","mode":"bus","arr":["3","15"],"angle":50.4,"side":-1}},{"type":"Feature","geometry":{"type":"Point","coordinates":[22.443062,39.602899]},"properties":{"lines":"3, 15","color":"#0059a9","mode":"bus","arr":["3","15"],"angle":55.7,"mi":1}},{"type":"Feature","geometry":{"type":"Point","coordinates":[22.431603,39.638522]},"properties":{"lines":"4","color":"#0059a9","mode":"bus","arr":["4"],"angle":-6.4,"mi":2}},{"type":"Feature","geometry":{"type":"Point","coordinates":[22.432662,39.640246]},"properties":{"lines":"4","color":"#0059a9","mode":"bus","arr":["4"],"angle":83.6}},{"type":"Feature","geometry":{"type":"Point","coordinates":[22.432487,39.64145]},"properties":{"lines":"4","color":"#0059a9","mode":"bus","arr":["4"],"angle":83.6,"extra":1,"ei":0}},{"type":"Feature","geometry":{"type":"Point","coordinates":[22.431114,39.641733]},"properties":{"lines":"4","color":"#0059a9","mode":"bus","arr":["4"],"angle":-7,"mi":1}},{"type":"Feature","geometry":{"type":"Point","coordinates":[22.426413,39.64156]},"properties":{"lines":"4, 12","color":"#0059a9","mode":"bus","arr":["4","12"],"angle":5.5,"mi":1}},{"type":"Feature","geometry":{"type":"Point","coordinates":[22.428504,39.641473]},"properties":{"lines":"4, 12","color":"#0059a9","mode":"bus","arr":["4","12"],"angle":-5.7,"extra":1,"ei":0}},{"type":"Feature","geometry":{"type":"Point","coordinates":[22.423623,39.64178]},"properties":{"lines":"4, 12","color":"#0059a9","mode":"bus","arr":["4","12"],"angle":6.3,"extra":1,"ei":1}},{"type":"Feature","geometry":{"type":"Point","coordinates":[22.409668,39.62472]},"properties":{"lines":"4, 12","color":"#0059a9","mode":"bus","arr":["4","12"],"angle":-56.3,"mi":1}},{"type":"Feature","geometry":{"type":"Point","coordinates":[22.414615,39.630601]},"properties":{"lines":"4, 12","color":"#0059a9","mode":"bus","arr":["4","12"],"angle":-58.1,"extra":1,"ei":0}},{"type":"Feature","geometry":{"type":"Point","coordinates":[22.413298,39.629008]},"properties":{"lines":"4, 12","color":"#0059a9","mode":"bus","arr":["4","12"],"angle":-57.2,"extra":1,"ei":1}},{"type":"Feature","geometry":{"type":"Point","coordinates":[22.411958,39.627426]},"properties":{"lines":"4, 12","color":"#0059a9","mode":"bus","arr":["4","12"],"angle":-57,"extra":1,"ei":2}},{"type":"Feature","geometry":{"type":"Point","coordinates":[22.410628,39.62584]},"properties":{"lines":"4, 12","color":"#0059a9","mode":"bus","arr":["4","12"],"angle":-57.1,"extra":1,"ei":3}},{"type":"Feature","geometry":{"type":"Point","coordinates":[22.407957,39.622672]},"properties":{"lines":"4, 12","color":"#0059a9","mode":"bus","arr":["4","12"],"angle":-56.9,"extra":1,"ei":4}},{"type":"Feature","geometry":{"type":"Point","coordinates":[22.406619,39.62109]},"properties":{"lines":"4, 12","color":"#0059a9","mode":"bus","arr":["4","12"],"angle":-56.5,"extra":1,"ei":5}},{"type":"Feature","geometry":{"type":"Point","coordinates":[22.405293,39.619501]},"properties":{"lines":"4, 12","color":"#0059a9","mode":"bus","arr":["4","12"],"angle":-57.4,"extra":1,"ei":6}},{"type":"Feature","geometry":{"type":"Point","coordinates":[22.408485,39.624252]},"properties":{"lines":"4, 12","color":"#0059a9","mode":"bus","arr":["4","12"],"angle":13.6}},{"type":"Feature","geometry":{"type":"Point","coordinates":[22.407354,39.622839]},"properties":{"lines":"4, 12","color":"#0059a9","mode":"bus","arr":["4","12"],"angle":-75,"mi":2}},{"type":"Feature","geometry":{"type":"Point","coordinates":[22.406927,39.621639]},"properties":{"lines":"4, 12","color":"#0059a9","mode":"bus","arr":["4","12"],"angle":-74.7,"extra":1,"ei":0}},{"type":"Feature","geometry":{"type":"Point","coordinates":[22.40324,39.617052]},"properties":{"lines":"4","color":"#0059a9","mode":"bus","arr":["4"],"angle":-53.4,"mi":6}},{"type":"Feature","geometry":{"type":"Point","coordinates":[22.402373,39.616027]},"properties":{"lines":"4","color":"#0059a9","mode":"bus","arr":["4"],"angle":-57.1,"extra":1,"ei":0}},{"type":"Feature","geometry":{"type":"Point","coordinates":[22.399133,39.61203]},"properties":{"lines":"4","color":"#0059a9","mode":"bus","arr":["4"],"angle":-57.4,"side":-1,"mi":1}},{"type":"Feature","geometry":{"type":"Point","coordinates":[22.401481,39.614988]},"properties":{"lines":"4","color":"#0059a9","mode":"bus","arr":["4"],"angle":-57.1,"mi":3}},{"type":"Feature","geometry":{"type":"Point","coordinates":[22.398183,39.611088]},"properties":{"lines":"4","color":"#0059a9","mode":"bus","arr":["4"],"angle":-57.3,"extra":1,"ei":0}},{"type":"Feature","geometry":{"type":"Point","coordinates":[22.396854,39.609501]},"properties":{"lines":"4","color":"#0059a9","mode":"bus","arr":["4"],"angle":-56.7,"extra":1,"ei":1}},{"type":"Feature","geometry":{"type":"Point","coordinates":[22.395505,39.607924]},"properties":{"lines":"4","color":"#0059a9","mode":"bus","arr":["4"],"angle":-56.6,"extra":1,"ei":2}},{"type":"Feature","geometry":{"type":"Point","coordinates":[22.400523,39.613723]},"properties":{"lines":"4","color":"#0059a9","mode":"bus","arr":["4"],"angle":-58.1,"extra":1,"ei":0}},{"type":"Feature","geometry":{"type":"Point","coordinates":[22.3971,39.605691]},"properties":{"lines":"4","color":"#0059a9","mode":"bus","arr":["4"],"angle":22.2,"mi":4}},{"type":"Feature","geometry":{"type":"Point","coordinates":[22.395524,39.606203]},"properties":{"lines":"4","color":"#0059a9","mode":"bus","arr":["4"],"angle":25.4,"extra":1,"ei":0}},{"type":"Feature","geometry":{"type":"Point","coordinates":[22.393461,39.609859]},"properties":{"lines":"4","color":"#0059a9","mode":"bus","arr":["4"],"angle":-64.4,"side":-1,"mi":2}},{"type":"Feature","geometry":{"type":"Point","coordinates":[22.397932,39.612337]},"properties":{"lines":"4","color":"#0059a9","mode":"bus","arr":["4"],"angle":32.6,"extra":1,"ei":0,"side":-1}},{"type":"Feature","geometry":{"type":"Point","coordinates":[22.395703,39.612678]},"properties":{"lines":"4","color":"#0059a9","mode":"bus","arr":["4"],"angle":-31.6,"extra":1,"ei":1,"side":-1}},{"type":"Feature","geometry":{"type":"Point","coordinates":[22.394355,39.611126]},"properties":{"lines":"4","color":"#0059a9","mode":"bus","arr":["4"],"angle":-60.8,"extra":1,"ei":2,"side":-1}},{"type":"Feature","geometry":{"type":"Point","coordinates":[22.3914,39.608301]},"properties":{"lines":"4","color":"#0059a9","mode":"bus","arr":["4"],"angle":-10.3,"extra":1,"ei":3,"side":-1}},{"type":"Feature","geometry":{"type":"Point","coordinates":[22.389037,39.608686]},"properties":{"lines":"4","color":"#0059a9","mode":"bus","arr":["4"],"angle":20.3,"extra":1,"ei":4,"side":-1}},{"type":"Feature","geometry":{"type":"Point","coordinates":[22.386745,39.609354]},"properties":{"lines":"4","color":"#0059a9","mode":"bus","arr":["4"],"angle":26.4,"extra":1,"ei":5}},{"type":"Feature","geometry":{"type":"Point","coordinates":[22.397326,39.610197]},"properties":{"lines":"4","color":"#0059a9","mode":"bus","arr":["4"],"angle":-65.3}},{"type":"Feature","geometry":{"type":"Point","coordinates":[22.389017,39.608789]},"properties":{"lines":"4","color":"#0059a9","mode":"bus","arr":["4"],"angle":20.3,"mi":5}},{"type":"Feature","geometry":{"type":"Point","coordinates":[22.386606,39.614776]},"properties":{"lines":"4","color":"#0059a9","mode":"bus","arr":["4"],"angle":-54.7,"extra":1,"ei":0}},{"type":"Feature","geometry":{"type":"Point","coordinates":[22.385138,39.613264]},"properties":{"lines":"4","color":"#0059a9","mode":"bus","arr":["4"],"angle":-52.9,"extra":1,"ei":1}},{"type":"Feature","geometry":{"type":"Point","coordinates":[22.384118,39.611568]},"properties":{"lines":"4","color":"#0059a9","mode":"bus","arr":["4"],"angle":-70.1,"extra":1,"ei":2}},{"type":"Feature","geometry":{"type":"Point","coordinates":[22.384588,39.61025]},"properties":{"lines":"4","color":"#0059a9","mode":"bus","arr":["4"],"angle":23.7,"extra":1,"ei":3}},{"type":"Feature","geometry":{"type":"Point","coordinates":[22.38676,39.609408]},"properties":{"lines":"4","color":"#0059a9","mode":"bus","arr":["4"],"angle":16,"extra":1,"ei":4}},{"type":"Feature","geometry":{"type":"Point","coordinates":[22.391424,39.608398]},"properties":{"lines":"4","color":"#0059a9","mode":"bus","arr":["4"],"angle":-12,"extra":1,"ei":5}},{"type":"Feature","geometry":{"type":"Point","coordinates":[22.393173,39.609606]},"properties":{"lines":"4","color":"#0059a9","mode":"bus","arr":["4"],"angle":-63.9,"extra":1,"ei":6}},{"type":"Feature","geometry":{"type":"Point","coordinates":[22.394326,39.611272]},"properties":{"lines":"4","color":"#0059a9","mode":"bus","arr":["4"],"angle":-60.8,"extra":1,"ei":7}},{"type":"Feature","geometry":{"type":"Point","coordinates":[22.395719,39.61279]},"properties":{"lines":"4","color":"#0059a9","mode":"bus","arr":["4"],"angle":-29.7,"extra":1,"ei":8}},{"type":"Feature","geometry":{"type":"Point","coordinates":[22.397959,39.612433]},"properties":{"lines":"4","color":"#0059a9","mode":"bus","arr":["4"],"angle":33.3,"extra":1,"ei":9}},{"type":"Feature","geometry":{"type":"Point","coordinates":[22.424195,39.639528]},"properties":{"lines":"4, 12","color":"#0059a9","mode":"bus","arr":["4","12"],"angle":-6.9,"mi":2}},{"type":"Feature","geometry":{"type":"Point","coordinates":[22.421743,39.639301]},"properties":{"lines":"4, 12","color":"#0059a9","mode":"bus","arr":["4","12"],"angle":-6.9,"extra":1,"ei":0}},{"type":"Feature","geometry":{"type":"Point","coordinates":[22.426611,39.639761]},"properties":{"lines":"4, 12","color":"#0059a9","mode":"bus","arr":["4","12"],"angle":-7.7,"extra":1,"ei":1}},{"type":"Feature","geometry":{"type":"Point","coordinates":[22.427805,39.639276]},"properties":{"lines":"4, 12","color":"#0059a9","mode":"bus","arr":["4","12"],"angle":-85.6}},{"type":"Feature","geometry":{"type":"Point","coordinates":[22.428978,39.638307]},"properties":{"lines":"4, 12","color":"#0059a9","mode":"bus","arr":["4","12"],"angle":6.3,"mi":3}},{"type":"Feature","geometry":{"type":"Point","coordinates":[22.428999,39.643722]},"properties":{"lines":"4, 13, 60","color":"#0059a9","mode":"bus","arr":["4","13","60"],"angle":72.7}},{"type":"Feature","geometry":{"type":"Point","coordinates":[22.429419,39.642517]},"properties":{"lines":"4, 13, 60","color":"#0059a9","mode":"bus","arr":["4","13","60"],"angle":75.4,"extra":1,"ei":0}},{"type":"Feature","geometry":{"type":"Point","coordinates":[22.413171,39.636311]},"properties":{"lines":"9, 13, 16, 18, 60","color":"#0059a9","mode":"bus","arr":["9","13","16","18","60"],"angle":89}},{"type":"Feature","geometry":{"type":"Point","coordinates":[22.413143,39.637548]},"properties":{"lines":"9, 13, 16, 18, 60","color":"#0059a9","mode":"bus","arr":["9","13","16","18","60"],"angle":89.1,"extra":1,"ei":0}},{"type":"Feature","geometry":{"type":"Point","coordinates":[22.402583,39.660826]},"properties":{"lines":"5, 7","color":"#0059a9","mode":"bus","arr":["5","7"],"angle":64.6}},{"type":"Feature","geometry":{"type":"Point","coordinates":[22.407934,39.652385]},"properties":{"lines":"5, 7","color":"#0059a9","mode":"bus","arr":["5","7"],"angle":63.9,"mi":1}},{"type":"Feature","geometry":{"type":"Point","coordinates":[22.408799,39.651046]},"properties":{"lines":"5, 7","color":"#0059a9","mode":"bus","arr":["5","7"],"angle":63.3,"extra":1,"ei":0}},{"type":"Feature","geometry":{"type":"Point","coordinates":[22.406615,39.654428]},"properties":{"lines":"5, 7","color":"#0059a9","mode":"bus","arr":["5","7"],"angle":63.9,"extra":1,"ei":1}},{"type":"Feature","geometry":{"type":"Point","coordinates":[22.403612,39.659181]},"properties":{"lines":"5, 7","color":"#0059a9","mode":"bus","arr":["5","7"],"angle":64.2,"extra":1,"ei":0}},{"type":"Feature","geometry":{"type":"Point","coordinates":[22.401165,39.662429]},"properties":{"lines":"5, 7","color":"#0059a9","mode":"bus","arr":["5","7"],"angle":44.7,"extra":1,"ei":1}},{"type":"Feature","geometry":{"type":"Point","coordinates":[22.4022,39.661189]},"properties":{"lines":"5","color":"#0059a9","mode":"bus","arr":["5"],"angle":62.2,"side":-1}},{"type":"Feature","geometry":{"type":"Point","coordinates":[22.405326,39.656447]},"properties":{"lines":"5","color":"#0059a9","mode":"bus","arr":["5"],"angle":63.9,"mi":2}},{"type":"Feature","geometry":{"type":"Point","coordinates":[22.403143,39.659697]},"properties":{"lines":"5","color":"#0059a9","mode":"bus","arr":["5"],"angle":64,"extra":1,"ei":0}},{"type":"Feature","geometry":{"type":"Point","coordinates":[22.400433,39.66279]},"properties":{"lines":"5","color":"#0059a9","mode":"bus","arr":["5"],"angle":38.4,"extra":1,"ei":1,"side":-1}},{"type":"Feature","geometry":{"type":"Point","coordinates":[22.400167,39.663125]},"properties":{"lines":"5","color":"#0059a9","mode":"bus","arr":["5"],"angle":60.6,"mi":1}},{"type":"Feature","geometry":{"type":"Point","coordinates":[22.396292,39.714128]},"properties":{"lines":"5","color":"#0059a9","mode":"bus","arr":["5"],"angle":82.2,"mi":8}},{"type":"Feature","geometry":{"type":"Point","coordinates":[22.396516,39.71613]},"properties":{"lines":"5","color":"#0059a9","mode":"bus","arr":["5"],"angle":-75.9,"extra":1,"ei":0}},{"type":"Feature","geometry":{"type":"Point","coordinates":[22.39937,39.719267]},"properties":{"lines":"5","color":"#0059a9","mode":"bus","arr":["5"],"angle":-21.2,"side":-1,"mi":3}},{"type":"Feature","geometry":{"type":"Point","coordinates":[22.396251,39.722868]},"properties":{"lines":"5","color":"#0059a9","mode":"bus","arr":["5"],"angle":-22,"mi":7}},{"type":"Feature","geometry":{"type":"Point","coordinates":[22.41041,39.693238]},"properties":{"lines":"5","color":"#0059a9","mode":"bus","arr":["5"],"angle":-2.9}},{"type":"Feature","geometry":{"type":"Point","coordinates":[22.417903,39.693203]},"properties":{"lines":"5","color":"#0059a9","mode":"bus","arr":["5"],"angle":87.5,"extra":1,"ei":0}},{"type":"Feature","geometry":{"type":"Point","coordinates":[22.415838,39.693453]},"properties":{"lines":"5","color":"#0059a9","mode":"bus","arr":["5"],"angle":-2.5,"extra":1,"ei":1}},{"type":"Feature","geometry":{"type":"Point","coordinates":[22.413389,39.693354]},"properties":{"lines":"5","color":"#0059a9","mode":"bus","arr":["5"],"angle":-2.9,"extra":1,"ei":2}},{"type":"Feature","geometry":{"type":"Point","coordinates":[22.408491,39.693155]},"properties":{"lines":"5","color":"#0059a9","mode":"bus","arr":["5"],"angle":-3.5,"extra":1,"ei":3}},{"type":"Feature","geometry":{"type":"Point","coordinates":[22.406044,39.693031]},"properties":{"lines":"5","color":"#0059a9","mode":"bus","arr":["5"],"angle":-3.6,"extra":1,"ei":4}},{"type":"Feature","geometry":{"type":"Point","coordinates":[22.403601,39.693144]},"properties":{"lines":"5","color":"#0059a9","mode":"bus","arr":["5"],"angle":6.4,"extra":1,"ei":5}},{"type":"Feature","geometry":{"type":"Point","coordinates":[22.394354,39.721186]},"properties":{"lines":"5","color":"#0059a9","mode":"bus","arr":["5"],"angle":-28.3,"mi":2}},{"type":"Feature","geometry":{"type":"Point","coordinates":[22.40132,39.693321]},"properties":{"lines":"5","color":"#0059a9","mode":"bus","arr":["5"],"angle":85,"mi":1}},{"type":"Feature","geometry":{"type":"Point","coordinates":[22.417939,39.692257]},"properties":{"lines":"5","color":"#0059a9","mode":"bus","arr":["5"],"angle":-2.2,"mi":3}},{"type":"Feature","geometry":{"type":"Point","coordinates":[22.400088,39.67755]},"properties":{"lines":"5","color":"#0059a9","mode":"bus","arr":["5"],"angle":-89.8}},{"type":"Feature","geometry":{"type":"Point","coordinates":[22.400141,39.704167]},"properties":{"lines":"5","color":"#0059a9","mode":"bus","arr":["5"],"angle":-83.1}},{"type":"Feature","geometry":{"type":"Point","coordinates":[22.400217,39.694806]},"properties":{"lines":"5","color":"#0059a9","mode":"bus","arr":["5"],"angle":-0.5,"mi":2}},{"type":"Feature","geometry":{"type":"Point","coordinates":[22.397519,39.712182]},"properties":{"lines":"5","color":"#0059a9","mode":"bus","arr":["5"],"angle":61,"extra":1,"ei":0}},{"type":"Feature","geometry":{"type":"Point","coordinates":[22.398427,39.710434]},"properties":{"lines":"5","color":"#0059a9","mode":"bus","arr":["5"],"angle":71,"extra":1,"ei":1}},{"type":"Feature","geometry":{"type":"Point","coordinates":[22.399288,39.708666]},"properties":{"lines":"5","color":"#0059a9","mode":"bus","arr":["5"],"angle":69.7,"extra":1,"ei":2}},{"type":"Feature","geometry":{"type":"Point","coordinates":[22.400123,39.70689]},"properties":{"lines":"5","color":"#0059a9","mode":"bus","arr":["5"],"angle":70.2,"extra":1,"ei":3}},{"type":"Feature","geometry":{"type":"Point","coordinates":[22.399884,39.701283]},"properties":{"lines":"5","color":"#0059a9","mode":"bus","arr":["5"],"angle":87.6,"extra":1,"ei":4}},{"type":"Feature","geometry":{"type":"Point","coordinates":[22.399963,39.699395]},"properties":{"lines":"5","color":"#0059a9","mode":"bus","arr":["5"],"angle":89.2,"extra":1,"ei":5}},{"type":"Feature","geometry":{"type":"Point","coordinates":[22.400013,39.697507]},"properties":{"lines":"5","color":"#0059a9","mode":"bus","arr":["5"],"angle":88.2,"extra":1,"ei":6}},{"type":"Feature","geometry":{"type":"Point","coordinates":[22.400058,39.663988]},"properties":{"lines":"5","color":"#0059a9","mode":"bus","arr":["5"],"angle":89.7,"extra":1,"ei":0}},{"type":"Feature","geometry":{"type":"Point","coordinates":[22.400052,39.665876]},"properties":{"lines":"5","color":"#0059a9","mode":"bus","arr":["5"],"angle":89.9,"extra":1,"ei":1}},{"type":"Feature","geometry":{"type":"Point","coordinates":[22.400051,39.667765]},"properties":{"lines":"5","color":"#0059a9","mode":"bus","arr":["5"],"angle":-89.9,"extra":1,"ei":2}},{"type":"Feature","geometry":{"type":"Point","coordinates":[22.400067,39.669653]},"properties":{"lines":"5","color":"#0059a9","mode":"bus","arr":["5"],"angle":-89.5,"extra":1,"ei":3}},{"type":"Feature","geometry":{"type":"Point","coordinates":[22.400087,39.671542]},"properties":{"lines":"5","color":"#0059a9","mode":"bus","arr":["5"],"angle":-89.5,"extra":1,"ei":4}},{"type":"Feature","geometry":{"type":"Point","coordinates":[22.40009,39.67343]},"properties":{"lines":"5","color":"#0059a9","mode":"bus","arr":["5"],"angle":89.8,"extra":1,"ei":5}},{"type":"Feature","geometry":{"type":"Point","coordinates":[22.40008,39.675319]},"properties":{"lines":"5","color":"#0059a9","mode":"bus","arr":["5"],"angle":89.8,"extra":1,"ei":6}},{"type":"Feature","geometry":{"type":"Point","coordinates":[22.400089,39.679096]},"properties":{"lines":"5","color":"#0059a9","mode":"bus","arr":["5"],"angle":89.5,"extra":1,"ei":7}},{"type":"Feature","geometry":{"type":"Point","coordinates":[22.400059,39.680984]},"properties":{"lines":"5","color":"#0059a9","mode":"bus","arr":["5"],"angle":89,"extra":1,"ei":8}},{"type":"Feature","geometry":{"type":"Point","coordinates":[22.399994,39.682872]},"properties":{"lines":"5","color":"#0059a9","mode":"bus","arr":["5"],"angle":-89,"extra":1,"ei":9}},{"type":"Feature","geometry":{"type":"Point","coordinates":[22.400285,39.684747]},"properties":{"lines":"5","color":"#0059a9","mode":"bus","arr":["5"],"angle":-82.7,"extra":1,"ei":10}},{"type":"Feature","geometry":{"type":"Point","coordinates":[22.400512,39.686627]},"properties":{"lines":"5","color":"#0059a9","mode":"bus","arr":["5"],"angle":-85.5,"extra":1,"ei":11}},{"type":"Feature","geometry":{"type":"Point","coordinates":[22.400685,39.68851]},"properties":{"lines":"5","color":"#0059a9","mode":"bus","arr":["5"],"angle":-86.8,"extra":1,"ei":12}},{"type":"Feature","geometry":{"type":"Point","coordinates":[22.40077,39.690398]},"properties":{"lines":"5","color":"#0059a9","mode":"bus","arr":["5"],"angle":-89.4,"extra":1,"ei":13}},{"type":"Feature","geometry":{"type":"Point","coordinates":[22.400604,39.692967]},"properties":{"lines":"5","color":"#0059a9","mode":"bus","arr":["5"],"angle":84,"extra":1,"ei":0}},{"type":"Feature","geometry":{"type":"Point","coordinates":[22.397948,39.718061]},"properties":{"lines":"5","color":"#0059a9","mode":"bus","arr":["5"],"angle":-40.9}},{"type":"Feature","geometry":{"type":"Point","coordinates":[22.399056,39.719092]},"properties":{"lines":"5","color":"#0059a9","mode":"bus","arr":["5"],"angle":-62.9,"extra":1,"ei":0}},{"type":"Feature","geometry":{"type":"Point","coordinates":[22.39833,39.720575]},"properties":{"lines":"5","color":"#0059a9","mode":"bus","arr":["5"],"angle":71,"mi":1}},{"type":"Feature","geometry":{"type":"Point","coordinates":[22.39777,39.721751]},"properties":{"lines":"5","color":"#0059a9","mode":"bus","arr":["5"],"angle":64.8,"extra":1,"ei":0}},{"type":"Feature","geometry":{"type":"Point","coordinates":[22.397341,39.722048]},"properties":{"lines":"5","color":"#0059a9","mode":"bus","arr":["5"],"angle":2.3,"mi":4}},{"type":"Feature","geometry":{"type":"Point","coordinates":[22.392558,39.720213]},"properties":{"lines":"5","color":"#0059a9","mode":"bus","arr":["5"],"angle":-43.9,"mi":5}},{"type":"Feature","geometry":{"type":"Point","coordinates":[22.393666,39.717056]},"properties":{"lines":"5","color":"#0059a9","mode":"bus","arr":["5"],"angle":60.8,"mi":6}},{"type":"Feature","geometry":{"type":"Point","coordinates":[22.394805,39.715162]},"properties":{"lines":"5","color":"#0059a9","mode":"bus","arr":["5"],"angle":62.8,"extra":1,"ei":0}},{"type":"Feature","geometry":{"type":"Point","coordinates":[22.392676,39.718561]},"properties":{"lines":"5","color":"#0059a9","mode":"bus","arr":["5"],"angle":66.5,"extra":1,"ei":1}},{"type":"Feature","geometry":{"type":"Point","coordinates":[22.404894,39.656906]},"properties":{"lines":"5, 60","color":"#0059a9","mode":"bus","arr":["5","60"],"angle":64}},{"type":"Feature","geometry":{"type":"Point","coordinates":[22.404211,39.657997]},"properties":{"lines":"5, 60","color":"#0059a9","mode":"bus","arr":["5","60"],"angle":64,"extra":1,"ei":0,"side":-1}},{"type":"Feature","geometry":{"type":"Point","coordinates":[22.40767,39.65256]},"properties":{"lines":"5, 7, 60","color":"#0059a9","mode":"bus","arr":["5","7","60"],"angle":63.5,"side":-1}},{"type":"Feature","geometry":{"type":"Point","coordinates":[22.406662,39.654122]},"properties":{"lines":"5, 7, 60","color":"#0059a9","mode":"bus","arr":["5","7","60"],"angle":63.9,"extra":1,"ei":0,"side":-1}},{"type":"Feature","geometry":{"type":"Point","coordinates":[22.408848,39.650741]},"properties":{"lines":"5, 7, 60","color":"#0059a9","mode":"bus","arr":["5","7","60"],"angle":63.4,"extra":1,"ei":1,"side":-1}},{"type":"Feature","geometry":{"type":"Point","coordinates":[22.410281,39.648585]},"properties":{"lines":"5, 7, 60","color":"#0059a9","mode":"bus","arr":["5","7","60"],"angle":65.5,"side":-1,"mi":1}},{"type":"Feature","geometry":{"type":"Point","coordinates":[22.410565,39.647324]},"properties":{"lines":"5, 7, 60","color":"#0059a9","mode":"bus","arr":["5","7","60"],"angle":-87.7,"extra":1,"ei":0}},{"type":"Feature","geometry":{"type":"Point","coordinates":[22.47843,39.675517]},"properties":{"lines":"6","color":"#0059a9","mode":"bus","arr":["6"],"angle":-30.8,"mi":2}},{"type":"Feature","geometry":{"type":"Point","coordinates":[22.474201,39.680194]},"properties":{"lines":"6","color":"#0059a9","mode":"bus","arr":["6"],"angle":42.3}},{"type":"Feature","geometry":{"type":"Point","coordinates":[22.479527,39.677022]},"properties":{"lines":"6","color":"#0059a9","mode":"bus","arr":["6"],"angle":32.3,"extra":1,"ei":0}},{"type":"Feature","geometry":{"type":"Point","coordinates":[22.477446,39.678022]},"properties":{"lines":"6","color":"#0059a9","mode":"bus","arr":["6"],"angle":33.2,"extra":1,"ei":1}},{"type":"Feature","geometry":{"type":"Point","coordinates":[22.475571,39.679235]},"properties":{"lines":"6","color":"#0059a9","mode":"bus","arr":["6"],"angle":42.3,"extra":1,"ei":2}},{"type":"Feature","geometry":{"type":"Point","coordinates":[22.471937,39.681773]},"properties":{"lines":"6","color":"#0059a9","mode":"bus","arr":["6"],"angle":42.1,"extra":1,"ei":3}},{"type":"Feature","geometry":{"type":"Point","coordinates":[22.470118,39.683039]},"properties":{"lines":"6","color":"#0059a9","mode":"bus","arr":["6"],"angle":42.1,"extra":1,"ei":4}},{"type":"Feature","geometry":{"type":"Point","coordinates":[22.468299,39.684306]},"properties":{"lines":"6","color":"#0059a9","mode":"bus","arr":["6"],"angle":42,"extra":1,"ei":5}},{"type":"Feature","geometry":{"type":"Point","coordinates":[22.46826,39.684344]},"properties":{"lines":"6","color":"#0059a9","mode":"bus","arr":["6"],"angle":-87.9,"mi":3}},{"type":"Feature","geometry":{"type":"Point","coordinates":[22.449564,39.670612]},"properties":{"lines":"6","color":"#0059a9","mode":"bus","arr":["6"],"angle":-28.5,"side":-1}},{"type":"Feature","geometry":{"type":"Point","coordinates":[22.475434,39.676897]},"properties":{"lines":"6","color":"#0059a9","mode":"bus","arr":["6"],"angle":74.3,"mi":1}},{"type":"Feature","geometry":{"type":"Point","coordinates":[22.459149,39.677343]},"properties":{"lines":"6","color":"#0059a9","mode":"bus","arr":["6"],"angle":-47.7}},{"type":"Feature","geometry":{"type":"Point","coordinates":[22.466973,39.684031]},"properties":{"lines":"6","color":"#0059a9","mode":"bus","arr":["6"],"angle":-47.8,"extra":1,"ei":0}},{"type":"Feature","geometry":{"type":"Point","coordinates":[22.450325,39.670859]},"properties":{"lines":"6","color":"#0059a9","mode":"bus","arr":["6"],"angle":-34.5,"extra":1,"ei":0}},{"type":"Feature","geometry":{"type":"Point","coordinates":[22.452621,39.672459]},"properties":{"lines":"6","color":"#0059a9","mode":"bus","arr":["6"],"angle":-41.6,"extra":1,"ei":0}},{"type":"Feature","geometry":{"type":"Point","coordinates":[22.454459,39.673709]},"properties":{"lines":"6","color":"#0059a9","mode":"bus","arr":["6"],"angle":-42,"extra":1,"ei":1}},{"type":"Feature","geometry":{"type":"Point","coordinates":[22.456284,39.67497]},"properties":{"lines":"6","color":"#0059a9","mode":"bus","arr":["6"],"angle":-43.3,"extra":1,"ei":2}},{"type":"Feature","geometry":{"type":"Point","coordinates":[22.457968,39.676342]},"properties":{"lines":"6","color":"#0059a9","mode":"bus","arr":["6"],"angle":-47.9,"extra":1,"ei":3}},{"type":"Feature","geometry":{"type":"Point","coordinates":[22.461268,39.679136]},"properties":{"lines":"6","color":"#0059a9","mode":"bus","arr":["6"],"angle":-47.7,"extra":1,"ei":4}},{"type":"Feature","geometry":{"type":"Point","coordinates":[22.462919,39.680533]},"properties":{"lines":"6","color":"#0059a9","mode":"bus","arr":["6"],"angle":-47.7,"extra":1,"ei":5}},{"type":"Feature","geometry":{"type":"Point","coordinates":[22.464564,39.681933]},"properties":{"lines":"6","color":"#0059a9","mode":"bus","arr":["6"],"angle":-47.9,"extra":1,"ei":6}},{"type":"Feature","geometry":{"type":"Point","coordinates":[22.44484,39.665657]},"properties":{"lines":"6, 13, 60","color":"#0059a9","mode":"bus","arr":["6","13","60"],"angle":-51.9,"mi":3}},{"type":"Feature","geometry":{"type":"Point","coordinates":[22.448696,39.669793]},"properties":{"lines":"6, 13, 60","color":"#0059a9","mode":"bus","arr":["6","13","60"],"angle":-61.5,"extra":1,"ei":0}},{"type":"Feature","geometry":{"type":"Point","coordinates":[22.44095,39.661643]},"properties":{"lines":"6, 13, 60","color":"#0059a9","mode":"bus","arr":["6","13","60"],"angle":-55,"extra":1,"ei":0}},{"type":"Feature","geometry":{"type":"Point","coordinates":[22.442359,39.663205]},"properties":{"lines":"6, 13, 60","color":"#0059a9","mode":"bus","arr":["6","13","60"],"angle":-53.3,"extra":1,"ei":0}},{"type":"Feature","geometry":{"type":"Point","coordinates":[22.443863,39.664697]},"properties":{"lines":"6, 13, 60","color":"#0059a9","mode":"bus","arr":["6","13","60"],"angle":-52.2,"extra":1,"ei":1}},{"type":"Feature","geometry":{"type":"Point","coordinates":[22.446885,39.667672]},"properties":{"lines":"6, 13, 60","color":"#0059a9","mode":"bus","arr":["6","13","60"],"angle":-51.9,"extra":1,"ei":2}},{"type":"Feature","geometry":{"type":"Point","coordinates":[22.439676,39.659829]},"properties":{"lines":"6, 13, 60","color":"#0059a9","mode":"bus","arr":["6","13","60"],"angle":-64.9}},{"type":"Feature","geometry":{"type":"Point","coordinates":[22.439037,39.658942]},"properties":{"lines":"6, 13, 60","color":"#0059a9","mode":"bus","arr":["6","13","60"],"angle":-22.4,"mi":1}},{"type":"Feature","geometry":{"type":"Point","coordinates":[22.438824,39.658838]},"properties":{"lines":"6, 13, 60","color":"#0059a9","mode":"bus","arr":["6","13","60"],"angle":-1.1,"side":-1,"mi":2}},{"type":"Feature","geometry":{"type":"Point","coordinates":[22.418811,39.639337]},"properties":{"lines":"6, 12, 16","color":"#0059a9","mode":"bus","arr":["6","12","16"],"angle":84.8}},{"type":"Feature","geometry":{"type":"Point","coordinates":[22.397319,39.664109]},"properties":{"lines":"7","color":"#0059a9","mode":"bus","arr":["7"],"angle":26.5,"mi":3}},{"type":"Feature","geometry":{"type":"Point","coordinates":[22.392424,39.665966]},"properties":{"lines":"7","color":"#0059a9","mode":"bus","arr":["7"],"angle":26.5,"mi":9}},{"type":"Feature","geometry":{"type":"Point","coordinates":[22.406237,39.654909]},"properties":{"lines":"7","color":"#0059a9","mode":"bus","arr":["7"],"angle":60.7,"mi":11}},{"type":"Feature","geometry":{"type":"Point","coordinates":[22.399291,39.663426]},"properties":{"lines":"7","color":"#0059a9","mode":"bus","arr":["7"],"angle":26,"extra":1,"ei":0}},{"type":"Feature","geometry":{"type":"Point","coordinates":[22.394857,39.665034]},"properties":{"lines":"7","color":"#0059a9","mode":"bus","arr":["7"],"angle":26.3,"extra":1,"ei":1}},{"type":"Feature","geometry":{"type":"Point","coordinates":[22.405775,39.655195]},"properties":{"lines":"7","color":"#0059a9","mode":"bus","arr":["7"],"angle":-19.9,"mi":8}},{"type":"Feature","geometry":{"type":"Point","coordinates":[22.403704,39.658167]},"properties":{"lines":"7","color":"#0059a9","mode":"bus","arr":["7"],"angle":-25.3,"side":-1,"mi":5}},{"type":"Feature","geometry":{"type":"Point","coordinates":[22.390894,39.66699]},"properties":{"lines":"7","color":"#0059a9","mode":"bus","arr":["7"],"angle":-65.4,"mi":13}},{"type":"Feature","geometry":{"type":"Point","coordinates":[22.397772,39.662826]},"properties":{"lines":"7","color":"#0059a9","mode":"bus","arr":["7"],"angle":-63.8,"mi":2}},{"type":"Feature","geometry":{"type":"Point","coordinates":[22.398931,39.661325]},"properties":{"lines":"7","color":"#0059a9","mode":"bus","arr":["7"],"angle":63.3}},{"type":"Feature","geometry":{"type":"Point","coordinates":[22.399681,39.660152]},"properties":{"lines":"7","color":"#0059a9","mode":"bus","arr":["7"],"angle":63.3,"extra":1,"ei":0}},{"type":"Feature","geometry":{"type":"Point","coordinates":[22.403287,39.658043]},"properties":{"lines":"7","color":"#0059a9","mode":"bus","arr":["7"],"angle":-30.8,"mi":4}},{"type":"Feature","geometry":{"type":"Point","coordinates":[22.405824,39.655078]},"properties":{"lines":"7","color":"#0059a9","mode":"bus","arr":["7"],"angle":21.2,"side":-1,"mi":10}},{"type":"Feature","geometry":{"type":"Point","coordinates":[22.403272,39.656645]},"properties":{"lines":"7","color":"#0059a9","mode":"bus","arr":["7"],"angle":-37.1,"side":-1,"mi":6}},{"type":"Feature","geometry":{"type":"Point","coordinates":[22.404443,39.654743]},"properties":{"lines":"7","color":"#0059a9","mode":"bus","arr":["7"],"angle":-12.2,"extra":1,"ei":0}},{"type":"Feature","geometry":{"type":"Point","coordinates":[22.396338,39.666382]},"properties":{"lines":"7","color":"#0059a9","mode":"bus","arr":["7"],"angle":64.4,"mi":7}},{"type":"Feature","geometry":{"type":"Point","coordinates":[22.397313,39.664839]},"properties":{"lines":"7","color":"#0059a9","mode":"bus","arr":["7"],"angle":64.2,"extra":1,"ei":0}},{"type":"Feature","geometry":{"type":"Point","coordinates":[22.395169,39.668235]},"properties":{"lines":"7","color":"#0059a9","mode":"bus","arr":["7"],"angle":63.9,"extra":1,"ei":1}},{"type":"Feature","geometry":{"type":"Point","coordinates":[22.392979,39.668037]},"properties":{"lines":"7","color":"#0059a9","mode":"bus","arr":["7"],"angle":-26.1,"mi":12}},{"type":"Feature","geometry":{"type":"Point","coordinates":[22.394404,39.668579]},"properties":{"lines":"7","color":"#0059a9","mode":"bus","arr":["7"],"angle":-26.5,"extra":1,"ei":0}},{"type":"Feature","geometry":{"type":"Point","coordinates":[22.401381,39.659842]},"properties":{"lines":"7","color":"#0059a9","mode":"bus","arr":["7"],"angle":5.4,"mi":1}},{"type":"Feature","geometry":{"type":"Point","coordinates":[22.415979,39.631293]},"properties":{"lines":"8, 10, 12, 13","color":"#0059a9","mode":"bus","arr":["8","10","12","13"],"angle":12.8,"side":-1,"mi":1}},{"type":"Feature","geometry":{"type":"Point","coordinates":[22.41849,39.630831]},"properties":{"lines":"8, 10, 12, 13","color":"#0059a9","mode":"bus","arr":["8","10","12","13"],"angle":7.7,"side":-1}},{"type":"Feature","geometry":{"type":"Point","coordinates":[22.417371,39.631078]},"properties":{"lines":"8, 10, 12, 13, 15","color":"#0059a9","mode":"bus","arr":["8","10","12","13","15"],"angle":13.5}},{"type":"Feature","geometry":{"type":"Point","coordinates":[22.419269,39.630791]},"properties":{"lines":"8, 10","color":"#0059a9","mode":"bus","arr":["8","10"],"angle":43.2,"side":-1}},{"type":"Feature","geometry":{"type":"Point","coordinates":[22.43915,39.598762]},"properties":{"lines":"8","color":"#0059a9","mode":"bus","arr":["8"],"angle":62.3}},{"type":"Feature","geometry":{"type":"Point","coordinates":[22.453471,39.579106]},"properties":{"lines":"8","color":"#0059a9","mode":"bus","arr":["8"],"angle":55}},{"type":"Feature","geometry":{"type":"Point","coordinates":[22.440087,39.59731]},"properties":{"lines":"8","color":"#0059a9","mode":"bus","arr":["8"],"angle":62.7,"extra":1,"ei":0}},{"type":"Feature","geometry":{"type":"Point","coordinates":[22.441241,39.595644]},"properties":{"lines":"8","color":"#0059a9","mode":"bus","arr":["8"],"angle":61.8,"extra":1,"ei":1}},{"type":"Feature","geometry":{"type":"Point","coordinates":[22.44237,39.593967]},"properties":{"lines":"8","color":"#0059a9","mode":"bus","arr":["8"],"angle":62.5,"extra":1,"ei":2}},{"type":"Feature","geometry":{"type":"Point","coordinates":[22.443501,39.592292]},"properties":{"lines":"8","color":"#0059a9","mode":"bus","arr":["8"],"angle":62.3,"extra":1,"ei":3}},{"type":"Feature","geometry":{"type":"Point","coordinates":[22.444654,39.590625]},"properties":{"lines":"8","color":"#0059a9","mode":"bus","arr":["8"],"angle":61.4,"extra":1,"ei":4}},{"type":"Feature","geometry":{"type":"Point","coordinates":[22.445782,39.588948]},"properties":{"lines":"8","color":"#0059a9","mode":"bus","arr":["8"],"angle":63.2,"extra":1,"ei":5}},{"type":"Feature","geometry":{"type":"Point","coordinates":[22.446928,39.587279]},"properties":{"lines":"8","color":"#0059a9","mode":"bus","arr":["8"],"angle":61.8,"extra":1,"ei":6}},{"type":"Feature","geometry":{"type":"Point","coordinates":[22.448064,39.585605]},"properties":{"lines":"8","color":"#0059a9","mode":"bus","arr":["8"],"angle":64.2,"extra":1,"ei":7}},{"type":"Feature","geometry":{"type":"Point","coordinates":[22.449295,39.583974]},"properties":{"lines":"8","color":"#0059a9","mode":"bus","arr":["8"],"angle":56.2,"extra":1,"ei":8}},{"type":"Feature","geometry":{"type":"Point","coordinates":[22.450691,39.582422]},"properties":{"lines":"8","color":"#0059a9","mode":"bus","arr":["8"],"angle":57.2,"extra":1,"ei":9}},{"type":"Feature","geometry":{"type":"Point","coordinates":[22.452019,39.580834]},"properties":{"lines":"8","color":"#0059a9","mode":"bus","arr":["8"],"angle":57.2,"extra":1,"ei":10}},{"type":"Feature","geometry":{"type":"Point","coordinates":[22.454746,39.577696]},"properties":{"lines":"8","color":"#0059a9","mode":"bus","arr":["8"],"angle":57,"extra":1,"ei":11}},{"type":"Feature","geometry":{"type":"Point","coordinates":[22.456083,39.576113]},"properties":{"lines":"8","color":"#0059a9","mode":"bus","arr":["8"],"angle":56.4,"extra":1,"ei":12}},{"type":"Feature","geometry":{"type":"Point","coordinates":[22.457465,39.574553]},"properties":{"lines":"8","color":"#0059a9","mode":"bus","arr":["8"],"angle":56.1,"extra":1,"ei":13}},{"type":"Feature","geometry":{"type":"Point","coordinates":[22.458819,39.572978]},"properties":{"lines":"8","color":"#0059a9","mode":"bus","arr":["8"],"angle":55.7,"extra":1,"ei":14}},{"type":"Feature","geometry":{"type":"Point","coordinates":[22.460202,39.571419]},"properties":{"lines":"8","color":"#0059a9","mode":"bus","arr":["8"],"angle":54.9,"extra":1,"ei":15}},{"type":"Feature","geometry":{"type":"Point","coordinates":[22.461578,39.569856]},"properties":{"lines":"8","color":"#0059a9","mode":"bus","arr":["8"],"angle":56.6,"extra":1,"ei":16}},{"type":"Feature","geometry":{"type":"Point","coordinates":[22.462933,39.568282]},"properties":{"lines":"8","color":"#0059a9","mode":"bus","arr":["8"],"angle":55.9,"extra":1,"ei":17}},{"type":"Feature","geometry":{"type":"Point","coordinates":[22.463686,39.566602]},"properties":{"lines":"8","color":"#0059a9","mode":"bus","arr":["8"],"angle":-71.4,"extra":1,"ei":18}},{"type":"Feature","geometry":{"type":"Point","coordinates":[22.463281,39.564839]},"properties":{"lines":"8","color":"#0059a9","mode":"bus","arr":["8"],"angle":58,"extra":1,"ei":19}},{"type":"Feature","geometry":{"type":"Point","coordinates":[22.464617,39.563258]},"properties":{"lines":"8","color":"#0059a9","mode":"bus","arr":["8"],"angle":68.2,"extra":1,"ei":20}},{"type":"Feature","geometry":{"type":"Point","coordinates":[22.465259,39.561436]},"properties":{"lines":"8","color":"#0059a9","mode":"bus","arr":["8"],"angle":70.6,"extra":1,"ei":21}},{"type":"Feature","geometry":{"type":"Point","coordinates":[22.464335,39.561396]},"properties":{"lines":"8","color":"#0059a9","mode":"bus","arr":["8"],"angle":-17.4,"mi":1}},{"type":"Feature","geometry":{"type":"Point","coordinates":[22.463396,39.560925]},"properties":{"lines":"8","color":"#0059a9","mode":"bus","arr":["8"],"angle":-82.3}},{"type":"Feature","geometry":{"type":"Point","coordinates":[22.464454,39.560158]},"properties":{"lines":"8","color":"#0059a9","mode":"bus","arr":["8"],"angle":20.1,"mi":2}},{"type":"Feature","geometry":{"type":"Point","coordinates":[22.412212,39.638494]},"properties":{"lines":"9, 11, 18","color":"#0059a9","mode":"bus","arr":["9","11","18"],"angle":-4.4}},{"type":"Feature","geometry":{"type":"Point","coordinates":[22.391369,39.632861]},"properties":{"lines":"9, 16, 18","color":"#0059a9","mode":"bus","arr":["9","16","18"],"angle":7.2,"mi":1}},{"type":"Feature","geometry":{"type":"Point","coordinates":[22.387021,39.633245]},"properties":{"lines":"9, 16, 18","color":"#0059a9","mode":"bus","arr":["9","16","18"],"angle":-72.4}},{"type":"Feature","geometry":{"type":"Point","coordinates":[22.394488,39.63257]},"properties":{"lines":"9, 16, 18","color":"#0059a9","mode":"bus","arr":["9","16","18"],"angle":5.8,"extra":1,"ei":0}},{"type":"Feature","geometry":{"type":"Point","coordinates":[22.389619,39.633028]},"properties":{"lines":"9, 16, 18","color":"#0059a9","mode":"bus","arr":["9","16","18"],"angle":7.1,"extra":1,"ei":1}},{"type":"Feature","geometry":{"type":"Point","coordinates":[22.383936,39.631616]},"properties":{"lines":"9, 18","color":"#0059a9","mode":"bus","arr":["9","18"],"angle":-85.8}},{"type":"Feature","geometry":{"type":"Point","coordinates":[22.382862,39.628955]},"properties":{"lines":"9, 12, 18","color":"#0059a9","mode":"bus","arr":["9","12","18"],"angle":-32.2}},{"type":"Feature","geometry":{"type":"Point","coordinates":[22.380999,39.627513]},"properties":{"lines":"9, 12, 18","color":"#0059a9","mode":"bus","arr":["9","12","18"],"angle":20.6,"mi":1}},{"type":"Feature","geometry":{"type":"Point","coordinates":[22.411704,39.636283]},"properties":{"lines":"9, 18","color":"#0059a9","mode":"bus","arr":["9","18"],"angle":89.7}},{"type":"Feature","geometry":{"type":"Point","coordinates":[22.411713,39.635046]},"properties":{"lines":"9, 18","color":"#0059a9","mode":"bus","arr":["9","18"],"angle":89.7,"extra":1,"ei":0}},{"type":"Feature","geometry":{"type":"Point","coordinates":[22.413607,39.63774]},"properties":{"lines":"9, 16","color":"#0059a9","mode":"bus","arr":["9","16"],"angle":-62.6}},{"type":"Feature","geometry":{"type":"Point","coordinates":[22.421663,39.626354]},"properties":{"lines":"10","color":"#0059a9","mode":"bus","arr":["10"],"angle":-19.3,"mi":18}},{"type":"Feature","geometry":{"type":"Point","coordinates":[22.421766,39.623268]},"properties":{"lines":"10","color":"#0059a9","mode":"bus","arr":["10"],"angle":74.5,"mi":8}},{"type":"Feature","geometry":{"type":"Point","coordinates":[22.420813,39.625667]},"properties":{"lines":"10","color":"#0059a9","mode":"bus","arr":["10"],"angle":74.4,"mi":16}},{"type":"Feature","geometry":{"type":"Point","coordinates":[22.420293,39.62569]},"properties":{"lines":"10","color":"#0059a9","mode":"bus","arr":["10"],"angle":-9,"mi":14}},{"type":"Feature","geometry":{"type":"Point","coordinates":[22.419905,39.623958]},"properties":{"lines":"10","color":"#0059a9","mode":"bus","arr":["10"],"angle":85.8,"mi":9}},{"type":"Feature","geometry":{"type":"Point","coordinates":[22.419722,39.622207]},"properties":{"lines":"10","color":"#0059a9","mode":"bus","arr":["10"],"angle":-13.6,"mi":3}},{"type":"Feature","geometry":{"type":"Point","coordinates":[22.419807,39.619508]},"properties":{"lines":"10","color":"#0059a9","mode":"bus","arr":["10"],"angle":75.8}},{"type":"Feature","geometry":{"type":"Point","coordinates":[22.419257,39.621157]},"properties":{"lines":"10","color":"#0059a9","mode":"bus","arr":["10"],"angle":79.7,"extra":1,"ei":0}},{"type":"Feature","geometry":{"type":"Point","coordinates":[22.420467,39.617497]},"properties":{"lines":"10","color":"#0059a9","mode":"bus","arr":["10"],"angle":75.9,"extra":1,"ei":1}},{"type":"Feature","geometry":{"type":"Point","coordinates":[22.412624,39.615863]},"properties":{"lines":"10","color":"#0059a9","mode":"bus","arr":["10"],"angle":-1.6,"mi":7}},{"type":"Feature","geometry":{"type":"Point","coordinates":[22.419849,39.616786]},"properties":{"lines":"10","color":"#0059a9","mode":"bus","arr":["10"],"angle":-14.8,"mi":2}},{"type":"Feature","geometry":{"type":"Point","coordinates":[22.420852,39.610998]},"properties":{"lines":"10","color":"#0059a9","mode":"bus","arr":["10"],"angle":77.8,"mi":17}},{"type":"Feature","geometry":{"type":"Point","coordinates":[22.42171,39.606209]},"properties":{"lines":"10","color":"#0059a9","mode":"bus","arr":["10"],"angle":-86.2,"extra":1,"ei":0}},{"type":"Feature","geometry":{"type":"Point","coordinates":[22.421636,39.608094]},"properties":{"lines":"10","color":"#0059a9","mode":"bus","arr":["10"],"angle":82.3,"extra":1,"ei":1}},{"type":"Feature","geometry":{"type":"Point","coordinates":[22.420112,39.613636]},"properties":{"lines":"10","color":"#0059a9","mode":"bus","arr":["10"],"angle":77.8,"extra":1,"ei":2}},{"type":"Feature","geometry":{"type":"Point","coordinates":[22.419594,39.615482]},"properties":{"lines":"10","color":"#0059a9","mode":"bus","arr":["10"],"angle":77.8,"extra":1,"ei":3}},{"type":"Feature","geometry":{"type":"Point","coordinates":[22.423024,39.605469]},"properties":{"lines":"10","color":"#0059a9","mode":"bus","arr":["10"],"angle":-9.8,"mi":21}},{"type":"Feature","geometry":{"type":"Point","coordinates":[22.425653,39.605722]},"properties":{"lines":"10","color":"#0059a9","mode":"bus","arr":["10"],"angle":-6.4,"mi":22}},{"type":"Feature","geometry":{"type":"Point","coordinates":[22.425765,39.608583]},"properties":{"lines":"10","color":"#0059a9","mode":"bus","arr":["10"],"angle":74.9,"mi":20}},{"type":"Feature","geometry":{"type":"Point","coordinates":[22.425074,39.610433]},"properties":{"lines":"10","color":"#0059a9","mode":"bus","arr":["10"],"angle":73.9,"extra":1,"ei":0}},{"type":"Feature","geometry":{"type":"Point","coordinates":[22.426465,39.606812]},"properties":{"lines":"10","color":"#0059a9","mode":"bus","arr":["10"],"angle":71,"extra":1,"ei":1}},{"type":"Feature","geometry":{"type":"Point","coordinates":[22.416191,39.610431]},"properties":{"lines":"10, 60","color":"#0059a9","mode":"bus","arr":["10","60"],"angle":27.7}},{"type":"Feature","geometry":{"type":"Point","coordinates":[22.423537,39.611131]},"properties":{"lines":"10, 60","color":"#0059a9","mode":"bus","arr":["10","60"],"angle":-12.8,"extra":1,"ei":0}},{"type":"Feature","geometry":{"type":"Point","coordinates":[22.421146,39.610712]},"properties":{"lines":"10, 60","color":"#0059a9","mode":"bus","arr":["10","60"],"angle":-12.8,"extra":1,"ei":1,"side":-1}},{"type":"Feature","geometry":{"type":"Point","coordinates":[22.418743,39.610359]},"properties":{"lines":"10, 60","color":"#0059a9","mode":"bus","arr":["10","60"],"angle":-1,"extra":1,"ei":2}},{"type":"Feature","geometry":{"type":"Point","coordinates":[22.414413,39.611591]},"properties":{"lines":"10, 60","color":"#0059a9","mode":"bus","arr":["10","60"],"angle":38,"extra":1,"ei":3}},{"type":"Feature","geometry":{"type":"Point","coordinates":[22.412284,39.612523]},"properties":{"lines":"10, 60","color":"#0059a9","mode":"bus","arr":["10","60"],"angle":27.5,"extra":1,"ei":4}},{"type":"Feature","geometry":{"type":"Point","coordinates":[22.410129,39.613424]},"properties":{"lines":"10, 60","color":"#0059a9","mode":"bus","arr":["10","60"],"angle":27.8,"extra":1,"ei":5}},{"type":"Feature","geometry":{"type":"Point","coordinates":[22.427947,39.611875]},"properties":{"lines":"60","color":"#0059a9","mode":"bus","arr":["60"],"angle":-12.5,"side":-1,"mi":1}},{"type":"Feature","geometry":{"type":"Point","coordinates":[22.406649,39.614463]},"properties":{"lines":"60","color":"#0059a9","mode":"bus","arr":["60"],"angle":25.3,"mi":3}},{"type":"Feature","geometry":{"type":"Point","coordinates":[22.425932,39.611539]},"properties":{"lines":"60","color":"#0059a9","mode":"bus","arr":["60"],"angle":-12.2,"extra":1,"ei":0}},{"type":"Feature","geometry":{"type":"Point","coordinates":[22.430724,39.612343]},"properties":{"lines":"60","color":"#0059a9","mode":"bus","arr":["60"],"angle":-12.3,"extra":1,"ei":1}},{"type":"Feature","geometry":{"type":"Point","coordinates":[22.408824,39.614882]},"properties":{"lines":"10","color":"#0059a9","mode":"bus","arr":["10"],"angle":-87.7,"mi":19}},{"type":"Feature","geometry":{"type":"Point","coordinates":[22.409369,39.6166]},"properties":{"lines":"10","color":"#0059a9","mode":"bus","arr":["10"],"angle":-61.3,"mi":15}},{"type":"Feature","geometry":{"type":"Point","coordinates":[22.422538,39.622001]},"properties":{"lines":"10","color":"#0059a9","mode":"bus","arr":["10"],"angle":-13.9,"mi":6}},{"type":"Feature","geometry":{"type":"Point","coordinates":[22.420427,39.621598]},"properties":{"lines":"10","color":"#0059a9","mode":"bus","arr":["10"],"angle":-13.9,"extra":1,"ei":0}},{"type":"Feature","geometry":{"type":"Point","coordinates":[22.425161,39.622568]},"properties":{"lines":"10","color":"#0059a9","mode":"bus","arr":["10"],"angle":-25.3,"extra":1,"ei":1}},{"type":"Feature","geometry":{"type":"Point","coordinates":[22.410669,39.616966]},"properties":{"lines":"10","color":"#0059a9","mode":"bus","arr":["10"],"angle":19.4,"mi":11}},{"type":"Feature","geometry":{"type":"Point","coordinates":[22.41136,39.616371]},"properties":{"lines":"10","color":"#0059a9","mode":"bus","arr":["10"],"angle":87.7,"mi":10}},{"type":"Feature","geometry":{"type":"Point","coordinates":[22.413764,39.617368]},"properties":{"lines":"10","color":"#0059a9","mode":"bus","arr":["10"],"angle":87,"mi":4}},{"type":"Feature","geometry":{"type":"Point","coordinates":[22.414249,39.618648]},"properties":{"lines":"10","color":"#0059a9","mode":"bus","arr":["10"],"angle":-60.5,"extra":1,"ei":0}},{"type":"Feature","geometry":{"type":"Point","coordinates":[22.416671,39.617669]},"properties":{"lines":"10","color":"#0059a9","mode":"bus","arr":["10"],"angle":29.1,"mi":1}},{"type":"Feature","geometry":{"type":"Point","coordinates":[22.420394,39.625185]},"properties":{"lines":"10","color":"#0059a9","mode":"bus","arr":["10"],"angle":-7.5,"mi":13}},{"type":"Feature","geometry":{"type":"Point","coordinates":[22.415991,39.631366]},"properties":{"lines":"10, 12, 15","color":"#0059a9","mode":"bus","arr":["10","12","15"],"angle":14,"mi":1}},{"type":"Feature","geometry":{"type":"Point","coordinates":[22.418618,39.630907]},"properties":{"lines":"10, 12, 15","color":"#0059a9","mode":"bus","arr":["10","12","15"],"angle":-1.4}},{"type":"Feature","geometry":{"type":"Point","coordinates":[22.421153,39.622615]},"properties":{"lines":"10","color":"#0059a9","mode":"bus","arr":["10"],"angle":-14.4,"mi":5}},{"type":"Feature","geometry":{"type":"Point","coordinates":[22.422936,39.624171]},"properties":{"lines":"10","color":"#0059a9","mode":"bus","arr":["10"],"angle":-22.4,"mi":12}},{"type":"Feature","geometry":{"type":"Point","coordinates":[22.426993,39.627348]},"properties":{"lines":"11","color":"#0059a9","mode":"bus","arr":["11"],"angle":-22.7,"mi":12}},{"type":"Feature","geometry":{"type":"Point","coordinates":[22.424483,39.626126]},"properties":{"lines":"11","color":"#0059a9","mode":"bus","arr":["11"],"angle":-28.4,"extra":1,"ei":0}},{"type":"Feature","geometry":{"type":"Point","coordinates":[22.428766,39.627923]},"properties":{"lines":"11","color":"#0059a9","mode":"bus","arr":["11"],"angle":-23.1,"extra":1,"ei":1}},{"type":"Feature","geometry":{"type":"Point","coordinates":[22.430863,39.628619]},"properties":{"lines":"11","color":"#0059a9","mode":"bus","arr":["11"],"angle":62.2,"mi":1}},{"type":"Feature","geometry":{"type":"Point","coordinates":[22.430846,39.624233]},"properties":{"lines":"11","color":"#0059a9","mode":"bus","arr":["11"],"angle":-70.9,"mi":7}},{"type":"Feature","geometry":{"type":"Point","coordinates":[22.4317,39.626142]},"properties":{"lines":"11","color":"#0059a9","mode":"bus","arr":["11"],"angle":-71,"extra":1,"ei":0}},{"type":"Feature","geometry":{"type":"Point","coordinates":[22.430159,39.622557]},"properties":{"lines":"11","color":"#0059a9","mode":"bus","arr":["11"],"angle":-75.7,"extra":1,"ei":1}},{"type":"Feature","geometry":{"type":"Point","coordinates":[22.432293,39.625497]},"properties":{"lines":"11","color":"#0059a9","mode":"bus","arr":["11"],"angle":-17.2,"mi":2}},{"type":"Feature","geometry":{"type":"Point","coordinates":[22.433293,39.626417]},"properties":{"lines":"11","color":"#0059a9","mode":"bus","arr":["11"],"angle":-71.5}},{"type":"Feature","geometry":{"type":"Point","coordinates":[22.401832,39.63997]},"properties":{"lines":"14","color":"#0059a9","mode":"bus","arr":["14"],"angle":78.3,"mi":3}},{"type":"Feature","geometry":{"type":"Point","coordinates":[22.400749,39.636135]},"properties":{"lines":"14","color":"#0059a9","mode":"bus","arr":["14"],"angle":59.1,"mi":6}},{"type":"Feature","geometry":{"type":"Point","coordinates":[22.401845,39.642569]},"properties":{"lines":"14","color":"#0059a9","mode":"bus","arr":["14"],"angle":-74.6,"extra":1,"ei":0}},{"type":"Feature","geometry":{"type":"Point","coordinates":[22.401474,39.635411]},"properties":{"lines":"11","color":"#0059a9","mode":"bus","arr":["11"],"angle":43.6,"mi":4}},{"type":"Feature","geometry":{"type":"Point","coordinates":[22.404506,39.636783]},"properties":{"lines":"11","color":"#0059a9","mode":"bus","arr":["11"],"angle":-39.6,"mi":1}},{"type":"Feature","geometry":{"type":"Point","coordinates":[22.40291,39.635742]},"properties":{"lines":"11","color":"#0059a9","mode":"bus","arr":["11"],"angle":-44.1,"extra":1,"ei":0}},{"type":"Feature","geometry":{"type":"Point","coordinates":[22.406996,39.637756]},"properties":{"lines":"11","color":"#0059a9","mode":"bus","arr":["11"],"angle":-19.1,"extra":1,"ei":1}},{"type":"Feature","geometry":{"type":"Point","coordinates":[22.407928,39.637956]},"properties":{"lines":"11","color":"#0059a9","mode":"bus","arr":["11"],"angle":-13.7}},{"type":"Feature","geometry":{"type":"Point","coordinates":[22.409787,39.638351]},"properties":{"lines":"11","color":"#0059a9","mode":"bus","arr":["11"],"angle":-4.3,"mi":2}},{"type":"Feature","geometry":{"type":"Point","coordinates":[22.41136,39.638444]},"properties":{"lines":"11","color":"#0059a9","mode":"bus","arr":["11"],"angle":-4.4,"mi":3}},{"type":"Feature","geometry":{"type":"Point","coordinates":[22.434612,39.626915]},"properties":{"lines":"11","color":"#0059a9","mode":"bus","arr":["11"],"angle":18.7,"mi":3}},{"type":"Feature","geometry":{"type":"Point","coordinates":[22.435315,39.626398]},"properties":{"lines":"11","color":"#0059a9","mode":"bus","arr":["11"],"angle":-48.9,"mi":5}},{"type":"Feature","geometry":{"type":"Point","coordinates":[22.436419,39.625366]},"properties":{"lines":"11","color":"#0059a9","mode":"bus","arr":["11"],"angle":35.7,"mi":11}},{"type":"Feature","geometry":{"type":"Point","coordinates":[22.440616,39.626211]},"properties":{"lines":"11","color":"#0059a9","mode":"bus","arr":["11"],"angle":-40.9,"mi":16}},{"type":"Feature","geometry":{"type":"Point","coordinates":[22.438681,39.625062]},"properties":{"lines":"11","color":"#0059a9","mode":"bus","arr":["11"],"angle":-37.2,"extra":1,"ei":0}},{"type":"Feature","geometry":{"type":"Point","coordinates":[22.442421,39.6275]},"properties":{"lines":"11","color":"#0059a9","mode":"bus","arr":["11"],"angle":-42.8,"extra":1,"ei":1}},{"type":"Feature","geometry":{"type":"Point","coordinates":[22.439552,39.629941]},"properties":{"lines":"11","color":"#0059a9","mode":"bus","arr":["11"],"angle":28.6,"mi":15}},{"type":"Feature","geometry":{"type":"Point","coordinates":[22.436744,39.631133]},"properties":{"lines":"11","color":"#0059a9","mode":"bus","arr":["11"],"angle":30.2,"extra":1,"ei":0}},{"type":"Feature","geometry":{"type":"Point","coordinates":[22.441029,39.629296]},"properties":{"lines":"11","color":"#0059a9","mode":"bus","arr":["11"],"angle":31.1,"extra":1,"ei":1}},{"type":"Feature","geometry":{"type":"Point","coordinates":[22.443076,39.628257]},"properties":{"lines":"11","color":"#0059a9","mode":"bus","arr":["11"],"angle":33.8,"extra":1,"ei":2}},{"type":"Feature","geometry":{"type":"Point","coordinates":[22.433729,39.63095]},"properties":{"lines":"11","color":"#0059a9","mode":"bus","arr":["11"],"angle":-14.7,"mi":10}},{"type":"Feature","geometry":{"type":"Point","coordinates":[22.435325,39.631374]},"properties":{"lines":"11","color":"#0059a9","mode":"bus","arr":["11"],"angle":-19,"extra":1,"ei":0}},{"type":"Feature","geometry":{"type":"Point","coordinates":[22.431332,39.630551]},"properties":{"lines":"11","color":"#0059a9","mode":"bus","arr":["11"],"angle":12.5,"mi":8}},{"type":"Feature","geometry":{"type":"Point","coordinates":[22.430307,39.630393]},"properties":{"lines":"11","color":"#0059a9","mode":"bus","arr":["11"],"angle":-33.6,"mi":9}},{"type":"Feature","geometry":{"type":"Point","coordinates":[22.429553,39.626939]},"properties":{"lines":"11","color":"#0059a9","mode":"bus","arr":["11"],"angle":66.4,"mi":4}},{"type":"Feature","geometry":{"type":"Point","coordinates":[22.428819,39.625622]},"properties":{"lines":"11","color":"#0059a9","mode":"bus","arr":["11"],"angle":-15.9,"mi":6}},{"type":"Feature","geometry":{"type":"Point","coordinates":[22.427025,39.62642]},"properties":{"lines":"11","color":"#0059a9","mode":"bus","arr":["11"],"angle":71,"mi":13}},{"type":"Feature","geometry":{"type":"Point","coordinates":[22.424558,39.626586]},"properties":{"lines":"11","color":"#0059a9","mode":"bus","arr":["11"],"angle":-29.1,"mi":14}},{"type":"Feature","geometry":{"type":"Point","coordinates":[22.43049,39.638101]},"properties":{"lines":"12, 13, 60","color":"#0059a9","mode":"bus","arr":["12","13","60"],"angle":80.3}},{"type":"Feature","geometry":{"type":"Point","coordinates":[22.43029,39.635648]},"properties":{"lines":"12, 13, 60","color":"#0059a9","mode":"bus","arr":["12","13","60"],"angle":-60,"extra":1,"ei":0}},{"type":"Feature","geometry":{"type":"Point","coordinates":[22.430234,39.639256]},"properties":{"lines":"12, 13, 60","color":"#0059a9","mode":"bus","arr":["12","13","60"],"angle":80.4,"extra":1,"ei":0}},{"type":"Feature","geometry":{"type":"Point","coordinates":[22.429833,39.641119]},"properties":{"lines":"12, 13, 60","color":"#0059a9","mode":"bus","arr":["12","13","60"],"angle":80.5,"extra":1,"ei":1}},{"type":"Feature","geometry":{"type":"Point","coordinates":[22.426362,39.632734]},"properties":{"lines":"12","color":"#0059a9","mode":"bus","arr":["12"],"angle":-19.4}},{"type":"Feature","geometry":{"type":"Point","coordinates":[22.428794,39.633976]},"properties":{"lines":"12","color":"#0059a9","mode":"bus","arr":["12"],"angle":-54.8,"extra":1,"ei":0}},{"type":"Feature","geometry":{"type":"Point","coordinates":[22.424607,39.632246]},"properties":{"lines":"12","color":"#0059a9","mode":"bus","arr":["12"],"angle":-20.6,"extra":1,"ei":1}},{"type":"Feature","geometry":{"type":"Point","coordinates":[22.403816,39.618235]},"properties":{"lines":"12","color":"#0059a9","mode":"bus","arr":["12"],"angle":48.3,"mi":2}},{"type":"Feature","geometry":{"type":"Point","coordinates":[22.402359,39.620108]},"properties":{"lines":"12, 60","color":"#0059a9","mode":"bus","arr":["12","60"],"angle":60.1}},{"type":"Feature","geometry":{"type":"Point","coordinates":[22.39508,39.62338]},"properties":{"lines":"12","color":"#0059a9","mode":"bus","arr":["12"],"angle":-53.4}},{"type":"Feature","geometry":{"type":"Point","coordinates":[22.397043,39.625387]},"properties":{"lines":"12","color":"#0059a9","mode":"bus","arr":["12"],"angle":-53.2,"extra":1,"ei":0}},{"type":"Feature","geometry":{"type":"Point","coordinates":[22.394108,39.62236]},"properties":{"lines":"12","color":"#0059a9","mode":"bus","arr":["12"],"angle":-53.6,"extra":1,"ei":1}},{"type":"Feature","geometry":{"type":"Point","coordinates":[22.391948,39.62156]},"properties":{"lines":"12","color":"#0059a9","mode":"bus","arr":["12"],"angle":-22.6,"extra":1,"ei":2}},{"type":"Feature","geometry":{"type":"Point","coordinates":[22.388039,39.625338]},"properties":{"lines":"12","color":"#0059a9","mode":"bus","arr":["12"],"angle":58,"mi":1}},{"type":"Feature","geometry":{"type":"Point","coordinates":[22.390634,39.622143]},"properties":{"lines":"12","color":"#0059a9","mode":"bus","arr":["12"],"angle":57.1,"extra":1,"ei":0}},{"type":"Feature","geometry":{"type":"Point","coordinates":[22.389332,39.623744]},"properties":{"lines":"12","color":"#0059a9","mode":"bus","arr":["12"],"angle":58.3,"extra":1,"ei":1}},{"type":"Feature","geometry":{"type":"Point","coordinates":[22.386737,39.626949]},"properties":{"lines":"12","color":"#0059a9","mode":"bus","arr":["12"],"angle":57.9,"extra":1,"ei":2}},{"type":"Feature","geometry":{"type":"Point","coordinates":[22.385435,39.628549]},"properties":{"lines":"12","color":"#0059a9","mode":"bus","arr":["12"],"angle":57.9,"extra":1,"ei":3}},{"type":"Feature","geometry":{"type":"Point","coordinates":[22.423728,39.631876]},"properties":{"lines":"12, 60","color":"#0059a9","mode":"bus","arr":["12","60"],"angle":-19.7,"side":-1}},{"type":"Feature","geometry":{"type":"Point","coordinates":[22.42108,39.631267]},"properties":{"lines":"12, 60","color":"#0059a9","mode":"bus","arr":["12","60"],"angle":-14.5,"extra":1,"ei":0,"side":-1}},{"type":"Feature","geometry":{"type":"Point","coordinates":[22.425733,39.632454]},"properties":{"lines":"12, 60","color":"#0059a9","mode":"bus","arr":["12","60"],"angle":-19.5,"extra":1,"ei":1,"side":-1}},{"type":"Feature","geometry":{"type":"Point","coordinates":[22.39781,39.62641]},"properties":{"lines":"13","color":"#0059a9","mode":"bus","arr":["13"],"angle":2.2,"mi":2}},{"type":"Feature","geometry":{"type":"Point","coordinates":[22.398868,39.627739]},"properties":{"lines":"13","color":"#0059a9","mode":"bus","arr":["13"],"angle":10}},{"type":"Feature","geometry":{"type":"Point","coordinates":[22.489032,39.772802]},"properties":{"lines":"13","color":"#0059a9","mode":"bus","arr":["13"],"angle":25.8}},{"type":"Feature","geometry":{"type":"Point","coordinates":[22.482544,39.764558]},"properties":{"lines":"13","color":"#0059a9","mode":"bus","arr":["13"],"angle":-64.7,"extra":1,"ei":0}},{"type":"Feature","geometry":{"type":"Point","coordinates":[22.483592,39.766266]},"properties":{"lines":"13","color":"#0059a9","mode":"bus","arr":["13"],"angle":-64.7,"extra":1,"ei":1}},{"type":"Feature","geometry":{"type":"Point","coordinates":[22.484639,39.767974]},"properties":{"lines":"13","color":"#0059a9","mode":"bus","arr":["13"],"angle":-64.7,"extra":1,"ei":2}},{"type":"Feature","geometry":{"type":"Point","coordinates":[22.485687,39.769681]},"properties":{"lines":"13","color":"#0059a9","mode":"bus","arr":["13"],"angle":-64.7,"extra":1,"ei":3}},{"type":"Feature","geometry":{"type":"Point","coordinates":[22.486736,39.771388]},"properties":{"lines":"13","color":"#0059a9","mode":"bus","arr":["13"],"angle":-64.7,"extra":1,"ei":4}},{"type":"Feature","geometry":{"type":"Point","coordinates":[22.490035,39.771063]},"properties":{"lines":"13","color":"#0059a9","mode":"bus","arr":["13"],"angle":-65,"extra":1,"ei":5}},{"type":"Feature","geometry":{"type":"Point","coordinates":[22.489,39.769351]},"properties":{"lines":"13","color":"#0059a9","mode":"bus","arr":["13"],"angle":-65,"extra":1,"ei":6}},{"type":"Feature","geometry":{"type":"Point","coordinates":[22.487952,39.767643]},"properties":{"lines":"13","color":"#0059a9","mode":"bus","arr":["13"],"angle":-64.6,"extra":1,"ei":7}},{"type":"Feature","geometry":{"type":"Point","coordinates":[22.486902,39.765936]},"properties":{"lines":"13","color":"#0059a9","mode":"bus","arr":["13"],"angle":-64.6,"extra":1,"ei":8}},{"type":"Feature","geometry":{"type":"Point","coordinates":[22.485852,39.76423]},"properties":{"lines":"13","color":"#0059a9","mode":"bus","arr":["13"],"angle":-64.6,"extra":1,"ei":9}},{"type":"Feature","geometry":{"type":"Point","coordinates":[22.494168,39.770899]},"properties":{"lines":"13","color":"#0059a9","mode":"bus","arr":["13"],"angle":25.3,"mi":1}},{"type":"Feature","geometry":{"type":"Point","coordinates":[22.491976,39.762495]},"properties":{"lines":"13","color":"#0059a9","mode":"bus","arr":["13"],"angle":85.8,"extra":1,"ei":0}},{"type":"Feature","geometry":{"type":"Point","coordinates":[22.492041,39.764376]},"properties":{"lines":"13","color":"#0059a9","mode":"bus","arr":["13"],"angle":-81.2,"extra":1,"ei":1}},{"type":"Feature","geometry":{"type":"Point","coordinates":[22.492944,39.766123]},"properties":{"lines":"13","color":"#0059a9","mode":"bus","arr":["13"],"angle":-64.8,"extra":1,"ei":2}},{"type":"Feature","geometry":{"type":"Point","coordinates":[22.493986,39.767833]},"properties":{"lines":"13","color":"#0059a9","mode":"bus","arr":["13"],"angle":-64.9,"extra":1,"ei":3}},{"type":"Feature","geometry":{"type":"Point","coordinates":[22.495028,39.769543]},"properties":{"lines":"13","color":"#0059a9","mode":"bus","arr":["13"],"angle":-65.1,"extra":1,"ei":4}},{"type":"Feature","geometry":{"type":"Point","coordinates":[22.492583,39.770455]},"properties":{"lines":"13","color":"#0059a9","mode":"bus","arr":["13"],"angle":-64.8,"extra":1,"ei":5}},{"type":"Feature","geometry":{"type":"Point","coordinates":[22.491538,39.768747]},"properties":{"lines":"13","color":"#0059a9","mode":"bus","arr":["13"],"angle":-64.8,"extra":1,"ei":6}},{"type":"Feature","geometry":{"type":"Point","coordinates":[22.490493,39.767038]},"properties":{"lines":"13","color":"#0059a9","mode":"bus","arr":["13"],"angle":-64.8,"extra":1,"ei":7}},{"type":"Feature","geometry":{"type":"Point","coordinates":[22.489449,39.765329]},"properties":{"lines":"13","color":"#0059a9","mode":"bus","arr":["13"],"angle":-64.8,"extra":1,"ei":8}},{"type":"Feature","geometry":{"type":"Point","coordinates":[22.48841,39.763619]},"properties":{"lines":"13","color":"#0059a9","mode":"bus","arr":["13"],"angle":-65.4,"extra":1,"ei":9}},{"type":"Feature","geometry":{"type":"Point","coordinates":[22.485235,39.759452]},"properties":{"lines":"13","color":"#0059a9","mode":"bus","arr":["13"],"angle":31.7}},{"type":"Feature","geometry":{"type":"Point","coordinates":[22.487573,39.761509]},"properties":{"lines":"13","color":"#0059a9","mode":"bus","arr":["13"],"angle":-84.1,"extra":1,"ei":0}},{"type":"Feature","geometry":{"type":"Point","coordinates":[22.487323,39.75963]},"properties":{"lines":"13","color":"#0059a9","mode":"bus","arr":["13"],"angle":-84.1,"extra":1,"ei":1}},{"type":"Feature","geometry":{"type":"Point","coordinates":[22.485084,39.761007]},"properties":{"lines":"13","color":"#0059a9","mode":"bus","arr":["13"],"angle":52.2,"extra":1,"ei":2}},{"type":"Feature","geometry":{"type":"Point","coordinates":[22.48269,39.761389]},"properties":{"lines":"13","color":"#0059a9","mode":"bus","arr":["13"],"angle":11.5,"extra":1,"ei":3}},{"type":"Feature","geometry":{"type":"Point","coordinates":[22.398673,39.627028]},"properties":{"lines":"13","color":"#0059a9","mode":"bus","arr":["13"],"angle":-52.8,"mi":1}},{"type":"Feature","geometry":{"type":"Point","coordinates":[22.398545,39.630178]},"properties":{"lines":"13","color":"#0059a9","mode":"bus","arr":["13"],"angle":88.3,"mi":3}},{"type":"Feature","geometry":{"type":"Point","coordinates":[22.398599,39.628706]},"properties":{"lines":"13","color":"#0059a9","mode":"bus","arr":["13"],"angle":-88.6,"extra":1,"ei":0}},{"type":"Feature","geometry":{"type":"Point","coordinates":[22.39846,39.632481]},"properties":{"lines":"13","color":"#0059a9","mode":"bus","arr":["13"],"angle":88,"extra":1,"ei":1}},{"type":"Feature","geometry":{"type":"Point","coordinates":[22.460311,39.707112]},"properties":{"lines":"13, 60","color":"#0059a9","mode":"bus","arr":["13","60"],"angle":-77.8}},{"type":"Feature","geometry":{"type":"Point","coordinates":[22.472361,39.744998]},"properties":{"lines":"13, 60","color":"#0059a9","mode":"bus","arr":["13","60"],"angle":-79,"mi":1}},{"type":"Feature","geometry":{"type":"Point","coordinates":[22.449868,39.671315]},"properties":{"lines":"13, 60","color":"#0059a9","mode":"bus","arr":["13","60"],"angle":-67,"extra":1,"ei":0,"side":-1}},{"type":"Feature","geometry":{"type":"Point","coordinates":[22.471849,39.742586]},"properties":{"lines":"13, 60","color":"#0059a9","mode":"bus","arr":["13","60"],"angle":-75.6,"extra":1,"ei":0,"side":-1}},{"type":"Feature","geometry":{"type":"Point","coordinates":[22.471238,39.740757]},"properties":{"lines":"13, 60","color":"#0059a9","mode":"bus","arr":["13","60"],"angle":-75.6,"extra":1,"ei":1,"side":-1}},{"type":"Feature","geometry":{"type":"Point","coordinates":[22.470627,39.738928]},"properties":{"lines":"13, 60","color":"#0059a9","mode":"bus","arr":["13","60"],"angle":-75,"extra":1,"ei":2,"side":-1}},{"type":"Feature","geometry":{"type":"Point","coordinates":[22.469974,39.737104]},"properties":{"lines":"13, 60","color":"#0059a9","mode":"bus","arr":["13","60"],"angle":-76.5,"extra":1,"ei":0}},{"type":"Feature","geometry":{"type":"Point","coordinates":[22.469407,39.735266]},"properties":{"lines":"13, 60","color":"#0059a9","mode":"bus","arr":["13","60"],"angle":-76,"extra":1,"ei":1}},{"type":"Feature","geometry":{"type":"Point","coordinates":[22.468792,39.733438]},"properties":{"lines":"13, 60","color":"#0059a9","mode":"bus","arr":["13","60"],"angle":-75.5,"extra":1,"ei":2}},{"type":"Feature","geometry":{"type":"Point","coordinates":[22.468178,39.73161]},"properties":{"lines":"13, 60","color":"#0059a9","mode":"bus","arr":["13","60"],"angle":-75.5,"extra":1,"ei":3}},{"type":"Feature","geometry":{"type":"Point","coordinates":[22.467558,39.729782]},"properties":{"lines":"13, 60","color":"#0059a9","mode":"bus","arr":["13","60"],"angle":-75.2,"extra":1,"ei":4}},{"type":"Feature","geometry":{"type":"Point","coordinates":[22.466933,39.727956]},"properties":{"lines":"13, 60","color":"#0059a9","mode":"bus","arr":["13","60"],"angle":-75.4,"extra":1,"ei":5}},{"type":"Feature","geometry":{"type":"Point","coordinates":[22.466316,39.726128]},"properties":{"lines":"13, 60","color":"#0059a9","mode":"bus","arr":["13","60"],"angle":-75.5,"extra":1,"ei":6}},{"type":"Feature","geometry":{"type":"Point","coordinates":[22.465707,39.724299]},"properties":{"lines":"13, 60","color":"#0059a9","mode":"bus","arr":["13","60"],"angle":-75.8,"extra":1,"ei":7}},{"type":"Feature","geometry":{"type":"Point","coordinates":[22.465103,39.722469]},"properties":{"lines":"13, 60","color":"#0059a9","mode":"bus","arr":["13","60"],"angle":-75.7,"extra":1,"ei":8}},{"type":"Feature","geometry":{"type":"Point","coordinates":[22.464498,39.720638]},"properties":{"lines":"13, 60","color":"#0059a9","mode":"bus","arr":["13","60"],"angle":-75.7,"extra":1,"ei":9}},{"type":"Feature","geometry":{"type":"Point","coordinates":[22.463883,39.71881]},"properties":{"lines":"13, 60","color":"#0059a9","mode":"bus","arr":["13","60"],"angle":-75.4,"extra":1,"ei":10}},{"type":"Feature","geometry":{"type":"Point","coordinates":[22.463273,39.716981]},"properties":{"lines":"13, 60","color":"#0059a9","mode":"bus","arr":["13","60"],"angle":-75.6,"extra":1,"ei":11}},{"type":"Feature","geometry":{"type":"Point","coordinates":[22.462659,39.715153]},"properties":{"lines":"13, 60","color":"#0059a9","mode":"bus","arr":["13","60"],"angle":-75.8,"extra":1,"ei":12}},{"type":"Feature","geometry":{"type":"Point","coordinates":[22.462078,39.713318]},"properties":{"lines":"13, 60","color":"#0059a9","mode":"bus","arr":["13","60"],"angle":-77.4,"extra":1,"ei":13}},{"type":"Feature","geometry":{"type":"Point","coordinates":[22.461551,39.711473]},"properties":{"lines":"13, 60","color":"#0059a9","mode":"bus","arr":["13","60"],"angle":-77.8,"extra":1,"ei":14}},{"type":"Feature","geometry":{"type":"Point","coordinates":[22.461026,39.709629]},"properties":{"lines":"13, 60","color":"#0059a9","mode":"bus","arr":["13","60"],"angle":-77.6,"extra":1,"ei":15}},{"type":"Feature","geometry":{"type":"Point","coordinates":[22.459981,39.705938]},"properties":{"lines":"13, 60","color":"#0059a9","mode":"bus","arr":["13","60"],"angle":-77.8,"extra":1,"ei":16}},{"type":"Feature","geometry":{"type":"Point","coordinates":[22.459456,39.704093]},"properties":{"lines":"13, 60","color":"#0059a9","mode":"bus","arr":["13","60"],"angle":-77.7,"extra":1,"ei":17}},{"type":"Feature","geometry":{"type":"Point","coordinates":[22.458978,39.702243]},"properties":{"lines":"13, 60","color":"#0059a9","mode":"bus","arr":["13","60"],"angle":-78.6,"extra":1,"ei":18,"side":-1}},{"type":"Feature","geometry":{"type":"Point","coordinates":[22.45845,39.700399]},"properties":{"lines":"13, 60","color":"#0059a9","mode":"bus","arr":["13","60"],"angle":-77.1,"extra":1,"ei":19,"side":-1}},{"type":"Feature","geometry":{"type":"Point","coordinates":[22.45792,39.698557]},"properties":{"lines":"13, 60","color":"#0059a9","mode":"bus","arr":["13","60"],"angle":-78.1,"extra":1,"ei":20}},{"type":"Feature","geometry":{"type":"Point","coordinates":[22.45738,39.696715]},"properties":{"lines":"13, 60","color":"#0059a9","mode":"bus","arr":["13","60"],"angle":-77.1,"extra":1,"ei":21}},{"type":"Feature","geometry":{"type":"Point","coordinates":[22.456841,39.694873]},"properties":{"lines":"13, 60","color":"#0059a9","mode":"bus","arr":["13","60"],"angle":-77.2,"extra":1,"ei":22}},{"type":"Feature","geometry":{"type":"Point","coordinates":[22.456307,39.69303]},"properties":{"lines":"13, 60","color":"#0059a9","mode":"bus","arr":["13","60"],"angle":-77.5,"extra":1,"ei":23}},{"type":"Feature","geometry":{"type":"Point","coordinates":[22.455779,39.691185]},"properties":{"lines":"13, 60","color":"#0059a9","mode":"bus","arr":["13","60"],"angle":-77.7,"extra":1,"ei":24}},{"type":"Feature","geometry":{"type":"Point","coordinates":[22.45526,39.689339]},"properties":{"lines":"13, 60","color":"#0059a9","mode":"bus","arr":["13","60"],"angle":-77.6,"extra":1,"ei":25}},{"type":"Feature","geometry":{"type":"Point","coordinates":[22.454735,39.687495]},"properties":{"lines":"13, 60","color":"#0059a9","mode":"bus","arr":["13","60"],"angle":-77.6,"extra":1,"ei":26}},{"type":"Feature","geometry":{"type":"Point","coordinates":[22.454208,39.68565]},"properties":{"lines":"13, 60","color":"#0059a9","mode":"bus","arr":["13","60"],"angle":-77.6,"extra":1,"ei":27}},{"type":"Feature","geometry":{"type":"Point","coordinates":[22.453681,39.683806]},"properties":{"lines":"13, 60","color":"#0059a9","mode":"bus","arr":["13","60"],"angle":-77.6,"extra":1,"ei":28}},{"type":"Feature","geometry":{"type":"Point","coordinates":[22.45316,39.68196]},"properties":{"lines":"13, 60","color":"#0059a9","mode":"bus","arr":["13","60"],"angle":-77.8,"extra":1,"ei":29}},{"type":"Feature","geometry":{"type":"Point","coordinates":[22.45264,39.680115]},"properties":{"lines":"13, 60","color":"#0059a9","mode":"bus","arr":["13","60"],"angle":-77.7,"extra":1,"ei":30}},{"type":"Feature","geometry":{"type":"Point","coordinates":[22.452114,39.67827]},"properties":{"lines":"13, 60","color":"#0059a9","mode":"bus","arr":["13","60"],"angle":-77.5,"extra":1,"ei":31}},{"type":"Feature","geometry":{"type":"Point","coordinates":[22.451587,39.676426]},"properties":{"lines":"13, 60","color":"#0059a9","mode":"bus","arr":["13","60"],"angle":-77.8,"extra":1,"ei":32}},{"type":"Feature","geometry":{"type":"Point","coordinates":[22.451068,39.67458]},"properties":{"lines":"13, 60","color":"#0059a9","mode":"bus","arr":["13","60"],"angle":-77.8,"extra":1,"ei":33}},{"type":"Feature","geometry":{"type":"Point","coordinates":[22.450493,39.672745]},"properties":{"lines":"13, 60","color":"#0059a9","mode":"bus","arr":["13","60"],"angle":-72.9,"extra":1,"ei":34}},{"type":"Feature","geometry":{"type":"Point","coordinates":[22.472651,39.7445]},"properties":{"lines":"13, 60","color":"#0059a9","mode":"bus","arr":["13","60"],"angle":-70.6,"mi":2}},{"type":"Feature","geometry":{"type":"Point","coordinates":[22.473281,39.745765]},"properties":{"lines":"13, 60","color":"#0059a9","mode":"bus","arr":["13","60"],"angle":-41.3,"side":-1}},{"type":"Feature","geometry":{"type":"Point","coordinates":[22.479891,39.75479]},"properties":{"lines":"13, 60","color":"#0059a9","mode":"bus","arr":["13","60"],"angle":-66.6}},{"type":"Feature","geometry":{"type":"Point","coordinates":[22.476443,39.74713]},"properties":{"lines":"13, 60","color":"#0059a9","mode":"bus","arr":["13","60"],"angle":85.7,"extra":1,"ei":0}},{"type":"Feature","geometry":{"type":"Point","coordinates":[22.476915,39.748976]},"properties":{"lines":"13, 60","color":"#0059a9","mode":"bus","arr":["13","60"],"angle":-76.3,"extra":1,"ei":1}},{"type":"Feature","geometry":{"type":"Point","coordinates":[22.477496,39.750811]},"properties":{"lines":"13, 60","color":"#0059a9","mode":"bus","arr":["13","60"],"angle":-76.3,"extra":1,"ei":2}},{"type":"Feature","geometry":{"type":"Point","coordinates":[22.478078,39.752646]},"properties":{"lines":"13, 60","color":"#0059a9","mode":"bus","arr":["13","60"],"angle":-76.2,"extra":1,"ei":3}},{"type":"Feature","geometry":{"type":"Point","coordinates":[22.480048,39.757818]},"properties":{"lines":"13, 60","color":"#0059a9","mode":"bus","arr":["13","60"],"angle":-89.6,"extra":1,"ei":4}},{"type":"Feature","geometry":{"type":"Point","coordinates":[22.480065,39.759707]},"properties":{"lines":"13, 60","color":"#0059a9","mode":"bus","arr":["13","60"],"angle":-88.9,"extra":1,"ei":5}},{"type":"Feature","geometry":{"type":"Point","coordinates":[22.480773,39.76149]},"properties":{"lines":"13, 60","color":"#0059a9","mode":"bus","arr":["13","60"],"angle":-65.1,"extra":1,"ei":6}},{"type":"Feature","geometry":{"type":"Point","coordinates":[22.48178,39.763211]},"properties":{"lines":"13, 60","color":"#0059a9","mode":"bus","arr":["13","60"],"angle":-66.9,"extra":1,"ei":7}},{"type":"Feature","geometry":{"type":"Point","coordinates":[22.490079,39.761856]},"properties":{"lines":"13, 60","color":"#0059a9","mode":"bus","arr":["13","60"],"angle":15.6,"side":-1,"mi":1}},{"type":"Feature","geometry":{"type":"Point","coordinates":[22.486435,39.762754]},"properties":{"lines":"13, 60","color":"#0059a9","mode":"bus","arr":["13","60"],"angle":15.5}},{"type":"Feature","geometry":{"type":"Point","coordinates":[22.474783,39.74567]},"properties":{"lines":"13, 60","color":"#0059a9","mode":"bus","arr":["13","60"],"angle":4.9,"mi":3}},{"type":"Feature","geometry":{"type":"Point","coordinates":[22.489894,39.76203]},"properties":{"lines":"60","color":"#0059a9","mode":"bus","arr":["60"],"angle":14.9}},{"type":"Feature","geometry":{"type":"Point","coordinates":[22.483594,39.763365]},"properties":{"lines":"60","color":"#0059a9","mode":"bus","arr":["60"],"angle":15.8,"mi":2}},{"type":"Feature","geometry":{"type":"Point","coordinates":[22.484988,39.762953]},"properties":{"lines":"60","color":"#0059a9","mode":"bus","arr":["60"],"angle":15.7,"side":-1,"mi":1}},{"type":"Feature","geometry":{"type":"Point","coordinates":[22.48318,39.763344]},"properties":{"lines":"60","color":"#0059a9","mode":"bus","arr":["60"],"angle":15.7,"extra":1,"ei":0,"side":-1}},{"type":"Feature","geometry":{"type":"Point","coordinates":[22.487903,39.762325]},"properties":{"lines":"60","color":"#0059a9","mode":"bus","arr":["60"],"angle":16.5,"extra":1,"ei":1,"side":-1}},{"type":"Feature","geometry":{"type":"Point","coordinates":[22.492367,39.76136]},"properties":{"lines":"60","color":"#0059a9","mode":"bus","arr":["60"],"angle":16.8,"mi":3}},{"type":"Feature","geometry":{"type":"Point","coordinates":[22.404012,39.617952]},"properties":{"lines":"60","color":"#0059a9","mode":"bus","arr":["60"],"angle":46.4,"side":-1,"mi":2}},{"type":"Feature","geometry":{"type":"Point","coordinates":[22.404528,39.615589]},"properties":{"lines":"60","color":"#0059a9","mode":"bus","arr":["60"],"angle":22}},{"type":"Feature","geometry":{"type":"Point","coordinates":[22.419615,39.630877]},"properties":{"lines":"60","color":"#0059a9","mode":"bus","arr":["60"],"angle":-54,"side":-1}},{"type":"Feature","geometry":{"type":"Point","coordinates":[22.429452,39.642115]},"properties":{"lines":"13, 60","color":"#0059a9","mode":"bus","arr":["13","60"],"angle":75.9,"side":-1}},{"type":"Feature","geometry":{"type":"Point","coordinates":[22.428361,39.644805]},"properties":{"lines":"13, 60","color":"#0059a9","mode":"bus","arr":["13","60"],"angle":69.6,"extra":1,"ei":0,"side":-1}},{"type":"Feature","geometry":{"type":"Point","coordinates":[22.4301,39.639315]},"properties":{"lines":"13, 60","color":"#0059a9","mode":"bus","arr":["13","60"],"angle":80,"extra":1,"ei":1,"side":-1}},{"type":"Feature","geometry":{"type":"Point","coordinates":[22.418761,39.641176]},"properties":{"lines":"13, 16, 60","color":"#0059a9","mode":"bus","arr":["13","16","60"],"angle":-85}},{"type":"Feature","geometry":{"type":"Point","coordinates":[22.418896,39.642435]},"properties":{"lines":"13, 16, 60","color":"#0059a9","mode":"bus","arr":["13","16","60"],"angle":-85.4,"extra":1,"ei":0}},{"type":"Feature","geometry":{"type":"Point","coordinates":[22.415387,39.642464]},"properties":{"lines":"13, 16, 60","color":"#0059a9","mode":"bus","arr":["13","16","60"],"angle":-10.6,"mi":1}},{"type":"Feature","geometry":{"type":"Point","coordinates":[22.417716,39.642617]},"properties":{"lines":"13, 16, 60","color":"#0059a9","mode":"bus","arr":["13","16","60"],"angle":-1.1,"extra":1,"ei":0}},{"type":"Feature","geometry":{"type":"Point","coordinates":[22.41292,39.642]},"properties":{"lines":"13, 16, 60","color":"#0059a9","mode":"bus","arr":["13","16","60"],"angle":-44.9,"extra":1,"ei":1}},{"type":"Feature","geometry":{"type":"Point","coordinates":[22.408241,39.642788]},"properties":{"lines":"14","color":"#0059a9","mode":"bus","arr":["14"],"angle":-3.8,"mi":5}},{"type":"Feature","geometry":{"type":"Point","coordinates":[22.403083,39.643288]},"properties":{"lines":"14","color":"#0059a9","mode":"bus","arr":["14"],"angle":12.6,"mi":4}},{"type":"Feature","geometry":{"type":"Point","coordinates":[22.405797,39.641806]},"properties":{"lines":"14","color":"#0059a9","mode":"bus","arr":["14"],"angle":-78.1,"mi":2}},{"type":"Feature","geometry":{"type":"Point","coordinates":[22.404426,39.641009]},"properties":{"lines":"14","color":"#0059a9","mode":"bus","arr":["14"],"angle":11.9}},{"type":"Feature","geometry":{"type":"Point","coordinates":[22.40359,39.642172]},"properties":{"lines":"14","color":"#0059a9","mode":"bus","arr":["14"],"angle":-78.1,"mi":1}},{"type":"Feature","geometry":{"type":"Point","coordinates":[22.427586,39.621439]},"properties":{"lines":"15","color":"#0059a9","mode":"bus","arr":["15"],"angle":30,"mi":9}},{"type":"Feature","geometry":{"type":"Point","coordinates":[22.429381,39.621177]},"properties":{"lines":"15","color":"#0059a9","mode":"bus","arr":["15"],"angle":27.9,"mi":8}},{"type":"Feature","geometry":{"type":"Point","coordinates":[22.429847,39.620202]},"properties":{"lines":"15","color":"#0059a9","mode":"bus","arr":["15"],"angle":-83.2,"mi":7}},{"type":"Feature","geometry":{"type":"Point","coordinates":[22.435366,39.611451]},"properties":{"lines":"15","color":"#0059a9","mode":"bus","arr":["15"],"angle":54.7,"mi":2}},{"type":"Feature","geometry":{"type":"Point","coordinates":[22.430528,39.616849]},"properties":{"lines":"15","color":"#0059a9","mode":"bus","arr":["15"],"angle":60.3,"mi":5}},{"type":"Feature","geometry":{"type":"Point","coordinates":[22.439123,39.607128]},"properties":{"lines":"15","color":"#0059a9","mode":"bus","arr":["15"],"angle":55.1,"side":-1}},{"type":"Feature","geometry":{"type":"Point","coordinates":[22.442442,39.603612]},"properties":{"lines":"15","color":"#0059a9","mode":"bus","arr":["15"],"angle":57.9,"mi":3}},{"type":"Feature","geometry":{"type":"Point","coordinates":[22.432765,39.614291]},"properties":{"lines":"15","color":"#0059a9","mode":"bus","arr":["15"],"angle":61.1,"mi":4}},{"type":"Feature","geometry":{"type":"Point","coordinates":[22.429855,39.618393]},"properties":{"lines":"15","color":"#0059a9","mode":"bus","arr":["15"],"angle":83.1,"extra":1,"ei":0}},{"type":"Feature","geometry":{"type":"Point","coordinates":[22.43386,39.61309]},"properties":{"lines":"15","color":"#0059a9","mode":"bus","arr":["15"],"angle":54.7,"extra":1,"ei":0}},{"type":"Feature","geometry":{"type":"Point","coordinates":[22.436693,39.610007]},"properties":{"lines":"15","color":"#0059a9","mode":"bus","arr":["15"],"angle":54.7,"extra":1,"ei":1}},{"type":"Feature","geometry":{"type":"Point","coordinates":[22.456433,39.59174]},"properties":{"lines":"15","color":"#0059a9","mode":"bus","arr":["15"],"angle":32.9,"side":-1,"mi":10}},{"type":"Feature","geometry":{"type":"Point","coordinates":[22.444081,39.601778]},"properties":{"lines":"15","color":"#0059a9","mode":"bus","arr":["15"],"angle":55,"extra":1,"ei":0}},{"type":"Feature","geometry":{"type":"Point","coordinates":[22.44549,39.600232]},"properties":{"lines":"15","color":"#0059a9","mode":"bus","arr":["15"],"angle":54.8,"extra":1,"ei":1}},{"type":"Feature","geometry":{"type":"Point","coordinates":[22.446906,39.59869]},"properties":{"lines":"15","color":"#0059a9","mode":"bus","arr":["15"],"angle":54.7,"extra":1,"ei":2}},{"type":"Feature","geometry":{"type":"Point","coordinates":[22.448329,39.597152]},"properties":{"lines":"15","color":"#0059a9","mode":"bus","arr":["15"],"angle":54.5,"extra":1,"ei":3}},{"type":"Feature","geometry":{"type":"Point","coordinates":[22.449753,39.595615]},"properties":{"lines":"15","color":"#0059a9","mode":"bus","arr":["15"],"angle":54.1,"extra":1,"ei":4,"side":-1}},{"type":"Feature","geometry":{"type":"Point","coordinates":[22.451412,39.594234]},"properties":{"lines":"15","color":"#0059a9","mode":"bus","arr":["15"],"angle":38.3,"extra":1,"ei":5,"side":-1}},{"type":"Feature","geometry":{"type":"Point","coordinates":[22.453458,39.593194]},"properties":{"lines":"15","color":"#0059a9","mode":"bus","arr":["15"],"angle":31.3,"extra":1,"ei":6,"side":-1}},{"type":"Feature","geometry":{"type":"Point","coordinates":[22.45969,39.590183]},"properties":{"lines":"15","color":"#0059a9","mode":"bus","arr":["15"],"angle":31.6,"extra":1,"ei":7,"side":-1}},{"type":"Feature","geometry":{"type":"Point","coordinates":[22.461762,39.589173]},"properties":{"lines":"15","color":"#0059a9","mode":"bus","arr":["15"],"angle":32.3,"extra":1,"ei":8,"side":-1}},{"type":"Feature","geometry":{"type":"Point","coordinates":[22.46383,39.588158]},"properties":{"lines":"15","color":"#0059a9","mode":"bus","arr":["15"],"angle":32.5,"extra":1,"ei":9,"side":-1}},{"type":"Feature","geometry":{"type":"Point","coordinates":[22.465898,39.587143]},"properties":{"lines":"15","color":"#0059a9","mode":"bus","arr":["15"],"angle":32.5,"extra":1,"ei":10,"side":-1}},{"type":"Feature","geometry":{"type":"Point","coordinates":[22.467966,39.586128]},"properties":{"lines":"15","color":"#0059a9","mode":"bus","arr":["15"],"angle":32.6,"extra":1,"ei":11,"side":-1}},{"type":"Feature","geometry":{"type":"Point","coordinates":[22.470009,39.585085]},"properties":{"lines":"15","color":"#0059a9","mode":"bus","arr":["15"],"angle":34.5,"extra":1,"ei":12,"side":-1}},{"type":"Feature","geometry":{"type":"Point","coordinates":[22.472049,39.584037]},"properties":{"lines":"15","color":"#0059a9","mode":"bus","arr":["15"],"angle":32.5,"extra":1,"ei":13,"side":-1}},{"type":"Feature","geometry":{"type":"Point","coordinates":[22.473181,39.583373]},"properties":{"lines":"15","color":"#0059a9","mode":"bus","arr":["15"],"angle":70.6,"mi":6}},{"type":"Feature","geometry":{"type":"Point","coordinates":[22.473215,39.579452]},"properties":{"lines":"15","color":"#0059a9","mode":"bus","arr":["15"],"angle":4.6,"mi":1}},{"type":"Feature","geometry":{"type":"Point","coordinates":[22.471128,39.579683]},"properties":{"lines":"15","color":"#0059a9","mode":"bus","arr":["15"],"angle":58.9,"mi":3}},{"type":"Feature","geometry":{"type":"Point","coordinates":[22.47001,39.581049]},"properties":{"lines":"15","color":"#0059a9","mode":"bus","arr":["15"],"angle":55.9,"mi":5}},{"type":"Feature","geometry":{"type":"Point","coordinates":[22.473308,39.579079]},"properties":{"lines":"15","color":"#0059a9","mode":"bus","arr":["15"],"angle":-33.5,"mi":4}},{"type":"Feature","geometry":{"type":"Point","coordinates":[22.474297,39.582018]},"properties":{"lines":"15","color":"#0059a9","mode":"bus","arr":["15"],"angle":-86,"mi":2}},{"type":"Feature","geometry":{"type":"Point","coordinates":[22.474169,39.580444]},"properties":{"lines":"15","color":"#0059a9","mode":"bus","arr":["15"],"angle":-84.7,"extra":1,"ei":0}},{"type":"Feature","geometry":{"type":"Point","coordinates":[22.474738,39.584068]},"properties":{"lines":"15","color":"#0059a9","mode":"bus","arr":["15"],"angle":76.9,"extra":1,"ei":1}},{"type":"Feature","geometry":{"type":"Point","coordinates":[22.440424,39.606003]},"properties":{"lines":"15","color":"#0059a9","mode":"bus","arr":["15"],"angle":46.2,"mi":1}},{"type":"Feature","geometry":{"type":"Point","coordinates":[22.441514,39.604775]},"properties":{"lines":"15","color":"#0059a9","mode":"bus","arr":["15"],"angle":55.9,"extra":1,"ei":0}},{"type":"Feature","geometry":{"type":"Point","coordinates":[22.438805,39.607822]},"properties":{"lines":"15","color":"#0059a9","mode":"bus","arr":["15"],"angle":46.8,"extra":1,"ei":1}},{"type":"Feature","geometry":{"type":"Point","coordinates":[22.448687,39.597547]},"properties":{"lines":"15","color":"#0059a9","mode":"bus","arr":["15"],"angle":73.8,"mi":6}},{"type":"Feature","geometry":{"type":"Point","coordinates":[22.44959,39.59601]},"properties":{"lines":"15","color":"#0059a9","mode":"bus","arr":["15"],"angle":54.5,"extra":1,"ei":0}},{"type":"Feature","geometry":{"type":"Point","coordinates":[22.46274,39.58884]},"properties":{"lines":"15","color":"#0059a9","mode":"bus","arr":["15"],"angle":32.7,"mi":11}},{"type":"Feature","geometry":{"type":"Point","coordinates":[22.473131,39.582098]},"properties":{"lines":"15","color":"#0059a9","mode":"bus","arr":["15"],"angle":50.4}},{"type":"Feature","geometry":{"type":"Point","coordinates":[22.474424,39.58468]},"properties":{"lines":"15","color":"#0059a9","mode":"bus","arr":["15"],"angle":-67,"extra":1,"ei":0}},{"type":"Feature","geometry":{"type":"Point","coordinates":[22.472323,39.584226]},"properties":{"lines":"15","color":"#0059a9","mode":"bus","arr":["15"],"angle":29.7,"extra":1,"ei":1}},{"type":"Feature","geometry":{"type":"Point","coordinates":[22.470227,39.585206]},"properties":{"lines":"15","color":"#0059a9","mode":"bus","arr":["15"],"angle":32,"extra":1,"ei":2}},{"type":"Feature","geometry":{"type":"Point","coordinates":[22.468128,39.586179]},"properties":{"lines":"15","color":"#0059a9","mode":"bus","arr":["15"],"angle":29.2,"extra":1,"ei":3}},{"type":"Feature","geometry":{"type":"Point","coordinates":[22.466066,39.587199]},"properties":{"lines":"15","color":"#0059a9","mode":"bus","arr":["15"],"angle":32.7,"extra":1,"ei":4}},{"type":"Feature","geometry":{"type":"Point","coordinates":[22.459869,39.59025]},"properties":{"lines":"15","color":"#0059a9","mode":"bus","arr":["15"],"angle":33,"extra":1,"ei":5}},{"type":"Feature","geometry":{"type":"Point","coordinates":[22.457818,39.591285]},"properties":{"lines":"15","color":"#0059a9","mode":"bus","arr":["15"],"angle":34.8,"extra":1,"ei":6}},{"type":"Feature","geometry":{"type":"Point","coordinates":[22.455746,39.592293]},"properties":{"lines":"15","color":"#0059a9","mode":"bus","arr":["15"],"angle":32,"extra":1,"ei":7}},{"type":"Feature","geometry":{"type":"Point","coordinates":[22.453666,39.593295]},"properties":{"lines":"15","color":"#0059a9","mode":"bus","arr":["15"],"angle":32,"extra":1,"ei":8}},{"type":"Feature","geometry":{"type":"Point","coordinates":[22.451629,39.594343]},"properties":{"lines":"15","color":"#0059a9","mode":"bus","arr":["15"],"angle":39.9,"extra":1,"ei":9}},{"type":"Feature","geometry":{"type":"Point","coordinates":[22.369645,39.632476]},"properties":{"lines":"16, 18","color":"#0059a9","mode":"bus","arr":["16","18"],"angle":-14}},{"type":"Feature","geometry":{"type":"Point","coordinates":[22.382869,39.633734]},"properties":{"lines":"16, 18","color":"#0059a9","mode":"bus","arr":["16","18"],"angle":8.3,"extra":1,"ei":0}},{"type":"Feature","geometry":{"type":"Point","coordinates":[22.380432,39.633943]},"properties":{"lines":"16, 18","color":"#0059a9","mode":"bus","arr":["16","18"],"angle":5.8,"extra":1,"ei":1}},{"type":"Feature","geometry":{"type":"Point","coordinates":[22.377987,39.634028]},"properties":{"lines":"16, 18","color":"#0059a9","mode":"bus","arr":["16","18"],"angle":-5.6,"extra":1,"ei":2}},{"type":"Feature","geometry":{"type":"Point","coordinates":[22.375591,39.633632]},"properties":{"lines":"16, 18","color":"#0059a9","mode":"bus","arr":["16","18"],"angle":-14.4,"extra":1,"ei":3}},{"type":"Feature","geometry":{"type":"Point","coordinates":[22.373214,39.633168]},"properties":{"lines":"16, 18","color":"#0059a9","mode":"bus","arr":["16","18"],"angle":-14.2,"extra":1,"ei":4}},{"type":"Feature","geometry":{"type":"Point","coordinates":[22.366082,39.631779]},"properties":{"lines":"16, 18","color":"#0059a9","mode":"bus","arr":["16","18"],"angle":-14.8,"extra":1,"ei":5}},{"type":"Feature","geometry":{"type":"Point","coordinates":[22.3637,39.63133]},"properties":{"lines":"16, 18","color":"#0059a9","mode":"bus","arr":["16","18"],"angle":-11.2,"extra":1,"ei":6}},{"type":"Feature","geometry":{"type":"Point","coordinates":[22.361264,39.631137]},"properties":{"lines":"16, 18","color":"#0059a9","mode":"bus","arr":["16","18"],"angle":-0.8,"extra":1,"ei":7}},{"type":"Feature","geometry":{"type":"Point","coordinates":[22.358811,39.631144]},"properties":{"lines":"16, 18","color":"#0059a9","mode":"bus","arr":["16","18"],"angle":0.3,"extra":1,"ei":8}},{"type":"Feature","geometry":{"type":"Point","coordinates":[22.356359,39.63116]},"properties":{"lines":"16, 18","color":"#0059a9","mode":"bus","arr":["16","18"],"angle":0.5,"extra":1,"ei":9}},{"type":"Feature","geometry":{"type":"Point","coordinates":[22.371287,39.632705]},"properties":{"lines":"16, 18","color":"#0059a9","mode":"bus","arr":["16","18"],"angle":-14.1,"extra":1,"ei":0,"side":-1}},{"type":"Feature","geometry":{"type":"Point","coordinates":[22.309625,39.630114]},"properties":{"lines":"16","color":"#0059a9","mode":"bus","arr":["16"],"angle":-22,"mi":2}},{"type":"Feature","geometry":{"type":"Point","coordinates":[22.346661,39.631194]},"properties":{"lines":"16","color":"#0059a9","mode":"bus","arr":["16"],"angle":1,"side":-1}},{"type":"Feature","geometry":{"type":"Point","coordinates":[22.332429,39.631672]},"properties":{"lines":"16","color":"#0059a9","mode":"bus","arr":["16"],"angle":5.1,"mi":6}},{"type":"Feature","geometry":{"type":"Point","coordinates":[22.353902,39.63117]},"properties":{"lines":"16","color":"#0059a9","mode":"bus","arr":["16"],"angle":0,"extra":1,"ei":0}},{"type":"Feature","geometry":{"type":"Point","coordinates":[22.291294,39.624246]},"properties":{"lines":"16","color":"#0059a9","mode":"bus","arr":["16"],"angle":-42.2,"extra":1,"ei":0}},{"type":"Feature","geometry":{"type":"Point","coordinates":[22.293149,39.625481]},"properties":{"lines":"16","color":"#0059a9","mode":"bus","arr":["16"],"angle":-40,"extra":1,"ei":1}},{"type":"Feature","geometry":{"type":"Point","coordinates":[22.29502,39.62667]},"properties":{"lines":"16","color":"#0059a9","mode":"bus","arr":["16"],"angle":-39.8,"extra":1,"ei":0}},{"type":"Feature","geometry":{"type":"Point","coordinates":[22.297154,39.627559]},"properties":{"lines":"16","color":"#0059a9","mode":"bus","arr":["16"],"angle":-13.4,"extra":1,"ei":1}},{"type":"Feature","geometry":{"type":"Point","coordinates":[22.299588,39.627782]},"properties":{"lines":"16","color":"#0059a9","mode":"bus","arr":["16"],"angle":-7.8,"extra":1,"ei":2}},{"type":"Feature","geometry":{"type":"Point","coordinates":[22.301939,39.628294]},"properties":{"lines":"16","color":"#0059a9","mode":"bus","arr":["16"],"angle":-22,"extra":1,"ei":3}},{"type":"Feature","geometry":{"type":"Point","coordinates":[22.304196,39.629032]},"properties":{"lines":"16","color":"#0059a9","mode":"bus","arr":["16"],"angle":-23.5,"extra":1,"ei":4}},{"type":"Feature","geometry":{"type":"Point","coordinates":[22.306548,39.629524]},"properties":{"lines":"16","color":"#0059a9","mode":"bus","arr":["16"],"angle":-6.2,"extra":1,"ei":5}},{"type":"Feature","geometry":{"type":"Point","coordinates":[22.311221,39.630593]},"properties":{"lines":"16","color":"#0059a9","mode":"bus","arr":["16"],"angle":-14.2,"extra":1,"ei":6}},{"type":"Feature","geometry":{"type":"Point","coordinates":[22.313628,39.630461]},"properties":{"lines":"16","color":"#0059a9","mode":"bus","arr":["16"],"angle":18,"extra":1,"ei":7}},{"type":"Feature","geometry":{"type":"Point","coordinates":[22.315955,39.629864]},"properties":{"lines":"16","color":"#0059a9","mode":"bus","arr":["16"],"angle":19.4,"extra":1,"ei":8}},{"type":"Feature","geometry":{"type":"Point","coordinates":[22.318311,39.629385]},"properties":{"lines":"16","color":"#0059a9","mode":"bus","arr":["16"],"angle":-0.4,"extra":1,"ei":9}},{"type":"Feature","geometry":{"type":"Point","coordinates":[22.320734,39.629663]},"properties":{"lines":"16","color":"#0059a9","mode":"bus","arr":["16"],"angle":-10,"extra":1,"ei":10}},{"type":"Feature","geometry":{"type":"Point","coordinates":[22.323148,39.629997]},"properties":{"lines":"16","color":"#0059a9","mode":"bus","arr":["16"],"angle":-11.2,"extra":1,"ei":11}},{"type":"Feature","geometry":{"type":"Point","coordinates":[22.325329,39.630809]},"properties":{"lines":"16","color":"#0059a9","mode":"bus","arr":["16"],"angle":-34.7,"extra":1,"ei":12}},{"type":"Feature","geometry":{"type":"Point","coordinates":[22.327493,39.631664]},"properties":{"lines":"16","color":"#0059a9","mode":"bus","arr":["16"],"angle":-15.4,"extra":1,"ei":13}},{"type":"Feature","geometry":{"type":"Point","coordinates":[22.329913,39.631836]},"properties":{"lines":"16","color":"#0059a9","mode":"bus","arr":["16"],"angle":5.9,"extra":1,"ei":14}},{"type":"Feature","geometry":{"type":"Point","coordinates":[22.351922,39.631141]},"properties":{"lines":"16","color":"#0059a9","mode":"bus","arr":["16"],"angle":0.9,"extra":1,"ei":0}},{"type":"Feature","geometry":{"type":"Point","coordinates":[22.34947,39.631164]},"properties":{"lines":"16","color":"#0059a9","mode":"bus","arr":["16"],"angle":0.4,"extra":1,"ei":1,"side":-1}},{"type":"Feature","geometry":{"type":"Point","coordinates":[22.344566,39.631221]},"properties":{"lines":"16","color":"#0059a9","mode":"bus","arr":["16"],"angle":0.9,"extra":1,"ei":2,"side":-1}},{"type":"Feature","geometry":{"type":"Point","coordinates":[22.342114,39.631252]},"properties":{"lines":"16","color":"#0059a9","mode":"bus","arr":["16"],"angle":0.9,"extra":1,"ei":3,"side":-1}},{"type":"Feature","geometry":{"type":"Point","coordinates":[22.339662,39.631288]},"properties":{"lines":"16","color":"#0059a9","mode":"bus","arr":["16"],"angle":1.2,"extra":1,"ei":4,"side":-1}},{"type":"Feature","geometry":{"type":"Point","coordinates":[22.336498,39.631385]},"properties":{"lines":"16","color":"#0059a9","mode":"bus","arr":["16"],"angle":4.7,"extra":1,"ei":0,"side":-1}},{"type":"Feature","geometry":{"type":"Point","coordinates":[22.334056,39.631558]},"properties":{"lines":"16","color":"#0059a9","mode":"bus","arr":["16"],"angle":5,"extra":1,"ei":1}},{"type":"Feature","geometry":{"type":"Point","coordinates":[22.289735,39.623541]},"properties":{"lines":"16","color":"#0059a9","mode":"bus","arr":["16"],"angle":15.7}},{"type":"Feature","geometry":{"type":"Point","coordinates":[22.290957,39.622428]},"properties":{"lines":"16","color":"#0059a9","mode":"bus","arr":["16"],"angle":-65.1,"mi":2}},{"type":"Feature","geometry":{"type":"Point","coordinates":[22.290298,39.623873]},"properties":{"lines":"16","color":"#0059a9","mode":"bus","arr":["16"],"angle":54.5,"extra":1,"ei":0}},{"type":"Feature","geometry":{"type":"Point","coordinates":[22.313339,39.629761]},"properties":{"lines":"16","color":"#0059a9","mode":"bus","arr":["16"],"angle":-81.9}},{"type":"Feature","geometry":{"type":"Point","coordinates":[22.313232,39.629268]},"properties":{"lines":"16","color":"#0059a9","mode":"bus","arr":["16"],"angle":65.2,"mi":1}},{"type":"Feature","geometry":{"type":"Point","coordinates":[22.36326,39.631318]},"properties":{"lines":"16","color":"#0059a9","mode":"bus","arr":["16"],"angle":-4.1,"mi":5}},{"type":"Feature","geometry":{"type":"Point","coordinates":[22.355307,39.631278]},"properties":{"lines":"16","color":"#0059a9","mode":"bus","arr":["16"],"angle":47.9,"mi":2}},{"type":"Feature","geometry":{"type":"Point","coordinates":[22.355123,39.631728]},"properties":{"lines":"16","color":"#0059a9","mode":"bus","arr":["16"],"angle":29.1,"mi":1}},{"type":"Feature","geometry":{"type":"Point","coordinates":[22.342488,39.631287]},"properties":{"lines":"16","color":"#0059a9","mode":"bus","arr":["16"],"angle":0.9,"mi":3}},{"type":"Feature","geometry":{"type":"Point","coordinates":[22.349415,39.631215]},"properties":{"lines":"16","color":"#0059a9","mode":"bus","arr":["16"],"angle":0.2,"extra":1,"ei":0}},{"type":"Feature","geometry":{"type":"Point","coordinates":[22.346962,39.631231]},"properties":{"lines":"16","color":"#0059a9","mode":"bus","arr":["16"],"angle":0.9,"extra":1,"ei":1}},{"type":"Feature","geometry":{"type":"Point","coordinates":[22.34451,39.631262]},"properties":{"lines":"16","color":"#0059a9","mode":"bus","arr":["16"],"angle":0.9,"extra":1,"ei":2}},{"type":"Feature","geometry":{"type":"Point","coordinates":[22.339606,39.631333]},"properties":{"lines":"16","color":"#0059a9","mode":"bus","arr":["16"],"angle":1.3,"extra":1,"ei":3}},{"type":"Feature","geometry":{"type":"Point","coordinates":[22.337155,39.631396]},"properties":{"lines":"16","color":"#0059a9","mode":"bus","arr":["16"],"angle":2.4,"extra":1,"ei":4}},{"type":"Feature","geometry":{"type":"Point","coordinates":[22.334715,39.631574]},"properties":{"lines":"16","color":"#0059a9","mode":"bus","arr":["16"],"angle":7,"extra":1,"ei":5}},{"type":"Feature","geometry":{"type":"Point","coordinates":[22.289293,39.62409]},"properties":{"lines":"16","color":"#0059a9","mode":"bus","arr":["16"],"angle":-76.4,"mi":1}},{"type":"Feature","geometry":{"type":"Point","coordinates":[22.414187,39.632571]},"properties":{"lines":"16","color":"#0059a9","mode":"bus","arr":["16"],"angle":-0.1}},{"type":"Feature","geometry":{"type":"Point","coordinates":[22.359604,39.631213]},"properties":{"lines":"16","color":"#0059a9","mode":"bus","arr":["16"],"angle":0.3,"mi":4}},{"type":"Feature","geometry":{"type":"Point","coordinates":[22.361549,39.631213]},"properties":{"lines":"16","color":"#0059a9","mode":"bus","arr":["16"],"angle":-1.2,"extra":1,"ei":0}},{"type":"Feature","geometry":{"type":"Point","coordinates":[22.356644,39.631215]},"properties":{"lines":"16","color":"#0059a9","mode":"bus","arr":["16"],"angle":-0.1,"extra":1,"ei":1}},{"type":"Feature","geometry":{"type":"Point","coordinates":[22.351322,39.619586]},"properties":{"lines":"18","color":"#0059a9","mode":"bus","arr":["18"],"angle":21.5,"mi":3}},{"type":"Feature","geometry":{"type":"Point","coordinates":[22.349928,39.618189]},"properties":{"lines":"18","color":"#0059a9","mode":"bus","arr":["18"],"angle":-32.9}},{"type":"Feature","geometry":{"type":"Point","coordinates":[22.354908,39.630418]},"properties":{"lines":"18","color":"#0059a9","mode":"bus","arr":["18"],"angle":-72.1}},{"type":"Feature","geometry":{"type":"Point","coordinates":[22.354325,39.629088]},"properties":{"lines":"18","color":"#0059a9","mode":"bus","arr":["18"],"angle":-73.1,"extra":1,"ei":0}},{"type":"Feature","geometry":{"type":"Point","coordinates":[22.353615,39.62728]},"properties":{"lines":"18","color":"#0059a9","mode":"bus","arr":["18"],"angle":-73.1,"extra":1,"ei":1}},{"type":"Feature","geometry":{"type":"Point","coordinates":[22.352885,39.625478]},"properties":{"lines":"18","color":"#0059a9","mode":"bus","arr":["18"],"angle":-72.1,"extra":1,"ei":2}},{"type":"Feature","geometry":{"type":"Point","coordinates":[22.352137,39.62368]},"properties":{"lines":"18","color":"#0059a9","mode":"bus","arr":["18"],"angle":-75.8,"extra":1,"ei":3}},{"type":"Feature","geometry":{"type":"Point","coordinates":[22.351607,39.621836]},"properties":{"lines":"18","color":"#0059a9","mode":"bus","arr":["18"],"angle":-81,"extra":1,"ei":4}},{"type":"Feature","geometry":{"type":"Point","coordinates":[22.34832,39.616843]},"properties":{"lines":"18","color":"#0059a9","mode":"bus","arr":["18"],"angle":49.5,"mi":4}},{"type":"Feature","geometry":{"type":"Point","coordinates":[22.349898,39.617272]},"properties":{"lines":"18","color":"#0059a9","mode":"bus","arr":["18"],"angle":-33.7,"mi":1}},{"type":"Feature","geometry":{"type":"Point","coordinates":[22.35535,39.630978]},"properties":{"lines":"18","color":"#0059a9","mode":"bus","arr":["18"],"angle":-33.3,"side":-1,"mi":1}},{"type":"Feature","geometry":{"type":"Point","coordinates":[22.351111,39.618324]},"properties":{"lines":"18","color":"#0059a9","mode":"bus","arr":["18"],"angle":76.6,"mi":2}},{"type":"Feature","geometry":{"type":"Point","coordinates":[22.403646,39.616503]},"properties":{"lines":"60","color":"#0059a9","mode":"bus","arr":["60"],"angle":-58.3,"mi":1}},{"type":"Feature","geometry":{"type":"Point","coordinates":[22.458608,39.701271]},"properties":{"lines":"60","color":"#0059a9","mode":"bus","arr":["60"],"angle":-77.5}},{"type":"Feature","geometry":{"type":"Point","coordinates":[22.458261,39.699943]},"properties":{"lines":"60","color":"#0059a9","mode":"bus","arr":["60"],"angle":-81.6,"extra":1,"ei":0}},{"type":"Feature","geometry":{"type":"Point","coordinates":[22.427396,39.612676]},"properties":{"lines":"60","color":"#0059a9","mode":"bus","arr":["60"],"angle":71.8}},{"type":"Feature","geometry":{"type":"Point","coordinates":[22.428813,39.613993]},"properties":{"lines":"60","color":"#0059a9","mode":"bus","arr":["60"],"angle":-19.8,"mi":2}},{"type":"Feature","geometry":{"type":"Point","coordinates":[22.43051,39.614464]},"properties":{"lines":"60","color":"#0059a9","mode":"bus","arr":["60"],"angle":-19.8,"extra":1,"ei":0}}]}