{"type":"FeatureCollection","features":[{"type":"Feature","properties":{"line":"2","mode":"bus","color":"#095d97","oi":0,"n":4,"sw":1},"geometry":{"type":"LineString","coordinates":[[22.420385,39.639084],[22.420399,39.639082]]}},{"type":"Feature","properties":{"line":"2","mode":"bus","color":"#095d97","oi":0.156,"n":4,"sw":1},"geometry":{"type":"LineString","coordinates":[[22.420392,39.639083],[22.420409,39.63908]]}},{"type":"Feature","properties":{"line":"2","mode":"bus","color":"#095d97","oi":0.528,"n":4,"sw":1},"geometry":{"type":"LineString","coordinates":[[22.420402,39.639081],[22.420419,39.639079]]}},{"type":"Feature","properties":{"line":"2","mode":"bus","color":"#095d97","oi":0.972,"n":4,"sw":1},"geometry":{"type":"LineString","coordinates":[[22.420413,39.63908],[22.42043,39.639077]]}},{"type":"Feature","properties":{"line":"2","mode":"bus","color":"#095d97","oi":1.344,"n":4,"sw":1},"geometry":{"type":"LineString","coordinates":[[22.420423,39.639078],[22.42044,39.639076]]}},{"type":"Feature","properties":{"line":"2","mode":"bus","color":"#095d97","oi":1.5,"n":4,"sw":1},"geometry":{"type":"LineString","coordinates":[[22.420433,39.639077],[22.42045,39.639074]]}},{"type":"Feature","properties":{"line":"2","mode":"bus","color":"#095d97","oi":1.5,"n":4,"sw":1},"geometry":{"type":"LineString","coordinates":[[22.420444,39.639075],[22.420461,39.639073]]}},{"type":"Feature","properties":{"line":"2","mode":"bus","color":"#095d97","oi":1.344,"n":4,"sw":1},"geometry":{"type":"LineString","coordinates":[[22.420454,39.639074],[22.420467,39.639072],[22.420471,39.639073]]}},{"type":"Feature","properties":{"line":"2","mode":"bus","color":"#095d97","oi":0.972,"n":4,"sw":1},"geometry":{"type":"LineString","coordinates":[[22.420464,39.639072],[22.420467,39.639072],[22.42048,39.639077]]}},{"type":"Feature","properties":{"line":"2","mode":"bus","color":"#095d97","oi":0.528,"n":4,"sw":1},"geometry":{"type":"LineString","coordinates":[[22.420474,39.639075],[22.420489,39.639081]]}},{"type":"Feature","properties":{"line":"2","mode":"bus","color":"#095d97","oi":0.156,"n":4,"sw":1},"geometry":{"type":"LineString","coordinates":[[22.420483,39.639078],[22.420499,39.639085]]}},{"type":"Feature","properties":{"line":"2","mode":"bus","color":"#095d97","oi":0,"n":4,"sw":1},"geometry":{"type":"LineString","coordinates":[[22.420493,39.639082],[22.420505,39.639087]]}},{"type":"Feature","properties":{"line":"2","mode":"bus","color":"#095d97","oi":1.5,"n":4},"geometry":{"type":"LineString","coordinates":[[22.427471,39.63294],[22.428047,39.633122],[22.428295,39.633279],[22.429496,39.634572],[22.429577,39.634626],[22.429705,39.63467],[22.42973,39.634682],[22.429745,39.634698],[22.429753,39.63472],[22.429762,39.634787]]}},{"type":"Feature","properties":{"line":"2","mode":"bus","color":"#095d97","oi":1.5,"n":4},"geometry":{"type":"LineString","coordinates":[[22.429534,39.63481],[22.429588,39.634841]]}},{"type":"Feature","properties":{"line":"2","mode":"bus","color":"#095d97","oi":0,"n":1},"geometry":{"type":"LineString","coordinates":[[22.435911,39.633251],[22.435191,39.633298],[22.435079,39.633233],[22.434932,39.633222],[22.434793,39.633279],[22.434731,39.633358]]}},{"type":"Feature","properties":{"line":"2","mode":"bus","color":"#095d97","oi":0,"n":1},"geometry":{"type":"LineString","coordinates":[[22.434791,39.633561],[22.434898,39.633613],[22.435053,39.633615],[22.435179,39.633554],[22.435225,39.633468],[22.43525,39.63344],[22.435287,39.633423],[22.435911,39.633251],[22.445252,39.631639]]}},{"type":"Feature","properties":{"line":"2","mode":"bus","color":"#095d97","oi":0,"n":1},"geometry":{"type":"LineString","coordinates":[[22.429762,39.634787],[22.429708,39.634834],[22.429588,39.634841]]}},{"type":"Feature","properties":{"line":"2","mode":"bus","color":"#095d97","oi":0,"n":1},"geometry":{"type":"LineString","coordinates":[[22.434115,39.633567],[22.434599,39.633438],[22.434694,39.63338],[22.434707,39.633374],[22.434718,39.633372],[22.434725,39.633375],[22.434728,39.633382],[22.434729,39.633394],[22.434726,39.633469],[22.434769,39.633529],[22.434775,39.633541],[22.434776,39.633549],[22.434771,39.633555],[22.43476,39.633557],[22.434745,39.633557],[22.434579,39.633543],[22.434289,39.633575],[22.434115,39.633567],[22.431808,39.633965],[22.431427,39.634048],[22.430909,39.634209],[22.429916,39.634609],[22.429773,39.634754]]}},{"type":"Feature","properties":{"line":"2","mode":"bus","color":"#095d97","oi":0,"n":1},"geometry":{"type":"LineString","coordinates":[[22.429916,39.634609],[22.429671,39.634644]]}},{"type":"Feature","properties":{"line":"2","mode":"bus","color":"#095d97","oi":0,"n":1},"geometry":{"type":"LineString","coordinates":[[22.502334,39.620543],[22.501671,39.620743],[22.492006,39.623431],[22.490383,39.623808],[22.481998,39.625262],[22.474604,39.626573],[22.445547,39.631546],[22.445295,39.631625],[22.445283,39.63163],[22.445276,39.631633],[22.445274,39.631636],[22.445278,39.631638],[22.445286,39.631639],[22.445299,39.631639],[22.445572,39.63164],[22.451133,39.630695],[22.489019,39.624158],[22.490641,39.623854],[22.491851,39.623563],[22.502318,39.620658],[22.502341,39.620648],[22.502352,39.620632],[22.50235,39.620611],[22.502204,39.620181],[22.502015,39.619818],[22.502005,39.619805],[22.501992,39.619797],[22.501975,39.619795],[22.501955,39.619799],[22.501725,39.619876]]}},{"type":"Feature","properties":{"line":"2","mode":"bus","color":"#095d97","oi":0,"n":1},"geometry":{"type":"LineString","coordinates":[[22.456201,39.629821],[22.456303,39.629879],[22.456461,39.629866],[22.462598,39.628803],[22.462624,39.628795],[22.462638,39.62878],[22.462642,39.628759],[22.462634,39.628616]]}},{"type":"Feature","properties":{"line":"2","mode":"bus","color":"#095d97","oi":0,"n":1},"geometry":{"type":"LineString","coordinates":[[22.49522,39.628207],[22.495145,39.627984],[22.495133,39.627965],[22.495114,39.627954],[22.495087,39.627953],[22.494968,39.627962],[22.494765,39.627943],[22.494527,39.627891],[22.49387,39.62725],[22.493543,39.627035],[22.488316,39.624927],[22.487891,39.624774],[22.487788,39.624706],[22.487105,39.624381]]}},{"type":"Feature","properties":{"line":"2","mode":"bus","color":"#095d97","oi":0,"n":1},"geometry":{"type":"LineString","coordinates":[[22.494527,39.627891],[22.494897,39.628117],[22.495013,39.628162],[22.495664,39.628307],[22.495688,39.628317],[22.495701,39.628332],[22.495701,39.628353],[22.495488,39.629359],[22.495488,39.62938],[22.495501,39.629394],[22.495526,39.629401],[22.499326,39.629905],[22.499696,39.629877],[22.499824,39.629822],[22.499843,39.629816],[22.499858,39.629817],[22.49987,39.629824],[22.499879,39.629838],[22.500136,39.630466],[22.500294,39.631083]]}},{"type":"Feature","properties":{"line":"2","mode":"bus","color":"#095d97","oi":1,"n":3},"geometry":{"type":"LineString","coordinates":[[22.420114,39.639159],[22.420146,39.639161]]}},{"type":"Feature","properties":{"line":"2","mode":"bus","color":"#095d97","oi":0,"n":3,"sw":1},"geometry":{"type":"LineString","coordinates":[[22.419697,39.639158],[22.419723,39.639154]]}},{"type":"Feature","properties":{"line":"2","mode":"bus","color":"#095d97","oi":0.01,"n":3,"sw":1},"geometry":{"type":"LineString","coordinates":[[22.419716,39.639155],[22.419746,39.63915]]}},{"type":"Feature","properties":{"line":"2","mode":"bus","color":"#095d97","oi":0.038,"n":3,"sw":1},"geometry":{"type":"LineString","coordinates":[[22.419739,39.639151],[22.419769,39.639147]]}},{"type":"Feature","properties":{"line":"2","mode":"bus","color":"#095d97","oi":0.082,"n":3,"sw":1},"geometry":{"type":"LineString","coordinates":[[22.419762,39.639148],[22.419792,39.639143]]}},{"type":"Feature","properties":{"line":"2","mode":"bus","color":"#095d97","oi":0.14,"n":3,"sw":1},"geometry":{"type":"LineString","coordinates":[[22.419785,39.639144],[22.419811,39.63914],[22.419815,39.63914]]}},{"type":"Feature","properties":{"line":"2","mode":"bus","color":"#095d97","oi":0.209,"n":3,"sw":1},"geometry":{"type":"LineString","coordinates":[[22.419808,39.63914],[22.419811,39.63914],[22.419838,39.639142]]}},{"type":"Feature","properties":{"line":"2","mode":"bus","color":"#095d97","oi":0.286,"n":3,"sw":1},"geometry":{"type":"LineString","coordinates":[[22.419831,39.639141],[22.419861,39.639143]]}},{"type":"Feature","properties":{"line":"2","mode":"bus","color":"#095d97","oi":0.369,"n":3,"sw":1},"geometry":{"type":"LineString","coordinates":[[22.419854,39.639143],[22.419885,39.639145]]}},{"type":"Feature","properties":{"line":"2","mode":"bus","color":"#095d97","oi":0.456,"n":3,"sw":1},"geometry":{"type":"LineString","coordinates":[[22.419878,39.639144],[22.419908,39.639146]]}},{"type":"Feature","properties":{"line":"2","mode":"bus","color":"#095d97","oi":0.544,"n":3,"sw":1},"geometry":{"type":"LineString","coordinates":[[22.419901,39.639146],[22.419931,39.639148]]}},{"type":"Feature","properties":{"line":"2","mode":"bus","color":"#095d97","oi":0.631,"n":3,"sw":1},"geometry":{"type":"LineString","coordinates":[[22.419924,39.639147],[22.419954,39.639149]]}},{"type":"Feature","properties":{"line":"2","mode":"bus","color":"#095d97","oi":0.714,"n":3,"sw":1},"geometry":{"type":"LineString","coordinates":[[22.419947,39.639149],[22.419978,39.63915]]}},{"type":"Feature","properties":{"line":"2","mode":"bus","color":"#095d97","oi":0.791,"n":3,"sw":1},"geometry":{"type":"LineString","coordinates":[[22.419971,39.63915],[22.420001,39.639152]]}},{"type":"Feature","properties":{"line":"2","mode":"bus","color":"#095d97","oi":0.86,"n":3,"sw":1},"geometry":{"type":"LineString","coordinates":[[22.419994,39.639151],[22.420024,39.639153]]}},{"type":"Feature","properties":{"line":"2","mode":"bus","color":"#095d97","oi":0.918,"n":3,"sw":1},"geometry":{"type":"LineString","coordinates":[[22.420017,39.639153],[22.420047,39.639155]]}},{"type":"Feature","properties":{"line":"2","mode":"bus","color":"#095d97","oi":0.962,"n":3,"sw":1},"geometry":{"type":"LineString","coordinates":[[22.42004,39.639154],[22.420071,39.639156]]}},{"type":"Feature","properties":{"line":"2","mode":"bus","color":"#095d97","oi":0.99,"n":3,"sw":1},"geometry":{"type":"LineString","coordinates":[[22.420064,39.639156],[22.420094,39.639158]]}},{"type":"Feature","properties":{"line":"2","mode":"bus","color":"#095d97","oi":1,"n":3,"sw":1},"geometry":{"type":"LineString","coordinates":[[22.420087,39.639157],[22.420117,39.639159]]}},{"type":"Feature","properties":{"line":"2","mode":"bus","color":"#095d97","oi":1,"n":3,"sw":1},"geometry":{"type":"LineString","coordinates":[[22.420142,39.639161],[22.420172,39.639163]]}},{"type":"Feature","properties":{"line":"2","mode":"bus","color":"#095d97","oi":0.99,"n":3,"sw":1},"geometry":{"type":"LineString","coordinates":[[22.420165,39.639162],[22.420196,39.639164]]}},{"type":"Feature","properties":{"line":"2","mode":"bus","color":"#095d97","oi":0.962,"n":3,"sw":1},"geometry":{"type":"LineString","coordinates":[[22.420189,39.639164],[22.420219,39.639166]]}},{"type":"Feature","properties":{"line":"2","mode":"bus","color":"#095d97","oi":0.918,"n":3,"sw":1},"geometry":{"type":"LineString","coordinates":[[22.420212,39.639165],[22.420242,39.639167]]}},{"type":"Feature","properties":{"line":"2","mode":"bus","color":"#095d97","oi":0.86,"n":3,"sw":1},"geometry":{"type":"LineString","coordinates":[[22.420235,39.639167],[22.420265,39.639168]]}},{"type":"Feature","properties":{"line":"2","mode":"bus","color":"#095d97","oi":0.791,"n":3,"sw":1},"geometry":{"type":"LineString","coordinates":[[22.420258,39.639168],[22.420289,39.63917]]}},{"type":"Feature","properties":{"line":"2","mode":"bus","color":"#095d97","oi":0.714,"n":3,"sw":1},"geometry":{"type":"LineString","coordinates":[[22.420282,39.639169],[22.420312,39.639171]]}},{"type":"Feature","properties":{"line":"2","mode":"bus","color":"#095d97","oi":0.631,"n":3,"sw":1},"geometry":{"type":"LineString","coordinates":[[22.420305,39.639171],[22.420335,39.639173]]}},{"type":"Feature","properties":{"line":"2","mode":"bus","color":"#095d97","oi":0.544,"n":3,"sw":1},"geometry":{"type":"LineString","coordinates":[[22.420328,39.639172],[22.420354,39.639174],[22.420357,39.639176]]}},{"type":"Feature","properties":{"line":"2","mode":"bus","color":"#095d97","oi":0.456,"n":3,"sw":1},"geometry":{"type":"LineString","coordinates":[[22.420351,39.639174],[22.420354,39.639174],[22.420375,39.639188]]}},{"type":"Feature","properties":{"line":"2","mode":"bus","color":"#095d97","oi":0.369,"n":3,"sw":1},"geometry":{"type":"LineString","coordinates":[[22.42037,39.639184],[22.420393,39.6392]]}},{"type":"Feature","properties":{"line":"2","mode":"bus","color":"#095d97","oi":0.286,"n":3,"sw":1},"geometry":{"type":"LineString","coordinates":[[22.420388,39.639196],[22.420411,39.639211]]}},{"type":"Feature","properties":{"line":"2","mode":"bus","color":"#095d97","oi":0.209,"n":3,"sw":1},"geometry":{"type":"LineString","coordinates":[[22.420405,39.639208],[22.420418,39.639216],[22.420432,39.639216]]}},{"type":"Feature","properties":{"line":"2","mode":"bus","color":"#095d97","oi":0.14,"n":3,"sw":1},"geometry":{"type":"LineString","coordinates":[[22.420425,39.639216],[22.420455,39.639217]]}},{"type":"Feature","properties":{"line":"2","mode":"bus","color":"#095d97","oi":0.082,"n":3,"sw":1},"geometry":{"type":"LineString","coordinates":[[22.420448,39.639217],[22.420461,39.639217],[22.420475,39.639209]]}},{"type":"Feature","properties":{"line":"2","mode":"bus","color":"#095d97","oi":0.038,"n":3,"sw":1},"geometry":{"type":"LineString","coordinates":[[22.420469,39.639212],[22.420494,39.639198]]}},{"type":"Feature","properties":{"line":"2","mode":"bus","color":"#095d97","oi":0.01,"n":3,"sw":1},"geometry":{"type":"LineString","coordinates":[[22.420488,39.639201],[22.420512,39.639187]]}},{"type":"Feature","properties":{"line":"2","mode":"bus","color":"#095d97","oi":0,"n":3,"sw":1},"geometry":{"type":"LineString","coordinates":[[22.420507,39.63919],[22.420528,39.639178]]}},{"type":"Feature","properties":{"line":"2","mode":"bus","color":"#095d97","oi":1,"n":3},"geometry":{"type":"LineString","coordinates":[[22.420819,39.638872],[22.421621,39.638322],[22.421949,39.638156],[22.42249,39.637838],[22.429148,39.634914]]}},{"type":"Feature","properties":{"line":"2","mode":"bus","color":"#095d97","oi":0,"n":3,"sw":1},"geometry":{"type":"LineString","coordinates":[[22.420505,39.639087],[22.420525,39.639073]]}},{"type":"Feature","properties":{"line":"2","mode":"bus","color":"#095d97","oi":0.01,"n":3,"sw":1},"geometry":{"type":"LineString","coordinates":[[22.42052,39.639077],[22.420543,39.639061]]}},{"type":"Feature","properties":{"line":"2","mode":"bus","color":"#095d97","oi":0.038,"n":3,"sw":1},"geometry":{"type":"LineString","coordinates":[[22.420537,39.639065],[22.42056,39.639049]]}},{"type":"Feature","properties":{"line":"2","mode":"bus","color":"#095d97","oi":0.082,"n":3,"sw":1},"geometry":{"type":"LineString","coordinates":[[22.420555,39.639053],[22.420577,39.639037]]}},{"type":"Feature","properties":{"line":"2","mode":"bus","color":"#095d97","oi":0.14,"n":3,"sw":1},"geometry":{"type":"LineString","coordinates":[[22.420572,39.639041],[22.420595,39.639025]]}},{"type":"Feature","properties":{"line":"2","mode":"bus","color":"#095d97","oi":0.209,"n":3,"sw":1},"geometry":{"type":"LineString","coordinates":[[22.42059,39.639029],[22.420612,39.639013]]}},{"type":"Feature","properties":{"line":"2","mode":"bus","color":"#095d97","oi":0.286,"n":3,"sw":1},"geometry":{"type":"LineString","coordinates":[[22.420607,39.639017],[22.42063,39.639002]]}},{"type":"Feature","properties":{"line":"2","mode":"bus","color":"#095d97","oi":0.369,"n":3,"sw":1},"geometry":{"type":"LineString","coordinates":[[22.420624,39.639005],[22.420647,39.63899]]}},{"type":"Feature","properties":{"line":"2","mode":"bus","color":"#095d97","oi":0.456,"n":3,"sw":1},"geometry":{"type":"LineString","coordinates":[[22.420642,39.638993],[22.420665,39.638978]]}},{"type":"Feature","properties":{"line":"2","mode":"bus","color":"#095d97","oi":0.544,"n":3,"sw":1},"geometry":{"type":"LineString","coordinates":[[22.420659,39.638981],[22.420682,39.638966]]}},{"type":"Feature","properties":{"line":"2","mode":"bus","color":"#095d97","oi":0.631,"n":3,"sw":1},"geometry":{"type":"LineString","coordinates":[[22.420677,39.638969],[22.420699,39.638954]]}},{"type":"Feature","properties":{"line":"2","mode":"bus","color":"#095d97","oi":0.714,"n":3,"sw":1},"geometry":{"type":"LineString","coordinates":[[22.420694,39.638957],[22.420717,39.638942]]}},{"type":"Feature","properties":{"line":"2","mode":"bus","color":"#095d97","oi":0.791,"n":3,"sw":1},"geometry":{"type":"LineString","coordinates":[[22.420712,39.638945],[22.420734,39.63893]]}},{"type":"Feature","properties":{"line":"2","mode":"bus","color":"#095d97","oi":0.86,"n":3,"sw":1},"geometry":{"type":"LineString","coordinates":[[22.420729,39.638933],[22.420752,39.638918]]}},{"type":"Feature","properties":{"line":"2","mode":"bus","color":"#095d97","oi":0.918,"n":3,"sw":1},"geometry":{"type":"LineString","coordinates":[[22.420747,39.638921],[22.420769,39.638906]]}},{"type":"Feature","properties":{"line":"2","mode":"bus","color":"#095d97","oi":0.962,"n":3,"sw":1},"geometry":{"type":"LineString","coordinates":[[22.420764,39.638909],[22.420787,39.638894]]}},{"type":"Feature","properties":{"line":"2","mode":"bus","color":"#095d97","oi":0.99,"n":3,"sw":1},"geometry":{"type":"LineString","coordinates":[[22.420781,39.638897],[22.420804,39.638882]]}},{"type":"Feature","properties":{"line":"2","mode":"bus","color":"#095d97","oi":1,"n":3,"sw":1},"geometry":{"type":"LineString","coordinates":[[22.420799,39.638886],[22.420822,39.63887]]}},{"type":"Feature","properties":{"line":"2","mode":"bus","color":"#095d97","oi":1,"n":3,"sw":1},"geometry":{"type":"LineString","coordinates":[[22.429145,39.634915],[22.429171,39.634904]]}},{"type":"Feature","properties":{"line":"2","mode":"bus","color":"#095d97","oi":0.99,"n":3,"sw":1},"geometry":{"type":"LineString","coordinates":[[22.429165,39.634906],[22.429192,39.634895]]}},{"type":"Feature","properties":{"line":"2","mode":"bus","color":"#095d97","oi":0.962,"n":3,"sw":1},"geometry":{"type":"LineString","coordinates":[[22.429185,39.634897],[22.429212,39.634886]]}},{"type":"Feature","properties":{"line":"2","mode":"bus","color":"#095d97","oi":0.918,"n":3,"sw":1},"geometry":{"type":"LineString","coordinates":[[22.429206,39.634888],[22.429232,39.634877]]}},{"type":"Feature","properties":{"line":"2","mode":"bus","color":"#095d97","oi":0.86,"n":3,"sw":1},"geometry":{"type":"LineString","coordinates":[[22.429226,39.63488],[22.429252,39.634868]]}},{"type":"Feature","properties":{"line":"2","mode":"bus","color":"#095d97","oi":0.791,"n":3,"sw":1},"geometry":{"type":"LineString","coordinates":[[22.429246,39.634871],[22.429273,39.634859]]}},{"type":"Feature","properties":{"line":"2","mode":"bus","color":"#095d97","oi":0.714,"n":3,"sw":1},"geometry":{"type":"LineString","coordinates":[[22.429267,39.634862],[22.429293,39.63485]]}},{"type":"Feature","properties":{"line":"2","mode":"bus","color":"#095d97","oi":0.631,"n":3,"sw":1},"geometry":{"type":"LineString","coordinates":[[22.429287,39.634853],[22.429313,39.634841]]}},{"type":"Feature","properties":{"line":"2","mode":"bus","color":"#095d97","oi":0.544,"n":3,"sw":1},"geometry":{"type":"LineString","coordinates":[[22.429307,39.634844],[22.429334,39.634832]]}},{"type":"Feature","properties":{"line":"2","mode":"bus","color":"#095d97","oi":0.456,"n":3,"sw":1},"geometry":{"type":"LineString","coordinates":[[22.429327,39.634835],[22.429354,39.634823]]}},{"type":"Feature","properties":{"line":"2","mode":"bus","color":"#095d97","oi":0.369,"n":3,"sw":1},"geometry":{"type":"LineString","coordinates":[[22.429348,39.634826],[22.429373,39.634815],[22.429374,39.634815]]}},{"type":"Feature","properties":{"line":"2","mode":"bus","color":"#095d97","oi":0.286,"n":3,"sw":1},"geometry":{"type":"LineString","coordinates":[[22.429368,39.634817],[22.429373,39.634815],[22.429398,39.634814]]}},{"type":"Feature","properties":{"line":"2","mode":"bus","color":"#095d97","oi":0.209,"n":3,"sw":1},"geometry":{"type":"LineString","coordinates":[[22.429391,39.634814],[22.429421,39.634814]]}},{"type":"Feature","properties":{"line":"2","mode":"bus","color":"#095d97","oi":0.14,"n":3,"sw":1},"geometry":{"type":"LineString","coordinates":[[22.429414,39.634814],[22.429444,39.634813]]}},{"type":"Feature","properties":{"line":"2","mode":"bus","color":"#095d97","oi":0.082,"n":3,"sw":1},"geometry":{"type":"LineString","coordinates":[[22.429437,39.634813],[22.429468,39.634812]]}},{"type":"Feature","properties":{"line":"2","mode":"bus","color":"#095d97","oi":0.038,"n":3,"sw":1},"geometry":{"type":"LineString","coordinates":[[22.429461,39.634812],[22.429491,39.634811]]}},{"type":"Feature","properties":{"line":"2","mode":"bus","color":"#095d97","oi":0.01,"n":3,"sw":1},"geometry":{"type":"LineString","coordinates":[[22.429484,39.634812],[22.429514,39.634811]]}},{"type":"Feature","properties":{"line":"2","mode":"bus","color":"#095d97","oi":0,"n":3,"sw":1},"geometry":{"type":"LineString","coordinates":[[22.429507,39.634811],[22.429534,39.63481]]}},{"type":"Feature","properties":{"line":"2","mode":"bus","color":"#095d97","oi":1.5,"n":4},"geometry":{"type":"LineString","coordinates":[[22.419679,39.639184],[22.419697,39.639158]]}},{"type":"Feature","properties":{"line":"2","mode":"bus","color":"#095d97","oi":0,"n":4,"sw":1},"geometry":{"type":"LineString","coordinates":[[22.41966,39.639209],[22.419668,39.639198]]}},{"type":"Feature","properties":{"line":"2","mode":"bus","color":"#095d97","oi":0.75,"n":4,"sw":1},"geometry":{"type":"LineString","coordinates":[[22.419664,39.639203],[22.419674,39.63919]]}},{"type":"Feature","properties":{"line":"2","mode":"bus","color":"#095d97","oi":1.5,"n":4,"sw":1},"geometry":{"type":"LineString","coordinates":[[22.419671,39.639194],[22.41968,39.639181]]}},{"type":"Feature","properties":{"line":"2","mode":"bus","color":"#095d97","oi":0.5,"n":2},"geometry":{"type":"LineString","coordinates":[[22.421751,39.638244],[22.421792,39.638185],[22.421934,39.638088],[22.422826,39.637541],[22.423135,39.637292],[22.424742,39.635629],[22.427212,39.633195]]}},{"type":"Feature","properties":{"line":"2","mode":"bus","color":"#095d97","oi":0.5,"n":2,"sw":1},"geometry":{"type":"LineString","coordinates":[[22.42721,39.633197],[22.42724,39.633167]]}},{"type":"Feature","properties":{"line":"2","mode":"bus","color":"#095d97","oi":0.483,"n":2,"sw":1},"geometry":{"type":"LineString","coordinates":[[22.427236,39.633172],[22.427266,39.633142]]}},{"type":"Feature","properties":{"line":"2","mode":"bus","color":"#095d97","oi":0.437,"n":2,"sw":1},"geometry":{"type":"LineString","coordinates":[[22.427262,39.633146],[22.427292,39.633116]]}},{"type":"Feature","properties":{"line":"2","mode":"bus","color":"#095d97","oi":0.37,"n":2,"sw":1},"geometry":{"type":"LineString","coordinates":[[22.427288,39.633121],[22.427318,39.633091]]}},{"type":"Feature","properties":{"line":"2","mode":"bus","color":"#095d97","oi":0.291,"n":2,"sw":1},"geometry":{"type":"LineString","coordinates":[[22.427313,39.633095],[22.427344,39.633065]]}},{"type":"Feature","properties":{"line":"2","mode":"bus","color":"#095d97","oi":0.209,"n":2,"sw":1},"geometry":{"type":"LineString","coordinates":[[22.427339,39.63307],[22.42737,39.63304]]}},{"type":"Feature","properties":{"line":"2","mode":"bus","color":"#095d97","oi":0.13,"n":2,"sw":1},"geometry":{"type":"LineString","coordinates":[[22.427365,39.633044],[22.427395,39.633014]]}},{"type":"Feature","properties":{"line":"2","mode":"bus","color":"#095d97","oi":0.063,"n":2,"sw":1},"geometry":{"type":"LineString","coordinates":[[22.427391,39.633019],[22.427421,39.632989]]}},{"type":"Feature","properties":{"line":"2","mode":"bus","color":"#095d97","oi":0.017,"n":2,"sw":1},"geometry":{"type":"LineString","coordinates":[[22.427417,39.632993],[22.427447,39.632963]]}},{"type":"Feature","properties":{"line":"2","mode":"bus","color":"#095d97","oi":0,"n":2,"sw":1},"geometry":{"type":"LineString","coordinates":[[22.427443,39.632968],[22.427471,39.63294]]}},{"type":"Feature","properties":{"line":"4","mode":"bus","color":"#e16cd6","oi":0,"n":4,"sw":1},"geometry":{"type":"LineString","coordinates":[[22.420385,39.639084],[22.420399,39.639082]]}},{"type":"Feature","properties":{"line":"4","mode":"bus","color":"#e16cd6","oi":0.052,"n":4,"sw":1},"geometry":{"type":"LineString","coordinates":[[22.420392,39.639083],[22.420409,39.63908]]}},{"type":"Feature","properties":{"line":"4","mode":"bus","color":"#e16cd6","oi":0.176,"n":4,"sw":1},"geometry":{"type":"LineString","coordinates":[[22.420402,39.639081],[22.420419,39.639079]]}},{"type":"Feature","properties":{"line":"4","mode":"bus","color":"#e16cd6","oi":0.324,"n":4,"sw":1},"geometry":{"type":"LineString","coordinates":[[22.420413,39.63908],[22.42043,39.639077]]}},{"type":"Feature","properties":{"line":"4","mode":"bus","color":"#e16cd6","oi":0.448,"n":4,"sw":1},"geometry":{"type":"LineString","coordinates":[[22.420423,39.639078],[22.42044,39.639076]]}},{"type":"Feature","properties":{"line":"4","mode":"bus","color":"#e16cd6","oi":0.5,"n":4,"sw":1},"geometry":{"type":"LineString","coordinates":[[22.420433,39.639077],[22.42045,39.639074]]}},{"type":"Feature","properties":{"line":"4","mode":"bus","color":"#e16cd6","oi":0.5,"n":4,"sw":1},"geometry":{"type":"LineString","coordinates":[[22.420444,39.639075],[22.420461,39.639073]]}},{"type":"Feature","properties":{"line":"4","mode":"bus","color":"#e16cd6","oi":0.448,"n":4,"sw":1},"geometry":{"type":"LineString","coordinates":[[22.420454,39.639074],[22.420467,39.639072],[22.420471,39.639073]]}},{"type":"Feature","properties":{"line":"4","mode":"bus","color":"#e16cd6","oi":0.324,"n":4,"sw":1},"geometry":{"type":"LineString","coordinates":[[22.420464,39.639072],[22.420467,39.639072],[22.42048,39.639077]]}},{"type":"Feature","properties":{"line":"4","mode":"bus","color":"#e16cd6","oi":0.176,"n":4,"sw":1},"geometry":{"type":"LineString","coordinates":[[22.420474,39.639075],[22.420489,39.639081]]}},{"type":"Feature","properties":{"line":"4","mode":"bus","color":"#e16cd6","oi":0.052,"n":4,"sw":1},"geometry":{"type":"LineString","coordinates":[[22.420483,39.639078],[22.420499,39.639085]]}},{"type":"Feature","properties":{"line":"4","mode":"bus","color":"#e16cd6","oi":0,"n":4,"sw":1},"geometry":{"type":"LineString","coordinates":[[22.420493,39.639082],[22.420505,39.639087]]}},{"type":"Feature","properties":{"line":"4","mode":"bus","color":"#e16cd6","oi":0.5,"n":4},"geometry":{"type":"LineString","coordinates":[[22.427433,39.645899],[22.427458,39.646085],[22.427503,39.646184],[22.427564,39.646231],[22.427594,39.646245],[22.427628,39.646249],[22.427698,39.646246],[22.427791,39.646186],[22.427926,39.645879],[22.428043,39.645786]]}},{"type":"Feature","properties":{"line":"4","mode":"bus","color":"#e16cd6","oi":0,"n":3},"geometry":{"type":"LineString","coordinates":[[22.423111,39.641846],[22.424152,39.64284],[22.424585,39.643453],[22.42492,39.644062],[22.425209,39.644173],[22.425591,39.644383],[22.426477,39.644971],[22.427242,39.645615]]}},{"type":"Feature","properties":{"line":"4","mode":"bus","color":"#e16cd6","oi":0,"n":3,"sw":1},"geometry":{"type":"LineString","coordinates":[[22.427239,39.645613],[22.427272,39.645641]]}},{"type":"Feature","properties":{"line":"4","mode":"bus","color":"#e16cd6","oi":0.017,"n":3,"sw":1},"geometry":{"type":"LineString","coordinates":[[22.427268,39.645637],[22.427295,39.64566],[22.427299,39.645666]]}},{"type":"Feature","properties":{"line":"4","mode":"bus","color":"#e16cd6","oi":0.063,"n":3,"sw":1},"geometry":{"type":"LineString","coordinates":[[22.427296,39.645661],[22.427321,39.645693]]}},{"type":"Feature","properties":{"line":"4","mode":"bus","color":"#e16cd6","oi":0.13,"n":3,"sw":1},"geometry":{"type":"LineString","coordinates":[[22.427318,39.645689],[22.427343,39.645721]]}},{"type":"Feature","properties":{"line":"4","mode":"bus","color":"#e16cd6","oi":0.209,"n":3,"sw":1},"geometry":{"type":"LineString","coordinates":[[22.427339,39.645716],[22.427365,39.645749]]}},{"type":"Feature","properties":{"line":"4","mode":"bus","color":"#e16cd6","oi":0.291,"n":3,"sw":1},"geometry":{"type":"LineString","coordinates":[[22.427361,39.645744],[22.427369,39.645754],[22.42738,39.645779]]}},{"type":"Feature","properties":{"line":"4","mode":"bus","color":"#e16cd6","oi":0.37,"n":3,"sw":1},"geometry":{"type":"LineString","coordinates":[[22.427378,39.645774],[22.427394,39.64581]]}},{"type":"Feature","properties":{"line":"4","mode":"bus","color":"#e16cd6","oi":0.437,"n":3,"sw":1},"geometry":{"type":"LineString","coordinates":[[22.427391,39.645804],[22.427407,39.64584]]}},{"type":"Feature","properties":{"line":"4","mode":"bus","color":"#e16cd6","oi":0.483,"n":3,"sw":1},"geometry":{"type":"LineString","coordinates":[[22.427405,39.645835],[22.427421,39.645871]]}},{"type":"Feature","properties":{"line":"4","mode":"bus","color":"#e16cd6","oi":0.5,"n":3,"sw":1},"geometry":{"type":"LineString","coordinates":[[22.427418,39.645866],[22.427433,39.645899]]}},{"type":"Feature","properties":{"line":"4","mode":"bus","color":"#e16cd6","oi":0,"n":3},"geometry":{"type":"LineString","coordinates":[[22.419805,39.639657],[22.419916,39.639733]]}},{"type":"Feature","properties":{"line":"4","mode":"bus","color":"#e16cd6","oi":0.5,"n":3,"sw":1},"geometry":{"type":"LineString","coordinates":[[22.419694,39.63958],[22.419708,39.639589]]}},{"type":"Feature","properties":{"line":"4","mode":"bus","color":"#e16cd6","oi":0.483,"n":3,"sw":1},"geometry":{"type":"LineString","coordinates":[[22.419702,39.639586],[22.419719,39.639597]]}},{"type":"Feature","properties":{"line":"4","mode":"bus","color":"#e16cd6","oi":0.437,"n":3,"sw":1},"geometry":{"type":"LineString","coordinates":[[22.419714,39.639594],[22.41973,39.639605]]}},{"type":"Feature","properties":{"line":"4","mode":"bus","color":"#e16cd6","oi":0.37,"n":3,"sw":1},"geometry":{"type":"LineString","coordinates":[[22.419725,39.639601],[22.419741,39.639612]]}},{"type":"Feature","properties":{"line":"4","mode":"bus","color":"#e16cd6","oi":0.291,"n":3,"sw":1},"geometry":{"type":"LineString","coordinates":[[22.419736,39.639609],[22.419752,39.63962]]}},{"type":"Feature","properties":{"line":"4","mode":"bus","color":"#e16cd6","oi":0.209,"n":3,"sw":1},"geometry":{"type":"LineString","coordinates":[[22.419747,39.639616],[22.419763,39.639628]]}},{"type":"Feature","properties":{"line":"4","mode":"bus","color":"#e16cd6","oi":0.13,"n":3,"sw":1},"geometry":{"type":"LineString","coordinates":[[22.419758,39.639624],[22.419774,39.639635]]}},{"type":"Feature","properties":{"line":"4","mode":"bus","color":"#e16cd6","oi":0.063,"n":3,"sw":1},"geometry":{"type":"LineString","coordinates":[[22.419769,39.639632],[22.419785,39.639643]]}},{"type":"Feature","properties":{"line":"4","mode":"bus","color":"#e16cd6","oi":0.017,"n":3,"sw":1},"geometry":{"type":"LineString","coordinates":[[22.41978,39.639639],[22.419797,39.639651]]}},{"type":"Feature","properties":{"line":"4","mode":"bus","color":"#e16cd6","oi":0,"n":3,"sw":1},"geometry":{"type":"LineString","coordinates":[[22.419791,39.639647],[22.419808,39.639658]]}},{"type":"Feature","properties":{"line":"4","mode":"bus","color":"#e16cd6","oi":0.5,"n":4},"geometry":{"type":"LineString","coordinates":[[22.419823,39.639726],[22.419916,39.639733],[22.422792,39.641635]]}},{"type":"Feature","properties":{"line":"4","mode":"bus","color":"#e16cd6","oi":0,"n":4,"sw":1},"geometry":{"type":"LineString","coordinates":[[22.419405,39.639695],[22.41945,39.639698]]}},{"type":"Feature","properties":{"line":"4","mode":"bus","color":"#e16cd6","oi":0.017,"n":4,"sw":1},"geometry":{"type":"LineString","coordinates":[[22.419443,39.639698],[22.419463,39.639699],[22.419492,39.639701]]}},{"type":"Feature","properties":{"line":"4","mode":"bus","color":"#e16cd6","oi":0.063,"n":4,"sw":1},"geometry":{"type":"LineString","coordinates":[[22.419485,39.639701],[22.419534,39.639704]]}},{"type":"Feature","properties":{"line":"4","mode":"bus","color":"#e16cd6","oi":0.13,"n":4,"sw":1},"geometry":{"type":"LineString","coordinates":[[22.419527,39.639704],[22.419576,39.639707]]}},{"type":"Feature","properties":{"line":"4","mode":"bus","color":"#e16cd6","oi":0.209,"n":4,"sw":1},"geometry":{"type":"LineString","coordinates":[[22.419569,39.639707],[22.419618,39.639711]]}},{"type":"Feature","properties":{"line":"4","mode":"bus","color":"#e16cd6","oi":0.291,"n":4,"sw":1},"geometry":{"type":"LineString","coordinates":[[22.419611,39.63971],[22.419659,39.639714]]}},{"type":"Feature","properties":{"line":"4","mode":"bus","color":"#e16cd6","oi":0.37,"n":4,"sw":1},"geometry":{"type":"LineString","coordinates":[[22.419652,39.639713],[22.419701,39.639717]]}},{"type":"Feature","properties":{"line":"4","mode":"bus","color":"#e16cd6","oi":0.437,"n":4,"sw":1},"geometry":{"type":"LineString","coordinates":[[22.419694,39.639716],[22.419743,39.63972]]}},{"type":"Feature","properties":{"line":"4","mode":"bus","color":"#e16cd6","oi":0.483,"n":4,"sw":1},"geometry":{"type":"LineString","coordinates":[[22.419736,39.639719],[22.419785,39.639723]]}},{"type":"Feature","properties":{"line":"4","mode":"bus","color":"#e16cd6","oi":0.5,"n":4,"sw":1},"geometry":{"type":"LineString","coordinates":[[22.419778,39.639723],[22.419827,39.639726]]}},{"type":"Feature","properties":{"line":"4","mode":"bus","color":"#e16cd6","oi":0.5,"n":4,"sw":1},"geometry":{"type":"LineString","coordinates":[[22.422789,39.641633],[22.422827,39.641658]]}},{"type":"Feature","properties":{"line":"4","mode":"bus","color":"#e16cd6","oi":0.483,"n":4,"sw":1},"geometry":{"type":"LineString","coordinates":[[22.422821,39.641654],[22.422859,39.641679]]}},{"type":"Feature","properties":{"line":"4","mode":"bus","color":"#e16cd6","oi":0.437,"n":4,"sw":1},"geometry":{"type":"LineString","coordinates":[[22.422853,39.641676],[22.42289,39.6417]]}},{"type":"Feature","properties":{"line":"4","mode":"bus","color":"#e16cd6","oi":0.37,"n":4,"sw":1},"geometry":{"type":"LineString","coordinates":[[22.422885,39.641697],[22.422922,39.641721]]}},{"type":"Feature","properties":{"line":"4","mode":"bus","color":"#e16cd6","oi":0.291,"n":4,"sw":1},"geometry":{"type":"LineString","coordinates":[[22.422917,39.641718],[22.422954,39.641742]]}},{"type":"Feature","properties":{"line":"4","mode":"bus","color":"#e16cd6","oi":0.209,"n":4,"sw":1},"geometry":{"type":"LineString","coordinates":[[22.422949,39.641739],[22.422986,39.641763]]}},{"type":"Feature","properties":{"line":"4","mode":"bus","color":"#e16cd6","oi":0.13,"n":4,"sw":1},"geometry":{"type":"LineString","coordinates":[[22.422981,39.64176],[22.423018,39.641784]]}},{"type":"Feature","properties":{"line":"4","mode":"bus","color":"#e16cd6","oi":0.063,"n":4,"sw":1},"geometry":{"type":"LineString","coordinates":[[22.423013,39.641781],[22.42305,39.641806]]}},{"type":"Feature","properties":{"line":"4","mode":"bus","color":"#e16cd6","oi":0.017,"n":4,"sw":1},"geometry":{"type":"LineString","coordinates":[[22.423045,39.641802],[22.423082,39.641827]]}},{"type":"Feature","properties":{"line":"4","mode":"bus","color":"#e16cd6","oi":0,"n":4,"sw":1},"geometry":{"type":"LineString","coordinates":[[22.423076,39.641823],[22.423111,39.641846]]}},{"type":"Feature","properties":{"line":"4","mode":"bus","color":"#e16cd6","oi":0.5,"n":4},"geometry":{"type":"LineString","coordinates":[[22.413532,39.634271],[22.415185,39.635066],[22.416035,39.635281],[22.416669,39.635347],[22.416694,39.635354],[22.416709,39.635367],[22.416714,39.635388],[22.416687,39.636147],[22.416699,39.637735],[22.416658,39.638089],[22.416655,39.638459]]}},{"type":"Feature","properties":{"line":"4","mode":"bus","color":"#e16cd6","oi":0,"n":4,"sw":1},"geometry":{"type":"LineString","coordinates":[[22.413175,39.6341],[22.413214,39.634119]]}},{"type":"Feature","properties":{"line":"4","mode":"bus","color":"#e16cd6","oi":0.017,"n":4,"sw":1},"geometry":{"type":"LineString","coordinates":[[22.413208,39.634116],[22.413249,39.634136]]}},{"type":"Feature","properties":{"line":"4","mode":"bus","color":"#e16cd6","oi":0.063,"n":4,"sw":1},"geometry":{"type":"LineString","coordinates":[[22.413243,39.634133],[22.413285,39.634153]]}},{"type":"Feature","properties":{"line":"4","mode":"bus","color":"#e16cd6","oi":0.13,"n":4,"sw":1},"geometry":{"type":"LineString","coordinates":[[22.413279,39.63415],[22.413321,39.63417]]}},{"type":"Feature","properties":{"line":"4","mode":"bus","color":"#e16cd6","oi":0.209,"n":4,"sw":1},"geometry":{"type":"LineString","coordinates":[[22.413315,39.634167],[22.413356,39.634187]]}},{"type":"Feature","properties":{"line":"4","mode":"bus","color":"#e16cd6","oi":0.291,"n":4,"sw":1},"geometry":{"type":"LineString","coordinates":[[22.41335,39.634184],[22.413392,39.634204]]}},{"type":"Feature","properties":{"line":"4","mode":"bus","color":"#e16cd6","oi":0.37,"n":4,"sw":1},"geometry":{"type":"LineString","coordinates":[[22.413386,39.634201],[22.413428,39.634221]]}},{"type":"Feature","properties":{"line":"4","mode":"bus","color":"#e16cd6","oi":0.437,"n":4,"sw":1},"geometry":{"type":"LineString","coordinates":[[22.413422,39.634219],[22.413463,39.634239]]}},{"type":"Feature","properties":{"line":"4","mode":"bus","color":"#e16cd6","oi":0.483,"n":4,"sw":1},"geometry":{"type":"LineString","coordinates":[[22.413457,39.634236],[22.413499,39.634256]]}},{"type":"Feature","properties":{"line":"4","mode":"bus","color":"#e16cd6","oi":0.5,"n":4,"sw":1},"geometry":{"type":"LineString","coordinates":[[22.413493,39.634253],[22.413535,39.634273]]}},{"type":"Feature","properties":{"line":"4","mode":"bus","color":"#e16cd6","oi":0.5,"n":4,"sw":1},"geometry":{"type":"LineString","coordinates":[[22.416655,39.638456],[22.416655,39.638494]]}},{"type":"Feature","properties":{"line":"4","mode":"bus","color":"#e16cd6","oi":0.483,"n":4,"sw":1},"geometry":{"type":"LineString","coordinates":[[22.416655,39.638489],[22.416654,39.638527]]}},{"type":"Feature","properties":{"line":"4","mode":"bus","color":"#e16cd6","oi":0.437,"n":4,"sw":1},"geometry":{"type":"LineString","coordinates":[[22.416654,39.638521],[22.416654,39.638559]]}},{"type":"Feature","properties":{"line":"4","mode":"bus","color":"#e16cd6","oi":0.37,"n":4,"sw":1},"geometry":{"type":"LineString","coordinates":[[22.416654,39.638554],[22.416654,39.638591]]}},{"type":"Feature","properties":{"line":"4","mode":"bus","color":"#e16cd6","oi":0.291,"n":4,"sw":1},"geometry":{"type":"LineString","coordinates":[[22.416654,39.638586],[22.416654,39.638624]]}},{"type":"Feature","properties":{"line":"4","mode":"bus","color":"#e16cd6","oi":0.209,"n":4,"sw":1},"geometry":{"type":"LineString","coordinates":[[22.416654,39.638618],[22.416653,39.638656]]}},{"type":"Feature","properties":{"line":"4","mode":"bus","color":"#e16cd6","oi":0.13,"n":4,"sw":1},"geometry":{"type":"LineString","coordinates":[[22.416653,39.638651],[22.416653,39.638689]]}},{"type":"Feature","properties":{"line":"4","mode":"bus","color":"#e16cd6","oi":0.063,"n":4,"sw":1},"geometry":{"type":"LineString","coordinates":[[22.416653,39.638683],[22.416653,39.638693],[22.416637,39.638718]]}},{"type":"Feature","properties":{"line":"4","mode":"bus","color":"#e16cd6","oi":0.017,"n":4,"sw":1},"geometry":{"type":"LineString","coordinates":[[22.41664,39.638713],[22.416619,39.638747]]}},{"type":"Feature","properties":{"line":"4","mode":"bus","color":"#e16cd6","oi":0,"n":4,"sw":1},"geometry":{"type":"LineString","coordinates":[[22.416622,39.638742],[22.416602,39.638774]]}},{"type":"Feature","properties":{"line":"4","mode":"bus","color":"#e16cd6","oi":0.5,"n":4},"geometry":{"type":"LineString","coordinates":[[22.419682,39.639563],[22.419694,39.63958]]}},{"type":"Feature","properties":{"line":"4","mode":"bus","color":"#e16cd6","oi":0,"n":4,"sw":1},"geometry":{"type":"LineString","coordinates":[[22.419669,39.639545],[22.419677,39.639556]]}},{"type":"Feature","properties":{"line":"4","mode":"bus","color":"#e16cd6","oi":0.5,"n":4,"sw":1},"geometry":{"type":"LineString","coordinates":[[22.419674,39.639551],[22.419683,39.639565]]}},{"type":"Feature","properties":{"line":"4","mode":"bus","color":"#e16cd6","oi":0,"n":3},"geometry":{"type":"LineString","coordinates":[[22.415181,39.631432],[22.415184,39.631475]]}},{"type":"Feature","properties":{"line":"4","mode":"bus","color":"#e16cd6","oi":0,"n":3,"sw":1},"geometry":{"type":"LineString","coordinates":[[22.415184,39.631472],[22.415185,39.631486]]}},{"type":"Feature","properties":{"line":"4","mode":"bus","color":"#e16cd6","oi":0.078,"n":3,"sw":1},"geometry":{"type":"LineString","coordinates":[[22.415184,39.631481],[22.415185,39.631495]]}},{"type":"Feature","properties":{"line":"4","mode":"bus","color":"#e16cd6","oi":0.25,"n":3,"sw":1},"geometry":{"type":"LineString","coordinates":[[22.415185,39.63149],[22.415186,39.631503]]}},{"type":"Feature","properties":{"line":"4","mode":"bus","color":"#e16cd6","oi":0.422,"n":3,"sw":1},"geometry":{"type":"LineString","coordinates":[[22.415186,39.631498],[22.415187,39.631512]]}},{"type":"Feature","properties":{"line":"4","mode":"bus","color":"#e16cd6","oi":0.5,"n":3,"sw":1},"geometry":{"type":"LineString","coordinates":[[22.415186,39.631507],[22.415187,39.631518]]}},{"type":"Feature","properties":{"line":"4","mode":"bus","color":"#e16cd6","oi":0.5,"n":4},"geometry":{"type":"LineString","coordinates":[[22.415187,39.631518],[22.41519,39.632249]]}},{"type":"Feature","properties":{"line":"4","mode":"bus","color":"#e16cd6","oi":0.5,"n":4,"sw":1},"geometry":{"type":"LineString","coordinates":[[22.41519,39.632246],[22.415191,39.632284]]}},{"type":"Feature","properties":{"line":"4","mode":"bus","color":"#e16cd6","oi":0.483,"n":4,"sw":1},"geometry":{"type":"LineString","coordinates":[[22.415191,39.632279],[22.415191,39.632317]]}},{"type":"Feature","properties":{"line":"4","mode":"bus","color":"#e16cd6","oi":0.437,"n":4,"sw":1},"geometry":{"type":"LineString","coordinates":[[22.415191,39.632311],[22.415191,39.632349]]}},{"type":"Feature","properties":{"line":"4","mode":"bus","color":"#e16cd6","oi":0.37,"n":4,"sw":1},"geometry":{"type":"LineString","coordinates":[[22.415191,39.632344],[22.415191,39.632381]]}},{"type":"Feature","properties":{"line":"4","mode":"bus","color":"#e16cd6","oi":0.291,"n":4,"sw":1},"geometry":{"type":"LineString","coordinates":[[22.415191,39.632376],[22.415191,39.632414]]}},{"type":"Feature","properties":{"line":"4","mode":"bus","color":"#e16cd6","oi":0.209,"n":4,"sw":1},"geometry":{"type":"LineString","coordinates":[[22.415191,39.632408],[22.415191,39.632446]]}},{"type":"Feature","properties":{"line":"4","mode":"bus","color":"#e16cd6","oi":0.13,"n":4,"sw":1},"geometry":{"type":"LineString","coordinates":[[22.415191,39.632441],[22.415192,39.632479]]}},{"type":"Feature","properties":{"line":"4","mode":"bus","color":"#e16cd6","oi":0.063,"n":4,"sw":1},"geometry":{"type":"LineString","coordinates":[[22.415192,39.632473],[22.415192,39.632511]]}},{"type":"Feature","properties":{"line":"4","mode":"bus","color":"#e16cd6","oi":0.017,"n":4,"sw":1},"geometry":{"type":"LineString","coordinates":[[22.415192,39.632506],[22.415192,39.632543]]}},{"type":"Feature","properties":{"line":"4","mode":"bus","color":"#e16cd6","oi":0,"n":4,"sw":1},"geometry":{"type":"LineString","coordinates":[[22.415192,39.632538],[22.415192,39.632573]]}},{"type":"Feature","properties":{"line":"4","mode":"bus","color":"#e16cd6","oi":0,"n":1},"geometry":{"type":"LineString","coordinates":[[22.430726,39.638445],[22.432851,39.638631],[22.432876,39.638637],[22.43289,39.63865],[22.432892,39.638671],[22.432428,39.641858]]}},{"type":"Feature","properties":{"line":"4","mode":"bus","color":"#e16cd6","oi":0.5,"n":1,"sw":1},"geometry":{"type":"LineString","coordinates":[[22.430309,39.638408],[22.430354,39.638412]]}},{"type":"Feature","properties":{"line":"4","mode":"bus","color":"#e16cd6","oi":0.483,"n":1,"sw":1},"geometry":{"type":"LineString","coordinates":[[22.430347,39.638411],[22.430396,39.638416]]}},{"type":"Feature","properties":{"line":"4","mode":"bus","color":"#e16cd6","oi":0.437,"n":1,"sw":1},"geometry":{"type":"LineString","coordinates":[[22.430389,39.638415],[22.430438,39.638419]]}},{"type":"Feature","properties":{"line":"4","mode":"bus","color":"#e16cd6","oi":0.37,"n":1,"sw":1},"geometry":{"type":"LineString","coordinates":[[22.430431,39.638419],[22.430479,39.638423]]}},{"type":"Feature","properties":{"line":"4","mode":"bus","color":"#e16cd6","oi":0.291,"n":1,"sw":1},"geometry":{"type":"LineString","coordinates":[[22.430472,39.638422],[22.430521,39.638427]]}},{"type":"Feature","properties":{"line":"4","mode":"bus","color":"#e16cd6","oi":0.209,"n":1,"sw":1},"geometry":{"type":"LineString","coordinates":[[22.430514,39.638426],[22.430563,39.63843]]}},{"type":"Feature","properties":{"line":"4","mode":"bus","color":"#e16cd6","oi":0.13,"n":1,"sw":1},"geometry":{"type":"LineString","coordinates":[[22.430556,39.63843],[22.430605,39.638434]]}},{"type":"Feature","properties":{"line":"4","mode":"bus","color":"#e16cd6","oi":0.063,"n":1,"sw":1},"geometry":{"type":"LineString","coordinates":[[22.430598,39.638433],[22.430646,39.638438]]}},{"type":"Feature","properties":{"line":"4","mode":"bus","color":"#e16cd6","oi":0.017,"n":1,"sw":1},"geometry":{"type":"LineString","coordinates":[[22.430639,39.638437],[22.430688,39.638441]]}},{"type":"Feature","properties":{"line":"4","mode":"bus","color":"#e16cd6","oi":0,"n":1,"sw":1},"geometry":{"type":"LineString","coordinates":[[22.430681,39.638441],[22.43073,39.638445]]}},{"type":"Feature","properties":{"line":"4","mode":"bus","color":"#e16cd6","oi":0,"n":1},"geometry":{"type":"LineString","coordinates":[[22.429719,39.641601],[22.432508,39.641866]]}},{"type":"Feature","properties":{"line":"4","mode":"bus","color":"#e16cd6","oi":0,"n":1},"geometry":{"type":"LineString","coordinates":[[22.403805,39.61779],[22.403236,39.61712],[22.403092,39.616908]]}},{"type":"Feature","properties":{"line":"4","mode":"bus","color":"#e16cd6","oi":0.5,"n":1,"sw":1},"geometry":{"type":"LineString","coordinates":[[22.404035,39.618061],[22.40401,39.618032]]}},{"type":"Feature","properties":{"line":"4","mode":"bus","color":"#e16cd6","oi":0.483,"n":1,"sw":1},"geometry":{"type":"LineString","coordinates":[[22.404014,39.618036],[22.403987,39.618005]]}},{"type":"Feature","properties":{"line":"4","mode":"bus","color":"#e16cd6","oi":0.437,"n":1,"sw":1},"geometry":{"type":"LineString","coordinates":[[22.403991,39.618009],[22.403964,39.617977]]}},{"type":"Feature","properties":{"line":"4","mode":"bus","color":"#e16cd6","oi":0.37,"n":1,"sw":1},"geometry":{"type":"LineString","coordinates":[[22.403968,39.617982],[22.403941,39.61795]]}},{"type":"Feature","properties":{"line":"4","mode":"bus","color":"#e16cd6","oi":0.291,"n":1,"sw":1},"geometry":{"type":"LineString","coordinates":[[22.403945,39.617955],[22.403918,39.617923]]}},{"type":"Feature","properties":{"line":"4","mode":"bus","color":"#e16cd6","oi":0.209,"n":1,"sw":1},"geometry":{"type":"LineString","coordinates":[[22.403922,39.617928],[22.403895,39.617896]]}},{"type":"Feature","properties":{"line":"4","mode":"bus","color":"#e16cd6","oi":0.13,"n":1,"sw":1},"geometry":{"type":"LineString","coordinates":[[22.403899,39.617901],[22.403872,39.617869]]}},{"type":"Feature","properties":{"line":"4","mode":"bus","color":"#e16cd6","oi":0.063,"n":1,"sw":1},"geometry":{"type":"LineString","coordinates":[[22.403876,39.617874],[22.403849,39.617842]]}},{"type":"Feature","properties":{"line":"4","mode":"bus","color":"#e16cd6","oi":0.017,"n":1,"sw":1},"geometry":{"type":"LineString","coordinates":[[22.403853,39.617846],[22.403826,39.617815]]}},{"type":"Feature","properties":{"line":"4","mode":"bus","color":"#e16cd6","oi":0,"n":1,"sw":1},"geometry":{"type":"LineString","coordinates":[[22.40383,39.617819],[22.403803,39.617788]]}},{"type":"Feature","properties":{"line":"4","mode":"bus","color":"#e16cd6","oi":0,"n":1},"geometry":{"type":"LineString","coordinates":[[22.404773,39.618869],[22.404524,39.618538],[22.403516,39.617338],[22.403092,39.616908],[22.401269,39.614736]]}},{"type":"Feature","properties":{"line":"4","mode":"bus","color":"#e16cd6","oi":0,"n":1},"geometry":{"type":"LineString","coordinates":[[22.399393,39.604775],[22.39924,39.604583],[22.399228,39.604571],[22.399213,39.604566],[22.399198,39.604567],[22.399181,39.604576],[22.398641,39.604945],[22.398215,39.605199],[22.397569,39.605531],[22.395602,39.606173],[22.394473,39.606614],[22.394456,39.606623],[22.394448,39.606633],[22.394448,39.606646],[22.394456,39.60666],[22.398845,39.611883]]}},{"type":"Feature","properties":{"line":"4","mode":"bus","color":"#e16cd6","oi":0,"n":1},"geometry":{"type":"LineString","coordinates":[[22.387041,39.614868],[22.387149,39.615043],[22.387156,39.615064],[22.387149,39.61508],[22.387128,39.615094],[22.386942,39.615174],[22.386923,39.61518],[22.386907,39.615179],[22.386895,39.615172],[22.386886,39.615158],[22.386843,39.615062],[22.386684,39.614858],[22.38467,39.612781],[22.383649,39.610576],[22.383646,39.610553],[22.383658,39.610532],[22.383695,39.610494],[22.383778,39.610458],[22.384264,39.610348],[22.384881,39.610142],[22.386345,39.609514],[22.3867,39.609392],[22.386793,39.609417],[22.386904,39.609391],[22.39031,39.608427],[22.390657,39.608375],[22.390947,39.608361],[22.391456,39.608403],[22.391944,39.608533],[22.392419,39.608764],[22.392727,39.609007],[22.392842,39.609123],[22.39308,39.609454],[22.393481,39.610104],[22.395051,39.612272],[22.395206,39.612466],[22.39535,39.612593],[22.395688,39.612778],[22.395993,39.612899],[22.396336,39.612944],[22.396777,39.612926],[22.396977,39.612883],[22.397323,39.612755],[22.398867,39.611978],[22.398886,39.611971],[22.398902,39.611971],[22.398918,39.611976],[22.398931,39.611988],[22.40099,39.614498],[22.401238,39.614709],[22.401247,39.614717],[22.401253,39.61472],[22.401257,39.614721],[22.401257,39.614718],[22.401255,39.614712],[22.401251,39.614703],[22.401107,39.614446],[22.399965,39.613033],[22.394541,39.606582]]}},{"type":"Feature","properties":{"line":"4","mode":"bus","color":"#e16cd6","oi":0,"n":1},"geometry":{"type":"LineString","coordinates":[[22.398649,39.61208],[22.398844,39.612076],[22.39895,39.612103],[22.39908,39.612172]]}},{"type":"Feature","properties":{"line":"4","mode":"bus","color":"#e16cd6","oi":0,"n":1},"geometry":{"type":"LineString","coordinates":[[22.387169,39.615076],[22.38722,39.615093]]}},{"type":"Feature","properties":{"line":"4","mode":"bus","color":"#e16cd6","oi":0,"n":1},"geometry":{"type":"LineString","coordinates":[[22.3867,39.609392],[22.386763,39.609339],[22.390291,39.608338],[22.390648,39.608284],[22.390949,39.60827],[22.391481,39.608312],[22.39183,39.608391],[22.392163,39.608517],[22.392484,39.608693],[22.39282,39.60895],[22.392947,39.609081],[22.393186,39.609412],[22.393594,39.610075],[22.395155,39.612228],[22.395301,39.61241],[22.395432,39.612526],[22.395737,39.612695],[22.396077,39.61282],[22.396347,39.612853],[22.396759,39.612836],[22.396942,39.612796],[22.397259,39.612677],[22.398962,39.611825]]}},{"type":"Feature","properties":{"line":"4","mode":"bus","color":"#e16cd6","oi":0,"n":1},"geometry":{"type":"LineString","coordinates":[[22.383607,39.6105],[22.383662,39.610522]]}},{"type":"Feature","properties":{"line":"4","mode":"bus","color":"#e16cd6","oi":0,"n":1},"geometry":{"type":"LineString","coordinates":[[22.396615,39.609222],[22.396562,39.609244],[22.396551,39.609251],[22.396545,39.609258],[22.396546,39.609267],[22.396552,39.609277],[22.397416,39.610303],[22.39742,39.610447],[22.397639,39.610702],[22.397786,39.610754],[22.398018,39.611037],[22.398199,39.611108]]}},{"type":"Feature","properties":{"line":"4","mode":"bus","color":"#e16cd6","oi":0,"n":1},"geometry":{"type":"LineString","coordinates":[[22.407819,39.624386],[22.407829,39.624418]]}},{"type":"Feature","properties":{"line":"4","mode":"bus","color":"#e16cd6","oi":0.5,"n":2},"geometry":{"type":"LineString","coordinates":[[22.423522,39.641788],[22.424462,39.641707],[22.427896,39.641447],[22.428603,39.641479],[22.429303,39.641556]]}},{"type":"Feature","properties":{"line":"4","mode":"bus","color":"#e16cd6","oi":0,"n":2,"sw":1},"geometry":{"type":"LineString","coordinates":[[22.423111,39.641846],[22.423154,39.641835]]}},{"type":"Feature","properties":{"line":"4","mode":"bus","color":"#e16cd6","oi":0.017,"n":2,"sw":1},"geometry":{"type":"LineString","coordinates":[[22.423147,39.641837],[22.423194,39.641824]]}},{"type":"Feature","properties":{"line":"4","mode":"bus","color":"#e16cd6","oi":0.063,"n":2,"sw":1},"geometry":{"type":"LineString","coordinates":[[22.423187,39.641826],[22.423234,39.641814]]}},{"type":"Feature","properties":{"line":"4","mode":"bus","color":"#e16cd6","oi":0.13,"n":2,"sw":1},"geometry":{"type":"LineString","coordinates":[[22.423227,39.641816],[22.423242,39.641812],[22.423275,39.641809]]}},{"type":"Feature","properties":{"line":"4","mode":"bus","color":"#e16cd6","oi":0.209,"n":2,"sw":1},"geometry":{"type":"LineString","coordinates":[[22.423268,39.64181],[22.423317,39.641806]]}},{"type":"Feature","properties":{"line":"4","mode":"bus","color":"#e16cd6","oi":0.291,"n":2,"sw":1},"geometry":{"type":"LineString","coordinates":[[22.42331,39.641806],[22.423359,39.641802]]}},{"type":"Feature","properties":{"line":"4","mode":"bus","color":"#e16cd6","oi":0.37,"n":2,"sw":1},"geometry":{"type":"LineString","coordinates":[[22.423352,39.641803],[22.4234,39.641798]]}},{"type":"Feature","properties":{"line":"4","mode":"bus","color":"#e16cd6","oi":0.437,"n":2,"sw":1},"geometry":{"type":"LineString","coordinates":[[22.423393,39.641799],[22.423442,39.641795]]}},{"type":"Feature","properties":{"line":"4","mode":"bus","color":"#e16cd6","oi":0.483,"n":2,"sw":1},"geometry":{"type":"LineString","coordinates":[[22.423435,39.641795],[22.423484,39.641791]]}},{"type":"Feature","properties":{"line":"4","mode":"bus","color":"#e16cd6","oi":0.5,"n":2,"sw":1},"geometry":{"type":"LineString","coordinates":[[22.423477,39.641792],[22.423526,39.641788]]}},{"type":"Feature","properties":{"line":"4","mode":"bus","color":"#e16cd6","oi":0.5,"n":2,"sw":1},"geometry":{"type":"LineString","coordinates":[[22.4293,39.641555],[22.429348,39.64156]]}},{"type":"Feature","properties":{"line":"4","mode":"bus","color":"#e16cd6","oi":0.483,"n":2,"sw":1},"geometry":{"type":"LineString","coordinates":[[22.429341,39.64156],[22.42939,39.641565]]}},{"type":"Feature","properties":{"line":"4","mode":"bus","color":"#e16cd6","oi":0.437,"n":2,"sw":1},"geometry":{"type":"LineString","coordinates":[[22.429383,39.641564],[22.429431,39.64157]]}},{"type":"Feature","properties":{"line":"4","mode":"bus","color":"#e16cd6","oi":0.37,"n":2,"sw":1},"geometry":{"type":"LineString","coordinates":[[22.429424,39.641569],[22.429473,39.641574]]}},{"type":"Feature","properties":{"line":"4","mode":"bus","color":"#e16cd6","oi":0.291,"n":2,"sw":1},"geometry":{"type":"LineString","coordinates":[[22.429466,39.641573],[22.429514,39.641579]]}},{"type":"Feature","properties":{"line":"4","mode":"bus","color":"#e16cd6","oi":0.209,"n":2,"sw":1},"geometry":{"type":"LineString","coordinates":[[22.429508,39.641578],[22.429556,39.641583]]}},{"type":"Feature","properties":{"line":"4","mode":"bus","color":"#e16cd6","oi":0.13,"n":2,"sw":1},"geometry":{"type":"LineString","coordinates":[[22.429549,39.641582],[22.429598,39.641588]]}},{"type":"Feature","properties":{"line":"4","mode":"bus","color":"#e16cd6","oi":0.063,"n":2,"sw":1},"geometry":{"type":"LineString","coordinates":[[22.429591,39.641587],[22.429639,39.641592]]}},{"type":"Feature","properties":{"line":"4","mode":"bus","color":"#e16cd6","oi":0.017,"n":2,"sw":1},"geometry":{"type":"LineString","coordinates":[[22.429632,39.641592],[22.429681,39.641597]]}},{"type":"Feature","properties":{"line":"4","mode":"bus","color":"#e16cd6","oi":0,"n":2,"sw":1},"geometry":{"type":"LineString","coordinates":[[22.429674,39.641596],[22.429719,39.641601]]}},{"type":"Feature","properties":{"line":"4","mode":"bus","color":"#e16cd6","oi":0.5,"n":2},"geometry":{"type":"LineString","coordinates":[[22.415026,39.631134],[22.414898,39.630961],[22.413654,39.629432],[22.410117,39.625233],[22.409194,39.624171],[22.404773,39.618869],[22.404647,39.61878],[22.404035,39.618061]]}},{"type":"Feature","properties":{"line":"4","mode":"bus","color":"#e16cd6","oi":0,"n":2,"sw":1},"geometry":{"type":"LineString","coordinates":[[22.415181,39.631432],[22.415169,39.631398]]}},{"type":"Feature","properties":{"line":"4","mode":"bus","color":"#e16cd6","oi":0.017,"n":2,"sw":1},"geometry":{"type":"LineString","coordinates":[[22.415171,39.631403],[22.415159,39.631367]]}},{"type":"Feature","properties":{"line":"4","mode":"bus","color":"#e16cd6","oi":0.063,"n":2,"sw":1},"geometry":{"type":"LineString","coordinates":[[22.415161,39.631372],[22.415148,39.631335]]}},{"type":"Feature","properties":{"line":"4","mode":"bus","color":"#e16cd6","oi":0.13,"n":2,"sw":1},"geometry":{"type":"LineString","coordinates":[[22.41515,39.631341],[22.415138,39.631304]]}},{"type":"Feature","properties":{"line":"4","mode":"bus","color":"#e16cd6","oi":0.209,"n":2,"sw":1},"geometry":{"type":"LineString","coordinates":[[22.415139,39.631309],[22.415127,39.631273]]}},{"type":"Feature","properties":{"line":"4","mode":"bus","color":"#e16cd6","oi":0.291,"n":2,"sw":1},"geometry":{"type":"LineString","coordinates":[[22.415129,39.631278],[22.415126,39.63127],[22.415107,39.631244]]}},{"type":"Feature","properties":{"line":"4","mode":"bus","color":"#e16cd6","oi":0.37,"n":2,"sw":1},"geometry":{"type":"LineString","coordinates":[[22.41511,39.631249],[22.415086,39.631216]]}},{"type":"Feature","properties":{"line":"4","mode":"bus","color":"#e16cd6","oi":0.437,"n":2,"sw":1},"geometry":{"type":"LineString","coordinates":[[22.41509,39.631221],[22.415065,39.631188]]}},{"type":"Feature","properties":{"line":"4","mode":"bus","color":"#e16cd6","oi":0.483,"n":2,"sw":1},"geometry":{"type":"LineString","coordinates":[[22.415069,39.631193],[22.415045,39.63116]]}},{"type":"Feature","properties":{"line":"4","mode":"bus","color":"#e16cd6","oi":0.5,"n":2,"sw":1},"geometry":{"type":"LineString","coordinates":[[22.415048,39.631164],[22.415024,39.631132]]}},{"type":"Feature","properties":{"line":"4","mode":"bus","color":"#e16cd6","oi":0.5,"n":2},"geometry":{"type":"LineString","coordinates":[[22.406809,39.621307],[22.407411,39.623],[22.407809,39.624351],[22.407816,39.624366],[22.407828,39.624375],[22.407844,39.624379],[22.407864,39.624377],[22.409152,39.624119]]}},{"type":"Feature","properties":{"line":"4","mode":"bus","color":"#e16cd6","oi":0.5,"n":2},"geometry":{"type":"LineString","coordinates":[[22.420945,39.639218],[22.42588,39.639685],[22.427814,39.639887],[22.427834,39.639887],[22.427847,39.639882],[22.427855,39.639872],[22.427856,39.639856],[22.42773,39.638697],[22.427732,39.638675],[22.427745,39.638658],[22.427768,39.638646],[22.428021,39.638554],[22.42896,39.638307],[22.430309,39.638408]]}},{"type":"Feature","properties":{"line":"4","mode":"bus","color":"#e16cd6","oi":0,"n":2,"sw":1},"geometry":{"type":"LineString","coordinates":[[22.420528,39.639178],[22.420573,39.639182]]}},{"type":"Feature","properties":{"line":"4","mode":"bus","color":"#e16cd6","oi":0.017,"n":2,"sw":1},"geometry":{"type":"LineString","coordinates":[[22.420566,39.639182],[22.420615,39.639186]]}},{"type":"Feature","properties":{"line":"4","mode":"bus","color":"#e16cd6","oi":0.063,"n":2,"sw":1},"geometry":{"type":"LineString","coordinates":[[22.420608,39.639186],[22.420657,39.63919]]}},{"type":"Feature","properties":{"line":"4","mode":"bus","color":"#e16cd6","oi":0.13,"n":2,"sw":1},"geometry":{"type":"LineString","coordinates":[[22.42065,39.63919],[22.420698,39.639194]]}},{"type":"Feature","properties":{"line":"4","mode":"bus","color":"#e16cd6","oi":0.209,"n":2,"sw":1},"geometry":{"type":"LineString","coordinates":[[22.420691,39.639193],[22.42074,39.639198]]}},{"type":"Feature","properties":{"line":"4","mode":"bus","color":"#e16cd6","oi":0.291,"n":2,"sw":1},"geometry":{"type":"LineString","coordinates":[[22.420733,39.639197],[22.420782,39.639202]]}},{"type":"Feature","properties":{"line":"4","mode":"bus","color":"#e16cd6","oi":0.37,"n":2,"sw":1},"geometry":{"type":"LineString","coordinates":[[22.420775,39.639201],[22.420823,39.639206]]}},{"type":"Feature","properties":{"line":"4","mode":"bus","color":"#e16cd6","oi":0.437,"n":2,"sw":1},"geometry":{"type":"LineString","coordinates":[[22.420816,39.639205],[22.420865,39.63921]]}},{"type":"Feature","properties":{"line":"4","mode":"bus","color":"#e16cd6","oi":0.483,"n":2,"sw":1},"geometry":{"type":"LineString","coordinates":[[22.420858,39.639209],[22.420907,39.639214]]}},{"type":"Feature","properties":{"line":"4","mode":"bus","color":"#e16cd6","oi":0.5,"n":2,"sw":1},"geometry":{"type":"LineString","coordinates":[[22.4209,39.639213],[22.420948,39.639218]]}},{"type":"Feature","properties":{"line":"4","mode":"bus","color":"#e16cd6","oi":0,"n":4,"sw":1},"geometry":{"type":"LineString","coordinates":[[22.413199,39.631883],[22.413199,39.631871]]}},{"type":"Feature","properties":{"line":"4","mode":"bus","color":"#e16cd6","oi":0.389,"n":4,"sw":1},"geometry":{"type":"LineString","coordinates":[[22.413199,39.631876],[22.413199,39.631861]]}},{"type":"Feature","properties":{"line":"4","mode":"bus","color":"#e16cd6","oi":1.111,"n":4,"sw":1},"geometry":{"type":"LineString","coordinates":[[22.413199,39.631866],[22.413199,39.631851]]}},{"type":"Feature","properties":{"line":"4","mode":"bus","color":"#e16cd6","oi":1.5,"n":4,"sw":1},"geometry":{"type":"LineString","coordinates":[[22.413199,39.631856],[22.4132,39.631841]]}},{"type":"Feature","properties":{"line":"4","mode":"bus","color":"#e16cd6","oi":1.5,"n":4,"sw":1},"geometry":{"type":"LineString","coordinates":[[22.413199,39.631847],[22.4132,39.631832]]}},{"type":"Feature","properties":{"line":"4","mode":"bus","color":"#e16cd6","oi":1.111,"n":4,"sw":1},"geometry":{"type":"LineString","coordinates":[[22.4132,39.631837],[22.4132,39.631822]]}},{"type":"Feature","properties":{"line":"4","mode":"bus","color":"#e16cd6","oi":0.389,"n":4,"sw":1},"geometry":{"type":"LineString","coordinates":[[22.4132,39.631827],[22.4132,39.631812]]}},{"type":"Feature","properties":{"line":"4","mode":"bus","color":"#e16cd6","oi":0,"n":4,"sw":1},"geometry":{"type":"LineString","coordinates":[[22.4132,39.631817],[22.4132,39.631805]]}},{"type":"Feature","properties":{"line":"4","mode":"bus","color":"#e16cd6","oi":1,"n":3},"geometry":{"type":"LineString","coordinates":[[22.429612,39.641914],[22.428991,39.643743],[22.428185,39.645481]]}},{"type":"Feature","properties":{"line":"4","mode":"bus","color":"#e16cd6","oi":0,"n":3,"sw":1},"geometry":{"type":"LineString","coordinates":[[22.429719,39.641601],[22.429712,39.641621]]}},{"type":"Feature","properties":{"line":"4","mode":"bus","color":"#e16cd6","oi":0.01,"n":3,"sw":1},"geometry":{"type":"LineString","coordinates":[[22.429714,39.641616],[22.429706,39.641638]]}},{"type":"Feature","properties":{"line":"4","mode":"bus","color":"#e16cd6","oi":0.038,"n":3,"sw":1},"geometry":{"type":"LineString","coordinates":[[22.429708,39.641633],[22.4297,39.641656]]}},{"type":"Feature","properties":{"line":"4","mode":"bus","color":"#e16cd6","oi":0.082,"n":3,"sw":1},"geometry":{"type":"LineString","coordinates":[[22.429702,39.641651],[22.429694,39.641673]]}},{"type":"Feature","properties":{"line":"4","mode":"bus","color":"#e16cd6","oi":0.14,"n":3,"sw":1},"geometry":{"type":"LineString","coordinates":[[22.429696,39.641668],[22.429689,39.641691]]}},{"type":"Feature","properties":{"line":"4","mode":"bus","color":"#e16cd6","oi":0.209,"n":3,"sw":1},"geometry":{"type":"LineString","coordinates":[[22.42969,39.641685],[22.429683,39.641708]]}},{"type":"Feature","properties":{"line":"4","mode":"bus","color":"#e16cd6","oi":0.286,"n":3,"sw":1},"geometry":{"type":"LineString","coordinates":[[22.429684,39.641703],[22.429677,39.641725]]}},{"type":"Feature","properties":{"line":"4","mode":"bus","color":"#e16cd6","oi":0.369,"n":3,"sw":1},"geometry":{"type":"LineString","coordinates":[[22.429678,39.64172],[22.429671,39.641743]]}},{"type":"Feature","properties":{"line":"4","mode":"bus","color":"#e16cd6","oi":0.456,"n":3,"sw":1},"geometry":{"type":"LineString","coordinates":[[22.429673,39.641738],[22.429665,39.64176]]}},{"type":"Feature","properties":{"line":"4","mode":"bus","color":"#e16cd6","oi":0.544,"n":3,"sw":1},"geometry":{"type":"LineString","coordinates":[[22.429667,39.641755],[22.429659,39.641778]]}},{"type":"Feature","properties":{"line":"4","mode":"bus","color":"#e16cd6","oi":0.631,"n":3,"sw":1},"geometry":{"type":"LineString","coordinates":[[22.429661,39.641772],[22.429653,39.641795]]}},{"type":"Feature","properties":{"line":"4","mode":"bus","color":"#e16cd6","oi":0.714,"n":3,"sw":1},"geometry":{"type":"LineString","coordinates":[[22.429655,39.64179],[22.429647,39.641813]]}},{"type":"Feature","properties":{"line":"4","mode":"bus","color":"#e16cd6","oi":0.791,"n":3,"sw":1},"geometry":{"type":"LineString","coordinates":[[22.429649,39.641807],[22.429641,39.64183]]}},{"type":"Feature","properties":{"line":"4","mode":"bus","color":"#e16cd6","oi":0.86,"n":3,"sw":1},"geometry":{"type":"LineString","coordinates":[[22.429643,39.641825],[22.429635,39.641847]]}},{"type":"Feature","properties":{"line":"4","mode":"bus","color":"#e16cd6","oi":0.918,"n":3,"sw":1},"geometry":{"type":"LineString","coordinates":[[22.429637,39.641842],[22.429629,39.641865]]}},{"type":"Feature","properties":{"line":"4","mode":"bus","color":"#e16cd6","oi":0.962,"n":3,"sw":1},"geometry":{"type":"LineString","coordinates":[[22.429631,39.64186],[22.429623,39.641882]]}},{"type":"Feature","properties":{"line":"4","mode":"bus","color":"#e16cd6","oi":0.99,"n":3,"sw":1},"geometry":{"type":"LineString","coordinates":[[22.429625,39.641877],[22.429618,39.6419]]}},{"type":"Feature","properties":{"line":"4","mode":"bus","color":"#e16cd6","oi":1,"n":3,"sw":1},"geometry":{"type":"LineString","coordinates":[[22.429619,39.641894],[22.429612,39.641917]]}},{"type":"Feature","properties":{"line":"4","mode":"bus","color":"#e16cd6","oi":1,"n":3,"sw":1},"geometry":{"type":"LineString","coordinates":[[22.428186,39.645478],[22.428178,39.645495]]}},{"type":"Feature","properties":{"line":"4","mode":"bus","color":"#e16cd6","oi":0.993,"n":3,"sw":1},"geometry":{"type":"LineString","coordinates":[[22.42818,39.64549],[22.428172,39.645507]]}},{"type":"Feature","properties":{"line":"4","mode":"bus","color":"#e16cd6","oi":0.973,"n":3,"sw":1},"geometry":{"type":"LineString","coordinates":[[22.428175,39.645502],[22.428167,39.645519]]}},{"type":"Feature","properties":{"line":"4","mode":"bus","color":"#e16cd6","oi":0.94,"n":3,"sw":1},"geometry":{"type":"LineString","coordinates":[[22.428169,39.645514],[22.428162,39.64553]]}},{"type":"Feature","properties":{"line":"4","mode":"bus","color":"#e16cd6","oi":0.897,"n":3,"sw":1},"geometry":{"type":"LineString","coordinates":[[22.428164,39.645525],[22.428156,39.645542]]}},{"type":"Feature","properties":{"line":"4","mode":"bus","color":"#e16cd6","oi":0.844,"n":3,"sw":1},"geometry":{"type":"LineString","coordinates":[[22.428158,39.645537],[22.428151,39.645554]]}},{"type":"Feature","properties":{"line":"4","mode":"bus","color":"#e16cd6","oi":0.782,"n":3,"sw":1},"geometry":{"type":"LineString","coordinates":[[22.428153,39.645549],[22.428145,39.645566]]}},{"type":"Feature","properties":{"line":"4","mode":"bus","color":"#e16cd6","oi":0.713,"n":3,"sw":1},"geometry":{"type":"LineString","coordinates":[[22.428148,39.645561],[22.42814,39.645577]]}},{"type":"Feature","properties":{"line":"4","mode":"bus","color":"#e16cd6","oi":0.638,"n":3,"sw":1},"geometry":{"type":"LineString","coordinates":[[22.428142,39.645572],[22.428134,39.645589]]}},{"type":"Feature","properties":{"line":"4","mode":"bus","color":"#e16cd6","oi":0.557,"n":3,"sw":1},"geometry":{"type":"LineString","coordinates":[[22.428137,39.645584],[22.428129,39.645601]]}},{"type":"Feature","properties":{"line":"4","mode":"bus","color":"#e16cd6","oi":0.472,"n":3,"sw":1},"geometry":{"type":"LineString","coordinates":[[22.428131,39.645596],[22.428123,39.645613]]}},{"type":"Feature","properties":{"line":"4","mode":"bus","color":"#e16cd6","oi":0.384,"n":3,"sw":1},"geometry":{"type":"LineString","coordinates":[[22.428126,39.645607],[22.428118,39.645624]]}},{"type":"Feature","properties":{"line":"4","mode":"bus","color":"#e16cd6","oi":0.295,"n":3,"sw":1},"geometry":{"type":"LineString","coordinates":[[22.42812,39.645619],[22.428113,39.645636]]}},{"type":"Feature","properties":{"line":"4","mode":"bus","color":"#e16cd6","oi":0.205,"n":3,"sw":1},"geometry":{"type":"LineString","coordinates":[[22.428115,39.645631],[22.428107,39.645648]]}},{"type":"Feature","properties":{"line":"4","mode":"bus","color":"#e16cd6","oi":0.116,"n":3,"sw":1},"geometry":{"type":"LineString","coordinates":[[22.42811,39.645643],[22.428102,39.64566]]}},{"type":"Feature","properties":{"line":"4","mode":"bus","color":"#e16cd6","oi":0.028,"n":3,"sw":1},"geometry":{"type":"LineString","coordinates":[[22.428104,39.645654],[22.428096,39.645671]]}},{"type":"Feature","properties":{"line":"4","mode":"bus","color":"#e16cd6","oi":-0.057,"n":3,"sw":1},"geometry":{"type":"LineString","coordinates":[[22.428099,39.645666],[22.428091,39.645683]]}},{"type":"Feature","properties":{"line":"4","mode":"bus","color":"#e16cd6","oi":-0.138,"n":3,"sw":1},"geometry":{"type":"LineString","coordinates":[[22.428093,39.645678],[22.428085,39.645695]]}},{"type":"Feature","properties":{"line":"4","mode":"bus","color":"#e16cd6","oi":-0.213,"n":3,"sw":1},"geometry":{"type":"LineString","coordinates":[[22.428088,39.64569],[22.42808,39.645706]]}},{"type":"Feature","properties":{"line":"4","mode":"bus","color":"#e16cd6","oi":-0.282,"n":3,"sw":1},"geometry":{"type":"LineString","coordinates":[[22.428082,39.645701],[22.428074,39.645718]]}},{"type":"Feature","properties":{"line":"4","mode":"bus","color":"#e16cd6","oi":-0.344,"n":3,"sw":1},"geometry":{"type":"LineString","coordinates":[[22.428077,39.645713],[22.428069,39.64573]]}},{"type":"Feature","properties":{"line":"4","mode":"bus","color":"#e16cd6","oi":-0.397,"n":3,"sw":1},"geometry":{"type":"LineString","coordinates":[[22.428071,39.645725],[22.428064,39.645742]]}},{"type":"Feature","properties":{"line":"4","mode":"bus","color":"#e16cd6","oi":-0.44,"n":3,"sw":1},"geometry":{"type":"LineString","coordinates":[[22.428066,39.645737],[22.428058,39.645753]]}},{"type":"Feature","properties":{"line":"4","mode":"bus","color":"#e16cd6","oi":-0.473,"n":3,"sw":1},"geometry":{"type":"LineString","coordinates":[[22.428061,39.645748],[22.428053,39.645765]]}},{"type":"Feature","properties":{"line":"4","mode":"bus","color":"#e16cd6","oi":-0.493,"n":3,"sw":1},"geometry":{"type":"LineString","coordinates":[[22.428055,39.64576],[22.428047,39.645777]]}},{"type":"Feature","properties":{"line":"4","mode":"bus","color":"#e16cd6","oi":-0.5,"n":3,"sw":1},"geometry":{"type":"LineString","coordinates":[[22.42805,39.645772],[22.428043,39.645786]]}},{"type":"Feature","properties":{"line":"12","mode":"bus","color":"#2d8c1b","oi":0,"n":4,"sw":1},"geometry":{"type":"LineString","coordinates":[[22.420385,39.639084],[22.420399,39.639082]]}},{"type":"Feature","properties":{"line":"12","mode":"bus","color":"#2d8c1b","oi":-0.052,"n":4,"sw":1},"geometry":{"type":"LineString","coordinates":[[22.420392,39.639083],[22.420409,39.63908]]}},{"type":"Feature","properties":{"line":"12","mode":"bus","color":"#2d8c1b","oi":-0.176,"n":4,"sw":1},"geometry":{"type":"LineString","coordinates":[[22.420402,39.639081],[22.420419,39.639079]]}},{"type":"Feature","properties":{"line":"12","mode":"bus","color":"#2d8c1b","oi":-0.324,"n":4,"sw":1},"geometry":{"type":"LineString","coordinates":[[22.420413,39.63908],[22.42043,39.639077]]}},{"type":"Feature","properties":{"line":"12","mode":"bus","color":"#2d8c1b","oi":-0.448,"n":4,"sw":1},"geometry":{"type":"LineString","coordinates":[[22.420423,39.639078],[22.42044,39.639076]]}},{"type":"Feature","properties":{"line":"12","mode":"bus","color":"#2d8c1b","oi":-0.5,"n":4,"sw":1},"geometry":{"type":"LineString","coordinates":[[22.420433,39.639077],[22.42045,39.639074]]}},{"type":"Feature","properties":{"line":"12","mode":"bus","color":"#2d8c1b","oi":-0.5,"n":4,"sw":1},"geometry":{"type":"LineString","coordinates":[[22.420444,39.639075],[22.420461,39.639073]]}},{"type":"Feature","properties":{"line":"12","mode":"bus","color":"#2d8c1b","oi":-0.448,"n":4,"sw":1},"geometry":{"type":"LineString","coordinates":[[22.420454,39.639074],[22.420467,39.639072],[22.420471,39.639073]]}},{"type":"Feature","properties":{"line":"12","mode":"bus","color":"#2d8c1b","oi":-0.324,"n":4,"sw":1},"geometry":{"type":"LineString","coordinates":[[22.420464,39.639072],[22.420467,39.639072],[22.42048,39.639077]]}},{"type":"Feature","properties":{"line":"12","mode":"bus","color":"#2d8c1b","oi":-0.176,"n":4,"sw":1},"geometry":{"type":"LineString","coordinates":[[22.420474,39.639075],[22.420489,39.639081]]}},{"type":"Feature","properties":{"line":"12","mode":"bus","color":"#2d8c1b","oi":-0.052,"n":4,"sw":1},"geometry":{"type":"LineString","coordinates":[[22.420483,39.639078],[22.420499,39.639085]]}},{"type":"Feature","properties":{"line":"12","mode":"bus","color":"#2d8c1b","oi":0,"n":4,"sw":1},"geometry":{"type":"LineString","coordinates":[[22.420493,39.639082],[22.420505,39.639087]]}},{"type":"Feature","properties":{"line":"12","mode":"bus","color":"#2d8c1b","oi":0.5,"n":4},"geometry":{"type":"LineString","coordinates":[[22.419891,39.631037],[22.421263,39.631302],[22.423255,39.631754],[22.427471,39.63294],[22.428047,39.633122],[22.428295,39.633279],[22.429496,39.634572],[22.429577,39.634626],[22.429705,39.63467],[22.42973,39.634682],[22.429745,39.634698],[22.429753,39.63472],[22.429762,39.634787]]}},{"type":"Feature","properties":{"line":"12","mode":"bus","color":"#2d8c1b","oi":0.5,"n":4},"geometry":{"type":"LineString","coordinates":[[22.429534,39.63481],[22.429588,39.634841]]}},{"type":"Feature","properties":{"line":"12","mode":"bus","color":"#2d8c1b","oi":0,"n":3},"geometry":{"type":"LineString","coordinates":[[22.383962,39.629484],[22.384111,39.629617],[22.384197,39.629734],[22.384197,39.629808],[22.384233,39.629877],[22.384343,39.62995],[22.384486,39.629965],[22.384596,39.62993],[22.384674,39.629861],[22.384702,39.629773],[22.384676,39.629683],[22.384711,39.629503],[22.384781,39.629369],[22.384766,39.629363],[22.384589,39.629512],[22.384466,39.629575],[22.384339,39.629593],[22.384166,39.629562],[22.383962,39.629484],[22.382181,39.628622],[22.381734,39.628388],[22.381725,39.628381],[22.381722,39.628372],[22.381726,39.628363],[22.381734,39.628349],[22.381739,39.628334],[22.381734,39.628319],[22.381625,39.628148]]}},{"type":"Feature","properties":{"line":"12","mode":"bus","color":"#2d8c1b","oi":0,"n":3},"geometry":{"type":"LineString","coordinates":[[22.381625,39.628148],[22.380884,39.627795],[22.380839,39.627733],[22.380848,39.627688],[22.380976,39.627525],[22.381031,39.627509],[22.38106,39.627505],[22.381088,39.627512],[22.381554,39.627723],[22.381693,39.627816],[22.381749,39.627934],[22.381748,39.627999],[22.381625,39.628148]]}},{"type":"Feature","properties":{"line":"12","mode":"bus","color":"#2d8c1b","oi":0,"n":1},"geometry":{"type":"LineString","coordinates":[[22.42274,39.631744],[22.423578,39.631948],[22.42521,39.632421],[22.427403,39.633009],[22.427978,39.633191],[22.428101,39.633254],[22.428217,39.63335],[22.429504,39.634746],[22.429534,39.63481]]}},{"type":"Feature","properties":{"line":"12","mode":"bus","color":"#2d8c1b","oi":-0.5,"n":1,"sw":1},"geometry":{"type":"LineString","coordinates":[[22.422339,39.631646],[22.422382,39.631657]]}},{"type":"Feature","properties":{"line":"12","mode":"bus","color":"#2d8c1b","oi":-0.483,"n":1,"sw":1},"geometry":{"type":"LineString","coordinates":[[22.422376,39.631655],[22.422422,39.631666]]}},{"type":"Feature","properties":{"line":"12","mode":"bus","color":"#2d8c1b","oi":-0.437,"n":1,"sw":1},"geometry":{"type":"LineString","coordinates":[[22.422416,39.631665],[22.422463,39.631676]]}},{"type":"Feature","properties":{"line":"12","mode":"bus","color":"#2d8c1b","oi":-0.37,"n":1,"sw":1},"geometry":{"type":"LineString","coordinates":[[22.422456,39.631674],[22.422503,39.631686]]}},{"type":"Feature","properties":{"line":"12","mode":"bus","color":"#2d8c1b","oi":-0.291,"n":1,"sw":1},"geometry":{"type":"LineString","coordinates":[[22.422496,39.631684],[22.422543,39.631696]]}},{"type":"Feature","properties":{"line":"12","mode":"bus","color":"#2d8c1b","oi":-0.209,"n":1,"sw":1},"geometry":{"type":"LineString","coordinates":[[22.422536,39.631694],[22.422583,39.631705]]}},{"type":"Feature","properties":{"line":"12","mode":"bus","color":"#2d8c1b","oi":-0.13,"n":1,"sw":1},"geometry":{"type":"LineString","coordinates":[[22.422576,39.631704],[22.422623,39.631715]]}},{"type":"Feature","properties":{"line":"12","mode":"bus","color":"#2d8c1b","oi":-0.063,"n":1,"sw":1},"geometry":{"type":"LineString","coordinates":[[22.422616,39.631714],[22.422663,39.631725]]}},{"type":"Feature","properties":{"line":"12","mode":"bus","color":"#2d8c1b","oi":-0.017,"n":1,"sw":1},"geometry":{"type":"LineString","coordinates":[[22.422656,39.631723],[22.422703,39.631735]]}},{"type":"Feature","properties":{"line":"12","mode":"bus","color":"#2d8c1b","oi":0,"n":1,"sw":1},"geometry":{"type":"LineString","coordinates":[[22.422696,39.631733],[22.422743,39.631744]]}},{"type":"Feature","properties":{"line":"12","mode":"bus","color":"#2d8c1b","oi":0.5,"n":1,"sw":1},"geometry":{"type":"LineString","coordinates":[[22.419462,39.630953],[22.419487,39.630958]]}},{"type":"Feature","properties":{"line":"12","mode":"bus","color":"#2d8c1b","oi":0.483,"n":1,"sw":1},"geometry":{"type":"LineString","coordinates":[[22.41948,39.630957],[22.419508,39.630962]]}},{"type":"Feature","properties":{"line":"12","mode":"bus","color":"#2d8c1b","oi":0.437,"n":1,"sw":1},"geometry":{"type":"LineString","coordinates":[[22.419502,39.630961],[22.41953,39.630966]]}},{"type":"Feature","properties":{"line":"12","mode":"bus","color":"#2d8c1b","oi":0.37,"n":1,"sw":1},"geometry":{"type":"LineString","coordinates":[[22.419523,39.630965],[22.419551,39.63097]]}},{"type":"Feature","properties":{"line":"12","mode":"bus","color":"#2d8c1b","oi":0.291,"n":1,"sw":1},"geometry":{"type":"LineString","coordinates":[[22.419544,39.630969],[22.419573,39.630975]]}},{"type":"Feature","properties":{"line":"12","mode":"bus","color":"#2d8c1b","oi":0.209,"n":1,"sw":1},"geometry":{"type":"LineString","coordinates":[[22.419566,39.630973],[22.419594,39.630979]]}},{"type":"Feature","properties":{"line":"12","mode":"bus","color":"#2d8c1b","oi":0.13,"n":1,"sw":1},"geometry":{"type":"LineString","coordinates":[[22.419587,39.630978],[22.419616,39.630983]]}},{"type":"Feature","properties":{"line":"12","mode":"bus","color":"#2d8c1b","oi":0.063,"n":1,"sw":1},"geometry":{"type":"LineString","coordinates":[[22.419609,39.630982],[22.419637,39.630987]]}},{"type":"Feature","properties":{"line":"12","mode":"bus","color":"#2d8c1b","oi":0.017,"n":1,"sw":1},"geometry":{"type":"LineString","coordinates":[[22.41963,39.630986],[22.419658,39.630991]]}},{"type":"Feature","properties":{"line":"12","mode":"bus","color":"#2d8c1b","oi":0,"n":1,"sw":1},"geometry":{"type":"LineString","coordinates":[[22.419652,39.63099],[22.41968,39.630996]]}},{"type":"Feature","properties":{"line":"12","mode":"bus","color":"#2d8c1b","oi":0,"n":1,"sw":1},"geometry":{"type":"LineString","coordinates":[[22.419673,39.630994],[22.419701,39.631]]}},{"type":"Feature","properties":{"line":"12","mode":"bus","color":"#2d8c1b","oi":0.017,"n":1,"sw":1},"geometry":{"type":"LineString","coordinates":[[22.419695,39.630999],[22.419723,39.631004]]}},{"type":"Feature","properties":{"line":"12","mode":"bus","color":"#2d8c1b","oi":0.063,"n":1,"sw":1},"geometry":{"type":"LineString","coordinates":[[22.419716,39.631003],[22.419744,39.631008]]}},{"type":"Feature","properties":{"line":"12","mode":"bus","color":"#2d8c1b","oi":0.13,"n":1,"sw":1},"geometry":{"type":"LineString","coordinates":[[22.419737,39.631007],[22.419766,39.631012]]}},{"type":"Feature","properties":{"line":"12","mode":"bus","color":"#2d8c1b","oi":0.209,"n":1,"sw":1},"geometry":{"type":"LineString","coordinates":[[22.419759,39.631011],[22.419787,39.631017]]}},{"type":"Feature","properties":{"line":"12","mode":"bus","color":"#2d8c1b","oi":0.291,"n":1,"sw":1},"geometry":{"type":"LineString","coordinates":[[22.41978,39.631015],[22.419809,39.631021]]}},{"type":"Feature","properties":{"line":"12","mode":"bus","color":"#2d8c1b","oi":0.37,"n":1,"sw":1},"geometry":{"type":"LineString","coordinates":[[22.419802,39.63102],[22.41983,39.631025]]}},{"type":"Feature","properties":{"line":"12","mode":"bus","color":"#2d8c1b","oi":0.437,"n":1,"sw":1},"geometry":{"type":"LineString","coordinates":[[22.419823,39.631024],[22.419851,39.631029]]}},{"type":"Feature","properties":{"line":"12","mode":"bus","color":"#2d8c1b","oi":0.483,"n":1,"sw":1},"geometry":{"type":"LineString","coordinates":[[22.419845,39.631028],[22.419873,39.631033]]}},{"type":"Feature","properties":{"line":"12","mode":"bus","color":"#2d8c1b","oi":0.5,"n":1,"sw":1},"geometry":{"type":"LineString","coordinates":[[22.419866,39.631032],[22.419891,39.631037]]}},{"type":"Feature","properties":{"line":"12","mode":"bus","color":"#2d8c1b","oi":0,"n":1},"geometry":{"type":"LineString","coordinates":[[22.40383,39.618222],[22.404017,39.618196],[22.404197,39.618256]]}},{"type":"Feature","properties":{"line":"12","mode":"bus","color":"#2d8c1b","oi":0,"n":1},"geometry":{"type":"LineString","coordinates":[[22.404035,39.618061],[22.403826,39.618242]]}},{"type":"Feature","properties":{"line":"12","mode":"bus","color":"#2d8c1b","oi":0,"n":1,"sw":1},"geometry":{"type":"LineString","coordinates":[[22.403828,39.61824],[22.403802,39.618262]]}},{"type":"Feature","properties":{"line":"12","mode":"bus","color":"#2d8c1b","oi":0.017,"n":1,"sw":1},"geometry":{"type":"LineString","coordinates":[[22.403807,39.618258],[22.403781,39.61828]]}},{"type":"Feature","properties":{"line":"12","mode":"bus","color":"#2d8c1b","oi":0.063,"n":1,"sw":1},"geometry":{"type":"LineString","coordinates":[[22.403786,39.618276],[22.40376,39.618298]]}},{"type":"Feature","properties":{"line":"12","mode":"bus","color":"#2d8c1b","oi":0.13,"n":1,"sw":1},"geometry":{"type":"LineString","coordinates":[[22.403765,39.618294],[22.403739,39.618316]]}},{"type":"Feature","properties":{"line":"12","mode":"bus","color":"#2d8c1b","oi":0.209,"n":1,"sw":1},"geometry":{"type":"LineString","coordinates":[[22.403744,39.618312],[22.403718,39.618335]]}},{"type":"Feature","properties":{"line":"12","mode":"bus","color":"#2d8c1b","oi":0.291,"n":1,"sw":1},"geometry":{"type":"LineString","coordinates":[[22.403723,39.61833],[22.403697,39.618353]]}},{"type":"Feature","properties":{"line":"12","mode":"bus","color":"#2d8c1b","oi":0.37,"n":1,"sw":1},"geometry":{"type":"LineString","coordinates":[[22.403702,39.618349],[22.403677,39.618371]]}},{"type":"Feature","properties":{"line":"12","mode":"bus","color":"#2d8c1b","oi":0.437,"n":1,"sw":1},"geometry":{"type":"LineString","coordinates":[[22.403681,39.618367],[22.403656,39.618389]]}},{"type":"Feature","properties":{"line":"12","mode":"bus","color":"#2d8c1b","oi":0.483,"n":1,"sw":1},"geometry":{"type":"LineString","coordinates":[[22.40366,39.618385],[22.403635,39.618407]]}},{"type":"Feature","properties":{"line":"12","mode":"bus","color":"#2d8c1b","oi":0.5,"n":1,"sw":1},"geometry":{"type":"LineString","coordinates":[[22.403639,39.618403],[22.403616,39.618423]]}},{"type":"Feature","properties":{"line":"12","mode":"bus","color":"#2d8c1b","oi":0,"n":1},"geometry":{"type":"LineString","coordinates":[[22.397775,39.626144],[22.393913,39.622155],[22.393714,39.622053],[22.393164,39.621928],[22.391353,39.621369],[22.391326,39.621365],[22.391303,39.621371],[22.391284,39.621386],[22.390452,39.622358],[22.384798,39.629336]]}},{"type":"Feature","properties":{"line":"12","mode":"bus","color":"#2d8c1b","oi":-1.5,"n":4},"geometry":{"type":"LineString","coordinates":[[22.419463,39.639699],[22.419916,39.639733],[22.423111,39.641846]]}},{"type":"Feature","properties":{"line":"12","mode":"bus","color":"#2d8c1b","oi":0.5,"n":4},"geometry":{"type":"LineString","coordinates":[[22.401037,39.621851],[22.397775,39.626144]]}},{"type":"Feature","properties":{"line":"12","mode":"bus","color":"#2d8c1b","oi":-1,"n":3},"geometry":{"type":"LineString","coordinates":[[22.415184,39.631475],[22.415187,39.631518]]}},{"type":"Feature","properties":{"line":"12","mode":"bus","color":"#2d8c1b","oi":0,"n":3,"sw":1},"geometry":{"type":"LineString","coordinates":[[22.415181,39.631432],[22.415182,39.631443]]}},{"type":"Feature","properties":{"line":"12","mode":"bus","color":"#2d8c1b","oi":-0.156,"n":3,"sw":1},"geometry":{"type":"LineString","coordinates":[[22.415181,39.631438],[22.415182,39.631452]]}},{"type":"Feature","properties":{"line":"12","mode":"bus","color":"#2d8c1b","oi":-0.5,"n":3,"sw":1},"geometry":{"type":"LineString","coordinates":[[22.415182,39.631447],[22.415183,39.63146]]}},{"type":"Feature","properties":{"line":"12","mode":"bus","color":"#2d8c1b","oi":-0.844,"n":3,"sw":1},"geometry":{"type":"LineString","coordinates":[[22.415183,39.631455],[22.415184,39.631469]]}},{"type":"Feature","properties":{"line":"12","mode":"bus","color":"#2d8c1b","oi":-1,"n":3,"sw":1},"geometry":{"type":"LineString","coordinates":[[22.415183,39.631464],[22.415184,39.631478]]}},{"type":"Feature","properties":{"line":"12","mode":"bus","color":"#2d8c1b","oi":-0.5,"n":4},"geometry":{"type":"LineString","coordinates":[[22.419269,39.631021],[22.419415,39.631051],[22.422339,39.631646]]}},{"type":"Feature","properties":{"line":"12","mode":"bus","color":"#2d8c1b","oi":-0.5,"n":2},"geometry":{"type":"LineString","coordinates":[[22.423522,39.641788],[22.424462,39.641707],[22.427896,39.641447],[22.428603,39.641479],[22.429303,39.641556]]}},{"type":"Feature","properties":{"line":"12","mode":"bus","color":"#2d8c1b","oi":0,"n":2,"sw":1},"geometry":{"type":"LineString","coordinates":[[22.423111,39.641846],[22.423154,39.641835]]}},{"type":"Feature","properties":{"line":"12","mode":"bus","color":"#2d8c1b","oi":-0.017,"n":2,"sw":1},"geometry":{"type":"LineString","coordinates":[[22.423147,39.641837],[22.423194,39.641824]]}},{"type":"Feature","properties":{"line":"12","mode":"bus","color":"#2d8c1b","oi":-0.063,"n":2,"sw":1},"geometry":{"type":"LineString","coordinates":[[22.423187,39.641826],[22.423234,39.641814]]}},{"type":"Feature","properties":{"line":"12","mode":"bus","color":"#2d8c1b","oi":-0.13,"n":2,"sw":1},"geometry":{"type":"LineString","coordinates":[[22.423227,39.641816],[22.423242,39.641812],[22.423275,39.641809]]}},{"type":"Feature","properties":{"line":"12","mode":"bus","color":"#2d8c1b","oi":-0.209,"n":2,"sw":1},"geometry":{"type":"LineString","coordinates":[[22.423268,39.64181],[22.423317,39.641806]]}},{"type":"Feature","properties":{"line":"12","mode":"bus","color":"#2d8c1b","oi":-0.291,"n":2,"sw":1},"geometry":{"type":"LineString","coordinates":[[22.42331,39.641806],[22.423359,39.641802]]}},{"type":"Feature","properties":{"line":"12","mode":"bus","color":"#2d8c1b","oi":-0.37,"n":2,"sw":1},"geometry":{"type":"LineString","coordinates":[[22.423352,39.641803],[22.4234,39.641798]]}},{"type":"Feature","properties":{"line":"12","mode":"bus","color":"#2d8c1b","oi":-0.437,"n":2,"sw":1},"geometry":{"type":"LineString","coordinates":[[22.423393,39.641799],[22.423442,39.641795]]}},{"type":"Feature","properties":{"line":"12","mode":"bus","color":"#2d8c1b","oi":-0.483,"n":2,"sw":1},"geometry":{"type":"LineString","coordinates":[[22.423435,39.641795],[22.423484,39.641791]]}},{"type":"Feature","properties":{"line":"12","mode":"bus","color":"#2d8c1b","oi":-0.5,"n":2,"sw":1},"geometry":{"type":"LineString","coordinates":[[22.423477,39.641792],[22.423526,39.641788]]}},{"type":"Feature","properties":{"line":"12","mode":"bus","color":"#2d8c1b","oi":-0.5,"n":2,"sw":1},"geometry":{"type":"LineString","coordinates":[[22.4293,39.641555],[22.429348,39.64156]]}},{"type":"Feature","properties":{"line":"12","mode":"bus","color":"#2d8c1b","oi":-0.483,"n":2,"sw":1},"geometry":{"type":"LineString","coordinates":[[22.429341,39.64156],[22.42939,39.641565]]}},{"type":"Feature","properties":{"line":"12","mode":"bus","color":"#2d8c1b","oi":-0.437,"n":2,"sw":1},"geometry":{"type":"LineString","coordinates":[[22.429383,39.641564],[22.429431,39.64157]]}},{"type":"Feature","properties":{"line":"12","mode":"bus","color":"#2d8c1b","oi":-0.37,"n":2,"sw":1},"geometry":{"type":"LineString","coordinates":[[22.429424,39.641569],[22.429473,39.641574]]}},{"type":"Feature","properties":{"line":"12","mode":"bus","color":"#2d8c1b","oi":-0.291,"n":2,"sw":1},"geometry":{"type":"LineString","coordinates":[[22.429466,39.641573],[22.429514,39.641579]]}},{"type":"Feature","properties":{"line":"12","mode":"bus","color":"#2d8c1b","oi":-0.209,"n":2,"sw":1},"geometry":{"type":"LineString","coordinates":[[22.429508,39.641578],[22.429556,39.641583]]}},{"type":"Feature","properties":{"line":"12","mode":"bus","color":"#2d8c1b","oi":-0.13,"n":2,"sw":1},"geometry":{"type":"LineString","coordinates":[[22.429549,39.641582],[22.429598,39.641588]]}},{"type":"Feature","properties":{"line":"12","mode":"bus","color":"#2d8c1b","oi":-0.063,"n":2,"sw":1},"geometry":{"type":"LineString","coordinates":[[22.429591,39.641587],[22.429639,39.641592]]}},{"type":"Feature","properties":{"line":"12","mode":"bus","color":"#2d8c1b","oi":-0.017,"n":2,"sw":1},"geometry":{"type":"LineString","coordinates":[[22.429632,39.641592],[22.429681,39.641597]]}},{"type":"Feature","properties":{"line":"12","mode":"bus","color":"#2d8c1b","oi":0,"n":2,"sw":1},"geometry":{"type":"LineString","coordinates":[[22.429674,39.641596],[22.429719,39.641601]]}},{"type":"Feature","properties":{"line":"12","mode":"bus","color":"#2d8c1b","oi":-0.5,"n":2},"geometry":{"type":"LineString","coordinates":[[22.415026,39.631134],[22.414898,39.630961],[22.413654,39.629432],[22.410117,39.625233],[22.409194,39.624171],[22.404773,39.618869],[22.404647,39.61878],[22.404035,39.618061]]}},{"type":"Feature","properties":{"line":"12","mode":"bus","color":"#2d8c1b","oi":0,"n":2,"sw":1},"geometry":{"type":"LineString","coordinates":[[22.415181,39.631432],[22.415169,39.631398]]}},{"type":"Feature","properties":{"line":"12","mode":"bus","color":"#2d8c1b","oi":-0.017,"n":2,"sw":1},"geometry":{"type":"LineString","coordinates":[[22.415171,39.631403],[22.415159,39.631367]]}},{"type":"Feature","properties":{"line":"12","mode":"bus","color":"#2d8c1b","oi":-0.063,"n":2,"sw":1},"geometry":{"type":"LineString","coordinates":[[22.415161,39.631372],[22.415148,39.631335]]}},{"type":"Feature","properties":{"line":"12","mode":"bus","color":"#2d8c1b","oi":-0.13,"n":2,"sw":1},"geometry":{"type":"LineString","coordinates":[[22.41515,39.631341],[22.415138,39.631304]]}},{"type":"Feature","properties":{"line":"12","mode":"bus","color":"#2d8c1b","oi":-0.209,"n":2,"sw":1},"geometry":{"type":"LineString","coordinates":[[22.415139,39.631309],[22.415127,39.631273]]}},{"type":"Feature","properties":{"line":"12","mode":"bus","color":"#2d8c1b","oi":-0.291,"n":2,"sw":1},"geometry":{"type":"LineString","coordinates":[[22.415129,39.631278],[22.415126,39.63127],[22.415107,39.631244]]}},{"type":"Feature","properties":{"line":"12","mode":"bus","color":"#2d8c1b","oi":-0.37,"n":2,"sw":1},"geometry":{"type":"LineString","coordinates":[[22.41511,39.631249],[22.415086,39.631216]]}},{"type":"Feature","properties":{"line":"12","mode":"bus","color":"#2d8c1b","oi":-0.437,"n":2,"sw":1},"geometry":{"type":"LineString","coordinates":[[22.41509,39.631221],[22.415065,39.631188]]}},{"type":"Feature","properties":{"line":"12","mode":"bus","color":"#2d8c1b","oi":-0.483,"n":2,"sw":1},"geometry":{"type":"LineString","coordinates":[[22.415069,39.631193],[22.415045,39.63116]]}},{"type":"Feature","properties":{"line":"12","mode":"bus","color":"#2d8c1b","oi":-0.5,"n":2,"sw":1},"geometry":{"type":"LineString","coordinates":[[22.415048,39.631164],[22.415024,39.631132]]}},{"type":"Feature","properties":{"line":"12","mode":"bus","color":"#2d8c1b","oi":-0.5,"n":2},"geometry":{"type":"LineString","coordinates":[[22.406809,39.621307],[22.407411,39.623],[22.407809,39.624351],[22.407816,39.624366],[22.407828,39.624375],[22.407844,39.624379],[22.407864,39.624377],[22.409152,39.624119]]}},{"type":"Feature","properties":{"line":"12","mode":"bus","color":"#2d8c1b","oi":-0.5,"n":2},"geometry":{"type":"LineString","coordinates":[[22.420945,39.639218],[22.42588,39.639685],[22.427814,39.639887],[22.427834,39.639887],[22.427847,39.639882],[22.427855,39.639872],[22.427856,39.639856],[22.42773,39.638697],[22.427732,39.638675],[22.427745,39.638658],[22.427768,39.638646],[22.428021,39.638554],[22.42896,39.638307],[22.429891,39.638377]]}},{"type":"Feature","properties":{"line":"12","mode":"bus","color":"#2d8c1b","oi":0,"n":2,"sw":1},"geometry":{"type":"LineString","coordinates":[[22.420528,39.639178],[22.420573,39.639182]]}},{"type":"Feature","properties":{"line":"12","mode":"bus","color":"#2d8c1b","oi":-0.017,"n":2,"sw":1},"geometry":{"type":"LineString","coordinates":[[22.420566,39.639182],[22.420615,39.639186]]}},{"type":"Feature","properties":{"line":"12","mode":"bus","color":"#2d8c1b","oi":-0.063,"n":2,"sw":1},"geometry":{"type":"LineString","coordinates":[[22.420608,39.639186],[22.420657,39.63919]]}},{"type":"Feature","properties":{"line":"12","mode":"bus","color":"#2d8c1b","oi":-0.13,"n":2,"sw":1},"geometry":{"type":"LineString","coordinates":[[22.42065,39.63919],[22.420698,39.639194]]}},{"type":"Feature","properties":{"line":"12","mode":"bus","color":"#2d8c1b","oi":-0.209,"n":2,"sw":1},"geometry":{"type":"LineString","coordinates":[[22.420691,39.639193],[22.42074,39.639198]]}},{"type":"Feature","properties":{"line":"12","mode":"bus","color":"#2d8c1b","oi":-0.291,"n":2,"sw":1},"geometry":{"type":"LineString","coordinates":[[22.420733,39.639197],[22.420782,39.639202]]}},{"type":"Feature","properties":{"line":"12","mode":"bus","color":"#2d8c1b","oi":-0.37,"n":2,"sw":1},"geometry":{"type":"LineString","coordinates":[[22.420775,39.639201],[22.420823,39.639206]]}},{"type":"Feature","properties":{"line":"12","mode":"bus","color":"#2d8c1b","oi":-0.437,"n":2,"sw":1},"geometry":{"type":"LineString","coordinates":[[22.420816,39.639205],[22.420865,39.63921]]}},{"type":"Feature","properties":{"line":"12","mode":"bus","color":"#2d8c1b","oi":-0.483,"n":2,"sw":1},"geometry":{"type":"LineString","coordinates":[[22.420858,39.639209],[22.420907,39.639214]]}},{"type":"Feature","properties":{"line":"12","mode":"bus","color":"#2d8c1b","oi":-0.5,"n":2,"sw":1},"geometry":{"type":"LineString","coordinates":[[22.4209,39.639213],[22.420948,39.639218]]}},{"type":"Feature","properties":{"line":"12","mode":"bus","color":"#2d8c1b","oi":-0.5,"n":2,"sw":1},"geometry":{"type":"LineString","coordinates":[[22.429887,39.638376],[22.429936,39.63838]]}},{"type":"Feature","properties":{"line":"12","mode":"bus","color":"#2d8c1b","oi":-0.483,"n":2,"sw":1},"geometry":{"type":"LineString","coordinates":[[22.429929,39.63838],[22.429978,39.638383]]}},{"type":"Feature","properties":{"line":"12","mode":"bus","color":"#2d8c1b","oi":-0.437,"n":2,"sw":1},"geometry":{"type":"LineString","coordinates":[[22.429971,39.638383],[22.43002,39.638386]]}},{"type":"Feature","properties":{"line":"12","mode":"bus","color":"#2d8c1b","oi":-0.37,"n":2,"sw":1},"geometry":{"type":"LineString","coordinates":[[22.430013,39.638386],[22.430062,39.638389]]}},{"type":"Feature","properties":{"line":"12","mode":"bus","color":"#2d8c1b","oi":-0.291,"n":2,"sw":1},"geometry":{"type":"LineString","coordinates":[[22.430055,39.638389],[22.430103,39.638393]]}},{"type":"Feature","properties":{"line":"12","mode":"bus","color":"#2d8c1b","oi":-0.209,"n":2,"sw":1},"geometry":{"type":"LineString","coordinates":[[22.430096,39.638392],[22.430145,39.638396]]}},{"type":"Feature","properties":{"line":"12","mode":"bus","color":"#2d8c1b","oi":-0.13,"n":2,"sw":1},"geometry":{"type":"LineString","coordinates":[[22.430138,39.638395],[22.430187,39.638399]]}},{"type":"Feature","properties":{"line":"12","mode":"bus","color":"#2d8c1b","oi":-0.063,"n":2,"sw":1},"geometry":{"type":"LineString","coordinates":[[22.43018,39.638398],[22.430229,39.638402]]}},{"type":"Feature","properties":{"line":"12","mode":"bus","color":"#2d8c1b","oi":-0.017,"n":2,"sw":1},"geometry":{"type":"LineString","coordinates":[[22.430222,39.638401],[22.430271,39.638405]]}},{"type":"Feature","properties":{"line":"12","mode":"bus","color":"#2d8c1b","oi":0,"n":2,"sw":1},"geometry":{"type":"LineString","coordinates":[[22.430264,39.638405],[22.430309,39.638408]]}},{"type":"Feature","properties":{"line":"12","mode":"bus","color":"#2d8c1b","oi":0,"n":3},"geometry":{"type":"LineString","coordinates":[[22.418877,39.639014],[22.41878,39.63955],[22.418839,39.639651]]}},{"type":"Feature","properties":{"line":"12","mode":"bus","color":"#2d8c1b","oi":-0.5,"n":4},"geometry":{"type":"LineString","coordinates":[[22.415591,39.63136],[22.416366,39.631225]]}},{"type":"Feature","properties":{"line":"12","mode":"bus","color":"#2d8c1b","oi":0,"n":4,"sw":1},"geometry":{"type":"LineString","coordinates":[[22.415181,39.631432],[22.415225,39.631424]]}},{"type":"Feature","properties":{"line":"12","mode":"bus","color":"#2d8c1b","oi":-0.017,"n":4,"sw":1},"geometry":{"type":"LineString","coordinates":[[22.415219,39.631425],[22.415266,39.631417]]}},{"type":"Feature","properties":{"line":"12","mode":"bus","color":"#2d8c1b","oi":-0.063,"n":4,"sw":1},"geometry":{"type":"LineString","coordinates":[[22.41526,39.631418],[22.415307,39.63141]]}},{"type":"Feature","properties":{"line":"12","mode":"bus","color":"#2d8c1b","oi":-0.13,"n":4,"sw":1},"geometry":{"type":"LineString","coordinates":[[22.4153,39.631411],[22.415348,39.631403]]}},{"type":"Feature","properties":{"line":"12","mode":"bus","color":"#2d8c1b","oi":-0.209,"n":4,"sw":1},"geometry":{"type":"LineString","coordinates":[[22.415341,39.631404],[22.415389,39.631396]]}},{"type":"Feature","properties":{"line":"12","mode":"bus","color":"#2d8c1b","oi":-0.291,"n":4,"sw":1},"geometry":{"type":"LineString","coordinates":[[22.415382,39.631397],[22.41543,39.631388]]}},{"type":"Feature","properties":{"line":"12","mode":"bus","color":"#2d8c1b","oi":-0.37,"n":4,"sw":1},"geometry":{"type":"LineString","coordinates":[[22.415423,39.63139],[22.415471,39.631381]]}},{"type":"Feature","properties":{"line":"12","mode":"bus","color":"#2d8c1b","oi":-0.437,"n":4,"sw":1},"geometry":{"type":"LineString","coordinates":[[22.415464,39.631382],[22.415512,39.631374]]}},{"type":"Feature","properties":{"line":"12","mode":"bus","color":"#2d8c1b","oi":-0.483,"n":4,"sw":1},"geometry":{"type":"LineString","coordinates":[[22.415505,39.631375],[22.415553,39.631367]]}},{"type":"Feature","properties":{"line":"12","mode":"bus","color":"#2d8c1b","oi":-0.5,"n":4,"sw":1},"geometry":{"type":"LineString","coordinates":[[22.415546,39.631368],[22.415594,39.63136]]}},{"type":"Feature","properties":{"line":"12","mode":"bus","color":"#2d8c1b","oi":-0.5,"n":4,"sw":1},"geometry":{"type":"LineString","coordinates":[[22.416363,39.631225],[22.416411,39.631217]]}},{"type":"Feature","properties":{"line":"12","mode":"bus","color":"#2d8c1b","oi":-0.483,"n":4,"sw":1},"geometry":{"type":"LineString","coordinates":[[22.416404,39.631218],[22.416452,39.63121]]}},{"type":"Feature","properties":{"line":"12","mode":"bus","color":"#2d8c1b","oi":-0.437,"n":4,"sw":1},"geometry":{"type":"LineString","coordinates":[[22.416445,39.631211],[22.416493,39.631203]]}},{"type":"Feature","properties":{"line":"12","mode":"bus","color":"#2d8c1b","oi":-0.37,"n":4,"sw":1},"geometry":{"type":"LineString","coordinates":[[22.416486,39.631204],[22.416534,39.631195]]}},{"type":"Feature","properties":{"line":"12","mode":"bus","color":"#2d8c1b","oi":-0.291,"n":4,"sw":1},"geometry":{"type":"LineString","coordinates":[[22.416527,39.631197],[22.416575,39.631188]]}},{"type":"Feature","properties":{"line":"12","mode":"bus","color":"#2d8c1b","oi":-0.209,"n":4,"sw":1},"geometry":{"type":"LineString","coordinates":[[22.416568,39.631189],[22.416616,39.631181]]}},{"type":"Feature","properties":{"line":"12","mode":"bus","color":"#2d8c1b","oi":-0.13,"n":4,"sw":1},"geometry":{"type":"LineString","coordinates":[[22.416609,39.631182],[22.416622,39.63118],[22.416658,39.631181]]}},{"type":"Feature","properties":{"line":"12","mode":"bus","color":"#2d8c1b","oi":-0.063,"n":4,"sw":1},"geometry":{"type":"LineString","coordinates":[[22.416651,39.631181],[22.4167,39.631182]]}},{"type":"Feature","properties":{"line":"12","mode":"bus","color":"#2d8c1b","oi":-0.017,"n":4,"sw":1},"geometry":{"type":"LineString","coordinates":[[22.416693,39.631182],[22.416742,39.631183]]}},{"type":"Feature","properties":{"line":"12","mode":"bus","color":"#2d8c1b","oi":0,"n":4,"sw":1},"geometry":{"type":"LineString","coordinates":[[22.416735,39.631183],[22.41678,39.631184]]}},{"type":"Feature","properties":{"line":"12","mode":"bus","color":"#2d8c1b","oi":-0.5,"n":4},"geometry":{"type":"LineString","coordinates":[[22.418351,39.630861],[22.418657,39.630812],[22.418795,39.630811],[22.419045,39.630862]]}},{"type":"Feature","properties":{"line":"12","mode":"bus","color":"#2d8c1b","oi":0,"n":4,"sw":1},"geometry":{"type":"LineString","coordinates":[[22.417962,39.630969],[22.418,39.63095]]}},{"type":"Feature","properties":{"line":"12","mode":"bus","color":"#2d8c1b","oi":-0.017,"n":4,"sw":1},"geometry":{"type":"LineString","coordinates":[[22.417994,39.630953],[22.418035,39.630932]]}},{"type":"Feature","properties":{"line":"12","mode":"bus","color":"#2d8c1b","oi":-0.063,"n":4,"sw":1},"geometry":{"type":"LineString","coordinates":[[22.418029,39.630935],[22.41807,39.630914]]}},{"type":"Feature","properties":{"line":"12","mode":"bus","color":"#2d8c1b","oi":-0.13,"n":4,"sw":1},"geometry":{"type":"LineString","coordinates":[[22.418064,39.630917],[22.418091,39.630903],[22.418107,39.6309]]}},{"type":"Feature","properties":{"line":"12","mode":"bus","color":"#2d8c1b","oi":-0.209,"n":4,"sw":1},"geometry":{"type":"LineString","coordinates":[[22.418101,39.630901],[22.418149,39.630894]]}},{"type":"Feature","properties":{"line":"12","mode":"bus","color":"#2d8c1b","oi":-0.291,"n":4,"sw":1},"geometry":{"type":"LineString","coordinates":[[22.418142,39.630895],[22.41819,39.630887]]}},{"type":"Feature","properties":{"line":"12","mode":"bus","color":"#2d8c1b","oi":-0.37,"n":4,"sw":1},"geometry":{"type":"LineString","coordinates":[[22.418183,39.630888],[22.418231,39.630881]]}},{"type":"Feature","properties":{"line":"12","mode":"bus","color":"#2d8c1b","oi":-0.437,"n":4,"sw":1},"geometry":{"type":"LineString","coordinates":[[22.418224,39.630882],[22.418272,39.630874]]}},{"type":"Feature","properties":{"line":"12","mode":"bus","color":"#2d8c1b","oi":-0.483,"n":4,"sw":1},"geometry":{"type":"LineString","coordinates":[[22.418265,39.630875],[22.418313,39.630867]]}},{"type":"Feature","properties":{"line":"12","mode":"bus","color":"#2d8c1b","oi":-0.5,"n":4,"sw":1},"geometry":{"type":"LineString","coordinates":[[22.418306,39.630868],[22.418354,39.630861]]}},{"type":"Feature","properties":{"line":"12","mode":"bus","color":"#2d8c1b","oi":0,"n":3},"geometry":{"type":"LineString","coordinates":[[22.417962,39.630969],[22.418113,39.630979],[22.418453,39.630911],[22.418629,39.630907],[22.41886,39.630948]]}},{"type":"Feature","properties":{"line":"12","mode":"bus","color":"#2d8c1b","oi":0,"n":3,"sw":1},"geometry":{"type":"LineString","coordinates":[[22.418856,39.630947],[22.418904,39.630956]]}},{"type":"Feature","properties":{"line":"12","mode":"bus","color":"#2d8c1b","oi":-0.017,"n":3,"sw":1},"geometry":{"type":"LineString","coordinates":[[22.418897,39.630955],[22.418945,39.630963]]}},{"type":"Feature","properties":{"line":"12","mode":"bus","color":"#2d8c1b","oi":-0.063,"n":3,"sw":1},"geometry":{"type":"LineString","coordinates":[[22.418938,39.630962],[22.418986,39.630971]]}},{"type":"Feature","properties":{"line":"12","mode":"bus","color":"#2d8c1b","oi":-0.13,"n":3,"sw":1},"geometry":{"type":"LineString","coordinates":[[22.418979,39.630969],[22.419027,39.630978]]}},{"type":"Feature","properties":{"line":"12","mode":"bus","color":"#2d8c1b","oi":-0.209,"n":3,"sw":1},"geometry":{"type":"LineString","coordinates":[[22.41902,39.630977],[22.419068,39.630985]]}},{"type":"Feature","properties":{"line":"12","mode":"bus","color":"#2d8c1b","oi":-0.291,"n":3,"sw":1},"geometry":{"type":"LineString","coordinates":[[22.419061,39.630984],[22.419109,39.630992]]}},{"type":"Feature","properties":{"line":"12","mode":"bus","color":"#2d8c1b","oi":-0.37,"n":3,"sw":1},"geometry":{"type":"LineString","coordinates":[[22.419102,39.630991],[22.41915,39.631]]}},{"type":"Feature","properties":{"line":"12","mode":"bus","color":"#2d8c1b","oi":-0.437,"n":3,"sw":1},"geometry":{"type":"LineString","coordinates":[[22.419143,39.630999],[22.419191,39.631007]]}},{"type":"Feature","properties":{"line":"12","mode":"bus","color":"#2d8c1b","oi":-0.483,"n":3,"sw":1},"geometry":{"type":"LineString","coordinates":[[22.419184,39.631006],[22.419231,39.631014]]}},{"type":"Feature","properties":{"line":"12","mode":"bus","color":"#2d8c1b","oi":-0.5,"n":3,"sw":1},"geometry":{"type":"LineString","coordinates":[[22.419225,39.631013],[22.419269,39.631021]]}},{"type":"Feature","properties":{"line":"12","mode":"bus","color":"#2d8c1b","oi":0,"n":3},"geometry":{"type":"LineString","coordinates":[[22.41678,39.631184],[22.416645,39.63124],[22.415187,39.631518]]}},{"type":"Feature","properties":{"line":"12","mode":"bus","color":"#2d8c1b","oi":1,"n":3},"geometry":{"type":"LineString","coordinates":[[22.42982,39.635111],[22.430354,39.635734],[22.430525,39.636017],[22.43061,39.636246],[22.43064,39.636523],[22.430619,39.636939],[22.430309,39.638408]]}},{"type":"Feature","properties":{"line":"12","mode":"bus","color":"#2d8c1b","oi":0.5,"n":3,"sw":1},"geometry":{"type":"LineString","coordinates":[[22.429588,39.634841],[22.429613,39.63487]]}},{"type":"Feature","properties":{"line":"12","mode":"bus","color":"#2d8c1b","oi":0.517,"n":3,"sw":1},"geometry":{"type":"LineString","coordinates":[[22.429609,39.634866],[22.429636,39.634897]]}},{"type":"Feature","properties":{"line":"12","mode":"bus","color":"#2d8c1b","oi":0.563,"n":3,"sw":1},"geometry":{"type":"LineString","coordinates":[[22.429632,39.634893],[22.429659,39.634924]]}},{"type":"Feature","properties":{"line":"12","mode":"bus","color":"#2d8c1b","oi":0.63,"n":3,"sw":1},"geometry":{"type":"LineString","coordinates":[[22.429656,39.63492],[22.429683,39.634951]]}},{"type":"Feature","properties":{"line":"12","mode":"bus","color":"#2d8c1b","oi":0.709,"n":3,"sw":1},"geometry":{"type":"LineString","coordinates":[[22.429679,39.634947],[22.429706,39.634978]]}},{"type":"Feature","properties":{"line":"12","mode":"bus","color":"#2d8c1b","oi":0.791,"n":3,"sw":1},"geometry":{"type":"LineString","coordinates":[[22.429702,39.634974],[22.429729,39.635005]]}},{"type":"Feature","properties":{"line":"12","mode":"bus","color":"#2d8c1b","oi":0.87,"n":3,"sw":1},"geometry":{"type":"LineString","coordinates":[[22.429725,39.635001],[22.429752,39.635032]]}},{"type":"Feature","properties":{"line":"12","mode":"bus","color":"#2d8c1b","oi":0.937,"n":3,"sw":1},"geometry":{"type":"LineString","coordinates":[[22.429748,39.635028],[22.429775,39.635059]]}},{"type":"Feature","properties":{"line":"12","mode":"bus","color":"#2d8c1b","oi":0.983,"n":3,"sw":1},"geometry":{"type":"LineString","coordinates":[[22.429771,39.635055],[22.429799,39.635086]]}},{"type":"Feature","properties":{"line":"12","mode":"bus","color":"#2d8c1b","oi":1,"n":3,"sw":1},"geometry":{"type":"LineString","coordinates":[[22.429795,39.635082],[22.429822,39.635113]]}},{"type":"Feature","properties":{"line":"12","mode":"bus","color":"#2d8c1b","oi":1,"n":3},"geometry":{"type":"LineString","coordinates":[[22.429953,39.635071],[22.430302,39.635457],[22.430608,39.635852],[22.430764,39.636184],[22.4308,39.636464],[22.430759,39.636937],[22.429719,39.641601]]}},{"type":"Feature","properties":{"line":"12","mode":"bus","color":"#2d8c1b","oi":0.5,"n":3,"sw":1},"geometry":{"type":"LineString","coordinates":[[22.429762,39.634787],[22.429774,39.634821]]}},{"type":"Feature","properties":{"line":"12","mode":"bus","color":"#2d8c1b","oi":0.517,"n":3,"sw":1},"geometry":{"type":"LineString","coordinates":[[22.429772,39.634816],[22.429786,39.634852]]}},{"type":"Feature","properties":{"line":"12","mode":"bus","color":"#2d8c1b","oi":0.563,"n":3,"sw":1},"geometry":{"type":"LineString","coordinates":[[22.429784,39.634847],[22.429797,39.634883]]}},{"type":"Feature","properties":{"line":"12","mode":"bus","color":"#2d8c1b","oi":0.63,"n":3,"sw":1},"geometry":{"type":"LineString","coordinates":[[22.429795,39.634878],[22.429806,39.634908],[22.429811,39.634913]]}},{"type":"Feature","properties":{"line":"12","mode":"bus","color":"#2d8c1b","oi":0.709,"n":3,"sw":1},"geometry":{"type":"LineString","coordinates":[[22.429807,39.634909],[22.429835,39.63494]]}},{"type":"Feature","properties":{"line":"12","mode":"bus","color":"#2d8c1b","oi":0.791,"n":3,"sw":1},"geometry":{"type":"LineString","coordinates":[[22.429831,39.634936],[22.429859,39.634967]]}},{"type":"Feature","properties":{"line":"12","mode":"bus","color":"#2d8c1b","oi":0.87,"n":3,"sw":1},"geometry":{"type":"LineString","coordinates":[[22.429855,39.634962],[22.429883,39.634993]]}},{"type":"Feature","properties":{"line":"12","mode":"bus","color":"#2d8c1b","oi":0.937,"n":3,"sw":1},"geometry":{"type":"LineString","coordinates":[[22.429879,39.634989],[22.429907,39.63502]]}},{"type":"Feature","properties":{"line":"12","mode":"bus","color":"#2d8c1b","oi":0.983,"n":3,"sw":1},"geometry":{"type":"LineString","coordinates":[[22.429903,39.635015],[22.429931,39.635046]]}},{"type":"Feature","properties":{"line":"12","mode":"bus","color":"#2d8c1b","oi":1,"n":3,"sw":1},"geometry":{"type":"LineString","coordinates":[[22.429927,39.635042],[22.429955,39.635073]]}},{"type":"Feature","properties":{"line":"12","mode":"bus","color":"#2d8c1b","oi":1,"n":3},"geometry":{"type":"LineString","coordinates":[[22.401086,39.621785],[22.401062,39.621818]]}},{"type":"Feature","properties":{"line":"12","mode":"bus","color":"#2d8c1b","oi":1,"n":3,"sw":1},"geometry":{"type":"LineString","coordinates":[[22.401063,39.621816],[22.401054,39.621829]]}},{"type":"Feature","properties":{"line":"12","mode":"bus","color":"#2d8c1b","oi":0.87,"n":3,"sw":1},"geometry":{"type":"LineString","coordinates":[[22.401057,39.621824],[22.401048,39.621837]]}},{"type":"Feature","properties":{"line":"12","mode":"bus","color":"#2d8c1b","oi":0.63,"n":3,"sw":1},"geometry":{"type":"LineString","coordinates":[[22.401051,39.621832],[22.401041,39.621845]]}},{"type":"Feature","properties":{"line":"12","mode":"bus","color":"#2d8c1b","oi":0.5,"n":3,"sw":1},"geometry":{"type":"LineString","coordinates":[[22.401045,39.62184],[22.401037,39.621851]]}},{"type":"Feature","properties":{"line":"12","mode":"bus","color":"#2d8c1b","oi":0.5,"n":2},"geometry":{"type":"LineString","coordinates":[[22.403616,39.618423],[22.401297,39.621505]]}},{"type":"Feature","properties":{"line":"12","mode":"bus","color":"#2d8c1b","oi":0.5,"n":2,"sw":1},"geometry":{"type":"LineString","coordinates":[[22.401299,39.621502],[22.401274,39.621535]]}},{"type":"Feature","properties":{"line":"12","mode":"bus","color":"#2d8c1b","oi":0.517,"n":2,"sw":1},"geometry":{"type":"LineString","coordinates":[[22.401278,39.62153],[22.401253,39.621563]]}},{"type":"Feature","properties":{"line":"12","mode":"bus","color":"#2d8c1b","oi":0.563,"n":2,"sw":1},"geometry":{"type":"LineString","coordinates":[[22.401256,39.621559],[22.401232,39.621591]]}},{"type":"Feature","properties":{"line":"12","mode":"bus","color":"#2d8c1b","oi":0.63,"n":2,"sw":1},"geometry":{"type":"LineString","coordinates":[[22.401235,39.621587],[22.401211,39.621619]]}},{"type":"Feature","properties":{"line":"12","mode":"bus","color":"#2d8c1b","oi":0.709,"n":2,"sw":1},"geometry":{"type":"LineString","coordinates":[[22.401214,39.621615],[22.40119,39.621647]]}},{"type":"Feature","properties":{"line":"12","mode":"bus","color":"#2d8c1b","oi":0.791,"n":2,"sw":1},"geometry":{"type":"LineString","coordinates":[[22.401193,39.621643],[22.401169,39.621675]]}},{"type":"Feature","properties":{"line":"12","mode":"bus","color":"#2d8c1b","oi":0.87,"n":2,"sw":1},"geometry":{"type":"LineString","coordinates":[[22.401172,39.621671],[22.401147,39.621703]]}},{"type":"Feature","properties":{"line":"12","mode":"bus","color":"#2d8c1b","oi":0.937,"n":2,"sw":1},"geometry":{"type":"LineString","coordinates":[[22.401151,39.621699],[22.401126,39.621731]]}},{"type":"Feature","properties":{"line":"12","mode":"bus","color":"#2d8c1b","oi":0.983,"n":2,"sw":1},"geometry":{"type":"LineString","coordinates":[[22.40113,39.621727],[22.401105,39.621759]]}},{"type":"Feature","properties":{"line":"12","mode":"bus","color":"#2d8c1b","oi":1,"n":2,"sw":1},"geometry":{"type":"LineString","coordinates":[[22.401109,39.621755],[22.401086,39.621785]]}},{"type":"Feature","properties":{"line":"12","mode":"bus","color":"#2d8c1b","oi":0.5,"n":2},"geometry":{"type":"LineString","coordinates":[[22.419253,39.630908],[22.419462,39.630953]]}},{"type":"Feature","properties":{"line":"12","mode":"bus","color":"#2d8c1b","oi":-0.5,"n":2,"sw":1},"geometry":{"type":"LineString","coordinates":[[22.419045,39.630862],[22.41906,39.630865]]}},{"type":"Feature","properties":{"line":"12","mode":"bus","color":"#2d8c1b","oi":-0.49,"n":2,"sw":1},"geometry":{"type":"LineString","coordinates":[[22.419053,39.630864],[22.419072,39.630868]]}},{"type":"Feature","properties":{"line":"12","mode":"bus","color":"#2d8c1b","oi":-0.462,"n":2,"sw":1},"geometry":{"type":"LineString","coordinates":[[22.419065,39.630866],[22.419083,39.63087]]}},{"type":"Feature","properties":{"line":"12","mode":"bus","color":"#2d8c1b","oi":-0.418,"n":2,"sw":1},"geometry":{"type":"LineString","coordinates":[[22.419076,39.630869],[22.419095,39.630873]]}},{"type":"Feature","properties":{"line":"12","mode":"bus","color":"#2d8c1b","oi":-0.36,"n":2,"sw":1},"geometry":{"type":"LineString","coordinates":[[22.419088,39.630871],[22.419106,39.630875]]}},{"type":"Feature","properties":{"line":"12","mode":"bus","color":"#2d8c1b","oi":-0.291,"n":2,"sw":1},"geometry":{"type":"LineString","coordinates":[[22.4191,39.630874],[22.419118,39.630878]]}},{"type":"Feature","properties":{"line":"12","mode":"bus","color":"#2d8c1b","oi":-0.214,"n":2,"sw":1},"geometry":{"type":"LineString","coordinates":[[22.419111,39.630876],[22.419129,39.63088]]}},{"type":"Feature","properties":{"line":"12","mode":"bus","color":"#2d8c1b","oi":-0.131,"n":2,"sw":1},"geometry":{"type":"LineString","coordinates":[[22.419123,39.630879],[22.419141,39.630883]]}},{"type":"Feature","properties":{"line":"12","mode":"bus","color":"#2d8c1b","oi":-0.044,"n":2,"sw":1},"geometry":{"type":"LineString","coordinates":[[22.419134,39.630881],[22.419153,39.630885]]}},{"type":"Feature","properties":{"line":"12","mode":"bus","color":"#2d8c1b","oi":0.044,"n":2,"sw":1},"geometry":{"type":"LineString","coordinates":[[22.419146,39.630884],[22.419164,39.630888]]}},{"type":"Feature","properties":{"line":"12","mode":"bus","color":"#2d8c1b","oi":0.131,"n":2,"sw":1},"geometry":{"type":"LineString","coordinates":[[22.419157,39.630887],[22.419176,39.630891]]}},{"type":"Feature","properties":{"line":"12","mode":"bus","color":"#2d8c1b","oi":0.214,"n":2,"sw":1},"geometry":{"type":"LineString","coordinates":[[22.419169,39.630889],[22.419187,39.630893]]}},{"type":"Feature","properties":{"line":"12","mode":"bus","color":"#2d8c1b","oi":0.291,"n":2,"sw":1},"geometry":{"type":"LineString","coordinates":[[22.419181,39.630892],[22.419199,39.630896]]}},{"type":"Feature","properties":{"line":"12","mode":"bus","color":"#2d8c1b","oi":0.36,"n":2,"sw":1},"geometry":{"type":"LineString","coordinates":[[22.419192,39.630894],[22.419211,39.630898]]}},{"type":"Feature","properties":{"line":"12","mode":"bus","color":"#2d8c1b","oi":0.418,"n":2,"sw":1},"geometry":{"type":"LineString","coordinates":[[22.419204,39.630897],[22.419222,39.630901]]}},{"type":"Feature","properties":{"line":"12","mode":"bus","color":"#2d8c1b","oi":0.462,"n":2,"sw":1},"geometry":{"type":"LineString","coordinates":[[22.419215,39.630899],[22.419234,39.630903]]}},{"type":"Feature","properties":{"line":"12","mode":"bus","color":"#2d8c1b","oi":0.49,"n":2,"sw":1},"geometry":{"type":"LineString","coordinates":[[22.419227,39.630902],[22.419245,39.630906]]}},{"type":"Feature","properties":{"line":"12","mode":"bus","color":"#2d8c1b","oi":0.5,"n":2,"sw":1},"geometry":{"type":"LineString","coordinates":[[22.419239,39.630904],[22.419257,39.630908]]}},{"type":"Feature","properties":{"line":"13","mode":"bus","color":"#7c5001","oi":0,"n":4,"sw":1},"geometry":{"type":"LineString","coordinates":[[22.420385,39.639084],[22.420399,39.639082]]}},{"type":"Feature","properties":{"line":"13","mode":"bus","color":"#7c5001","oi":-0.156,"n":4,"sw":1},"geometry":{"type":"LineString","coordinates":[[22.420392,39.639083],[22.420409,39.63908]]}},{"type":"Feature","properties":{"line":"13","mode":"bus","color":"#7c5001","oi":-0.528,"n":4,"sw":1},"geometry":{"type":"LineString","coordinates":[[22.420402,39.639081],[22.420419,39.639079]]}},{"type":"Feature","properties":{"line":"13","mode":"bus","color":"#7c5001","oi":-0.972,"n":4,"sw":1},"geometry":{"type":"LineString","coordinates":[[22.420413,39.63908],[22.42043,39.639077]]}},{"type":"Feature","properties":{"line":"13","mode":"bus","color":"#7c5001","oi":-1.344,"n":4,"sw":1},"geometry":{"type":"LineString","coordinates":[[22.420423,39.639078],[22.42044,39.639076]]}},{"type":"Feature","properties":{"line":"13","mode":"bus","color":"#7c5001","oi":-1.5,"n":4,"sw":1},"geometry":{"type":"LineString","coordinates":[[22.420433,39.639077],[22.42045,39.639074]]}},{"type":"Feature","properties":{"line":"13","mode":"bus","color":"#7c5001","oi":-1.5,"n":4,"sw":1},"geometry":{"type":"LineString","coordinates":[[22.420444,39.639075],[22.420461,39.639073]]}},{"type":"Feature","properties":{"line":"13","mode":"bus","color":"#7c5001","oi":-1.344,"n":4,"sw":1},"geometry":{"type":"LineString","coordinates":[[22.420454,39.639074],[22.420467,39.639072],[22.420471,39.639073]]}},{"type":"Feature","properties":{"line":"13","mode":"bus","color":"#7c5001","oi":-0.972,"n":4,"sw":1},"geometry":{"type":"LineString","coordinates":[[22.420464,39.639072],[22.420467,39.639072],[22.42048,39.639077]]}},{"type":"Feature","properties":{"line":"13","mode":"bus","color":"#7c5001","oi":-0.528,"n":4,"sw":1},"geometry":{"type":"LineString","coordinates":[[22.420474,39.639075],[22.420489,39.639081]]}},{"type":"Feature","properties":{"line":"13","mode":"bus","color":"#7c5001","oi":-0.156,"n":4,"sw":1},"geometry":{"type":"LineString","coordinates":[[22.420483,39.639078],[22.420499,39.639085]]}},{"type":"Feature","properties":{"line":"13","mode":"bus","color":"#7c5001","oi":0,"n":4,"sw":1},"geometry":{"type":"LineString","coordinates":[[22.420493,39.639082],[22.420505,39.639087]]}},{"type":"Feature","properties":{"line":"13","mode":"bus","color":"#7c5001","oi":-0.5,"n":4},"geometry":{"type":"LineString","coordinates":[[22.421751,39.638244],[22.421792,39.638185],[22.421934,39.638088],[22.422826,39.637541],[22.423135,39.637292],[22.424742,39.635629],[22.427442,39.632968],[22.427463,39.632954],[22.427487,39.632949],[22.427514,39.632954],[22.428047,39.633122],[22.428295,39.633279],[22.429496,39.634572],[22.429577,39.634626],[22.429705,39.63467],[22.42973,39.634682],[22.429745,39.634698],[22.429753,39.63472],[22.429762,39.634787]]}},{"type":"Feature","properties":{"line":"13","mode":"bus","color":"#7c5001","oi":-0.5,"n":4},"geometry":{"type":"LineString","coordinates":[[22.429534,39.63481],[22.429588,39.634841]]}},{"type":"Feature","properties":{"line":"13","mode":"bus","color":"#7c5001","oi":0,"n":3},"geometry":{"type":"LineString","coordinates":[[22.419697,39.639158],[22.419811,39.63914],[22.420354,39.639174],[22.420418,39.639216],[22.420461,39.639217],[22.420528,39.639178]]}},{"type":"Feature","properties":{"line":"13","mode":"bus","color":"#7c5001","oi":0,"n":3},"geometry":{"type":"LineString","coordinates":[[22.420505,39.639087],[22.421621,39.638322],[22.421949,39.638156],[22.42249,39.637838],[22.429373,39.634815],[22.429534,39.63481]]}},{"type":"Feature","properties":{"line":"13","mode":"bus","color":"#7c5001","oi":0,"n":3},"geometry":{"type":"LineString","coordinates":[[22.43866,39.658891],[22.439044,39.658944],[22.439251,39.659064],[22.439682,39.659839],[22.440067,39.660431],[22.440101,39.66055],[22.440076,39.660703],[22.440104,39.660762],[22.440187,39.660829],[22.440301,39.660855],[22.440401,39.660935],[22.440666,39.66137],[22.440934,39.661624],[22.441192,39.661951],[22.441352,39.662072]]}},{"type":"Feature","properties":{"line":"13","mode":"bus","color":"#7c5001","oi":0,"n":3},"geometry":{"type":"LineString","coordinates":[[22.449348,39.67046],[22.448577,39.669408],[22.448174,39.668915],[22.447902,39.668684],[22.44262,39.663473],[22.441899,39.662719],[22.441352,39.662072],[22.441267,39.661921],[22.44055,39.660933],[22.440512,39.660814],[22.440553,39.660675],[22.440539,39.660609],[22.440456,39.660522],[22.440275,39.660466],[22.440202,39.660386],[22.439903,39.659892],[22.439434,39.659027],[22.439245,39.658842],[22.439172,39.658804],[22.439047,39.658789],[22.438753,39.658845],[22.438523,39.658787]]}},{"type":"Feature","properties":{"line":"13","mode":"bus","color":"#7c5001","oi":0,"n":3},"geometry":{"type":"LineString","coordinates":[[22.447902,39.668684],[22.448006,39.668863],[22.448457,39.669455],[22.449269,39.670628]]}},{"type":"Feature","properties":{"line":"13","mode":"bus","color":"#7c5001","oi":0,"n":3,"sw":1},"geometry":{"type":"LineString","coordinates":[[22.412313,39.641179],[22.412318,39.641189]]}},{"type":"Feature","properties":{"line":"13","mode":"bus","color":"#7c5001","oi":0.043,"n":3,"sw":1},"geometry":{"type":"LineString","coordinates":[[22.412315,39.641184],[22.412321,39.641197]]}},{"type":"Feature","properties":{"line":"13","mode":"bus","color":"#7c5001","oi":0.156,"n":3,"sw":1},"geometry":{"type":"LineString","coordinates":[[22.412319,39.641192],[22.412325,39.641205]]}},{"type":"Feature","properties":{"line":"13","mode":"bus","color":"#7c5001","oi":0.316,"n":3,"sw":1},"geometry":{"type":"LineString","coordinates":[[22.412322,39.6412],[22.412328,39.641213]]}},{"type":"Feature","properties":{"line":"13","mode":"bus","color":"#7c5001","oi":0.5,"n":3,"sw":1},"geometry":{"type":"LineString","coordinates":[[22.412326,39.641208],[22.412332,39.64122]]}},{"type":"Feature","properties":{"line":"13","mode":"bus","color":"#7c5001","oi":0.684,"n":3,"sw":1},"geometry":{"type":"LineString","coordinates":[[22.41233,39.641215],[22.412335,39.641228]]}},{"type":"Feature","properties":{"line":"13","mode":"bus","color":"#7c5001","oi":0.844,"n":3,"sw":1},"geometry":{"type":"LineString","coordinates":[[22.412333,39.641223],[22.412339,39.641236]]}},{"type":"Feature","properties":{"line":"13","mode":"bus","color":"#7c5001","oi":0.957,"n":3,"sw":1},"geometry":{"type":"LineString","coordinates":[[22.412337,39.641231],[22.412343,39.641244]]}},{"type":"Feature","properties":{"line":"13","mode":"bus","color":"#7c5001","oi":1,"n":3,"sw":1},"geometry":{"type":"LineString","coordinates":[[22.41234,39.641239],[22.412345,39.641249],[22.412348,39.64125]]}},{"type":"Feature","properties":{"line":"13","mode":"bus","color":"#7c5001","oi":1,"n":3,"sw":1},"geometry":{"type":"LineString","coordinates":[[22.412344,39.641246],[22.412345,39.641249],[22.412357,39.641255]]}},{"type":"Feature","properties":{"line":"13","mode":"bus","color":"#7c5001","oi":0.957,"n":3,"sw":1},"geometry":{"type":"LineString","coordinates":[[22.412351,39.641252],[22.412366,39.64126]]}},{"type":"Feature","properties":{"line":"13","mode":"bus","color":"#7c5001","oi":0.844,"n":3,"sw":1},"geometry":{"type":"LineString","coordinates":[[22.41236,39.641257],[22.412375,39.641264]]}},{"type":"Feature","properties":{"line":"13","mode":"bus","color":"#7c5001","oi":0.684,"n":3,"sw":1},"geometry":{"type":"LineString","coordinates":[[22.412369,39.641261],[22.412383,39.641269]]}},{"type":"Feature","properties":{"line":"13","mode":"bus","color":"#7c5001","oi":0.5,"n":3,"sw":1},"geometry":{"type":"LineString","coordinates":[[22.412378,39.641266],[22.412392,39.641273]]}},{"type":"Feature","properties":{"line":"13","mode":"bus","color":"#7c5001","oi":0.316,"n":3,"sw":1},"geometry":{"type":"LineString","coordinates":[[22.412386,39.64127],[22.412401,39.641278]]}},{"type":"Feature","properties":{"line":"13","mode":"bus","color":"#7c5001","oi":0.156,"n":3,"sw":1},"geometry":{"type":"LineString","coordinates":[[22.412395,39.641275],[22.41241,39.641282]]}},{"type":"Feature","properties":{"line":"13","mode":"bus","color":"#7c5001","oi":0.043,"n":3,"sw":1},"geometry":{"type":"LineString","coordinates":[[22.412404,39.641279],[22.412419,39.641287]]}},{"type":"Feature","properties":{"line":"13","mode":"bus","color":"#7c5001","oi":0,"n":3,"sw":1},"geometry":{"type":"LineString","coordinates":[[22.412413,39.641284],[22.412425,39.64129]]}},{"type":"Feature","properties":{"line":"13","mode":"bus","color":"#7c5001","oi":1,"n":3},"geometry":{"type":"LineString","coordinates":[[22.418712,39.639942],[22.418654,39.640346],[22.418699,39.640564],[22.418925,39.642705],[22.418924,39.64272],[22.418917,39.642731],[22.418903,39.642735],[22.418883,39.642735],[22.418046,39.642625],[22.416804,39.642619],[22.416274,39.642597],[22.41313,39.6421],[22.412964,39.642034],[22.412876,39.641952],[22.412659,39.641587]]}},{"type":"Feature","properties":{"line":"13","mode":"bus","color":"#7c5001","oi":0,"n":3,"sw":1},"geometry":{"type":"LineString","coordinates":[[22.418839,39.639651],[22.418819,39.639665]]}},{"type":"Feature","properties":{"line":"13","mode":"bus","color":"#7c5001","oi":0.01,"n":3,"sw":1},"geometry":{"type":"LineString","coordinates":[[22.418825,39.639662],[22.418803,39.639678]]}},{"type":"Feature","properties":{"line":"13","mode":"bus","color":"#7c5001","oi":0.038,"n":3,"sw":1},"geometry":{"type":"LineString","coordinates":[[22.418808,39.639674],[22.418786,39.63969]]}},{"type":"Feature","properties":{"line":"13","mode":"bus","color":"#7c5001","oi":0.082,"n":3,"sw":1},"geometry":{"type":"LineString","coordinates":[[22.418791,39.639686],[22.418769,39.639702]]}},{"type":"Feature","properties":{"line":"13","mode":"bus","color":"#7c5001","oi":0.14,"n":3,"sw":1},"geometry":{"type":"LineString","coordinates":[[22.418774,39.639699],[22.418752,39.639715]]}},{"type":"Feature","properties":{"line":"13","mode":"bus","color":"#7c5001","oi":0.209,"n":3,"sw":1},"geometry":{"type":"LineString","coordinates":[[22.418757,39.639711],[22.418743,39.639721],[22.418742,39.63973]]}},{"type":"Feature","properties":{"line":"13","mode":"bus","color":"#7c5001","oi":0.286,"n":3,"sw":1},"geometry":{"type":"LineString","coordinates":[[22.418743,39.639724],[22.418739,39.639748]]}},{"type":"Feature","properties":{"line":"13","mode":"bus","color":"#7c5001","oi":0.369,"n":3,"sw":1},"geometry":{"type":"LineString","coordinates":[[22.41874,39.639742],[22.418737,39.639766]]}},{"type":"Feature","properties":{"line":"13","mode":"bus","color":"#7c5001","oi":0.456,"n":3,"sw":1},"geometry":{"type":"LineString","coordinates":[[22.418737,39.63976],[22.418734,39.639783]]}},{"type":"Feature","properties":{"line":"13","mode":"bus","color":"#7c5001","oi":0.544,"n":3,"sw":1},"geometry":{"type":"LineString","coordinates":[[22.418735,39.639778],[22.418732,39.639801]]}},{"type":"Feature","properties":{"line":"13","mode":"bus","color":"#7c5001","oi":0.631,"n":3,"sw":1},"geometry":{"type":"LineString","coordinates":[[22.418732,39.639796],[22.418729,39.639819]]}},{"type":"Feature","properties":{"line":"13","mode":"bus","color":"#7c5001","oi":0.714,"n":3,"sw":1},"geometry":{"type":"LineString","coordinates":[[22.41873,39.639814],[22.418726,39.639837]]}},{"type":"Feature","properties":{"line":"13","mode":"bus","color":"#7c5001","oi":0.791,"n":3,"sw":1},"geometry":{"type":"LineString","coordinates":[[22.418727,39.639832],[22.418724,39.639855]]}},{"type":"Feature","properties":{"line":"13","mode":"bus","color":"#7c5001","oi":0.86,"n":3,"sw":1},"geometry":{"type":"LineString","coordinates":[[22.418725,39.63985],[22.418721,39.639873]]}},{"type":"Feature","properties":{"line":"13","mode":"bus","color":"#7c5001","oi":0.918,"n":3,"sw":1},"geometry":{"type":"LineString","coordinates":[[22.418722,39.639867],[22.418719,39.639891]]}},{"type":"Feature","properties":{"line":"13","mode":"bus","color":"#7c5001","oi":0.962,"n":3,"sw":1},"geometry":{"type":"LineString","coordinates":[[22.41872,39.639885],[22.418716,39.639909]]}},{"type":"Feature","properties":{"line":"13","mode":"bus","color":"#7c5001","oi":0.99,"n":3,"sw":1},"geometry":{"type":"LineString","coordinates":[[22.418717,39.639903],[22.418714,39.639927]]}},{"type":"Feature","properties":{"line":"13","mode":"bus","color":"#7c5001","oi":1,"n":3,"sw":1},"geometry":{"type":"LineString","coordinates":[[22.418714,39.639921],[22.418711,39.639944]]}},{"type":"Feature","properties":{"line":"13","mode":"bus","color":"#7c5001","oi":1,"n":3,"sw":1},"geometry":{"type":"LineString","coordinates":[[22.41266,39.64159],[22.412647,39.641569]]}},{"type":"Feature","properties":{"line":"13","mode":"bus","color":"#7c5001","oi":0.99,"n":3,"sw":1},"geometry":{"type":"LineString","coordinates":[[22.41265,39.641573],[22.412638,39.641552]]}},{"type":"Feature","properties":{"line":"13","mode":"bus","color":"#7c5001","oi":0.962,"n":3,"sw":1},"geometry":{"type":"LineString","coordinates":[[22.41264,39.641557],[22.412628,39.641536]]}},{"type":"Feature","properties":{"line":"13","mode":"bus","color":"#7c5001","oi":0.918,"n":3,"sw":1},"geometry":{"type":"LineString","coordinates":[[22.412631,39.641541],[22.412618,39.641519]]}},{"type":"Feature","properties":{"line":"13","mode":"bus","color":"#7c5001","oi":0.86,"n":3,"sw":1},"geometry":{"type":"LineString","coordinates":[[22.412621,39.641524],[22.412608,39.641503]]}},{"type":"Feature","properties":{"line":"13","mode":"bus","color":"#7c5001","oi":0.791,"n":3,"sw":1},"geometry":{"type":"LineString","coordinates":[[22.412611,39.641508],[22.412599,39.641487]]}},{"type":"Feature","properties":{"line":"13","mode":"bus","color":"#7c5001","oi":0.714,"n":3,"sw":1},"geometry":{"type":"LineString","coordinates":[[22.412601,39.641492],[22.412589,39.64147]]}},{"type":"Feature","properties":{"line":"13","mode":"bus","color":"#7c5001","oi":0.631,"n":3,"sw":1},"geometry":{"type":"LineString","coordinates":[[22.412592,39.641475],[22.412579,39.641454]]}},{"type":"Feature","properties":{"line":"13","mode":"bus","color":"#7c5001","oi":0.544,"n":3,"sw":1},"geometry":{"type":"LineString","coordinates":[[22.412582,39.641459],[22.412569,39.641438]]}},{"type":"Feature","properties":{"line":"13","mode":"bus","color":"#7c5001","oi":0.456,"n":3,"sw":1},"geometry":{"type":"LineString","coordinates":[[22.412572,39.641443],[22.41256,39.641421]]}},{"type":"Feature","properties":{"line":"13","mode":"bus","color":"#7c5001","oi":0.369,"n":3,"sw":1},"geometry":{"type":"LineString","coordinates":[[22.412562,39.641426],[22.41255,39.641405]]}},{"type":"Feature","properties":{"line":"13","mode":"bus","color":"#7c5001","oi":0.286,"n":3,"sw":1},"geometry":{"type":"LineString","coordinates":[[22.412553,39.64141],[22.41254,39.641389]]}},{"type":"Feature","properties":{"line":"13","mode":"bus","color":"#7c5001","oi":0.209,"n":3,"sw":1},"geometry":{"type":"LineString","coordinates":[[22.412543,39.641394],[22.41253,39.641372]]}},{"type":"Feature","properties":{"line":"13","mode":"bus","color":"#7c5001","oi":0.14,"n":3,"sw":1},"geometry":{"type":"LineString","coordinates":[[22.412533,39.641377],[22.412521,39.641356]]}},{"type":"Feature","properties":{"line":"13","mode":"bus","color":"#7c5001","oi":0.082,"n":3,"sw":1},"geometry":{"type":"LineString","coordinates":[[22.412523,39.641361],[22.412511,39.64134]]}},{"type":"Feature","properties":{"line":"13","mode":"bus","color":"#7c5001","oi":0.038,"n":3,"sw":1},"geometry":{"type":"LineString","coordinates":[[22.412514,39.641345],[22.412501,39.641323]]}},{"type":"Feature","properties":{"line":"13","mode":"bus","color":"#7c5001","oi":0.01,"n":3,"sw":1},"geometry":{"type":"LineString","coordinates":[[22.412504,39.641328],[22.412491,39.641307]]}},{"type":"Feature","properties":{"line":"13","mode":"bus","color":"#7c5001","oi":0,"n":3,"sw":1},"geometry":{"type":"LineString","coordinates":[[22.412494,39.641312],[22.412483,39.641293]]}},{"type":"Feature","properties":{"line":"13","mode":"bus","color":"#7c5001","oi":-0.5,"n":4},"geometry":{"type":"LineString","coordinates":[[22.428374,39.645985],[22.430594,39.647318],[22.431375,39.647844],[22.431582,39.648055],[22.432807,39.649996],[22.43538,39.653961],[22.435742,39.65455],[22.436337,39.655651],[22.437442,39.657558],[22.438523,39.658787],[22.43866,39.658891]]}},{"type":"Feature","properties":{"line":"13","mode":"bus","color":"#7c5001","oi":0,"n":4,"sw":1},"geometry":{"type":"LineString","coordinates":[[22.428043,39.645786],[22.428079,39.645808]]}},{"type":"Feature","properties":{"line":"13","mode":"bus","color":"#7c5001","oi":-0.017,"n":4,"sw":1},"geometry":{"type":"LineString","coordinates":[[22.428073,39.645804],[22.428112,39.645827]]}},{"type":"Feature","properties":{"line":"13","mode":"bus","color":"#7c5001","oi":-0.063,"n":4,"sw":1},"geometry":{"type":"LineString","coordinates":[[22.428107,39.645824],[22.428145,39.645847]]}},{"type":"Feature","properties":{"line":"13","mode":"bus","color":"#7c5001","oi":-0.13,"n":4,"sw":1},"geometry":{"type":"LineString","coordinates":[[22.42814,39.645844],[22.428178,39.645867]]}},{"type":"Feature","properties":{"line":"13","mode":"bus","color":"#7c5001","oi":-0.209,"n":4,"sw":1},"geometry":{"type":"LineString","coordinates":[[22.428173,39.645864],[22.428211,39.645887]]}},{"type":"Feature","properties":{"line":"13","mode":"bus","color":"#7c5001","oi":-0.291,"n":4,"sw":1},"geometry":{"type":"LineString","coordinates":[[22.428206,39.645884],[22.428245,39.645907]]}},{"type":"Feature","properties":{"line":"13","mode":"bus","color":"#7c5001","oi":-0.37,"n":4,"sw":1},"geometry":{"type":"LineString","coordinates":[[22.428239,39.645904],[22.428278,39.645927]]}},{"type":"Feature","properties":{"line":"13","mode":"bus","color":"#7c5001","oi":-0.437,"n":4,"sw":1},"geometry":{"type":"LineString","coordinates":[[22.428272,39.645924],[22.428311,39.645947]]}},{"type":"Feature","properties":{"line":"13","mode":"bus","color":"#7c5001","oi":-0.483,"n":4,"sw":1},"geometry":{"type":"LineString","coordinates":[[22.428305,39.645944],[22.428344,39.645967]]}},{"type":"Feature","properties":{"line":"13","mode":"bus","color":"#7c5001","oi":-0.5,"n":4,"sw":1},"geometry":{"type":"LineString","coordinates":[[22.428339,39.645963],[22.428377,39.645987]]}},{"type":"Feature","properties":{"line":"13","mode":"bus","color":"#7c5001","oi":-1.5,"n":4},"geometry":{"type":"LineString","coordinates":[[22.427433,39.645899],[22.427458,39.646085],[22.427503,39.646184],[22.427564,39.646231],[22.427594,39.646245],[22.427628,39.646249],[22.427698,39.646246],[22.427791,39.646186],[22.427845,39.646063]]}},{"type":"Feature","properties":{"line":"13","mode":"bus","color":"#7c5001","oi":-1.5,"n":4,"sw":1},"geometry":{"type":"LineString","coordinates":[[22.427844,39.646066],[22.427851,39.646049]]}},{"type":"Feature","properties":{"line":"13","mode":"bus","color":"#7c5001","oi":-1.493,"n":4,"sw":1},"geometry":{"type":"LineString","coordinates":[[22.427849,39.646054],[22.427857,39.646037]]}},{"type":"Feature","properties":{"line":"13","mode":"bus","color":"#7c5001","oi":-1.473,"n":4,"sw":1},"geometry":{"type":"LineString","coordinates":[[22.427854,39.646042],[22.427862,39.646025]]}},{"type":"Feature","properties":{"line":"13","mode":"bus","color":"#7c5001","oi":-1.44,"n":4,"sw":1},"geometry":{"type":"LineString","coordinates":[[22.427859,39.64603],[22.427867,39.646013]]}},{"type":"Feature","properties":{"line":"13","mode":"bus","color":"#7c5001","oi":-1.397,"n":4,"sw":1},"geometry":{"type":"LineString","coordinates":[[22.427865,39.646018],[22.427872,39.646002]]}},{"type":"Feature","properties":{"line":"13","mode":"bus","color":"#7c5001","oi":-1.344,"n":4,"sw":1},"geometry":{"type":"LineString","coordinates":[[22.42787,39.646007],[22.427877,39.64599]]}},{"type":"Feature","properties":{"line":"13","mode":"bus","color":"#7c5001","oi":-1.282,"n":4,"sw":1},"geometry":{"type":"LineString","coordinates":[[22.427875,39.645995],[22.427882,39.645978]]}},{"type":"Feature","properties":{"line":"13","mode":"bus","color":"#7c5001","oi":-1.213,"n":4,"sw":1},"geometry":{"type":"LineString","coordinates":[[22.42788,39.645983],[22.427888,39.645966]]}},{"type":"Feature","properties":{"line":"13","mode":"bus","color":"#7c5001","oi":-1.138,"n":4,"sw":1},"geometry":{"type":"LineString","coordinates":[[22.427885,39.645971],[22.427893,39.645954]]}},{"type":"Feature","properties":{"line":"13","mode":"bus","color":"#7c5001","oi":-1.057,"n":4,"sw":1},"geometry":{"type":"LineString","coordinates":[[22.427891,39.645959],[22.427898,39.645943]]}},{"type":"Feature","properties":{"line":"13","mode":"bus","color":"#7c5001","oi":-0.972,"n":4,"sw":1},"geometry":{"type":"LineString","coordinates":[[22.427896,39.645948],[22.427903,39.645931]]}},{"type":"Feature","properties":{"line":"13","mode":"bus","color":"#7c5001","oi":-0.884,"n":4,"sw":1},"geometry":{"type":"LineString","coordinates":[[22.427901,39.645936],[22.427908,39.645919]]}},{"type":"Feature","properties":{"line":"13","mode":"bus","color":"#7c5001","oi":-0.795,"n":4,"sw":1},"geometry":{"type":"LineString","coordinates":[[22.427906,39.645924],[22.427914,39.645907]]}},{"type":"Feature","properties":{"line":"13","mode":"bus","color":"#7c5001","oi":-0.705,"n":4,"sw":1},"geometry":{"type":"LineString","coordinates":[[22.427911,39.645912],[22.427919,39.645895]]}},{"type":"Feature","properties":{"line":"13","mode":"bus","color":"#7c5001","oi":-0.616,"n":4,"sw":1},"geometry":{"type":"LineString","coordinates":[[22.427917,39.6459],[22.427924,39.645884]]}},{"type":"Feature","properties":{"line":"13","mode":"bus","color":"#7c5001","oi":-0.528,"n":4,"sw":1},"geometry":{"type":"LineString","coordinates":[[22.427922,39.645889],[22.427926,39.645879],[22.427933,39.645873]]}},{"type":"Feature","properties":{"line":"13","mode":"bus","color":"#7c5001","oi":-0.443,"n":4,"sw":1},"geometry":{"type":"LineString","coordinates":[[22.427928,39.645877],[22.427944,39.645865]]}},{"type":"Feature","properties":{"line":"13","mode":"bus","color":"#7c5001","oi":-0.362,"n":4,"sw":1},"geometry":{"type":"LineString","coordinates":[[22.427939,39.645868],[22.427955,39.645856]]}},{"type":"Feature","properties":{"line":"13","mode":"bus","color":"#7c5001","oi":-0.287,"n":4,"sw":1},"geometry":{"type":"LineString","coordinates":[[22.427951,39.645859],[22.427967,39.645847]]}},{"type":"Feature","properties":{"line":"13","mode":"bus","color":"#7c5001","oi":-0.218,"n":4,"sw":1},"geometry":{"type":"LineString","coordinates":[[22.427962,39.645851],[22.427978,39.645838]]}},{"type":"Feature","properties":{"line":"13","mode":"bus","color":"#7c5001","oi":-0.156,"n":4,"sw":1},"geometry":{"type":"LineString","coordinates":[[22.427973,39.645842],[22.427989,39.645829]]}},{"type":"Feature","properties":{"line":"13","mode":"bus","color":"#7c5001","oi":-0.103,"n":4,"sw":1},"geometry":{"type":"LineString","coordinates":[[22.427984,39.645833],[22.428,39.64582]]}},{"type":"Feature","properties":{"line":"13","mode":"bus","color":"#7c5001","oi":-0.06,"n":4,"sw":1},"geometry":{"type":"LineString","coordinates":[[22.427996,39.645824],[22.428012,39.645811]]}},{"type":"Feature","properties":{"line":"13","mode":"bus","color":"#7c5001","oi":-0.027,"n":4,"sw":1},"geometry":{"type":"LineString","coordinates":[[22.428007,39.645815],[22.428023,39.645802]]}},{"type":"Feature","properties":{"line":"13","mode":"bus","color":"#7c5001","oi":-0.007,"n":4,"sw":1},"geometry":{"type":"LineString","coordinates":[[22.428018,39.645806],[22.428034,39.645793]]}},{"type":"Feature","properties":{"line":"13","mode":"bus","color":"#7c5001","oi":0,"n":4,"sw":1},"geometry":{"type":"LineString","coordinates":[[22.428029,39.645797],[22.428043,39.645786]]}},{"type":"Feature","properties":{"line":"13","mode":"bus","color":"#7c5001","oi":0,"n":3},"geometry":{"type":"LineString","coordinates":[[22.397581,39.626431],[22.397373,39.626738],[22.397256,39.62725],[22.397048,39.63256]]}},{"type":"Feature","properties":{"line":"13","mode":"bus","color":"#7c5001","oi":-0.5,"n":3,"sw":1},"geometry":{"type":"LineString","coordinates":[[22.397775,39.626144],[22.397754,39.626175]]}},{"type":"Feature","properties":{"line":"13","mode":"bus","color":"#7c5001","oi":-0.483,"n":3,"sw":1},"geometry":{"type":"LineString","coordinates":[[22.397757,39.62617],[22.397735,39.626204]]}},{"type":"Feature","properties":{"line":"13","mode":"bus","color":"#7c5001","oi":-0.437,"n":3,"sw":1},"geometry":{"type":"LineString","coordinates":[[22.397738,39.626199],[22.397715,39.626233]]}},{"type":"Feature","properties":{"line":"13","mode":"bus","color":"#7c5001","oi":-0.37,"n":3,"sw":1},"geometry":{"type":"LineString","coordinates":[[22.397718,39.626228],[22.397696,39.626261]]}},{"type":"Feature","properties":{"line":"13","mode":"bus","color":"#7c5001","oi":-0.291,"n":3,"sw":1},"geometry":{"type":"LineString","coordinates":[[22.397699,39.626256],[22.397676,39.62629]]}},{"type":"Feature","properties":{"line":"13","mode":"bus","color":"#7c5001","oi":-0.209,"n":3,"sw":1},"geometry":{"type":"LineString","coordinates":[[22.397679,39.626285],[22.397657,39.626319]]}},{"type":"Feature","properties":{"line":"13","mode":"bus","color":"#7c5001","oi":-0.13,"n":3,"sw":1},"geometry":{"type":"LineString","coordinates":[[22.39766,39.626314],[22.397637,39.626347]]}},{"type":"Feature","properties":{"line":"13","mode":"bus","color":"#7c5001","oi":-0.063,"n":3,"sw":1},"geometry":{"type":"LineString","coordinates":[[22.397641,39.626343],[22.397618,39.626376]]}},{"type":"Feature","properties":{"line":"13","mode":"bus","color":"#7c5001","oi":-0.017,"n":3,"sw":1},"geometry":{"type":"LineString","coordinates":[[22.397621,39.626371],[22.397598,39.626405]]}},{"type":"Feature","properties":{"line":"13","mode":"bus","color":"#7c5001","oi":0,"n":3,"sw":1},"geometry":{"type":"LineString","coordinates":[[22.397602,39.6264],[22.397579,39.626434]]}},{"type":"Feature","properties":{"line":"13","mode":"bus","color":"#7c5001","oi":-0.5,"n":4},"geometry":{"type":"LineString","coordinates":[[22.401037,39.621851],[22.397775,39.626144]]}},{"type":"Feature","properties":{"line":"13","mode":"bus","color":"#7c5001","oi":-1,"n":3},"geometry":{"type":"LineString","coordinates":[[22.427878,39.645659],[22.427617,39.645713]]}},{"type":"Feature","properties":{"line":"13","mode":"bus","color":"#7c5001","oi":-0.5,"n":4},"geometry":{"type":"LineString","coordinates":[[22.419679,39.639184],[22.419697,39.639158]]}},{"type":"Feature","properties":{"line":"13","mode":"bus","color":"#7c5001","oi":0,"n":4,"sw":1},"geometry":{"type":"LineString","coordinates":[[22.41966,39.639209],[22.419668,39.639198]]}},{"type":"Feature","properties":{"line":"13","mode":"bus","color":"#7c5001","oi":-0.25,"n":4,"sw":1},"geometry":{"type":"LineString","coordinates":[[22.419664,39.639203],[22.419674,39.63919]]}},{"type":"Feature","properties":{"line":"13","mode":"bus","color":"#7c5001","oi":-0.5,"n":4,"sw":1},"geometry":{"type":"LineString","coordinates":[[22.419671,39.639194],[22.41968,39.639181]]}},{"type":"Feature","properties":{"line":"13","mode":"bus","color":"#7c5001","oi":0,"n":3},"geometry":{"type":"LineString","coordinates":[[22.4132,39.631805],[22.411592,39.632114],[22.407943,39.632862],[22.406986,39.632783],[22.406725,39.63278]]}},{"type":"Feature","properties":{"line":"13","mode":"bus","color":"#7c5001","oi":-1.5,"n":4},"geometry":{"type":"LineString","coordinates":[[22.419109,39.63871],[22.41905,39.635501],[22.419297,39.631687],[22.419356,39.631372]]}},{"type":"Feature","properties":{"line":"13","mode":"bus","color":"#7c5001","oi":0,"n":4,"sw":1},"geometry":{"type":"LineString","coordinates":[[22.419115,39.639034],[22.419115,39.639019]]}},{"type":"Feature","properties":{"line":"13","mode":"bus","color":"#7c5001","oi":-0.007,"n":4,"sw":1},"geometry":{"type":"LineString","coordinates":[[22.419115,39.639024],[22.419114,39.639006]]}},{"type":"Feature","properties":{"line":"13","mode":"bus","color":"#7c5001","oi":-0.027,"n":4,"sw":1},"geometry":{"type":"LineString","coordinates":[[22.419115,39.639012],[22.419114,39.638994]]}},{"type":"Feature","properties":{"line":"13","mode":"bus","color":"#7c5001","oi":-0.06,"n":4,"sw":1},"geometry":{"type":"LineString","coordinates":[[22.419114,39.638999],[22.419114,39.638981]]}},{"type":"Feature","properties":{"line":"13","mode":"bus","color":"#7c5001","oi":-0.103,"n":4,"sw":1},"geometry":{"type":"LineString","coordinates":[[22.419114,39.638987],[22.419114,39.638969]]}},{"type":"Feature","properties":{"line":"13","mode":"bus","color":"#7c5001","oi":-0.156,"n":4,"sw":1},"geometry":{"type":"LineString","coordinates":[[22.419114,39.638974],[22.419114,39.638957]]}},{"type":"Feature","properties":{"line":"13","mode":"bus","color":"#7c5001","oi":-0.218,"n":4,"sw":1},"geometry":{"type":"LineString","coordinates":[[22.419114,39.638962],[22.419113,39.638944]]}},{"type":"Feature","properties":{"line":"13","mode":"bus","color":"#7c5001","oi":-0.287,"n":4,"sw":1},"geometry":{"type":"LineString","coordinates":[[22.419113,39.638949],[22.419113,39.638932]]}},{"type":"Feature","properties":{"line":"13","mode":"bus","color":"#7c5001","oi":-0.362,"n":4,"sw":1},"geometry":{"type":"LineString","coordinates":[[22.419113,39.638937],[22.419113,39.638919]]}},{"type":"Feature","properties":{"line":"13","mode":"bus","color":"#7c5001","oi":-0.443,"n":4,"sw":1},"geometry":{"type":"LineString","coordinates":[[22.419113,39.638925],[22.419113,39.638907]]}},{"type":"Feature","properties":{"line":"13","mode":"bus","color":"#7c5001","oi":-0.528,"n":4,"sw":1},"geometry":{"type":"LineString","coordinates":[[22.419113,39.638912],[22.419112,39.638894]]}},{"type":"Feature","properties":{"line":"13","mode":"bus","color":"#7c5001","oi":-0.616,"n":4,"sw":1},"geometry":{"type":"LineString","coordinates":[[22.419113,39.6389],[22.419112,39.638882]]}},{"type":"Feature","properties":{"line":"13","mode":"bus","color":"#7c5001","oi":-0.705,"n":4,"sw":1},"geometry":{"type":"LineString","coordinates":[[22.419112,39.638887],[22.419112,39.638869]]}},{"type":"Feature","properties":{"line":"13","mode":"bus","color":"#7c5001","oi":-0.795,"n":4,"sw":1},"geometry":{"type":"LineString","coordinates":[[22.419112,39.638875],[22.419112,39.638857]]}},{"type":"Feature","properties":{"line":"13","mode":"bus","color":"#7c5001","oi":-0.884,"n":4,"sw":1},"geometry":{"type":"LineString","coordinates":[[22.419112,39.638862],[22.419112,39.638844]]}},{"type":"Feature","properties":{"line":"13","mode":"bus","color":"#7c5001","oi":-0.972,"n":4,"sw":1},"geometry":{"type":"LineString","coordinates":[[22.419112,39.63885],[22.419111,39.638832]]}},{"type":"Feature","properties":{"line":"13","mode":"bus","color":"#7c5001","oi":-1.057,"n":4,"sw":1},"geometry":{"type":"LineString","coordinates":[[22.419111,39.638837],[22.419111,39.63882]]}},{"type":"Feature","properties":{"line":"13","mode":"bus","color":"#7c5001","oi":-1.138,"n":4,"sw":1},"geometry":{"type":"LineString","coordinates":[[22.419111,39.638825],[22.419111,39.638807]]}},{"type":"Feature","properties":{"line":"13","mode":"bus","color":"#7c5001","oi":-1.213,"n":4,"sw":1},"geometry":{"type":"LineString","coordinates":[[22.419111,39.638812],[22.419111,39.638795]]}},{"type":"Feature","properties":{"line":"13","mode":"bus","color":"#7c5001","oi":-1.282,"n":4,"sw":1},"geometry":{"type":"LineString","coordinates":[[22.419111,39.6388],[22.41911,39.638782]]}},{"type":"Feature","properties":{"line":"13","mode":"bus","color":"#7c5001","oi":-1.344,"n":4,"sw":1},"geometry":{"type":"LineString","coordinates":[[22.41911,39.638788],[22.41911,39.63877]]}},{"type":"Feature","properties":{"line":"13","mode":"bus","color":"#7c5001","oi":-1.397,"n":4,"sw":1},"geometry":{"type":"LineString","coordinates":[[22.41911,39.638775],[22.41911,39.638757]]}},{"type":"Feature","properties":{"line":"13","mode":"bus","color":"#7c5001","oi":-1.44,"n":4,"sw":1},"geometry":{"type":"LineString","coordinates":[[22.41911,39.638763],[22.41911,39.638745]]}},{"type":"Feature","properties":{"line":"13","mode":"bus","color":"#7c5001","oi":-1.473,"n":4,"sw":1},"geometry":{"type":"LineString","coordinates":[[22.41911,39.63875],[22.419109,39.638732]]}},{"type":"Feature","properties":{"line":"13","mode":"bus","color":"#7c5001","oi":-1.493,"n":4,"sw":1},"geometry":{"type":"LineString","coordinates":[[22.41911,39.638738],[22.419109,39.63872]]}},{"type":"Feature","properties":{"line":"13","mode":"bus","color":"#7c5001","oi":-1.5,"n":4,"sw":1},"geometry":{"type":"LineString","coordinates":[[22.419109,39.638725],[22.419109,39.638707]]}},{"type":"Feature","properties":{"line":"13","mode":"bus","color":"#7c5001","oi":-1.5,"n":4,"sw":1},"geometry":{"type":"LineString","coordinates":[[22.419355,39.631374],[22.419358,39.631357]]}},{"type":"Feature","properties":{"line":"13","mode":"bus","color":"#7c5001","oi":-1.493,"n":4,"sw":1},"geometry":{"type":"LineString","coordinates":[[22.419357,39.631362],[22.419361,39.631344]]}},{"type":"Feature","properties":{"line":"13","mode":"bus","color":"#7c5001","oi":-1.473,"n":4,"sw":1},"geometry":{"type":"LineString","coordinates":[[22.41936,39.63135],[22.419363,39.631332]]}},{"type":"Feature","properties":{"line":"13","mode":"bus","color":"#7c5001","oi":-1.44,"n":4,"sw":1},"geometry":{"type":"LineString","coordinates":[[22.419362,39.631337],[22.419365,39.63132]]}},{"type":"Feature","properties":{"line":"13","mode":"bus","color":"#7c5001","oi":-1.397,"n":4,"sw":1},"geometry":{"type":"LineString","coordinates":[[22.419364,39.631325],[22.419367,39.631307]]}},{"type":"Feature","properties":{"line":"13","mode":"bus","color":"#7c5001","oi":-1.344,"n":4,"sw":1},"geometry":{"type":"LineString","coordinates":[[22.419366,39.631313],[22.41937,39.631295]]}},{"type":"Feature","properties":{"line":"13","mode":"bus","color":"#7c5001","oi":-1.282,"n":4,"sw":1},"geometry":{"type":"LineString","coordinates":[[22.419369,39.6313],[22.419372,39.631283]]}},{"type":"Feature","properties":{"line":"13","mode":"bus","color":"#7c5001","oi":-1.213,"n":4,"sw":1},"geometry":{"type":"LineString","coordinates":[[22.419371,39.631288],[22.419374,39.63127]]}},{"type":"Feature","properties":{"line":"13","mode":"bus","color":"#7c5001","oi":-1.138,"n":4,"sw":1},"geometry":{"type":"LineString","coordinates":[[22.419373,39.631276],[22.419377,39.631258]]}},{"type":"Feature","properties":{"line":"13","mode":"bus","color":"#7c5001","oi":-1.057,"n":4,"sw":1},"geometry":{"type":"LineString","coordinates":[[22.419376,39.631263],[22.419379,39.631246]]}},{"type":"Feature","properties":{"line":"13","mode":"bus","color":"#7c5001","oi":-0.972,"n":4,"sw":1},"geometry":{"type":"LineString","coordinates":[[22.419378,39.631251],[22.419381,39.631233]]}},{"type":"Feature","properties":{"line":"13","mode":"bus","color":"#7c5001","oi":-0.884,"n":4,"sw":1},"geometry":{"type":"LineString","coordinates":[[22.41938,39.631239],[22.419383,39.631221]]}},{"type":"Feature","properties":{"line":"13","mode":"bus","color":"#7c5001","oi":-0.795,"n":4,"sw":1},"geometry":{"type":"LineString","coordinates":[[22.419382,39.631226],[22.419386,39.631209]]}},{"type":"Feature","properties":{"line":"13","mode":"bus","color":"#7c5001","oi":-0.705,"n":4,"sw":1},"geometry":{"type":"LineString","coordinates":[[22.419385,39.631214],[22.419388,39.631196]]}},{"type":"Feature","properties":{"line":"13","mode":"bus","color":"#7c5001","oi":-0.616,"n":4,"sw":1},"geometry":{"type":"LineString","coordinates":[[22.419387,39.631202],[22.41939,39.631184]]}},{"type":"Feature","properties":{"line":"13","mode":"bus","color":"#7c5001","oi":-0.528,"n":4,"sw":1},"geometry":{"type":"LineString","coordinates":[[22.419389,39.631189],[22.419393,39.631172]]}},{"type":"Feature","properties":{"line":"13","mode":"bus","color":"#7c5001","oi":-0.443,"n":4,"sw":1},"geometry":{"type":"LineString","coordinates":[[22.419392,39.631177],[22.419395,39.631159]]}},{"type":"Feature","properties":{"line":"13","mode":"bus","color":"#7c5001","oi":-0.362,"n":4,"sw":1},"geometry":{"type":"LineString","coordinates":[[22.419394,39.631165],[22.419397,39.631147]]}},{"type":"Feature","properties":{"line":"13","mode":"bus","color":"#7c5001","oi":-0.287,"n":4,"sw":1},"geometry":{"type":"LineString","coordinates":[[22.419396,39.631152],[22.419399,39.631135]]}},{"type":"Feature","properties":{"line":"13","mode":"bus","color":"#7c5001","oi":-0.218,"n":4,"sw":1},"geometry":{"type":"LineString","coordinates":[[22.419398,39.63114],[22.419402,39.631122]]}},{"type":"Feature","properties":{"line":"13","mode":"bus","color":"#7c5001","oi":-0.156,"n":4,"sw":1},"geometry":{"type":"LineString","coordinates":[[22.419401,39.631128],[22.419404,39.63111]]}},{"type":"Feature","properties":{"line":"13","mode":"bus","color":"#7c5001","oi":-0.103,"n":4,"sw":1},"geometry":{"type":"LineString","coordinates":[[22.419403,39.631115],[22.419406,39.631098]]}},{"type":"Feature","properties":{"line":"13","mode":"bus","color":"#7c5001","oi":-0.06,"n":4,"sw":1},"geometry":{"type":"LineString","coordinates":[[22.419405,39.631103],[22.419409,39.631085]]}},{"type":"Feature","properties":{"line":"13","mode":"bus","color":"#7c5001","oi":-0.027,"n":4,"sw":1},"geometry":{"type":"LineString","coordinates":[[22.419408,39.631091],[22.419411,39.631073]]}},{"type":"Feature","properties":{"line":"13","mode":"bus","color":"#7c5001","oi":-0.007,"n":4,"sw":1},"geometry":{"type":"LineString","coordinates":[[22.41941,39.631078],[22.419413,39.631061]]}},{"type":"Feature","properties":{"line":"13","mode":"bus","color":"#7c5001","oi":0,"n":4,"sw":1},"geometry":{"type":"LineString","coordinates":[[22.419412,39.631066],[22.419415,39.631051]]}},{"type":"Feature","properties":{"line":"13","mode":"bus","color":"#7c5001","oi":0,"n":3},"geometry":{"type":"LineString","coordinates":[[22.429953,39.635071],[22.430302,39.635457],[22.430608,39.635852],[22.430764,39.636184],[22.4308,39.636464],[22.430759,39.636937],[22.429719,39.641601],[22.428991,39.643743],[22.428043,39.645786]]}},{"type":"Feature","properties":{"line":"13","mode":"bus","color":"#7c5001","oi":-0.5,"n":3,"sw":1},"geometry":{"type":"LineString","coordinates":[[22.429762,39.634787],[22.429774,39.634821]]}},{"type":"Feature","properties":{"line":"13","mode":"bus","color":"#7c5001","oi":-0.483,"n":3,"sw":1},"geometry":{"type":"LineString","coordinates":[[22.429772,39.634816],[22.429786,39.634852]]}},{"type":"Feature","properties":{"line":"13","mode":"bus","color":"#7c5001","oi":-0.437,"n":3,"sw":1},"geometry":{"type":"LineString","coordinates":[[22.429784,39.634847],[22.429797,39.634883]]}},{"type":"Feature","properties":{"line":"13","mode":"bus","color":"#7c5001","oi":-0.37,"n":3,"sw":1},"geometry":{"type":"LineString","coordinates":[[22.429795,39.634878],[22.429806,39.634908],[22.429811,39.634913]]}},{"type":"Feature","properties":{"line":"13","mode":"bus","color":"#7c5001","oi":-0.291,"n":3,"sw":1},"geometry":{"type":"LineString","coordinates":[[22.429807,39.634909],[22.429835,39.63494]]}},{"type":"Feature","properties":{"line":"13","mode":"bus","color":"#7c5001","oi":-0.209,"n":3,"sw":1},"geometry":{"type":"LineString","coordinates":[[22.429831,39.634936],[22.429859,39.634967]]}},{"type":"Feature","properties":{"line":"13","mode":"bus","color":"#7c5001","oi":-0.13,"n":3,"sw":1},"geometry":{"type":"LineString","coordinates":[[22.429855,39.634962],[22.429883,39.634993]]}},{"type":"Feature","properties":{"line":"13","mode":"bus","color":"#7c5001","oi":-0.063,"n":3,"sw":1},"geometry":{"type":"LineString","coordinates":[[22.429879,39.634989],[22.429907,39.63502]]}},{"type":"Feature","properties":{"line":"13","mode":"bus","color":"#7c5001","oi":-0.017,"n":3,"sw":1},"geometry":{"type":"LineString","coordinates":[[22.429903,39.635015],[22.429931,39.635046]]}},{"type":"Feature","properties":{"line":"13","mode":"bus","color":"#7c5001","oi":0,"n":3,"sw":1},"geometry":{"type":"LineString","coordinates":[[22.429927,39.635042],[22.429955,39.635073]]}},{"type":"Feature","properties":{"line":"13","mode":"bus","color":"#7c5001","oi":-1.5,"n":4},"geometry":{"type":"LineString","coordinates":[[22.415591,39.63136],[22.416366,39.631225]]}},{"type":"Feature","properties":{"line":"13","mode":"bus","color":"#7c5001","oi":0,"n":4,"sw":1},"geometry":{"type":"LineString","coordinates":[[22.415181,39.631432],[22.4152,39.631429]]}},{"type":"Feature","properties":{"line":"13","mode":"bus","color":"#7c5001","oi":-0.007,"n":4,"sw":1},"geometry":{"type":"LineString","coordinates":[[22.415193,39.63143],[22.415216,39.631426]]}},{"type":"Feature","properties":{"line":"13","mode":"bus","color":"#7c5001","oi":-0.027,"n":4,"sw":1},"geometry":{"type":"LineString","coordinates":[[22.415209,39.631427],[22.415232,39.631423]]}},{"type":"Feature","properties":{"line":"13","mode":"bus","color":"#7c5001","oi":-0.06,"n":4,"sw":1},"geometry":{"type":"LineString","coordinates":[[22.415225,39.631424],[22.415247,39.63142]]}},{"type":"Feature","properties":{"line":"13","mode":"bus","color":"#7c5001","oi":-0.103,"n":4,"sw":1},"geometry":{"type":"LineString","coordinates":[[22.415241,39.631422],[22.415263,39.631418]]}},{"type":"Feature","properties":{"line":"13","mode":"bus","color":"#7c5001","oi":-0.156,"n":4,"sw":1},"geometry":{"type":"LineString","coordinates":[[22.415256,39.631419],[22.415279,39.631415]]}},{"type":"Feature","properties":{"line":"13","mode":"bus","color":"#7c5001","oi":-0.218,"n":4,"sw":1},"geometry":{"type":"LineString","coordinates":[[22.415272,39.631416],[22.415295,39.631412]]}},{"type":"Feature","properties":{"line":"13","mode":"bus","color":"#7c5001","oi":-0.287,"n":4,"sw":1},"geometry":{"type":"LineString","coordinates":[[22.415288,39.631413],[22.41531,39.631409]]}},{"type":"Feature","properties":{"line":"13","mode":"bus","color":"#7c5001","oi":-0.362,"n":4,"sw":1},"geometry":{"type":"LineString","coordinates":[[22.415304,39.631411],[22.415326,39.631407]]}},{"type":"Feature","properties":{"line":"13","mode":"bus","color":"#7c5001","oi":-0.443,"n":4,"sw":1},"geometry":{"type":"LineString","coordinates":[[22.415319,39.631408],[22.415342,39.631404]]}},{"type":"Feature","properties":{"line":"13","mode":"bus","color":"#7c5001","oi":-0.528,"n":4,"sw":1},"geometry":{"type":"LineString","coordinates":[[22.415335,39.631405],[22.415358,39.631401]]}},{"type":"Feature","properties":{"line":"13","mode":"bus","color":"#7c5001","oi":-0.616,"n":4,"sw":1},"geometry":{"type":"LineString","coordinates":[[22.415351,39.631402],[22.415374,39.631398]]}},{"type":"Feature","properties":{"line":"13","mode":"bus","color":"#7c5001","oi":-0.705,"n":4,"sw":1},"geometry":{"type":"LineString","coordinates":[[22.415367,39.6314],[22.415389,39.631396]]}},{"type":"Feature","properties":{"line":"13","mode":"bus","color":"#7c5001","oi":-0.795,"n":4,"sw":1},"geometry":{"type":"LineString","coordinates":[[22.415382,39.631397],[22.415405,39.631393]]}},{"type":"Feature","properties":{"line":"13","mode":"bus","color":"#7c5001","oi":-0.884,"n":4,"sw":1},"geometry":{"type":"LineString","coordinates":[[22.415398,39.631394],[22.415421,39.63139]]}},{"type":"Feature","properties":{"line":"13","mode":"bus","color":"#7c5001","oi":-0.972,"n":4,"sw":1},"geometry":{"type":"LineString","coordinates":[[22.415414,39.631391],[22.415437,39.631387]]}},{"type":"Feature","properties":{"line":"13","mode":"bus","color":"#7c5001","oi":-1.057,"n":4,"sw":1},"geometry":{"type":"LineString","coordinates":[[22.41543,39.631389],[22.415452,39.631385]]}},{"type":"Feature","properties":{"line":"13","mode":"bus","color":"#7c5001","oi":-1.138,"n":4,"sw":1},"geometry":{"type":"LineString","coordinates":[[22.415445,39.631386],[22.415468,39.631382]]}},{"type":"Feature","properties":{"line":"13","mode":"bus","color":"#7c5001","oi":-1.213,"n":4,"sw":1},"geometry":{"type":"LineString","coordinates":[[22.415461,39.631383],[22.415484,39.631379]]}},{"type":"Feature","properties":{"line":"13","mode":"bus","color":"#7c5001","oi":-1.282,"n":4,"sw":1},"geometry":{"type":"LineString","coordinates":[[22.415477,39.63138],[22.4155,39.631376]]}},{"type":"Feature","properties":{"line":"13","mode":"bus","color":"#7c5001","oi":-1.344,"n":4,"sw":1},"geometry":{"type":"LineString","coordinates":[[22.415493,39.631377],[22.415515,39.631374]]}},{"type":"Feature","properties":{"line":"13","mode":"bus","color":"#7c5001","oi":-1.397,"n":4,"sw":1},"geometry":{"type":"LineString","coordinates":[[22.415509,39.631375],[22.415531,39.631371]]}},{"type":"Feature","properties":{"line":"13","mode":"bus","color":"#7c5001","oi":-1.44,"n":4,"sw":1},"geometry":{"type":"LineString","coordinates":[[22.415524,39.631372],[22.415547,39.631368]]}},{"type":"Feature","properties":{"line":"13","mode":"bus","color":"#7c5001","oi":-1.473,"n":4,"sw":1},"geometry":{"type":"LineString","coordinates":[[22.41554,39.631369],[22.415563,39.631365]]}},{"type":"Feature","properties":{"line":"13","mode":"bus","color":"#7c5001","oi":-1.493,"n":4,"sw":1},"geometry":{"type":"LineString","coordinates":[[22.415556,39.631366],[22.415578,39.631363]]}},{"type":"Feature","properties":{"line":"13","mode":"bus","color":"#7c5001","oi":-1.5,"n":4,"sw":1},"geometry":{"type":"LineString","coordinates":[[22.415572,39.631364],[22.415594,39.63136]]}},{"type":"Feature","properties":{"line":"13","mode":"bus","color":"#7c5001","oi":-1.5,"n":4,"sw":1},"geometry":{"type":"LineString","coordinates":[[22.416363,39.631225],[22.416386,39.631221]]}},{"type":"Feature","properties":{"line":"13","mode":"bus","color":"#7c5001","oi":-1.493,"n":4,"sw":1},"geometry":{"type":"LineString","coordinates":[[22.416379,39.631223],[22.416401,39.631219]]}},{"type":"Feature","properties":{"line":"13","mode":"bus","color":"#7c5001","oi":-1.473,"n":4,"sw":1},"geometry":{"type":"LineString","coordinates":[[22.416395,39.63122],[22.416417,39.631216]]}},{"type":"Feature","properties":{"line":"13","mode":"bus","color":"#7c5001","oi":-1.44,"n":4,"sw":1},"geometry":{"type":"LineString","coordinates":[[22.41641,39.631217],[22.416433,39.631213]]}},{"type":"Feature","properties":{"line":"13","mode":"bus","color":"#7c5001","oi":-1.397,"n":4,"sw":1},"geometry":{"type":"LineString","coordinates":[[22.416426,39.631214],[22.416449,39.63121]]}},{"type":"Feature","properties":{"line":"13","mode":"bus","color":"#7c5001","oi":-1.344,"n":4,"sw":1},"geometry":{"type":"LineString","coordinates":[[22.416442,39.631212],[22.416464,39.631208]]}},{"type":"Feature","properties":{"line":"13","mode":"bus","color":"#7c5001","oi":-1.282,"n":4,"sw":1},"geometry":{"type":"LineString","coordinates":[[22.416458,39.631209],[22.41648,39.631205]]}},{"type":"Feature","properties":{"line":"13","mode":"bus","color":"#7c5001","oi":-1.213,"n":4,"sw":1},"geometry":{"type":"LineString","coordinates":[[22.416473,39.631206],[22.416496,39.631202]]}},{"type":"Feature","properties":{"line":"13","mode":"bus","color":"#7c5001","oi":-1.138,"n":4,"sw":1},"geometry":{"type":"LineString","coordinates":[[22.416489,39.631203],[22.416512,39.631199]]}},{"type":"Feature","properties":{"line":"13","mode":"bus","color":"#7c5001","oi":-1.057,"n":4,"sw":1},"geometry":{"type":"LineString","coordinates":[[22.416505,39.6312],[22.416527,39.631197]]}},{"type":"Feature","properties":{"line":"13","mode":"bus","color":"#7c5001","oi":-0.972,"n":4,"sw":1},"geometry":{"type":"LineString","coordinates":[[22.416521,39.631198],[22.416543,39.631194]]}},{"type":"Feature","properties":{"line":"13","mode":"bus","color":"#7c5001","oi":-0.884,"n":4,"sw":1},"geometry":{"type":"LineString","coordinates":[[22.416536,39.631195],[22.416559,39.631191]]}},{"type":"Feature","properties":{"line":"13","mode":"bus","color":"#7c5001","oi":-0.795,"n":4,"sw":1},"geometry":{"type":"LineString","coordinates":[[22.416552,39.631192],[22.416575,39.631188]]}},{"type":"Feature","properties":{"line":"13","mode":"bus","color":"#7c5001","oi":-0.705,"n":4,"sw":1},"geometry":{"type":"LineString","coordinates":[[22.416568,39.631189],[22.41659,39.631186]]}},{"type":"Feature","properties":{"line":"13","mode":"bus","color":"#7c5001","oi":-0.616,"n":4,"sw":1},"geometry":{"type":"LineString","coordinates":[[22.416584,39.631187],[22.416606,39.631183]]}},{"type":"Feature","properties":{"line":"13","mode":"bus","color":"#7c5001","oi":-0.528,"n":4,"sw":1},"geometry":{"type":"LineString","coordinates":[[22.416599,39.631184],[22.416622,39.63118],[22.416622,39.63118]]}},{"type":"Feature","properties":{"line":"13","mode":"bus","color":"#7c5001","oi":-0.443,"n":4,"sw":1},"geometry":{"type":"LineString","coordinates":[[22.416615,39.631181],[22.416622,39.63118],[22.416638,39.63118]]}},{"type":"Feature","properties":{"line":"13","mode":"bus","color":"#7c5001","oi":-0.362,"n":4,"sw":1},"geometry":{"type":"LineString","coordinates":[[22.416631,39.63118],[22.416654,39.631181]]}},{"type":"Feature","properties":{"line":"13","mode":"bus","color":"#7c5001","oi":-0.287,"n":4,"sw":1},"geometry":{"type":"LineString","coordinates":[[22.416647,39.631181],[22.41667,39.631181]]}},{"type":"Feature","properties":{"line":"13","mode":"bus","color":"#7c5001","oi":-0.218,"n":4,"sw":1},"geometry":{"type":"LineString","coordinates":[[22.416663,39.631181],[22.416687,39.631182]]}},{"type":"Feature","properties":{"line":"13","mode":"bus","color":"#7c5001","oi":-0.156,"n":4,"sw":1},"geometry":{"type":"LineString","coordinates":[[22.41668,39.631181],[22.416703,39.631182]]}},{"type":"Feature","properties":{"line":"13","mode":"bus","color":"#7c5001","oi":-0.103,"n":4,"sw":1},"geometry":{"type":"LineString","coordinates":[[22.416696,39.631182],[22.416719,39.631182]]}},{"type":"Feature","properties":{"line":"13","mode":"bus","color":"#7c5001","oi":-0.06,"n":4,"sw":1},"geometry":{"type":"LineString","coordinates":[[22.416712,39.631182],[22.416735,39.631183]]}},{"type":"Feature","properties":{"line":"13","mode":"bus","color":"#7c5001","oi":-0.027,"n":4,"sw":1},"geometry":{"type":"LineString","coordinates":[[22.416728,39.631183],[22.416751,39.631183]]}},{"type":"Feature","properties":{"line":"13","mode":"bus","color":"#7c5001","oi":-0.007,"n":4,"sw":1},"geometry":{"type":"LineString","coordinates":[[22.416744,39.631183],[22.416767,39.631184]]}},{"type":"Feature","properties":{"line":"13","mode":"bus","color":"#7c5001","oi":0,"n":4,"sw":1},"geometry":{"type":"LineString","coordinates":[[22.41676,39.631184],[22.41678,39.631184]]}},{"type":"Feature","properties":{"line":"13","mode":"bus","color":"#7c5001","oi":-1.5,"n":4},"geometry":{"type":"LineString","coordinates":[[22.418351,39.630861],[22.418657,39.630812],[22.418795,39.630811],[22.419045,39.630862]]}},{"type":"Feature","properties":{"line":"13","mode":"bus","color":"#7c5001","oi":0,"n":4,"sw":1},"geometry":{"type":"LineString","coordinates":[[22.417962,39.630969],[22.417978,39.630961]]}},{"type":"Feature","properties":{"line":"13","mode":"bus","color":"#7c5001","oi":-0.007,"n":4,"sw":1},"geometry":{"type":"LineString","coordinates":[[22.417973,39.630964],[22.417992,39.630954]]}},{"type":"Feature","properties":{"line":"13","mode":"bus","color":"#7c5001","oi":-0.027,"n":4,"sw":1},"geometry":{"type":"LineString","coordinates":[[22.417986,39.630957],[22.418005,39.630947]]}},{"type":"Feature","properties":{"line":"13","mode":"bus","color":"#7c5001","oi":-0.06,"n":4,"sw":1},"geometry":{"type":"LineString","coordinates":[[22.417999,39.63095],[22.418019,39.63094]]}},{"type":"Feature","properties":{"line":"13","mode":"bus","color":"#7c5001","oi":-0.103,"n":4,"sw":1},"geometry":{"type":"LineString","coordinates":[[22.418013,39.630943],[22.418032,39.630933]]}},{"type":"Feature","properties":{"line":"13","mode":"bus","color":"#7c5001","oi":-0.156,"n":4,"sw":1},"geometry":{"type":"LineString","coordinates":[[22.418026,39.630936],[22.418046,39.630926]]}},{"type":"Feature","properties":{"line":"13","mode":"bus","color":"#7c5001","oi":-0.218,"n":4,"sw":1},"geometry":{"type":"LineString","coordinates":[[22.41804,39.630929],[22.418059,39.630919]]}},{"type":"Feature","properties":{"line":"13","mode":"bus","color":"#7c5001","oi":-0.287,"n":4,"sw":1},"geometry":{"type":"LineString","coordinates":[[22.418053,39.630922],[22.418073,39.630912]]}},{"type":"Feature","properties":{"line":"13","mode":"bus","color":"#7c5001","oi":-0.362,"n":4,"sw":1},"geometry":{"type":"LineString","coordinates":[[22.418067,39.630915],[22.418086,39.630906]]}},{"type":"Feature","properties":{"line":"13","mode":"bus","color":"#7c5001","oi":-0.443,"n":4,"sw":1},"geometry":{"type":"LineString","coordinates":[[22.41808,39.630908],[22.418091,39.630903],[22.418101,39.630901]]}},{"type":"Feature","properties":{"line":"13","mode":"bus","color":"#7c5001","oi":-0.528,"n":4,"sw":1},"geometry":{"type":"LineString","coordinates":[[22.418094,39.630902],[22.418117,39.630899]]}},{"type":"Feature","properties":{"line":"13","mode":"bus","color":"#7c5001","oi":-0.616,"n":4,"sw":1},"geometry":{"type":"LineString","coordinates":[[22.41811,39.6309],[22.418133,39.630896]]}},{"type":"Feature","properties":{"line":"13","mode":"bus","color":"#7c5001","oi":-0.705,"n":4,"sw":1},"geometry":{"type":"LineString","coordinates":[[22.418126,39.630897],[22.418149,39.630894]]}},{"type":"Feature","properties":{"line":"13","mode":"bus","color":"#7c5001","oi":-0.795,"n":4,"sw":1},"geometry":{"type":"LineString","coordinates":[[22.418142,39.630895],[22.418164,39.630891]]}},{"type":"Feature","properties":{"line":"13","mode":"bus","color":"#7c5001","oi":-0.884,"n":4,"sw":1},"geometry":{"type":"LineString","coordinates":[[22.418157,39.630892],[22.41818,39.630889]]}},{"type":"Feature","properties":{"line":"13","mode":"bus","color":"#7c5001","oi":-0.972,"n":4,"sw":1},"geometry":{"type":"LineString","coordinates":[[22.418173,39.63089],[22.418196,39.630886]]}},{"type":"Feature","properties":{"line":"13","mode":"bus","color":"#7c5001","oi":-1.057,"n":4,"sw":1},"geometry":{"type":"LineString","coordinates":[[22.418189,39.630887],[22.418212,39.630884]]}},{"type":"Feature","properties":{"line":"13","mode":"bus","color":"#7c5001","oi":-1.138,"n":4,"sw":1},"geometry":{"type":"LineString","coordinates":[[22.418205,39.630885],[22.418228,39.630881]]}},{"type":"Feature","properties":{"line":"13","mode":"bus","color":"#7c5001","oi":-1.213,"n":4,"sw":1},"geometry":{"type":"LineString","coordinates":[[22.418221,39.630882],[22.418243,39.630878]]}},{"type":"Feature","properties":{"line":"13","mode":"bus","color":"#7c5001","oi":-1.282,"n":4,"sw":1},"geometry":{"type":"LineString","coordinates":[[22.418237,39.63088],[22.418259,39.630876]]}},{"type":"Feature","properties":{"line":"13","mode":"bus","color":"#7c5001","oi":-1.344,"n":4,"sw":1},"geometry":{"type":"LineString","coordinates":[[22.418252,39.630877],[22.418275,39.630873]]}},{"type":"Feature","properties":{"line":"13","mode":"bus","color":"#7c5001","oi":-1.397,"n":4,"sw":1},"geometry":{"type":"LineString","coordinates":[[22.418268,39.630875],[22.418291,39.630871]]}},{"type":"Feature","properties":{"line":"13","mode":"bus","color":"#7c5001","oi":-1.44,"n":4,"sw":1},"geometry":{"type":"LineString","coordinates":[[22.418284,39.630872],[22.418307,39.630868]]}},{"type":"Feature","properties":{"line":"13","mode":"bus","color":"#7c5001","oi":-1.473,"n":4,"sw":1},"geometry":{"type":"LineString","coordinates":[[22.4183,39.630869],[22.418323,39.630866]]}},{"type":"Feature","properties":{"line":"13","mode":"bus","color":"#7c5001","oi":-1.493,"n":4,"sw":1},"geometry":{"type":"LineString","coordinates":[[22.418316,39.630867],[22.418338,39.630863]]}},{"type":"Feature","properties":{"line":"13","mode":"bus","color":"#7c5001","oi":-1.5,"n":4,"sw":1},"geometry":{"type":"LineString","coordinates":[[22.418331,39.630864],[22.418354,39.630861]]}},{"type":"Feature","properties":{"line":"13","mode":"bus","color":"#7c5001","oi":0,"n":3},"geometry":{"type":"LineString","coordinates":[[22.42982,39.635111],[22.430354,39.635734],[22.430525,39.636017],[22.43061,39.636246],[22.43064,39.636523],[22.430619,39.636939],[22.430309,39.638408]]}},{"type":"Feature","properties":{"line":"13","mode":"bus","color":"#7c5001","oi":-0.5,"n":3,"sw":1},"geometry":{"type":"LineString","coordinates":[[22.429588,39.634841],[22.429613,39.63487]]}},{"type":"Feature","properties":{"line":"13","mode":"bus","color":"#7c5001","oi":-0.483,"n":3,"sw":1},"geometry":{"type":"LineString","coordinates":[[22.429609,39.634866],[22.429636,39.634897]]}},{"type":"Feature","properties":{"line":"13","mode":"bus","color":"#7c5001","oi":-0.437,"n":3,"sw":1},"geometry":{"type":"LineString","coordinates":[[22.429632,39.634893],[22.429659,39.634924]]}},{"type":"Feature","properties":{"line":"13","mode":"bus","color":"#7c5001","oi":-0.37,"n":3,"sw":1},"geometry":{"type":"LineString","coordinates":[[22.429656,39.63492],[22.429683,39.634951]]}},{"type":"Feature","properties":{"line":"13","mode":"bus","color":"#7c5001","oi":-0.291,"n":3,"sw":1},"geometry":{"type":"LineString","coordinates":[[22.429679,39.634947],[22.429706,39.634978]]}},{"type":"Feature","properties":{"line":"13","mode":"bus","color":"#7c5001","oi":-0.209,"n":3,"sw":1},"geometry":{"type":"LineString","coordinates":[[22.429702,39.634974],[22.429729,39.635005]]}},{"type":"Feature","properties":{"line":"13","mode":"bus","color":"#7c5001","oi":-0.13,"n":3,"sw":1},"geometry":{"type":"LineString","coordinates":[[22.429725,39.635001],[22.429752,39.635032]]}},{"type":"Feature","properties":{"line":"13","mode":"bus","color":"#7c5001","oi":-0.063,"n":3,"sw":1},"geometry":{"type":"LineString","coordinates":[[22.429748,39.635028],[22.429775,39.635059]]}},{"type":"Feature","properties":{"line":"13","mode":"bus","color":"#7c5001","oi":-0.017,"n":3,"sw":1},"geometry":{"type":"LineString","coordinates":[[22.429771,39.635055],[22.429799,39.635086]]}},{"type":"Feature","properties":{"line":"13","mode":"bus","color":"#7c5001","oi":0,"n":3,"sw":1},"geometry":{"type":"LineString","coordinates":[[22.429795,39.635082],[22.429822,39.635113]]}},{"type":"Feature","properties":{"line":"13","mode":"bus","color":"#7c5001","oi":0,"n":3},"geometry":{"type":"LineString","coordinates":[[22.401086,39.621785],[22.401062,39.621818]]}},{"type":"Feature","properties":{"line":"13","mode":"bus","color":"#7c5001","oi":0,"n":3,"sw":1},"geometry":{"type":"LineString","coordinates":[[22.401063,39.621816],[22.401054,39.621829]]}},{"type":"Feature","properties":{"line":"13","mode":"bus","color":"#7c5001","oi":-0.13,"n":3,"sw":1},"geometry":{"type":"LineString","coordinates":[[22.401057,39.621824],[22.401048,39.621837]]}},{"type":"Feature","properties":{"line":"13","mode":"bus","color":"#7c5001","oi":-0.37,"n":3,"sw":1},"geometry":{"type":"LineString","coordinates":[[22.401051,39.621832],[22.401041,39.621845]]}},{"type":"Feature","properties":{"line":"13","mode":"bus","color":"#7c5001","oi":-0.5,"n":3,"sw":1},"geometry":{"type":"LineString","coordinates":[[22.401045,39.62184],[22.401037,39.621851]]}},{"type":"Feature","properties":{"line":"13","mode":"bus","color":"#7c5001","oi":-1.5,"n":2,"sw":1},"geometry":{"type":"LineString","coordinates":[[22.419045,39.630862],[22.41906,39.630865]]}},{"type":"Feature","properties":{"line":"13","mode":"bus","color":"#7c5001","oi":-1.49,"n":2,"sw":1},"geometry":{"type":"LineString","coordinates":[[22.419053,39.630864],[22.419072,39.630868]]}},{"type":"Feature","properties":{"line":"13","mode":"bus","color":"#7c5001","oi":-1.462,"n":2,"sw":1},"geometry":{"type":"LineString","coordinates":[[22.419065,39.630866],[22.419083,39.63087]]}},{"type":"Feature","properties":{"line":"13","mode":"bus","color":"#7c5001","oi":-1.418,"n":2,"sw":1},"geometry":{"type":"LineString","coordinates":[[22.419076,39.630869],[22.419095,39.630873]]}},{"type":"Feature","properties":{"line":"13","mode":"bus","color":"#7c5001","oi":-1.36,"n":2,"sw":1},"geometry":{"type":"LineString","coordinates":[[22.419088,39.630871],[22.419106,39.630875]]}},{"type":"Feature","properties":{"line":"13","mode":"bus","color":"#7c5001","oi":-1.291,"n":2,"sw":1},"geometry":{"type":"LineString","coordinates":[[22.4191,39.630874],[22.419118,39.630878]]}},{"type":"Feature","properties":{"line":"13","mode":"bus","color":"#7c5001","oi":-1.214,"n":2,"sw":1},"geometry":{"type":"LineString","coordinates":[[22.419111,39.630876],[22.419129,39.63088]]}},{"type":"Feature","properties":{"line":"13","mode":"bus","color":"#7c5001","oi":-1.131,"n":2,"sw":1},"geometry":{"type":"LineString","coordinates":[[22.419123,39.630879],[22.419141,39.630883]]}},{"type":"Feature","properties":{"line":"13","mode":"bus","color":"#7c5001","oi":-1.044,"n":2,"sw":1},"geometry":{"type":"LineString","coordinates":[[22.419134,39.630881],[22.419153,39.630885]]}},{"type":"Feature","properties":{"line":"13","mode":"bus","color":"#7c5001","oi":-0.956,"n":2,"sw":1},"geometry":{"type":"LineString","coordinates":[[22.419146,39.630884],[22.419164,39.630888]]}},{"type":"Feature","properties":{"line":"13","mode":"bus","color":"#7c5001","oi":-0.869,"n":2,"sw":1},"geometry":{"type":"LineString","coordinates":[[22.419157,39.630887],[22.419176,39.630891]]}},{"type":"Feature","properties":{"line":"13","mode":"bus","color":"#7c5001","oi":-0.786,"n":2,"sw":1},"geometry":{"type":"LineString","coordinates":[[22.419169,39.630889],[22.419187,39.630893]]}},{"type":"Feature","properties":{"line":"13","mode":"bus","color":"#7c5001","oi":-0.709,"n":2,"sw":1},"geometry":{"type":"LineString","coordinates":[[22.419181,39.630892],[22.419199,39.630896]]}},{"type":"Feature","properties":{"line":"13","mode":"bus","color":"#7c5001","oi":-0.64,"n":2,"sw":1},"geometry":{"type":"LineString","coordinates":[[22.419192,39.630894],[22.419211,39.630898]]}},{"type":"Feature","properties":{"line":"13","mode":"bus","color":"#7c5001","oi":-0.582,"n":2,"sw":1},"geometry":{"type":"LineString","coordinates":[[22.419204,39.630897],[22.419222,39.630901]]}},{"type":"Feature","properties":{"line":"13","mode":"bus","color":"#7c5001","oi":-0.538,"n":2,"sw":1},"geometry":{"type":"LineString","coordinates":[[22.419215,39.630899],[22.419234,39.630903]]}},{"type":"Feature","properties":{"line":"13","mode":"bus","color":"#7c5001","oi":-0.51,"n":2,"sw":1},"geometry":{"type":"LineString","coordinates":[[22.419227,39.630902],[22.419245,39.630906]]}},{"type":"Feature","properties":{"line":"13","mode":"bus","color":"#7c5001","oi":-0.5,"n":2,"sw":1},"geometry":{"type":"LineString","coordinates":[[22.419239,39.630904],[22.419257,39.630908]]}},{"type":"Feature","properties":{"line":"13","mode":"bus","color":"#7c5001","oi":-0.5,"n":2,"sw":1},"geometry":{"type":"LineString","coordinates":[[22.41925,39.630907],[22.419278,39.630913]]}},{"type":"Feature","properties":{"line":"13","mode":"bus","color":"#7c5001","oi":-0.483,"n":2,"sw":1},"geometry":{"type":"LineString","coordinates":[[22.419271,39.630911],[22.419299,39.630917]]}},{"type":"Feature","properties":{"line":"13","mode":"bus","color":"#7c5001","oi":-0.437,"n":2,"sw":1},"geometry":{"type":"LineString","coordinates":[[22.419292,39.630916],[22.419319,39.630922]]}},{"type":"Feature","properties":{"line":"13","mode":"bus","color":"#7c5001","oi":-0.37,"n":2,"sw":1},"geometry":{"type":"LineString","coordinates":[[22.419313,39.63092],[22.41934,39.630926]]}},{"type":"Feature","properties":{"line":"13","mode":"bus","color":"#7c5001","oi":-0.291,"n":2,"sw":1},"geometry":{"type":"LineString","coordinates":[[22.419334,39.630925],[22.419361,39.630931]]}},{"type":"Feature","properties":{"line":"13","mode":"bus","color":"#7c5001","oi":-0.209,"n":2,"sw":1},"geometry":{"type":"LineString","coordinates":[[22.419354,39.63093],[22.419382,39.630936]]}},{"type":"Feature","properties":{"line":"13","mode":"bus","color":"#7c5001","oi":-0.13,"n":2,"sw":1},"geometry":{"type":"LineString","coordinates":[[22.419375,39.630934],[22.419403,39.63094]]}},{"type":"Feature","properties":{"line":"13","mode":"bus","color":"#7c5001","oi":-0.063,"n":2,"sw":1},"geometry":{"type":"LineString","coordinates":[[22.419396,39.630939],[22.419424,39.630945]]}},{"type":"Feature","properties":{"line":"13","mode":"bus","color":"#7c5001","oi":-0.017,"n":2,"sw":1},"geometry":{"type":"LineString","coordinates":[[22.419417,39.630943],[22.419445,39.630949]]}},{"type":"Feature","properties":{"line":"13","mode":"bus","color":"#7c5001","oi":0,"n":2,"sw":1},"geometry":{"type":"LineString","coordinates":[[22.419438,39.630948],[22.419462,39.630953]]}},{"type":"Feature","properties":{"line":"13","mode":"bus","color":"#7c5001","oi":0,"n":1},"geometry":{"type":"LineString","coordinates":[[22.398452,39.632593],[22.398605,39.628555],[22.39843,39.628066],[22.398438,39.627818],[22.398444,39.627797],[22.398459,39.627784],[22.398485,39.627777],[22.398979,39.627728],[22.399242,39.627671],[22.39926,39.627665],[22.399269,39.627656],[22.399268,39.627645],[22.399259,39.627632],[22.398074,39.626432],[22.398041,39.626411],[22.397999,39.626404],[22.397573,39.626417]]}},{"type":"Feature","properties":{"line":"13","mode":"bus","color":"#7c5001","oi":0,"n":1},"geometry":{"type":"LineString","coordinates":[[22.482202,39.763997],[22.482214,39.76402],[22.487071,39.771933],[22.487556,39.773027],[22.4877,39.773125],[22.487815,39.77316],[22.487938,39.773171],[22.48806,39.773155],[22.490656,39.772176],[22.490677,39.772163],[22.490685,39.772147],[22.490678,39.772127],[22.488804,39.769027],[22.485432,39.763547],[22.48514,39.763029]]}},{"type":"Feature","properties":{"line":"13","mode":"bus","color":"#7c5001","oi":0.5,"n":1,"sw":1},"geometry":{"type":"LineString","coordinates":[[22.482046,39.763696],[22.482063,39.763729]]}},{"type":"Feature","properties":{"line":"13","mode":"bus","color":"#7c5001","oi":0.483,"n":1,"sw":1},"geometry":{"type":"LineString","coordinates":[[22.48206,39.763724],[22.482078,39.763759]]}},{"type":"Feature","properties":{"line":"13","mode":"bus","color":"#7c5001","oi":0.437,"n":1,"sw":1},"geometry":{"type":"LineString","coordinates":[[22.482076,39.763754],[22.482094,39.763789]]}},{"type":"Feature","properties":{"line":"13","mode":"bus","color":"#7c5001","oi":0.37,"n":1,"sw":1},"geometry":{"type":"LineString","coordinates":[[22.482091,39.763784],[22.48211,39.763819]]}},{"type":"Feature","properties":{"line":"13","mode":"bus","color":"#7c5001","oi":0.291,"n":1,"sw":1},"geometry":{"type":"LineString","coordinates":[[22.482107,39.763814],[22.482125,39.763849]]}},{"type":"Feature","properties":{"line":"13","mode":"bus","color":"#7c5001","oi":0.209,"n":1,"sw":1},"geometry":{"type":"LineString","coordinates":[[22.482123,39.763844],[22.482141,39.763879]]}},{"type":"Feature","properties":{"line":"13","mode":"bus","color":"#7c5001","oi":0.13,"n":1,"sw":1},"geometry":{"type":"LineString","coordinates":[[22.482138,39.763874],[22.482156,39.763909]]}},{"type":"Feature","properties":{"line":"13","mode":"bus","color":"#7c5001","oi":0.063,"n":1,"sw":1},"geometry":{"type":"LineString","coordinates":[[22.482154,39.763904],[22.482172,39.763939]]}},{"type":"Feature","properties":{"line":"13","mode":"bus","color":"#7c5001","oi":0.017,"n":1,"sw":1},"geometry":{"type":"LineString","coordinates":[[22.482169,39.763934],[22.482188,39.763969]]}},{"type":"Feature","properties":{"line":"13","mode":"bus","color":"#7c5001","oi":0,"n":1,"sw":1},"geometry":{"type":"LineString","coordinates":[[22.482185,39.763964],[22.482203,39.763999]]}},{"type":"Feature","properties":{"line":"13","mode":"bus","color":"#7c5001","oi":0,"n":1},"geometry":{"type":"LineString","coordinates":[[22.487714,39.762444],[22.48869,39.764088],[22.492961,39.771074],[22.492987,39.771102],[22.493026,39.771118],[22.493353,39.771196],[22.49538,39.770458],[22.495482,39.770391],[22.495489,39.770335],[22.492389,39.765214],[22.492161,39.76479],[22.492059,39.764488],[22.491909,39.763399],[22.492023,39.761876]]}},{"type":"Feature","properties":{"line":"13","mode":"bus","color":"#7c5001","oi":0,"n":1,"sw":1},"geometry":{"type":"LineString","coordinates":[[22.492023,39.761879],[22.492025,39.761841]]}},{"type":"Feature","properties":{"line":"13","mode":"bus","color":"#7c5001","oi":0.017,"n":1,"sw":1},"geometry":{"type":"LineString","coordinates":[[22.492025,39.761847],[22.492028,39.761809]]}},{"type":"Feature","properties":{"line":"13","mode":"bus","color":"#7c5001","oi":0.063,"n":1,"sw":1},"geometry":{"type":"LineString","coordinates":[[22.492027,39.761814],[22.49203,39.761777]]}},{"type":"Feature","properties":{"line":"13","mode":"bus","color":"#7c5001","oi":0.13,"n":1,"sw":1},"geometry":{"type":"LineString","coordinates":[[22.49203,39.761782],[22.492033,39.761744]]}},{"type":"Feature","properties":{"line":"13","mode":"bus","color":"#7c5001","oi":0.209,"n":1,"sw":1},"geometry":{"type":"LineString","coordinates":[[22.492032,39.76175],[22.492035,39.761712]]}},{"type":"Feature","properties":{"line":"13","mode":"bus","color":"#7c5001","oi":0.291,"n":1,"sw":1},"geometry":{"type":"LineString","coordinates":[[22.492035,39.761717],[22.492038,39.76168]]}},{"type":"Feature","properties":{"line":"13","mode":"bus","color":"#7c5001","oi":0.37,"n":1,"sw":1},"geometry":{"type":"LineString","coordinates":[[22.492037,39.761685],[22.49204,39.761647]]}},{"type":"Feature","properties":{"line":"13","mode":"bus","color":"#7c5001","oi":0.437,"n":1,"sw":1},"geometry":{"type":"LineString","coordinates":[[22.49204,39.761653],[22.492042,39.761615]]}},{"type":"Feature","properties":{"line":"13","mode":"bus","color":"#7c5001","oi":0.483,"n":1,"sw":1},"geometry":{"type":"LineString","coordinates":[[22.492042,39.76162],[22.492045,39.761583]]}},{"type":"Feature","properties":{"line":"13","mode":"bus","color":"#7c5001","oi":0.5,"n":1,"sw":1},"geometry":{"type":"LineString","coordinates":[[22.492044,39.761588],[22.492047,39.761553]]}},{"type":"Feature","properties":{"line":"13","mode":"bus","color":"#7c5001","oi":0,"n":1},"geometry":{"type":"LineString","coordinates":[[22.487978,39.762307],[22.487894,39.762296],[22.487748,39.762232],[22.487655,39.762123],[22.487257,39.759137],[22.487252,39.759122],[22.487242,39.759112],[22.487227,39.759107],[22.487206,39.759108],[22.48612,39.759284],[22.48512,39.759473],[22.485095,39.759482],[22.48508,39.759497],[22.485075,39.759518],[22.485084,39.760979],[22.485079,39.761],[22.485064,39.761014],[22.485038,39.761022],[22.481203,39.761622],[22.480894,39.76169]]}},{"type":"Feature","properties":{"line":"13","mode":"bus","color":"#7c5001","oi":-1,"n":1,"sw":1},"geometry":{"type":"LineString","coordinates":[[22.427617,39.645713],[22.427605,39.645719]]}},{"type":"Feature","properties":{"line":"13","mode":"bus","color":"#7c5001","oi":-0.985,"n":1,"sw":1},"geometry":{"type":"LineString","coordinates":[[22.427611,39.645716],[22.427596,39.645724]]}},{"type":"Feature","properties":{"line":"13","mode":"bus","color":"#7c5001","oi":-0.945,"n":1,"sw":1},"geometry":{"type":"LineString","coordinates":[[22.427602,39.645721],[22.427587,39.645728]]}},{"type":"Feature","properties":{"line":"13","mode":"bus","color":"#7c5001","oi":-0.882,"n":1,"sw":1},"geometry":{"type":"LineString","coordinates":[[22.427593,39.645725],[22.427578,39.645733]]}},{"type":"Feature","properties":{"line":"13","mode":"bus","color":"#7c5001","oi":-0.802,"n":1,"sw":1},"geometry":{"type":"LineString","coordinates":[[22.427584,39.64573],[22.427569,39.645737]]}},{"type":"Feature","properties":{"line":"13","mode":"bus","color":"#7c5001","oi":-0.708,"n":1,"sw":1},"geometry":{"type":"LineString","coordinates":[[22.427575,39.645734],[22.42756,39.645742]]}},{"type":"Feature","properties":{"line":"13","mode":"bus","color":"#7c5001","oi":-0.606,"n":1,"sw":1},"geometry":{"type":"LineString","coordinates":[[22.427566,39.645739],[22.427551,39.645746]]}},{"type":"Feature","properties":{"line":"13","mode":"bus","color":"#7c5001","oi":-0.5,"n":1,"sw":1},"geometry":{"type":"LineString","coordinates":[[22.427557,39.645743],[22.427542,39.645751]]}},{"type":"Feature","properties":{"line":"13","mode":"bus","color":"#7c5001","oi":-0.394,"n":1,"sw":1},"geometry":{"type":"LineString","coordinates":[[22.427548,39.645748],[22.427533,39.645755]]}},{"type":"Feature","properties":{"line":"13","mode":"bus","color":"#7c5001","oi":-0.292,"n":1,"sw":1},"geometry":{"type":"LineString","coordinates":[[22.427539,39.645752],[22.427524,39.64576]]}},{"type":"Feature","properties":{"line":"13","mode":"bus","color":"#7c5001","oi":-0.198,"n":1,"sw":1},"geometry":{"type":"LineString","coordinates":[[22.42753,39.645757],[22.427515,39.645765]]}},{"type":"Feature","properties":{"line":"13","mode":"bus","color":"#7c5001","oi":-0.118,"n":1,"sw":1},"geometry":{"type":"LineString","coordinates":[[22.427521,39.645762],[22.427506,39.645769]]}},{"type":"Feature","properties":{"line":"13","mode":"bus","color":"#7c5001","oi":-0.055,"n":1,"sw":1},"geometry":{"type":"LineString","coordinates":[[22.427512,39.645766],[22.427497,39.645774]]}},{"type":"Feature","properties":{"line":"13","mode":"bus","color":"#7c5001","oi":-0.015,"n":1,"sw":1},"geometry":{"type":"LineString","coordinates":[[22.427503,39.645771],[22.427488,39.645778]]}},{"type":"Feature","properties":{"line":"13","mode":"bus","color":"#7c5001","oi":0,"n":1,"sw":1},"geometry":{"type":"LineString","coordinates":[[22.427493,39.645775],[22.427479,39.645783]]}},{"type":"Feature","properties":{"line":"13","mode":"bus","color":"#7c5001","oi":0,"n":1,"sw":1},"geometry":{"type":"LineString","coordinates":[[22.427484,39.64578],[22.427476,39.645784],[22.427474,39.64579]]}},{"type":"Feature","properties":{"line":"13","mode":"bus","color":"#7c5001","oi":-0.022,"n":1,"sw":1},"geometry":{"type":"LineString","coordinates":[[22.427476,39.645785],[22.427471,39.645798]]}},{"type":"Feature","properties":{"line":"13","mode":"bus","color":"#7c5001","oi":-0.083,"n":1,"sw":1},"geometry":{"type":"LineString","coordinates":[[22.427473,39.645793],[22.427468,39.645806]]}},{"type":"Feature","properties":{"line":"13","mode":"bus","color":"#7c5001","oi":-0.177,"n":1,"sw":1},"geometry":{"type":"LineString","coordinates":[[22.42747,39.6458],[22.427465,39.645814]]}},{"type":"Feature","properties":{"line":"13","mode":"bus","color":"#7c5001","oi":-0.297,"n":1,"sw":1},"geometry":{"type":"LineString","coordinates":[[22.427467,39.645808],[22.427462,39.645822]]}},{"type":"Feature","properties":{"line":"13","mode":"bus","color":"#7c5001","oi":-0.437,"n":1,"sw":1},"geometry":{"type":"LineString","coordinates":[[22.427464,39.645816],[22.427459,39.64583]]}},{"type":"Feature","properties":{"line":"13","mode":"bus","color":"#7c5001","oi":-0.59,"n":1,"sw":1},"geometry":{"type":"LineString","coordinates":[[22.427461,39.645824],[22.427456,39.645838]]}},{"type":"Feature","properties":{"line":"13","mode":"bus","color":"#7c5001","oi":-0.75,"n":1,"sw":1},"geometry":{"type":"LineString","coordinates":[[22.427458,39.645832],[22.427453,39.645846]]}},{"type":"Feature","properties":{"line":"13","mode":"bus","color":"#7c5001","oi":-0.91,"n":1,"sw":1},"geometry":{"type":"LineString","coordinates":[[22.427455,39.64584],[22.42745,39.645854]]}},{"type":"Feature","properties":{"line":"13","mode":"bus","color":"#7c5001","oi":-1.063,"n":1,"sw":1},"geometry":{"type":"LineString","coordinates":[[22.427452,39.645848],[22.427447,39.645862]]}},{"type":"Feature","properties":{"line":"13","mode":"bus","color":"#7c5001","oi":-1.203,"n":1,"sw":1},"geometry":{"type":"LineString","coordinates":[[22.427449,39.645856],[22.427444,39.64587]]}},{"type":"Feature","properties":{"line":"13","mode":"bus","color":"#7c5001","oi":-1.323,"n":1,"sw":1},"geometry":{"type":"LineString","coordinates":[[22.427446,39.645864],[22.427441,39.645878]]}},{"type":"Feature","properties":{"line":"13","mode":"bus","color":"#7c5001","oi":-1.417,"n":1,"sw":1},"geometry":{"type":"LineString","coordinates":[[22.427443,39.645872],[22.427438,39.645886]]}},{"type":"Feature","properties":{"line":"13","mode":"bus","color":"#7c5001","oi":-1.478,"n":1,"sw":1},"geometry":{"type":"LineString","coordinates":[[22.42744,39.64588],[22.427435,39.645894]]}},{"type":"Feature","properties":{"line":"13","mode":"bus","color":"#7c5001","oi":-1.5,"n":1,"sw":1},"geometry":{"type":"LineString","coordinates":[[22.427437,39.645888],[22.427433,39.645899]]}},{"type":"Feature","properties":{"line":"13","mode":"bus","color":"#7c5001","oi":0.5,"n":2},"geometry":{"type":"LineString","coordinates":[[22.450411,39.67254],[22.450324,39.672232],[22.450131,39.671806],[22.449673,39.670967],[22.449534,39.67075]]}},{"type":"Feature","properties":{"line":"13","mode":"bus","color":"#7c5001","oi":0.5,"n":2,"sw":1},"geometry":{"type":"LineString","coordinates":[[22.449536,39.670753],[22.449514,39.670719]]}},{"type":"Feature","properties":{"line":"13","mode":"bus","color":"#7c5001","oi":0.483,"n":2,"sw":1},"geometry":{"type":"LineString","coordinates":[[22.449517,39.670724],[22.449495,39.67069]]}},{"type":"Feature","properties":{"line":"13","mode":"bus","color":"#7c5001","oi":0.437,"n":2,"sw":1},"geometry":{"type":"LineString","coordinates":[[22.449498,39.670695],[22.449477,39.670661]]}},{"type":"Feature","properties":{"line":"13","mode":"bus","color":"#7c5001","oi":0.37,"n":2,"sw":1},"geometry":{"type":"LineString","coordinates":[[22.44948,39.670666],[22.449458,39.670632]]}},{"type":"Feature","properties":{"line":"13","mode":"bus","color":"#7c5001","oi":0.291,"n":2,"sw":1},"geometry":{"type":"LineString","coordinates":[[22.449461,39.670637],[22.44944,39.670603]]}},{"type":"Feature","properties":{"line":"13","mode":"bus","color":"#7c5001","oi":0.209,"n":2,"sw":1},"geometry":{"type":"LineString","coordinates":[[22.449443,39.670608],[22.449421,39.670574]]}},{"type":"Feature","properties":{"line":"13","mode":"bus","color":"#7c5001","oi":0.13,"n":2,"sw":1},"geometry":{"type":"LineString","coordinates":[[22.449424,39.670579],[22.449402,39.670545]]}},{"type":"Feature","properties":{"line":"13","mode":"bus","color":"#7c5001","oi":0.063,"n":2,"sw":1},"geometry":{"type":"LineString","coordinates":[[22.449405,39.67055],[22.449384,39.670516]]}},{"type":"Feature","properties":{"line":"13","mode":"bus","color":"#7c5001","oi":0.017,"n":2,"sw":1},"geometry":{"type":"LineString","coordinates":[[22.449387,39.670521],[22.449365,39.670487]]}},{"type":"Feature","properties":{"line":"13","mode":"bus","color":"#7c5001","oi":0,"n":2,"sw":1},"geometry":{"type":"LineString","coordinates":[[22.449368,39.670491],[22.449348,39.67046]]}},{"type":"Feature","properties":{"line":"13","mode":"bus","color":"#7c5001","oi":0.5,"n":2},"geometry":{"type":"LineString","coordinates":[[22.470272,39.738041],[22.470577,39.73878],[22.472154,39.743501],[22.472293,39.743717],[22.473189,39.745634],[22.473334,39.74581],[22.473492,39.74585],[22.473616,39.745844]]}},{"type":"Feature","properties":{"line":"13","mode":"bus","color":"#7c5001","oi":0.5,"n":2},"geometry":{"type":"LineString","coordinates":[[22.449452,39.67092],[22.450025,39.671836],[22.450411,39.67254],[22.450774,39.673535],[22.456527,39.693824],[22.457893,39.698451],[22.458241,39.699821],[22.458354,39.700074],[22.45881,39.701632],[22.459045,39.702506],[22.459061,39.702705],[22.46221,39.713773],[22.465936,39.725],[22.469425,39.735319],[22.470272,39.738041],[22.470325,39.738355],[22.470455,39.738804],[22.472034,39.743518],[22.472086,39.743896],[22.472629,39.746064],[22.472636,39.746078],[22.472647,39.746087],[22.472662,39.746091],[22.472682,39.746088],[22.474109,39.745735],[22.474766,39.745671],[22.475244,39.745649],[22.47576,39.745649],[22.476126,39.745696],[22.476338,39.745786],[22.476513,39.745932],[22.476567,39.746007],[22.476637,39.746202],[22.476647,39.746309],[22.476474,39.746944],[22.476431,39.74725],[22.476521,39.747731],[22.478175,39.75295],[22.478387,39.753448],[22.478537,39.753641],[22.478745,39.753826],[22.47948,39.754354],[22.4797,39.754548],[22.479854,39.75472],[22.479952,39.754907],[22.480025,39.755376],[22.480066,39.759823],[22.480119,39.76028],[22.480289,39.760689],[22.481651,39.762977],[22.482046,39.763696]]}},{"type":"Feature","properties":{"line":"13","mode":"bus","color":"#7c5001","oi":0,"n":2,"sw":1},"geometry":{"type":"LineString","coordinates":[[22.449269,39.670628],[22.449289,39.67066]]}},{"type":"Feature","properties":{"line":"13","mode":"bus","color":"#7c5001","oi":0.017,"n":2,"sw":1},"geometry":{"type":"LineString","coordinates":[[22.449286,39.670655],[22.449307,39.670689]]}},{"type":"Feature","properties":{"line":"13","mode":"bus","color":"#7c5001","oi":0.063,"n":2,"sw":1},"geometry":{"type":"LineString","coordinates":[[22.449304,39.670684],[22.449325,39.670718]]}},{"type":"Feature","properties":{"line":"13","mode":"bus","color":"#7c5001","oi":0.13,"n":2,"sw":1},"geometry":{"type":"LineString","coordinates":[[22.449322,39.670713],[22.449344,39.670747]]}},{"type":"Feature","properties":{"line":"13","mode":"bus","color":"#7c5001","oi":0.209,"n":2,"sw":1},"geometry":{"type":"LineString","coordinates":[[22.449341,39.670742],[22.449362,39.670776]]}},{"type":"Feature","properties":{"line":"13","mode":"bus","color":"#7c5001","oi":0.291,"n":2,"sw":1},"geometry":{"type":"LineString","coordinates":[[22.449359,39.670771],[22.44938,39.670805]]}},{"type":"Feature","properties":{"line":"13","mode":"bus","color":"#7c5001","oi":0.37,"n":2,"sw":1},"geometry":{"type":"LineString","coordinates":[[22.449377,39.670801],[22.449398,39.670835]]}},{"type":"Feature","properties":{"line":"13","mode":"bus","color":"#7c5001","oi":0.437,"n":2,"sw":1},"geometry":{"type":"LineString","coordinates":[[22.449395,39.67083],[22.449417,39.670864]]}},{"type":"Feature","properties":{"line":"13","mode":"bus","color":"#7c5001","oi":0.483,"n":2,"sw":1},"geometry":{"type":"LineString","coordinates":[[22.449414,39.670859],[22.449435,39.670893]]}},{"type":"Feature","properties":{"line":"13","mode":"bus","color":"#7c5001","oi":0.5,"n":2,"sw":1},"geometry":{"type":"LineString","coordinates":[[22.449432,39.670888],[22.449453,39.670922]]}},{"type":"Feature","properties":{"line":"13","mode":"bus","color":"#7c5001","oi":0.5,"n":2},"geometry":{"type":"LineString","coordinates":[[22.492047,39.761553],[22.492039,39.761473],[22.492034,39.761458],[22.492025,39.761448],[22.49201,39.761445],[22.49199,39.761447],[22.487978,39.762307]]}},{"type":"Feature","properties":{"line":"13","mode":"bus","color":"#7c5001","oi":0.5,"n":2},"geometry":{"type":"LineString","coordinates":[[22.48514,39.763029],[22.48773,39.762478]]}},{"type":"Feature","properties":{"line":"13","mode":"bus","color":"#7c5001","oi":0.5,"n":2},"geometry":{"type":"LineString","coordinates":[[22.430238,39.638727],[22.429605,39.641589],[22.429471,39.642061],[22.42902,39.64335],[22.428819,39.643839],[22.428085,39.645388]]}},{"type":"Feature","properties":{"line":"13","mode":"bus","color":"#7c5001","oi":0,"n":2,"sw":1},"geometry":{"type":"LineString","coordinates":[[22.430309,39.638408],[22.430301,39.638443]]}},{"type":"Feature","properties":{"line":"13","mode":"bus","color":"#7c5001","oi":0.017,"n":2,"sw":1},"geometry":{"type":"LineString","coordinates":[[22.430303,39.638437],[22.430294,39.638475]]}},{"type":"Feature","properties":{"line":"13","mode":"bus","color":"#7c5001","oi":0.063,"n":2,"sw":1},"geometry":{"type":"LineString","coordinates":[[22.430295,39.638469],[22.430287,39.638506]]}},{"type":"Feature","properties":{"line":"13","mode":"bus","color":"#7c5001","oi":0.13,"n":2,"sw":1},"geometry":{"type":"LineString","coordinates":[[22.430288,39.638501],[22.43028,39.638538]]}},{"type":"Feature","properties":{"line":"13","mode":"bus","color":"#7c5001","oi":0.209,"n":2,"sw":1},"geometry":{"type":"LineString","coordinates":[[22.430281,39.638533],[22.430273,39.63857]]}},{"type":"Feature","properties":{"line":"13","mode":"bus","color":"#7c5001","oi":0.291,"n":2,"sw":1},"geometry":{"type":"LineString","coordinates":[[22.430274,39.638565],[22.430266,39.638602]]}},{"type":"Feature","properties":{"line":"13","mode":"bus","color":"#7c5001","oi":0.37,"n":2,"sw":1},"geometry":{"type":"LineString","coordinates":[[22.430267,39.638597],[22.430259,39.638634]]}},{"type":"Feature","properties":{"line":"13","mode":"bus","color":"#7c5001","oi":0.437,"n":2,"sw":1},"geometry":{"type":"LineString","coordinates":[[22.43026,39.638629],[22.430252,39.638666]]}},{"type":"Feature","properties":{"line":"13","mode":"bus","color":"#7c5001","oi":0.483,"n":2,"sw":1},"geometry":{"type":"LineString","coordinates":[[22.430253,39.638661],[22.430245,39.638698]]}},{"type":"Feature","properties":{"line":"13","mode":"bus","color":"#7c5001","oi":0.5,"n":2,"sw":1},"geometry":{"type":"LineString","coordinates":[[22.430246,39.638693],[22.430238,39.63873]]}},{"type":"Feature","properties":{"line":"13","mode":"bus","color":"#7c5001","oi":0.5,"n":2,"sw":1},"geometry":{"type":"LineString","coordinates":[[22.428086,39.645385],[22.428078,39.645402]]}},{"type":"Feature","properties":{"line":"13","mode":"bus","color":"#7c5001","oi":0.493,"n":2,"sw":1},"geometry":{"type":"LineString","coordinates":[[22.428081,39.645397],[22.428073,39.645414]]}},{"type":"Feature","properties":{"line":"13","mode":"bus","color":"#7c5001","oi":0.473,"n":2,"sw":1},"geometry":{"type":"LineString","coordinates":[[22.428075,39.645409],[22.428067,39.645426]]}},{"type":"Feature","properties":{"line":"13","mode":"bus","color":"#7c5001","oi":0.44,"n":2,"sw":1},"geometry":{"type":"LineString","coordinates":[[22.42807,39.64542],[22.428062,39.645437]]}},{"type":"Feature","properties":{"line":"13","mode":"bus","color":"#7c5001","oi":0.397,"n":2,"sw":1},"geometry":{"type":"LineString","coordinates":[[22.428064,39.645432],[22.428056,39.645449]]}},{"type":"Feature","properties":{"line":"13","mode":"bus","color":"#7c5001","oi":0.344,"n":2,"sw":1},"geometry":{"type":"LineString","coordinates":[[22.428059,39.645444],[22.428051,39.645461]]}},{"type":"Feature","properties":{"line":"13","mode":"bus","color":"#7c5001","oi":0.282,"n":2,"sw":1},"geometry":{"type":"LineString","coordinates":[[22.428053,39.645456],[22.428045,39.645472]]}},{"type":"Feature","properties":{"line":"13","mode":"bus","color":"#7c5001","oi":0.213,"n":2,"sw":1},"geometry":{"type":"LineString","coordinates":[[22.428047,39.645467],[22.428039,39.645484]]}},{"type":"Feature","properties":{"line":"13","mode":"bus","color":"#7c5001","oi":0.138,"n":2,"sw":1},"geometry":{"type":"LineString","coordinates":[[22.428042,39.645479],[22.428034,39.645496]]}},{"type":"Feature","properties":{"line":"13","mode":"bus","color":"#7c5001","oi":0.057,"n":2,"sw":1},"geometry":{"type":"LineString","coordinates":[[22.428036,39.645491],[22.428028,39.645507]]}},{"type":"Feature","properties":{"line":"13","mode":"bus","color":"#7c5001","oi":-0.028,"n":2,"sw":1},"geometry":{"type":"LineString","coordinates":[[22.428031,39.645502],[22.428023,39.645519]]}},{"type":"Feature","properties":{"line":"13","mode":"bus","color":"#7c5001","oi":-0.116,"n":2,"sw":1},"geometry":{"type":"LineString","coordinates":[[22.428025,39.645514],[22.428021,39.645523],[22.428016,39.64553]]}},{"type":"Feature","properties":{"line":"13","mode":"bus","color":"#7c5001","oi":-0.205,"n":2,"sw":1},"geometry":{"type":"LineString","coordinates":[[22.428019,39.645526],[22.428008,39.645541]]}},{"type":"Feature","properties":{"line":"13","mode":"bus","color":"#7c5001","oi":-0.295,"n":2,"sw":1},"geometry":{"type":"LineString","coordinates":[[22.428011,39.645537],[22.428,39.645552]]}},{"type":"Feature","properties":{"line":"13","mode":"bus","color":"#7c5001","oi":-0.384,"n":2,"sw":1},"geometry":{"type":"LineString","coordinates":[[22.428004,39.645547],[22.427993,39.645563]]}},{"type":"Feature","properties":{"line":"13","mode":"bus","color":"#7c5001","oi":-0.472,"n":2,"sw":1},"geometry":{"type":"LineString","coordinates":[[22.427996,39.645558],[22.427985,39.645574]]}},{"type":"Feature","properties":{"line":"13","mode":"bus","color":"#7c5001","oi":-0.557,"n":2,"sw":1},"geometry":{"type":"LineString","coordinates":[[22.427988,39.645569],[22.427977,39.645585]]}},{"type":"Feature","properties":{"line":"13","mode":"bus","color":"#7c5001","oi":-0.638,"n":2,"sw":1},"geometry":{"type":"LineString","coordinates":[[22.427981,39.64558],[22.42797,39.645596]]}},{"type":"Feature","properties":{"line":"13","mode":"bus","color":"#7c5001","oi":-0.713,"n":2,"sw":1},"geometry":{"type":"LineString","coordinates":[[22.427973,39.645591],[22.427962,39.645607]]}},{"type":"Feature","properties":{"line":"13","mode":"bus","color":"#7c5001","oi":-0.782,"n":2,"sw":1},"geometry":{"type":"LineString","coordinates":[[22.427965,39.645602],[22.427954,39.645618]]}},{"type":"Feature","properties":{"line":"13","mode":"bus","color":"#7c5001","oi":-0.844,"n":2,"sw":1},"geometry":{"type":"LineString","coordinates":[[22.427958,39.645613],[22.427952,39.645621],[22.427942,39.645626]]}},{"type":"Feature","properties":{"line":"13","mode":"bus","color":"#7c5001","oi":-0.897,"n":2,"sw":1},"geometry":{"type":"LineString","coordinates":[[22.427948,39.645623],[22.427929,39.645633]]}},{"type":"Feature","properties":{"line":"13","mode":"bus","color":"#7c5001","oi":-0.94,"n":2,"sw":1},"geometry":{"type":"LineString","coordinates":[[22.427935,39.64563],[22.427915,39.64564]]}},{"type":"Feature","properties":{"line":"13","mode":"bus","color":"#7c5001","oi":-0.973,"n":2,"sw":1},"geometry":{"type":"LineString","coordinates":[[22.427921,39.645637],[22.427902,39.645647]]}},{"type":"Feature","properties":{"line":"13","mode":"bus","color":"#7c5001","oi":-0.993,"n":2,"sw":1},"geometry":{"type":"LineString","coordinates":[[22.427908,39.645644],[22.427889,39.645654]]}},{"type":"Feature","properties":{"line":"13","mode":"bus","color":"#7c5001","oi":-1,"n":2,"sw":1},"geometry":{"type":"LineString","coordinates":[[22.427894,39.645651],[22.427878,39.645659]]}},{"type":"Feature","properties":{"line":"60","mode":"bus","color":"#b0045c","oi":-1.5,"n":4},"geometry":{"type":"LineString","coordinates":[[22.427471,39.63294],[22.428047,39.633122],[22.428295,39.633279],[22.429496,39.634572],[22.429577,39.634626],[22.429705,39.63467],[22.42973,39.634682],[22.429745,39.634698],[22.429753,39.63472],[22.429762,39.634787]]}},{"type":"Feature","properties":{"line":"60","mode":"bus","color":"#b0045c","oi":-1.5,"n":4},"geometry":{"type":"LineString","coordinates":[[22.429534,39.63481],[22.429588,39.634841]]}},{"type":"Feature","properties":{"line":"60","mode":"bus","color":"#b0045c","oi":-1,"n":3},"geometry":{"type":"LineString","coordinates":[[22.420114,39.639159],[22.420146,39.639161]]}},{"type":"Feature","properties":{"line":"60","mode":"bus","color":"#b0045c","oi":0,"n":3,"sw":1},"geometry":{"type":"LineString","coordinates":[[22.419697,39.639158],[22.419723,39.639154]]}},{"type":"Feature","properties":{"line":"60","mode":"bus","color":"#b0045c","oi":-0.01,"n":3,"sw":1},"geometry":{"type":"LineString","coordinates":[[22.419716,39.639155],[22.419746,39.63915]]}},{"type":"Feature","properties":{"line":"60","mode":"bus","color":"#b0045c","oi":-0.038,"n":3,"sw":1},"geometry":{"type":"LineString","coordinates":[[22.419739,39.639151],[22.419769,39.639147]]}},{"type":"Feature","properties":{"line":"60","mode":"bus","color":"#b0045c","oi":-0.082,"n":3,"sw":1},"geometry":{"type":"LineString","coordinates":[[22.419762,39.639148],[22.419792,39.639143]]}},{"type":"Feature","properties":{"line":"60","mode":"bus","color":"#b0045c","oi":-0.14,"n":3,"sw":1},"geometry":{"type":"LineString","coordinates":[[22.419785,39.639144],[22.419811,39.63914],[22.419815,39.63914]]}},{"type":"Feature","properties":{"line":"60","mode":"bus","color":"#b0045c","oi":-0.209,"n":3,"sw":1},"geometry":{"type":"LineString","coordinates":[[22.419808,39.63914],[22.419811,39.63914],[22.419838,39.639142]]}},{"type":"Feature","properties":{"line":"60","mode":"bus","color":"#b0045c","oi":-0.286,"n":3,"sw":1},"geometry":{"type":"LineString","coordinates":[[22.419831,39.639141],[22.419861,39.639143]]}},{"type":"Feature","properties":{"line":"60","mode":"bus","color":"#b0045c","oi":-0.369,"n":3,"sw":1},"geometry":{"type":"LineString","coordinates":[[22.419854,39.639143],[22.419885,39.639145]]}},{"type":"Feature","properties":{"line":"60","mode":"bus","color":"#b0045c","oi":-0.456,"n":3,"sw":1},"geometry":{"type":"LineString","coordinates":[[22.419878,39.639144],[22.419908,39.639146]]}},{"type":"Feature","properties":{"line":"60","mode":"bus","color":"#b0045c","oi":-0.544,"n":3,"sw":1},"geometry":{"type":"LineString","coordinates":[[22.419901,39.639146],[22.419931,39.639148]]}},{"type":"Feature","properties":{"line":"60","mode":"bus","color":"#b0045c","oi":-0.631,"n":3,"sw":1},"geometry":{"type":"LineString","coordinates":[[22.419924,39.639147],[22.419954,39.639149]]}},{"type":"Feature","properties":{"line":"60","mode":"bus","color":"#b0045c","oi":-0.714,"n":3,"sw":1},"geometry":{"type":"LineString","coordinates":[[22.419947,39.639149],[22.419978,39.63915]]}},{"type":"Feature","properties":{"line":"60","mode":"bus","color":"#b0045c","oi":-0.791,"n":3,"sw":1},"geometry":{"type":"LineString","coordinates":[[22.419971,39.63915],[22.420001,39.639152]]}},{"type":"Feature","properties":{"line":"60","mode":"bus","color":"#b0045c","oi":-0.86,"n":3,"sw":1},"geometry":{"type":"LineString","coordinates":[[22.419994,39.639151],[22.420024,39.639153]]}},{"type":"Feature","properties":{"line":"60","mode":"bus","color":"#b0045c","oi":-0.918,"n":3,"sw":1},"geometry":{"type":"LineString","coordinates":[[22.420017,39.639153],[22.420047,39.639155]]}},{"type":"Feature","properties":{"line":"60","mode":"bus","color":"#b0045c","oi":-0.962,"n":3,"sw":1},"geometry":{"type":"LineString","coordinates":[[22.42004,39.639154],[22.420071,39.639156]]}},{"type":"Feature","properties":{"line":"60","mode":"bus","color":"#b0045c","oi":-0.99,"n":3,"sw":1},"geometry":{"type":"LineString","coordinates":[[22.420064,39.639156],[22.420094,39.639158]]}},{"type":"Feature","properties":{"line":"60","mode":"bus","color":"#b0045c","oi":-1,"n":3,"sw":1},"geometry":{"type":"LineString","coordinates":[[22.420087,39.639157],[22.420117,39.639159]]}},{"type":"Feature","properties":{"line":"60","mode":"bus","color":"#b0045c","oi":-1,"n":3,"sw":1},"geometry":{"type":"LineString","coordinates":[[22.420142,39.639161],[22.420172,39.639163]]}},{"type":"Feature","properties":{"line":"60","mode":"bus","color":"#b0045c","oi":-0.99,"n":3,"sw":1},"geometry":{"type":"LineString","coordinates":[[22.420165,39.639162],[22.420196,39.639164]]}},{"type":"Feature","properties":{"line":"60","mode":"bus","color":"#b0045c","oi":-0.962,"n":3,"sw":1},"geometry":{"type":"LineString","coordinates":[[22.420189,39.639164],[22.420219,39.639166]]}},{"type":"Feature","properties":{"line":"60","mode":"bus","color":"#b0045c","oi":-0.918,"n":3,"sw":1},"geometry":{"type":"LineString","coordinates":[[22.420212,39.639165],[22.420242,39.639167]]}},{"type":"Feature","properties":{"line":"60","mode":"bus","color":"#b0045c","oi":-0.86,"n":3,"sw":1},"geometry":{"type":"LineString","coordinates":[[22.420235,39.639167],[22.420265,39.639168]]}},{"type":"Feature","properties":{"line":"60","mode":"bus","color":"#b0045c","oi":-0.791,"n":3,"sw":1},"geometry":{"type":"LineString","coordinates":[[22.420258,39.639168],[22.420289,39.63917]]}},{"type":"Feature","properties":{"line":"60","mode":"bus","color":"#b0045c","oi":-0.714,"n":3,"sw":1},"geometry":{"type":"LineString","coordinates":[[22.420282,39.639169],[22.420312,39.639171]]}},{"type":"Feature","properties":{"line":"60","mode":"bus","color":"#b0045c","oi":-0.631,"n":3,"sw":1},"geometry":{"type":"LineString","coordinates":[[22.420305,39.639171],[22.420335,39.639173]]}},{"type":"Feature","properties":{"line":"60","mode":"bus","color":"#b0045c","oi":-0.544,"n":3,"sw":1},"geometry":{"type":"LineString","coordinates":[[22.420328,39.639172],[22.420354,39.639174],[22.420357,39.639176]]}},{"type":"Feature","properties":{"line":"60","mode":"bus","color":"#b0045c","oi":-0.456,"n":3,"sw":1},"geometry":{"type":"LineString","coordinates":[[22.420351,39.639174],[22.420354,39.639174],[22.420375,39.639188]]}},{"type":"Feature","properties":{"line":"60","mode":"bus","color":"#b0045c","oi":-0.369,"n":3,"sw":1},"geometry":{"type":"LineString","coordinates":[[22.42037,39.639184],[22.420393,39.6392]]}},{"type":"Feature","properties":{"line":"60","mode":"bus","color":"#b0045c","oi":-0.286,"n":3,"sw":1},"geometry":{"type":"LineString","coordinates":[[22.420388,39.639196],[22.420411,39.639211]]}},{"type":"Feature","properties":{"line":"60","mode":"bus","color":"#b0045c","oi":-0.209,"n":3,"sw":1},"geometry":{"type":"LineString","coordinates":[[22.420405,39.639208],[22.420418,39.639216],[22.420432,39.639216]]}},{"type":"Feature","properties":{"line":"60","mode":"bus","color":"#b0045c","oi":-0.14,"n":3,"sw":1},"geometry":{"type":"LineString","coordinates":[[22.420425,39.639216],[22.420455,39.639217]]}},{"type":"Feature","properties":{"line":"60","mode":"bus","color":"#b0045c","oi":-0.082,"n":3,"sw":1},"geometry":{"type":"LineString","coordinates":[[22.420448,39.639217],[22.420461,39.639217],[22.420475,39.639209]]}},{"type":"Feature","properties":{"line":"60","mode":"bus","color":"#b0045c","oi":-0.038,"n":3,"sw":1},"geometry":{"type":"LineString","coordinates":[[22.420469,39.639212],[22.420494,39.639198]]}},{"type":"Feature","properties":{"line":"60","mode":"bus","color":"#b0045c","oi":-0.01,"n":3,"sw":1},"geometry":{"type":"LineString","coordinates":[[22.420488,39.639201],[22.420512,39.639187]]}},{"type":"Feature","properties":{"line":"60","mode":"bus","color":"#b0045c","oi":0,"n":3,"sw":1},"geometry":{"type":"LineString","coordinates":[[22.420507,39.63919],[22.420528,39.639178]]}},{"type":"Feature","properties":{"line":"60","mode":"bus","color":"#b0045c","oi":-1,"n":3},"geometry":{"type":"LineString","coordinates":[[22.420819,39.638872],[22.421621,39.638322],[22.421949,39.638156],[22.42249,39.637838],[22.429148,39.634914]]}},{"type":"Feature","properties":{"line":"60","mode":"bus","color":"#b0045c","oi":0,"n":3,"sw":1},"geometry":{"type":"LineString","coordinates":[[22.420505,39.639087],[22.420525,39.639073]]}},{"type":"Feature","properties":{"line":"60","mode":"bus","color":"#b0045c","oi":-0.01,"n":3,"sw":1},"geometry":{"type":"LineString","coordinates":[[22.42052,39.639077],[22.420543,39.639061]]}},{"type":"Feature","properties":{"line":"60","mode":"bus","color":"#b0045c","oi":-0.038,"n":3,"sw":1},"geometry":{"type":"LineString","coordinates":[[22.420537,39.639065],[22.42056,39.639049]]}},{"type":"Feature","properties":{"line":"60","mode":"bus","color":"#b0045c","oi":-0.082,"n":3,"sw":1},"geometry":{"type":"LineString","coordinates":[[22.420555,39.639053],[22.420577,39.639037]]}},{"type":"Feature","properties":{"line":"60","mode":"bus","color":"#b0045c","oi":-0.14,"n":3,"sw":1},"geometry":{"type":"LineString","coordinates":[[22.420572,39.639041],[22.420595,39.639025]]}},{"type":"Feature","properties":{"line":"60","mode":"bus","color":"#b0045c","oi":-0.209,"n":3,"sw":1},"geometry":{"type":"LineString","coordinates":[[22.42059,39.639029],[22.420612,39.639013]]}},{"type":"Feature","properties":{"line":"60","mode":"bus","color":"#b0045c","oi":-0.286,"n":3,"sw":1},"geometry":{"type":"LineString","coordinates":[[22.420607,39.639017],[22.42063,39.639002]]}},{"type":"Feature","properties":{"line":"60","mode":"bus","color":"#b0045c","oi":-0.369,"n":3,"sw":1},"geometry":{"type":"LineString","coordinates":[[22.420624,39.639005],[22.420647,39.63899]]}},{"type":"Feature","properties":{"line":"60","mode":"bus","color":"#b0045c","oi":-0.456,"n":3,"sw":1},"geometry":{"type":"LineString","coordinates":[[22.420642,39.638993],[22.420665,39.638978]]}},{"type":"Feature","properties":{"line":"60","mode":"bus","color":"#b0045c","oi":-0.544,"n":3,"sw":1},"geometry":{"type":"LineString","coordinates":[[22.420659,39.638981],[22.420682,39.638966]]}},{"type":"Feature","properties":{"line":"60","mode":"bus","color":"#b0045c","oi":-0.631,"n":3,"sw":1},"geometry":{"type":"LineString","coordinates":[[22.420677,39.638969],[22.420699,39.638954]]}},{"type":"Feature","properties":{"line":"60","mode":"bus","color":"#b0045c","oi":-0.714,"n":3,"sw":1},"geometry":{"type":"LineString","coordinates":[[22.420694,39.638957],[22.420717,39.638942]]}},{"type":"Feature","properties":{"line":"60","mode":"bus","color":"#b0045c","oi":-0.791,"n":3,"sw":1},"geometry":{"type":"LineString","coordinates":[[22.420712,39.638945],[22.420734,39.63893]]}},{"type":"Feature","properties":{"line":"60","mode":"bus","color":"#b0045c","oi":-0.86,"n":3,"sw":1},"geometry":{"type":"LineString","coordinates":[[22.420729,39.638933],[22.420752,39.638918]]}},{"type":"Feature","properties":{"line":"60","mode":"bus","color":"#b0045c","oi":-0.918,"n":3,"sw":1},"geometry":{"type":"LineString","coordinates":[[22.420747,39.638921],[22.420769,39.638906]]}},{"type":"Feature","properties":{"line":"60","mode":"bus","color":"#b0045c","oi":-0.962,"n":3,"sw":1},"geometry":{"type":"LineString","coordinates":[[22.420764,39.638909],[22.420787,39.638894]]}},{"type":"Feature","properties":{"line":"60","mode":"bus","color":"#b0045c","oi":-0.99,"n":3,"sw":1},"geometry":{"type":"LineString","coordinates":[[22.420781,39.638897],[22.420804,39.638882]]}},{"type":"Feature","properties":{"line":"60","mode":"bus","color":"#b0045c","oi":-1,"n":3,"sw":1},"geometry":{"type":"LineString","coordinates":[[22.420799,39.638886],[22.420822,39.63887]]}},{"type":"Feature","properties":{"line":"60","mode":"bus","color":"#b0045c","oi":-1,"n":3,"sw":1},"geometry":{"type":"LineString","coordinates":[[22.429145,39.634915],[22.429171,39.634904]]}},{"type":"Feature","properties":{"line":"60","mode":"bus","color":"#b0045c","oi":-0.99,"n":3,"sw":1},"geometry":{"type":"LineString","coordinates":[[22.429165,39.634906],[22.429192,39.634895]]}},{"type":"Feature","properties":{"line":"60","mode":"bus","color":"#b0045c","oi":-0.962,"n":3,"sw":1},"geometry":{"type":"LineString","coordinates":[[22.429185,39.634897],[22.429212,39.634886]]}},{"type":"Feature","properties":{"line":"60","mode":"bus","color":"#b0045c","oi":-0.918,"n":3,"sw":1},"geometry":{"type":"LineString","coordinates":[[22.429206,39.634888],[22.429232,39.634877]]}},{"type":"Feature","properties":{"line":"60","mode":"bus","color":"#b0045c","oi":-0.86,"n":3,"sw":1},"geometry":{"type":"LineString","coordinates":[[22.429226,39.63488],[22.429252,39.634868]]}},{"type":"Feature","properties":{"line":"60","mode":"bus","color":"#b0045c","oi":-0.791,"n":3,"sw":1},"geometry":{"type":"LineString","coordinates":[[22.429246,39.634871],[22.429273,39.634859]]}},{"type":"Feature","properties":{"line":"60","mode":"bus","color":"#b0045c","oi":-0.714,"n":3,"sw":1},"geometry":{"type":"LineString","coordinates":[[22.429267,39.634862],[22.429293,39.63485]]}},{"type":"Feature","properties":{"line":"60","mode":"bus","color":"#b0045c","oi":-0.631,"n":3,"sw":1},"geometry":{"type":"LineString","coordinates":[[22.429287,39.634853],[22.429313,39.634841]]}},{"type":"Feature","properties":{"line":"60","mode":"bus","color":"#b0045c","oi":-0.544,"n":3,"sw":1},"geometry":{"type":"LineString","coordinates":[[22.429307,39.634844],[22.429334,39.634832]]}},{"type":"Feature","properties":{"line":"60","mode":"bus","color":"#b0045c","oi":-0.456,"n":3,"sw":1},"geometry":{"type":"LineString","coordinates":[[22.429327,39.634835],[22.429354,39.634823]]}},{"type":"Feature","properties":{"line":"60","mode":"bus","color":"#b0045c","oi":-0.369,"n":3,"sw":1},"geometry":{"type":"LineString","coordinates":[[22.429348,39.634826],[22.429373,39.634815],[22.429374,39.634815]]}},{"type":"Feature","properties":{"line":"60","mode":"bus","color":"#b0045c","oi":-0.286,"n":3,"sw":1},"geometry":{"type":"LineString","coordinates":[[22.429368,39.634817],[22.429373,39.634815],[22.429398,39.634814]]}},{"type":"Feature","properties":{"line":"60","mode":"bus","color":"#b0045c","oi":-0.209,"n":3,"sw":1},"geometry":{"type":"LineString","coordinates":[[22.429391,39.634814],[22.429421,39.634814]]}},{"type":"Feature","properties":{"line":"60","mode":"bus","color":"#b0045c","oi":-0.14,"n":3,"sw":1},"geometry":{"type":"LineString","coordinates":[[22.429414,39.634814],[22.429444,39.634813]]}},{"type":"Feature","properties":{"line":"60","mode":"bus","color":"#b0045c","oi":-0.082,"n":3,"sw":1},"geometry":{"type":"LineString","coordinates":[[22.429437,39.634813],[22.429468,39.634812]]}},{"type":"Feature","properties":{"line":"60","mode":"bus","color":"#b0045c","oi":-0.038,"n":3,"sw":1},"geometry":{"type":"LineString","coordinates":[[22.429461,39.634812],[22.429491,39.634811]]}},{"type":"Feature","properties":{"line":"60","mode":"bus","color":"#b0045c","oi":-0.01,"n":3,"sw":1},"geometry":{"type":"LineString","coordinates":[[22.429484,39.634812],[22.429514,39.634811]]}},{"type":"Feature","properties":{"line":"60","mode":"bus","color":"#b0045c","oi":0,"n":3,"sw":1},"geometry":{"type":"LineString","coordinates":[[22.429507,39.634811],[22.429534,39.63481]]}},{"type":"Feature","properties":{"line":"60","mode":"bus","color":"#b0045c","oi":-1,"n":3},"geometry":{"type":"LineString","coordinates":[[22.410569,39.647413],[22.410583,39.647679],[22.410559,39.647934],[22.410514,39.648116],[22.41035,39.648471],[22.409527,39.649721],[22.409399,39.649856],[22.40921,39.649949],[22.409171,39.649994],[22.409152,39.650046],[22.409166,39.650212],[22.4091,39.650347],[22.406123,39.65497]]}},{"type":"Feature","properties":{"line":"60","mode":"bus","color":"#b0045c","oi":-1.5,"n":3,"sw":1},"geometry":{"type":"LineString","coordinates":[[22.410553,39.647089],[22.410555,39.647124]]}},{"type":"Feature","properties":{"line":"60","mode":"bus","color":"#b0045c","oi":-1.483,"n":3,"sw":1},"geometry":{"type":"LineString","coordinates":[[22.410555,39.647119],[22.410556,39.647156]]}},{"type":"Feature","properties":{"line":"60","mode":"bus","color":"#b0045c","oi":-1.437,"n":3,"sw":1},"geometry":{"type":"LineString","coordinates":[[22.410556,39.647151],[22.410558,39.647189]]}},{"type":"Feature","properties":{"line":"60","mode":"bus","color":"#b0045c","oi":-1.37,"n":3,"sw":1},"geometry":{"type":"LineString","coordinates":[[22.410558,39.647183],[22.41056,39.647221]]}},{"type":"Feature","properties":{"line":"60","mode":"bus","color":"#b0045c","oi":-1.291,"n":3,"sw":1},"geometry":{"type":"LineString","coordinates":[[22.410559,39.647216],[22.410561,39.647254]]}},{"type":"Feature","properties":{"line":"60","mode":"bus","color":"#b0045c","oi":-1.209,"n":3,"sw":1},"geometry":{"type":"LineString","coordinates":[[22.410561,39.647248],[22.410563,39.647286]]}},{"type":"Feature","properties":{"line":"60","mode":"bus","color":"#b0045c","oi":-1.13,"n":3,"sw":1},"geometry":{"type":"LineString","coordinates":[[22.410563,39.647281],[22.410565,39.647318]]}},{"type":"Feature","properties":{"line":"60","mode":"bus","color":"#b0045c","oi":-1.063,"n":3,"sw":1},"geometry":{"type":"LineString","coordinates":[[22.410564,39.647313],[22.410566,39.647351]]}},{"type":"Feature","properties":{"line":"60","mode":"bus","color":"#b0045c","oi":-1.017,"n":3,"sw":1},"geometry":{"type":"LineString","coordinates":[[22.410566,39.647345],[22.410568,39.647383]]}},{"type":"Feature","properties":{"line":"60","mode":"bus","color":"#b0045c","oi":-1,"n":3,"sw":1},"geometry":{"type":"LineString","coordinates":[[22.410568,39.647378],[22.41057,39.647415]]}},{"type":"Feature","properties":{"line":"60","mode":"bus","color":"#b0045c","oi":-1,"n":3},"geometry":{"type":"LineString","coordinates":[[22.439068,39.658958],[22.439251,39.659064],[22.439682,39.659839],[22.440067,39.660431],[22.440101,39.66055],[22.440076,39.660703],[22.440104,39.660762],[22.440187,39.660829],[22.440301,39.660855],[22.440401,39.660935],[22.440666,39.66137],[22.440934,39.661624],[22.441192,39.661951],[22.441352,39.662072]]}},{"type":"Feature","properties":{"line":"60","mode":"bus","color":"#b0045c","oi":0,"n":3,"sw":1},"geometry":{"type":"LineString","coordinates":[[22.43866,39.658891],[22.438686,39.658895]]}},{"type":"Feature","properties":{"line":"60","mode":"bus","color":"#b0045c","oi":-0.01,"n":3,"sw":1},"geometry":{"type":"LineString","coordinates":[[22.43868,39.658894],[22.438709,39.658898]]}},{"type":"Feature","properties":{"line":"60","mode":"bus","color":"#b0045c","oi":-0.038,"n":3,"sw":1},"geometry":{"type":"LineString","coordinates":[[22.438703,39.658897],[22.438732,39.658901]]}},{"type":"Feature","properties":{"line":"60","mode":"bus","color":"#b0045c","oi":-0.082,"n":3,"sw":1},"geometry":{"type":"LineString","coordinates":[[22.438725,39.6589],[22.438755,39.658904]]}},{"type":"Feature","properties":{"line":"60","mode":"bus","color":"#b0045c","oi":-0.14,"n":3,"sw":1},"geometry":{"type":"LineString","coordinates":[[22.438748,39.658903],[22.438778,39.658907]]}},{"type":"Feature","properties":{"line":"60","mode":"bus","color":"#b0045c","oi":-0.209,"n":3,"sw":1},"geometry":{"type":"LineString","coordinates":[[22.438771,39.658906],[22.438801,39.658911]]}},{"type":"Feature","properties":{"line":"60","mode":"bus","color":"#b0045c","oi":-0.286,"n":3,"sw":1},"geometry":{"type":"LineString","coordinates":[[22.438794,39.65891],[22.438824,39.658914]]}},{"type":"Feature","properties":{"line":"60","mode":"bus","color":"#b0045c","oi":-0.369,"n":3,"sw":1},"geometry":{"type":"LineString","coordinates":[[22.438817,39.658913],[22.438847,39.658917]]}},{"type":"Feature","properties":{"line":"60","mode":"bus","color":"#b0045c","oi":-0.456,"n":3,"sw":1},"geometry":{"type":"LineString","coordinates":[[22.43884,39.658916],[22.43887,39.65892]]}},{"type":"Feature","properties":{"line":"60","mode":"bus","color":"#b0045c","oi":-0.544,"n":3,"sw":1},"geometry":{"type":"LineString","coordinates":[[22.438863,39.658919],[22.438893,39.658923]]}},{"type":"Feature","properties":{"line":"60","mode":"bus","color":"#b0045c","oi":-0.631,"n":3,"sw":1},"geometry":{"type":"LineString","coordinates":[[22.438886,39.658922],[22.438916,39.658926]]}},{"type":"Feature","properties":{"line":"60","mode":"bus","color":"#b0045c","oi":-0.714,"n":3,"sw":1},"geometry":{"type":"LineString","coordinates":[[22.438909,39.658925],[22.438939,39.65893]]}},{"type":"Feature","properties":{"line":"60","mode":"bus","color":"#b0045c","oi":-0.791,"n":3,"sw":1},"geometry":{"type":"LineString","coordinates":[[22.438932,39.658929],[22.438962,39.658933]]}},{"type":"Feature","properties":{"line":"60","mode":"bus","color":"#b0045c","oi":-0.86,"n":3,"sw":1},"geometry":{"type":"LineString","coordinates":[[22.438955,39.658932],[22.438985,39.658936]]}},{"type":"Feature","properties":{"line":"60","mode":"bus","color":"#b0045c","oi":-0.918,"n":3,"sw":1},"geometry":{"type":"LineString","coordinates":[[22.438978,39.658935],[22.439008,39.658939]]}},{"type":"Feature","properties":{"line":"60","mode":"bus","color":"#b0045c","oi":-0.962,"n":3,"sw":1},"geometry":{"type":"LineString","coordinates":[[22.439001,39.658938],[22.439031,39.658942]]}},{"type":"Feature","properties":{"line":"60","mode":"bus","color":"#b0045c","oi":-0.99,"n":3,"sw":1},"geometry":{"type":"LineString","coordinates":[[22.439024,39.658941],[22.439044,39.658944],[22.439052,39.658949]]}},{"type":"Feature","properties":{"line":"60","mode":"bus","color":"#b0045c","oi":-1,"n":3,"sw":1},"geometry":{"type":"LineString","coordinates":[[22.439047,39.658945],[22.439071,39.65896]]}},{"type":"Feature","properties":{"line":"60","mode":"bus","color":"#b0045c","oi":-1,"n":3},"geometry":{"type":"LineString","coordinates":[[22.449348,39.67046],[22.448577,39.669408],[22.448174,39.668915],[22.447902,39.668684],[22.44262,39.663473],[22.441899,39.662719],[22.441352,39.662072],[22.441267,39.661921],[22.44055,39.660933],[22.440512,39.660814],[22.440553,39.660675],[22.440539,39.660609],[22.440456,39.660522],[22.440275,39.660466],[22.440202,39.660386],[22.439903,39.659892],[22.439434,39.659027],[22.439245,39.658842],[22.439172,39.658804],[22.439047,39.658789],[22.438753,39.658845],[22.438523,39.658787]]}},{"type":"Feature","properties":{"line":"60","mode":"bus","color":"#b0045c","oi":-1,"n":3},"geometry":{"type":"LineString","coordinates":[[22.447902,39.668684],[22.448006,39.668863],[22.448457,39.669455],[22.449269,39.670628]]}},{"type":"Feature","properties":{"line":"60","mode":"bus","color":"#b0045c","oi":0,"n":3,"sw":1},"geometry":{"type":"LineString","coordinates":[[22.412313,39.641179],[22.412318,39.641189]]}},{"type":"Feature","properties":{"line":"60","mode":"bus","color":"#b0045c","oi":-0.043,"n":3,"sw":1},"geometry":{"type":"LineString","coordinates":[[22.412315,39.641184],[22.412321,39.641197]]}},{"type":"Feature","properties":{"line":"60","mode":"bus","color":"#b0045c","oi":-0.156,"n":3,"sw":1},"geometry":{"type":"LineString","coordinates":[[22.412319,39.641192],[22.412325,39.641205]]}},{"type":"Feature","properties":{"line":"60","mode":"bus","color":"#b0045c","oi":-0.316,"n":3,"sw":1},"geometry":{"type":"LineString","coordinates":[[22.412322,39.6412],[22.412328,39.641213]]}},{"type":"Feature","properties":{"line":"60","mode":"bus","color":"#b0045c","oi":-0.5,"n":3,"sw":1},"geometry":{"type":"LineString","coordinates":[[22.412326,39.641208],[22.412332,39.64122]]}},{"type":"Feature","properties":{"line":"60","mode":"bus","color":"#b0045c","oi":-0.684,"n":3,"sw":1},"geometry":{"type":"LineString","coordinates":[[22.41233,39.641215],[22.412335,39.641228]]}},{"type":"Feature","properties":{"line":"60","mode":"bus","color":"#b0045c","oi":-0.844,"n":3,"sw":1},"geometry":{"type":"LineString","coordinates":[[22.412333,39.641223],[22.412339,39.641236]]}},{"type":"Feature","properties":{"line":"60","mode":"bus","color":"#b0045c","oi":-0.957,"n":3,"sw":1},"geometry":{"type":"LineString","coordinates":[[22.412337,39.641231],[22.412343,39.641244]]}},{"type":"Feature","properties":{"line":"60","mode":"bus","color":"#b0045c","oi":-1,"n":3,"sw":1},"geometry":{"type":"LineString","coordinates":[[22.41234,39.641239],[22.412345,39.641249],[22.412348,39.64125]]}},{"type":"Feature","properties":{"line":"60","mode":"bus","color":"#b0045c","oi":-1,"n":3,"sw":1},"geometry":{"type":"LineString","coordinates":[[22.412344,39.641246],[22.412345,39.641249],[22.412357,39.641255]]}},{"type":"Feature","properties":{"line":"60","mode":"bus","color":"#b0045c","oi":-0.957,"n":3,"sw":1},"geometry":{"type":"LineString","coordinates":[[22.412351,39.641252],[22.412366,39.64126]]}},{"type":"Feature","properties":{"line":"60","mode":"bus","color":"#b0045c","oi":-0.844,"n":3,"sw":1},"geometry":{"type":"LineString","coordinates":[[22.41236,39.641257],[22.412375,39.641264]]}},{"type":"Feature","properties":{"line":"60","mode":"bus","color":"#b0045c","oi":-0.684,"n":3,"sw":1},"geometry":{"type":"LineString","coordinates":[[22.412369,39.641261],[22.412383,39.641269]]}},{"type":"Feature","properties":{"line":"60","mode":"bus","color":"#b0045c","oi":-0.5,"n":3,"sw":1},"geometry":{"type":"LineString","coordinates":[[22.412378,39.641266],[22.412392,39.641273]]}},{"type":"Feature","properties":{"line":"60","mode":"bus","color":"#b0045c","oi":-0.316,"n":3,"sw":1},"geometry":{"type":"LineString","coordinates":[[22.412386,39.64127],[22.412401,39.641278]]}},{"type":"Feature","properties":{"line":"60","mode":"bus","color":"#b0045c","oi":-0.156,"n":3,"sw":1},"geometry":{"type":"LineString","coordinates":[[22.412395,39.641275],[22.41241,39.641282]]}},{"type":"Feature","properties":{"line":"60","mode":"bus","color":"#b0045c","oi":-0.043,"n":3,"sw":1},"geometry":{"type":"LineString","coordinates":[[22.412404,39.641279],[22.412419,39.641287]]}},{"type":"Feature","properties":{"line":"60","mode":"bus","color":"#b0045c","oi":0,"n":3,"sw":1},"geometry":{"type":"LineString","coordinates":[[22.412413,39.641284],[22.412425,39.64129]]}},{"type":"Feature","properties":{"line":"60","mode":"bus","color":"#b0045c","oi":-1,"n":3},"geometry":{"type":"LineString","coordinates":[[22.418712,39.639942],[22.418654,39.640346],[22.418699,39.640564],[22.418925,39.642705],[22.418924,39.64272],[22.418917,39.642731],[22.418903,39.642735],[22.418883,39.642735],[22.418046,39.642625],[22.416804,39.642619],[22.416274,39.642597],[22.41313,39.6421],[22.412964,39.642034],[22.412876,39.641952],[22.412659,39.641587]]}},{"type":"Feature","properties":{"line":"60","mode":"bus","color":"#b0045c","oi":0,"n":3,"sw":1},"geometry":{"type":"LineString","coordinates":[[22.418839,39.639651],[22.418819,39.639665]]}},{"type":"Feature","properties":{"line":"60","mode":"bus","color":"#b0045c","oi":-0.01,"n":3,"sw":1},"geometry":{"type":"LineString","coordinates":[[22.418825,39.639662],[22.418803,39.639678]]}},{"type":"Feature","properties":{"line":"60","mode":"bus","color":"#b0045c","oi":-0.038,"n":3,"sw":1},"geometry":{"type":"LineString","coordinates":[[22.418808,39.639674],[22.418786,39.63969]]}},{"type":"Feature","properties":{"line":"60","mode":"bus","color":"#b0045c","oi":-0.082,"n":3,"sw":1},"geometry":{"type":"LineString","coordinates":[[22.418791,39.639686],[22.418769,39.639702]]}},{"type":"Feature","properties":{"line":"60","mode":"bus","color":"#b0045c","oi":-0.14,"n":3,"sw":1},"geometry":{"type":"LineString","coordinates":[[22.418774,39.639699],[22.418752,39.639715]]}},{"type":"Feature","properties":{"line":"60","mode":"bus","color":"#b0045c","oi":-0.209,"n":3,"sw":1},"geometry":{"type":"LineString","coordinates":[[22.418757,39.639711],[22.418743,39.639721],[22.418742,39.63973]]}},{"type":"Feature","properties":{"line":"60","mode":"bus","color":"#b0045c","oi":-0.286,"n":3,"sw":1},"geometry":{"type":"LineString","coordinates":[[22.418743,39.639724],[22.418739,39.639748]]}},{"type":"Feature","properties":{"line":"60","mode":"bus","color":"#b0045c","oi":-0.369,"n":3,"sw":1},"geometry":{"type":"LineString","coordinates":[[22.41874,39.639742],[22.418737,39.639766]]}},{"type":"Feature","properties":{"line":"60","mode":"bus","color":"#b0045c","oi":-0.456,"n":3,"sw":1},"geometry":{"type":"LineString","coordinates":[[22.418737,39.63976],[22.418734,39.639783]]}},{"type":"Feature","properties":{"line":"60","mode":"bus","color":"#b0045c","oi":-0.544,"n":3,"sw":1},"geometry":{"type":"LineString","coordinates":[[22.418735,39.639778],[22.418732,39.639801]]}},{"type":"Feature","properties":{"line":"60","mode":"bus","color":"#b0045c","oi":-0.631,"n":3,"sw":1},"geometry":{"type":"LineString","coordinates":[[22.418732,39.639796],[22.418729,39.639819]]}},{"type":"Feature","properties":{"line":"60","mode":"bus","color":"#b0045c","oi":-0.714,"n":3,"sw":1},"geometry":{"type":"LineString","coordinates":[[22.41873,39.639814],[22.418726,39.639837]]}},{"type":"Feature","properties":{"line":"60","mode":"bus","color":"#b0045c","oi":-0.791,"n":3,"sw":1},"geometry":{"type":"LineString","coordinates":[[22.418727,39.639832],[22.418724,39.639855]]}},{"type":"Feature","properties":{"line":"60","mode":"bus","color":"#b0045c","oi":-0.86,"n":3,"sw":1},"geometry":{"type":"LineString","coordinates":[[22.418725,39.63985],[22.418721,39.639873]]}},{"type":"Feature","properties":{"line":"60","mode":"bus","color":"#b0045c","oi":-0.918,"n":3,"sw":1},"geometry":{"type":"LineString","coordinates":[[22.418722,39.639867],[22.418719,39.639891]]}},{"type":"Feature","properties":{"line":"60","mode":"bus","color":"#b0045c","oi":-0.962,"n":3,"sw":1},"geometry":{"type":"LineString","coordinates":[[22.41872,39.639885],[22.418716,39.639909]]}},{"type":"Feature","properties":{"line":"60","mode":"bus","color":"#b0045c","oi":-0.99,"n":3,"sw":1},"geometry":{"type":"LineString","coordinates":[[22.418717,39.639903],[22.418714,39.639927]]}},{"type":"Feature","properties":{"line":"60","mode":"bus","color":"#b0045c","oi":-1,"n":3,"sw":1},"geometry":{"type":"LineString","coordinates":[[22.418714,39.639921],[22.418711,39.639944]]}},{"type":"Feature","properties":{"line":"60","mode":"bus","color":"#b0045c","oi":-1,"n":3,"sw":1},"geometry":{"type":"LineString","coordinates":[[22.41266,39.64159],[22.412647,39.641569]]}},{"type":"Feature","properties":{"line":"60","mode":"bus","color":"#b0045c","oi":-0.99,"n":3,"sw":1},"geometry":{"type":"LineString","coordinates":[[22.41265,39.641573],[22.412638,39.641552]]}},{"type":"Feature","properties":{"line":"60","mode":"bus","color":"#b0045c","oi":-0.962,"n":3,"sw":1},"geometry":{"type":"LineString","coordinates":[[22.41264,39.641557],[22.412628,39.641536]]}},{"type":"Feature","properties":{"line":"60","mode":"bus","color":"#b0045c","oi":-0.918,"n":3,"sw":1},"geometry":{"type":"LineString","coordinates":[[22.412631,39.641541],[22.412618,39.641519]]}},{"type":"Feature","properties":{"line":"60","mode":"bus","color":"#b0045c","oi":-0.86,"n":3,"sw":1},"geometry":{"type":"LineString","coordinates":[[22.412621,39.641524],[22.412608,39.641503]]}},{"type":"Feature","properties":{"line":"60","mode":"bus","color":"#b0045c","oi":-0.791,"n":3,"sw":1},"geometry":{"type":"LineString","coordinates":[[22.412611,39.641508],[22.412599,39.641487]]}},{"type":"Feature","properties":{"line":"60","mode":"bus","color":"#b0045c","oi":-0.714,"n":3,"sw":1},"geometry":{"type":"LineString","coordinates":[[22.412601,39.641492],[22.412589,39.64147]]}},{"type":"Feature","properties":{"line":"60","mode":"bus","color":"#b0045c","oi":-0.631,"n":3,"sw":1},"geometry":{"type":"LineString","coordinates":[[22.412592,39.641475],[22.412579,39.641454]]}},{"type":"Feature","properties":{"line":"60","mode":"bus","color":"#b0045c","oi":-0.544,"n":3,"sw":1},"geometry":{"type":"LineString","coordinates":[[22.412582,39.641459],[22.412569,39.641438]]}},{"type":"Feature","properties":{"line":"60","mode":"bus","color":"#b0045c","oi":-0.456,"n":3,"sw":1},"geometry":{"type":"LineString","coordinates":[[22.412572,39.641443],[22.41256,39.641421]]}},{"type":"Feature","properties":{"line":"60","mode":"bus","color":"#b0045c","oi":-0.369,"n":3,"sw":1},"geometry":{"type":"LineString","coordinates":[[22.412562,39.641426],[22.41255,39.641405]]}},{"type":"Feature","properties":{"line":"60","mode":"bus","color":"#b0045c","oi":-0.286,"n":3,"sw":1},"geometry":{"type":"LineString","coordinates":[[22.412553,39.64141],[22.41254,39.641389]]}},{"type":"Feature","properties":{"line":"60","mode":"bus","color":"#b0045c","oi":-0.209,"n":3,"sw":1},"geometry":{"type":"LineString","coordinates":[[22.412543,39.641394],[22.41253,39.641372]]}},{"type":"Feature","properties":{"line":"60","mode":"bus","color":"#b0045c","oi":-0.14,"n":3,"sw":1},"geometry":{"type":"LineString","coordinates":[[22.412533,39.641377],[22.412521,39.641356]]}},{"type":"Feature","properties":{"line":"60","mode":"bus","color":"#b0045c","oi":-0.082,"n":3,"sw":1},"geometry":{"type":"LineString","coordinates":[[22.412523,39.641361],[22.412511,39.64134]]}},{"type":"Feature","properties":{"line":"60","mode":"bus","color":"#b0045c","oi":-0.038,"n":3,"sw":1},"geometry":{"type":"LineString","coordinates":[[22.412514,39.641345],[22.412501,39.641323]]}},{"type":"Feature","properties":{"line":"60","mode":"bus","color":"#b0045c","oi":-0.01,"n":3,"sw":1},"geometry":{"type":"LineString","coordinates":[[22.412504,39.641328],[22.412491,39.641307]]}},{"type":"Feature","properties":{"line":"60","mode":"bus","color":"#b0045c","oi":0,"n":3,"sw":1},"geometry":{"type":"LineString","coordinates":[[22.412494,39.641312],[22.412483,39.641293]]}},{"type":"Feature","properties":{"line":"60","mode":"bus","color":"#b0045c","oi":-1.5,"n":4},"geometry":{"type":"LineString","coordinates":[[22.428374,39.645985],[22.430594,39.647318],[22.431375,39.647844],[22.431582,39.648055],[22.432807,39.649996],[22.43538,39.653961],[22.435742,39.65455],[22.436337,39.655651],[22.437442,39.657558],[22.438523,39.658787],[22.43866,39.658891]]}},{"type":"Feature","properties":{"line":"60","mode":"bus","color":"#b0045c","oi":0,"n":4,"sw":1},"geometry":{"type":"LineString","coordinates":[[22.428043,39.645786],[22.428059,39.645795]]}},{"type":"Feature","properties":{"line":"60","mode":"bus","color":"#b0045c","oi":-0.007,"n":4,"sw":1},"geometry":{"type":"LineString","coordinates":[[22.428053,39.645792],[22.428071,39.645803]]}},{"type":"Feature","properties":{"line":"60","mode":"bus","color":"#b0045c","oi":-0.027,"n":4,"sw":1},"geometry":{"type":"LineString","coordinates":[[22.428066,39.6458],[22.428084,39.645811]]}},{"type":"Feature","properties":{"line":"60","mode":"bus","color":"#b0045c","oi":-0.06,"n":4,"sw":1},"geometry":{"type":"LineString","coordinates":[[22.428078,39.645807],[22.428097,39.645818]]}},{"type":"Feature","properties":{"line":"60","mode":"bus","color":"#b0045c","oi":-0.103,"n":4,"sw":1},"geometry":{"type":"LineString","coordinates":[[22.428091,39.645815],[22.42811,39.645826]]}},{"type":"Feature","properties":{"line":"60","mode":"bus","color":"#b0045c","oi":-0.156,"n":4,"sw":1},"geometry":{"type":"LineString","coordinates":[[22.428104,39.645823],[22.428122,39.645834]]}},{"type":"Feature","properties":{"line":"60","mode":"bus","color":"#b0045c","oi":-0.218,"n":4,"sw":1},"geometry":{"type":"LineString","coordinates":[[22.428117,39.64583],[22.428135,39.645841]]}},{"type":"Feature","properties":{"line":"60","mode":"bus","color":"#b0045c","oi":-0.287,"n":4,"sw":1},"geometry":{"type":"LineString","coordinates":[[22.428129,39.645838],[22.428148,39.645849]]}},{"type":"Feature","properties":{"line":"60","mode":"bus","color":"#b0045c","oi":-0.362,"n":4,"sw":1},"geometry":{"type":"LineString","coordinates":[[22.428142,39.645846],[22.42816,39.645857]]}},{"type":"Feature","properties":{"line":"60","mode":"bus","color":"#b0045c","oi":-0.443,"n":4,"sw":1},"geometry":{"type":"LineString","coordinates":[[22.428155,39.645853],[22.428173,39.645864]]}},{"type":"Feature","properties":{"line":"60","mode":"bus","color":"#b0045c","oi":-0.528,"n":4,"sw":1},"geometry":{"type":"LineString","coordinates":[[22.428168,39.645861],[22.428186,39.645872]]}},{"type":"Feature","properties":{"line":"60","mode":"bus","color":"#b0045c","oi":-0.616,"n":4,"sw":1},"geometry":{"type":"LineString","coordinates":[[22.42818,39.645869],[22.428199,39.64588]]}},{"type":"Feature","properties":{"line":"60","mode":"bus","color":"#b0045c","oi":-0.705,"n":4,"sw":1},"geometry":{"type":"LineString","coordinates":[[22.428193,39.645876],[22.428211,39.645887]]}},{"type":"Feature","properties":{"line":"60","mode":"bus","color":"#b0045c","oi":-0.795,"n":4,"sw":1},"geometry":{"type":"LineString","coordinates":[[22.428206,39.645884],[22.428224,39.645895]]}},{"type":"Feature","properties":{"line":"60","mode":"bus","color":"#b0045c","oi":-0.884,"n":4,"sw":1},"geometry":{"type":"LineString","coordinates":[[22.428219,39.645892],[22.428237,39.645902]]}},{"type":"Feature","properties":{"line":"60","mode":"bus","color":"#b0045c","oi":-0.972,"n":4,"sw":1},"geometry":{"type":"LineString","coordinates":[[22.428231,39.645899],[22.42825,39.64591]]}},{"type":"Feature","properties":{"line":"60","mode":"bus","color":"#b0045c","oi":-1.057,"n":4,"sw":1},"geometry":{"type":"LineString","coordinates":[[22.428244,39.645907],[22.428262,39.645918]]}},{"type":"Feature","properties":{"line":"60","mode":"bus","color":"#b0045c","oi":-1.138,"n":4,"sw":1},"geometry":{"type":"LineString","coordinates":[[22.428257,39.645914],[22.428275,39.645925]]}},{"type":"Feature","properties":{"line":"60","mode":"bus","color":"#b0045c","oi":-1.213,"n":4,"sw":1},"geometry":{"type":"LineString","coordinates":[[22.42827,39.645922],[22.428288,39.645933]]}},{"type":"Feature","properties":{"line":"60","mode":"bus","color":"#b0045c","oi":-1.282,"n":4,"sw":1},"geometry":{"type":"LineString","coordinates":[[22.428282,39.64593],[22.428301,39.645941]]}},{"type":"Feature","properties":{"line":"60","mode":"bus","color":"#b0045c","oi":-1.344,"n":4,"sw":1},"geometry":{"type":"LineString","coordinates":[[22.428295,39.645937],[22.428313,39.645948]]}},{"type":"Feature","properties":{"line":"60","mode":"bus","color":"#b0045c","oi":-1.397,"n":4,"sw":1},"geometry":{"type":"LineString","coordinates":[[22.428308,39.645945],[22.428326,39.645956]]}},{"type":"Feature","properties":{"line":"60","mode":"bus","color":"#b0045c","oi":-1.44,"n":4,"sw":1},"geometry":{"type":"LineString","coordinates":[[22.428321,39.645953],[22.428339,39.645964]]}},{"type":"Feature","properties":{"line":"60","mode":"bus","color":"#b0045c","oi":-1.473,"n":4,"sw":1},"geometry":{"type":"LineString","coordinates":[[22.428333,39.64596],[22.428352,39.645971]]}},{"type":"Feature","properties":{"line":"60","mode":"bus","color":"#b0045c","oi":-1.493,"n":4,"sw":1},"geometry":{"type":"LineString","coordinates":[[22.428346,39.645968],[22.428364,39.645979]]}},{"type":"Feature","properties":{"line":"60","mode":"bus","color":"#b0045c","oi":-1.5,"n":4,"sw":1},"geometry":{"type":"LineString","coordinates":[[22.428359,39.645976],[22.428377,39.645987]]}},{"type":"Feature","properties":{"line":"60","mode":"bus","color":"#b0045c","oi":-1,"n":3},"geometry":{"type":"LineString","coordinates":[[22.397581,39.626431],[22.397373,39.626738],[22.397256,39.62725],[22.397061,39.632236]]}},{"type":"Feature","properties":{"line":"60","mode":"bus","color":"#b0045c","oi":-1.5,"n":3,"sw":1},"geometry":{"type":"LineString","coordinates":[[22.397775,39.626144],[22.397754,39.626175]]}},{"type":"Feature","properties":{"line":"60","mode":"bus","color":"#b0045c","oi":-1.483,"n":3,"sw":1},"geometry":{"type":"LineString","coordinates":[[22.397757,39.62617],[22.397735,39.626204]]}},{"type":"Feature","properties":{"line":"60","mode":"bus","color":"#b0045c","oi":-1.437,"n":3,"sw":1},"geometry":{"type":"LineString","coordinates":[[22.397738,39.626199],[22.397715,39.626233]]}},{"type":"Feature","properties":{"line":"60","mode":"bus","color":"#b0045c","oi":-1.37,"n":3,"sw":1},"geometry":{"type":"LineString","coordinates":[[22.397718,39.626228],[22.397696,39.626261]]}},{"type":"Feature","properties":{"line":"60","mode":"bus","color":"#b0045c","oi":-1.291,"n":3,"sw":1},"geometry":{"type":"LineString","coordinates":[[22.397699,39.626256],[22.397676,39.62629]]}},{"type":"Feature","properties":{"line":"60","mode":"bus","color":"#b0045c","oi":-1.209,"n":3,"sw":1},"geometry":{"type":"LineString","coordinates":[[22.397679,39.626285],[22.397657,39.626319]]}},{"type":"Feature","properties":{"line":"60","mode":"bus","color":"#b0045c","oi":-1.13,"n":3,"sw":1},"geometry":{"type":"LineString","coordinates":[[22.39766,39.626314],[22.397637,39.626347]]}},{"type":"Feature","properties":{"line":"60","mode":"bus","color":"#b0045c","oi":-1.063,"n":3,"sw":1},"geometry":{"type":"LineString","coordinates":[[22.397641,39.626343],[22.397618,39.626376]]}},{"type":"Feature","properties":{"line":"60","mode":"bus","color":"#b0045c","oi":-1.017,"n":3,"sw":1},"geometry":{"type":"LineString","coordinates":[[22.397621,39.626371],[22.397598,39.626405]]}},{"type":"Feature","properties":{"line":"60","mode":"bus","color":"#b0045c","oi":-1,"n":3,"sw":1},"geometry":{"type":"LineString","coordinates":[[22.397602,39.6264],[22.397579,39.626434]]}},{"type":"Feature","properties":{"line":"60","mode":"bus","color":"#b0045c","oi":-1,"n":3,"sw":1},"geometry":{"type":"LineString","coordinates":[[22.397061,39.632234],[22.39706,39.632257]]}},{"type":"Feature","properties":{"line":"60","mode":"bus","color":"#b0045c","oi":-0.99,"n":3,"sw":1},"geometry":{"type":"LineString","coordinates":[[22.39706,39.632251],[22.397059,39.632275]]}},{"type":"Feature","properties":{"line":"60","mode":"bus","color":"#b0045c","oi":-0.962,"n":3,"sw":1},"geometry":{"type":"LineString","coordinates":[[22.397059,39.632269],[22.397058,39.632293]]}},{"type":"Feature","properties":{"line":"60","mode":"bus","color":"#b0045c","oi":-0.918,"n":3,"sw":1},"geometry":{"type":"LineString","coordinates":[[22.397059,39.632287],[22.397058,39.632311]]}},{"type":"Feature","properties":{"line":"60","mode":"bus","color":"#b0045c","oi":-0.86,"n":3,"sw":1},"geometry":{"type":"LineString","coordinates":[[22.397058,39.632305],[22.397057,39.632329]]}},{"type":"Feature","properties":{"line":"60","mode":"bus","color":"#b0045c","oi":-0.791,"n":3,"sw":1},"geometry":{"type":"LineString","coordinates":[[22.397057,39.632323],[22.397056,39.632347]]}},{"type":"Feature","properties":{"line":"60","mode":"bus","color":"#b0045c","oi":-0.714,"n":3,"sw":1},"geometry":{"type":"LineString","coordinates":[[22.397057,39.632341],[22.397056,39.632365]]}},{"type":"Feature","properties":{"line":"60","mode":"bus","color":"#b0045c","oi":-0.631,"n":3,"sw":1},"geometry":{"type":"LineString","coordinates":[[22.397056,39.632359],[22.397055,39.632383]]}},{"type":"Feature","properties":{"line":"60","mode":"bus","color":"#b0045c","oi":-0.544,"n":3,"sw":1},"geometry":{"type":"LineString","coordinates":[[22.397055,39.632377],[22.397054,39.632401]]}},{"type":"Feature","properties":{"line":"60","mode":"bus","color":"#b0045c","oi":-0.456,"n":3,"sw":1},"geometry":{"type":"LineString","coordinates":[[22.397054,39.632395],[22.397054,39.632419]]}},{"type":"Feature","properties":{"line":"60","mode":"bus","color":"#b0045c","oi":-0.369,"n":3,"sw":1},"geometry":{"type":"LineString","coordinates":[[22.397054,39.632413],[22.397053,39.632437]]}},{"type":"Feature","properties":{"line":"60","mode":"bus","color":"#b0045c","oi":-0.286,"n":3,"sw":1},"geometry":{"type":"LineString","coordinates":[[22.397053,39.632431],[22.397052,39.632455]]}},{"type":"Feature","properties":{"line":"60","mode":"bus","color":"#b0045c","oi":-0.209,"n":3,"sw":1},"geometry":{"type":"LineString","coordinates":[[22.397052,39.632449],[22.397051,39.632473]]}},{"type":"Feature","properties":{"line":"60","mode":"bus","color":"#b0045c","oi":-0.14,"n":3,"sw":1},"geometry":{"type":"LineString","coordinates":[[22.397052,39.632467],[22.397051,39.632491]]}},{"type":"Feature","properties":{"line":"60","mode":"bus","color":"#b0045c","oi":-0.082,"n":3,"sw":1},"geometry":{"type":"LineString","coordinates":[[22.397051,39.632485],[22.39705,39.632509]]}},{"type":"Feature","properties":{"line":"60","mode":"bus","color":"#b0045c","oi":-0.038,"n":3,"sw":1},"geometry":{"type":"LineString","coordinates":[[22.39705,39.632503],[22.397049,39.632527]]}},{"type":"Feature","properties":{"line":"60","mode":"bus","color":"#b0045c","oi":-0.01,"n":3,"sw":1},"geometry":{"type":"LineString","coordinates":[[22.39705,39.632521],[22.397049,39.632545]]}},{"type":"Feature","properties":{"line":"60","mode":"bus","color":"#b0045c","oi":0,"n":3,"sw":1},"geometry":{"type":"LineString","coordinates":[[22.397049,39.632539],[22.397048,39.63256]]}},{"type":"Feature","properties":{"line":"60","mode":"bus","color":"#b0045c","oi":-1.5,"n":4},"geometry":{"type":"LineString","coordinates":[[22.401037,39.621851],[22.397775,39.626144]]}},{"type":"Feature","properties":{"line":"60","mode":"bus","color":"#b0045c","oi":-1,"n":3},"geometry":{"type":"LineString","coordinates":[[22.427998,39.645694],[22.42797,39.645681],[22.427878,39.645659]]}},{"type":"Feature","properties":{"line":"60","mode":"bus","color":"#b0045c","oi":0,"n":3,"sw":1},"geometry":{"type":"LineString","coordinates":[[22.428043,39.645786],[22.42804,39.645775]]}},{"type":"Feature","properties":{"line":"60","mode":"bus","color":"#b0045c","oi":-0.023,"n":3,"sw":1},"geometry":{"type":"LineString","coordinates":[[22.428041,39.645781],[22.428037,39.645767]]}},{"type":"Feature","properties":{"line":"60","mode":"bus","color":"#b0045c","oi":-0.087,"n":3,"sw":1},"geometry":{"type":"LineString","coordinates":[[22.428039,39.645772],[22.428034,39.645759]]}},{"type":"Feature","properties":{"line":"60","mode":"bus","color":"#b0045c","oi":-0.183,"n":3,"sw":1},"geometry":{"type":"LineString","coordinates":[[22.428036,39.645764],[22.428032,39.645751]]}},{"type":"Feature","properties":{"line":"60","mode":"bus","color":"#b0045c","oi":-0.301,"n":3,"sw":1},"geometry":{"type":"LineString","coordinates":[[22.428033,39.645756],[22.428029,39.645743]]}},{"type":"Feature","properties":{"line":"60","mode":"bus","color":"#b0045c","oi":-0.432,"n":3,"sw":1},"geometry":{"type":"LineString","coordinates":[[22.428031,39.645748],[22.428026,39.645735]]}},{"type":"Feature","properties":{"line":"60","mode":"bus","color":"#b0045c","oi":-0.568,"n":3,"sw":1},"geometry":{"type":"LineString","coordinates":[[22.428028,39.64574],[22.428024,39.645727]]}},{"type":"Feature","properties":{"line":"60","mode":"bus","color":"#b0045c","oi":-0.699,"n":3,"sw":1},"geometry":{"type":"LineString","coordinates":[[22.428025,39.645732],[22.428023,39.645724],[22.428019,39.645719]]}},{"type":"Feature","properties":{"line":"60","mode":"bus","color":"#b0045c","oi":-0.817,"n":3,"sw":1},"geometry":{"type":"LineString","coordinates":[[22.428023,39.645724],[22.428014,39.645712]]}},{"type":"Feature","properties":{"line":"60","mode":"bus","color":"#b0045c","oi":-0.913,"n":3,"sw":1},"geometry":{"type":"LineString","coordinates":[[22.428018,39.645717],[22.428009,39.645705]]}},{"type":"Feature","properties":{"line":"60","mode":"bus","color":"#b0045c","oi":-0.977,"n":3,"sw":1},"geometry":{"type":"LineString","coordinates":[[22.428013,39.645709],[22.428004,39.645697]]}},{"type":"Feature","properties":{"line":"60","mode":"bus","color":"#b0045c","oi":-1,"n":3,"sw":1},"geometry":{"type":"LineString","coordinates":[[22.428008,39.645702],[22.428004,39.645697],[22.427995,39.645693]]}},{"type":"Feature","properties":{"line":"60","mode":"bus","color":"#b0045c","oi":-1.5,"n":4},"geometry":{"type":"LineString","coordinates":[[22.419679,39.639184],[22.419697,39.639158]]}},{"type":"Feature","properties":{"line":"60","mode":"bus","color":"#b0045c","oi":0,"n":4,"sw":1},"geometry":{"type":"LineString","coordinates":[[22.41966,39.639209],[22.419668,39.639198]]}},{"type":"Feature","properties":{"line":"60","mode":"bus","color":"#b0045c","oi":-0.75,"n":4,"sw":1},"geometry":{"type":"LineString","coordinates":[[22.419664,39.639203],[22.419674,39.63919]]}},{"type":"Feature","properties":{"line":"60","mode":"bus","color":"#b0045c","oi":-1.5,"n":4,"sw":1},"geometry":{"type":"LineString","coordinates":[[22.419671,39.639194],[22.41968,39.639181]]}},{"type":"Feature","properties":{"line":"60","mode":"bus","color":"#b0045c","oi":-1.5,"n":4},"geometry":{"type":"LineString","coordinates":[[22.411989,39.641377],[22.411025,39.641832],[22.410616,39.64206],[22.410423,39.642213],[22.410284,39.642488],[22.410267,39.642865],[22.410553,39.647089]]}},{"type":"Feature","properties":{"line":"60","mode":"bus","color":"#b0045c","oi":0,"n":4,"sw":1},"geometry":{"type":"LineString","coordinates":[[22.412313,39.641179],[22.412302,39.641191]]}},{"type":"Feature","properties":{"line":"60","mode":"bus","color":"#b0045c","oi":-0.007,"n":4,"sw":1},"geometry":{"type":"LineString","coordinates":[[22.412306,39.641187],[22.412292,39.641201]]}},{"type":"Feature","properties":{"line":"60","mode":"bus","color":"#b0045c","oi":-0.027,"n":4,"sw":1},"geometry":{"type":"LineString","coordinates":[[22.412296,39.641197],[22.412283,39.641212]]}},{"type":"Feature","properties":{"line":"60","mode":"bus","color":"#b0045c","oi":-0.06,"n":4,"sw":1},"geometry":{"type":"LineString","coordinates":[[22.412287,39.641207],[22.412273,39.641222]]}},{"type":"Feature","properties":{"line":"60","mode":"bus","color":"#b0045c","oi":-0.103,"n":4,"sw":1},"geometry":{"type":"LineString","coordinates":[[22.412278,39.641217],[22.412264,39.641232]]}},{"type":"Feature","properties":{"line":"60","mode":"bus","color":"#b0045c","oi":-0.156,"n":4,"sw":1},"geometry":{"type":"LineString","coordinates":[[22.412268,39.641228],[22.412255,39.641242]]}},{"type":"Feature","properties":{"line":"60","mode":"bus","color":"#b0045c","oi":-0.218,"n":4,"sw":1},"geometry":{"type":"LineString","coordinates":[[22.412259,39.641238],[22.412245,39.641252]]}},{"type":"Feature","properties":{"line":"60","mode":"bus","color":"#b0045c","oi":-0.287,"n":4,"sw":1},"geometry":{"type":"LineString","coordinates":[[22.412249,39.641248],[22.412239,39.641259],[22.412234,39.641261]]}},{"type":"Feature","properties":{"line":"60","mode":"bus","color":"#b0045c","oi":-0.362,"n":4,"sw":1},"geometry":{"type":"LineString","coordinates":[[22.41224,39.641258],[22.412239,39.641259],[22.412221,39.641268]]}},{"type":"Feature","properties":{"line":"60","mode":"bus","color":"#b0045c","oi":-0.443,"n":4,"sw":1},"geometry":{"type":"LineString","coordinates":[[22.412227,39.641265],[22.412207,39.641274]]}},{"type":"Feature","properties":{"line":"60","mode":"bus","color":"#b0045c","oi":-0.528,"n":4,"sw":1},"geometry":{"type":"LineString","coordinates":[[22.412213,39.641271],[22.412193,39.641281]]}},{"type":"Feature","properties":{"line":"60","mode":"bus","color":"#b0045c","oi":-0.616,"n":4,"sw":1},"geometry":{"type":"LineString","coordinates":[[22.412199,39.641278],[22.412179,39.641287]]}},{"type":"Feature","properties":{"line":"60","mode":"bus","color":"#b0045c","oi":-0.705,"n":4,"sw":1},"geometry":{"type":"LineString","coordinates":[[22.412185,39.641284],[22.412166,39.641294]]}},{"type":"Feature","properties":{"line":"60","mode":"bus","color":"#b0045c","oi":-0.795,"n":4,"sw":1},"geometry":{"type":"LineString","coordinates":[[22.412172,39.641291],[22.412152,39.6413]]}},{"type":"Feature","properties":{"line":"60","mode":"bus","color":"#b0045c","oi":-0.884,"n":4,"sw":1},"geometry":{"type":"LineString","coordinates":[[22.412158,39.641297],[22.412138,39.641307]]}},{"type":"Feature","properties":{"line":"60","mode":"bus","color":"#b0045c","oi":-0.972,"n":4,"sw":1},"geometry":{"type":"LineString","coordinates":[[22.412144,39.641304],[22.412124,39.641313]]}},{"type":"Feature","properties":{"line":"60","mode":"bus","color":"#b0045c","oi":-1.057,"n":4,"sw":1},"geometry":{"type":"LineString","coordinates":[[22.41213,39.64131],[22.41211,39.64132]]}},{"type":"Feature","properties":{"line":"60","mode":"bus","color":"#b0045c","oi":-1.138,"n":4,"sw":1},"geometry":{"type":"LineString","coordinates":[[22.412116,39.641317],[22.412097,39.641326]]}},{"type":"Feature","properties":{"line":"60","mode":"bus","color":"#b0045c","oi":-1.213,"n":4,"sw":1},"geometry":{"type":"LineString","coordinates":[[22.412103,39.641323],[22.412083,39.641333]]}},{"type":"Feature","properties":{"line":"60","mode":"bus","color":"#b0045c","oi":-1.282,"n":4,"sw":1},"geometry":{"type":"LineString","coordinates":[[22.412089,39.64133],[22.412069,39.641339]]}},{"type":"Feature","properties":{"line":"60","mode":"bus","color":"#b0045c","oi":-1.344,"n":4,"sw":1},"geometry":{"type":"LineString","coordinates":[[22.412075,39.641336],[22.412055,39.641346]]}},{"type":"Feature","properties":{"line":"60","mode":"bus","color":"#b0045c","oi":-1.397,"n":4,"sw":1},"geometry":{"type":"LineString","coordinates":[[22.412061,39.641343],[22.412042,39.641352]]}},{"type":"Feature","properties":{"line":"60","mode":"bus","color":"#b0045c","oi":-1.44,"n":4,"sw":1},"geometry":{"type":"LineString","coordinates":[[22.412047,39.641349],[22.412028,39.641359]]}},{"type":"Feature","properties":{"line":"60","mode":"bus","color":"#b0045c","oi":-1.473,"n":4,"sw":1},"geometry":{"type":"LineString","coordinates":[[22.412034,39.641356],[22.412014,39.641365]]}},{"type":"Feature","properties":{"line":"60","mode":"bus","color":"#b0045c","oi":-1.493,"n":4,"sw":1},"geometry":{"type":"LineString","coordinates":[[22.41202,39.641362],[22.412,39.641372]]}},{"type":"Feature","properties":{"line":"60","mode":"bus","color":"#b0045c","oi":-1.5,"n":4,"sw":1},"geometry":{"type":"LineString","coordinates":[[22.412006,39.641369],[22.411986,39.641378]]}},{"type":"Feature","properties":{"line":"60","mode":"bus","color":"#b0045c","oi":-1.5,"n":4},"geometry":{"type":"LineString","coordinates":[[22.426101,39.622116],[22.425933,39.622493]]}},{"type":"Feature","properties":{"line":"60","mode":"bus","color":"#b0045c","oi":-1.5,"n":4,"sw":1},"geometry":{"type":"LineString","coordinates":[[22.425934,39.622491],[22.425926,39.622507]]}},{"type":"Feature","properties":{"line":"60","mode":"bus","color":"#b0045c","oi":-1.493,"n":4,"sw":1},"geometry":{"type":"LineString","coordinates":[[22.425928,39.622502],[22.425921,39.622519],[22.425921,39.622519]]}},{"type":"Feature","properties":{"line":"60","mode":"bus","color":"#b0045c","oi":-1.473,"n":4,"sw":1},"geometry":{"type":"LineString","coordinates":[[22.425923,39.622514],[22.425921,39.622519],[22.425914,39.622531]]}},{"type":"Feature","properties":{"line":"60","mode":"bus","color":"#b0045c","oi":-1.44,"n":4,"sw":1},"geometry":{"type":"LineString","coordinates":[[22.425917,39.622526],[22.425908,39.622542]]}},{"type":"Feature","properties":{"line":"60","mode":"bus","color":"#b0045c","oi":-1.397,"n":4,"sw":1},"geometry":{"type":"LineString","coordinates":[[22.425911,39.622537],[22.425901,39.622553]]}},{"type":"Feature","properties":{"line":"60","mode":"bus","color":"#b0045c","oi":-1.344,"n":4,"sw":1},"geometry":{"type":"LineString","coordinates":[[22.425904,39.622548],[22.425895,39.622565]]}},{"type":"Feature","properties":{"line":"60","mode":"bus","color":"#b0045c","oi":-1.282,"n":4,"sw":1},"geometry":{"type":"LineString","coordinates":[[22.425898,39.62256],[22.425888,39.622576]]}},{"type":"Feature","properties":{"line":"60","mode":"bus","color":"#b0045c","oi":-1.213,"n":4,"sw":1},"geometry":{"type":"LineString","coordinates":[[22.425891,39.622571],[22.425882,39.622587]]}},{"type":"Feature","properties":{"line":"60","mode":"bus","color":"#b0045c","oi":-1.138,"n":4,"sw":1},"geometry":{"type":"LineString","coordinates":[[22.425884,39.622583],[22.425875,39.622599]]}},{"type":"Feature","properties":{"line":"60","mode":"bus","color":"#b0045c","oi":-1.057,"n":4,"sw":1},"geometry":{"type":"LineString","coordinates":[[22.425878,39.622594],[22.425868,39.62261]]}},{"type":"Feature","properties":{"line":"60","mode":"bus","color":"#b0045c","oi":-0.972,"n":4,"sw":1},"geometry":{"type":"LineString","coordinates":[[22.425871,39.622605],[22.425862,39.622622]]}},{"type":"Feature","properties":{"line":"60","mode":"bus","color":"#b0045c","oi":-0.884,"n":4,"sw":1},"geometry":{"type":"LineString","coordinates":[[22.425865,39.622617],[22.425855,39.622633]]}},{"type":"Feature","properties":{"line":"60","mode":"bus","color":"#b0045c","oi":-0.795,"n":4,"sw":1},"geometry":{"type":"LineString","coordinates":[[22.425858,39.622628],[22.425849,39.622644]]}},{"type":"Feature","properties":{"line":"60","mode":"bus","color":"#b0045c","oi":-0.705,"n":4,"sw":1},"geometry":{"type":"LineString","coordinates":[[22.425852,39.622639],[22.425842,39.622656]]}},{"type":"Feature","properties":{"line":"60","mode":"bus","color":"#b0045c","oi":-0.616,"n":4,"sw":1},"geometry":{"type":"LineString","coordinates":[[22.425845,39.622651],[22.425836,39.622667]]}},{"type":"Feature","properties":{"line":"60","mode":"bus","color":"#b0045c","oi":-0.528,"n":4,"sw":1},"geometry":{"type":"LineString","coordinates":[[22.425839,39.622662],[22.425829,39.622679]]}},{"type":"Feature","properties":{"line":"60","mode":"bus","color":"#b0045c","oi":-0.443,"n":4,"sw":1},"geometry":{"type":"LineString","coordinates":[[22.425832,39.622674],[22.425823,39.62269]]}},{"type":"Feature","properties":{"line":"60","mode":"bus","color":"#b0045c","oi":-0.362,"n":4,"sw":1},"geometry":{"type":"LineString","coordinates":[[22.425825,39.622685],[22.425816,39.622701]]}},{"type":"Feature","properties":{"line":"60","mode":"bus","color":"#b0045c","oi":-0.287,"n":4,"sw":1},"geometry":{"type":"LineString","coordinates":[[22.425819,39.622696],[22.425809,39.622713]]}},{"type":"Feature","properties":{"line":"60","mode":"bus","color":"#b0045c","oi":-0.218,"n":4,"sw":1},"geometry":{"type":"LineString","coordinates":[[22.425812,39.622708],[22.425803,39.622724]]}},{"type":"Feature","properties":{"line":"60","mode":"bus","color":"#b0045c","oi":-0.156,"n":4,"sw":1},"geometry":{"type":"LineString","coordinates":[[22.425806,39.622719],[22.425796,39.622736]]}},{"type":"Feature","properties":{"line":"60","mode":"bus","color":"#b0045c","oi":-0.103,"n":4,"sw":1},"geometry":{"type":"LineString","coordinates":[[22.425799,39.622731],[22.42579,39.622747]]}},{"type":"Feature","properties":{"line":"60","mode":"bus","color":"#b0045c","oi":-0.06,"n":4,"sw":1},"geometry":{"type":"LineString","coordinates":[[22.425793,39.622742],[22.425783,39.622758]]}},{"type":"Feature","properties":{"line":"60","mode":"bus","color":"#b0045c","oi":-0.027,"n":4,"sw":1},"geometry":{"type":"LineString","coordinates":[[22.425786,39.622753],[22.425777,39.62277]]}},{"type":"Feature","properties":{"line":"60","mode":"bus","color":"#b0045c","oi":-0.007,"n":4,"sw":1},"geometry":{"type":"LineString","coordinates":[[22.42578,39.622765],[22.42577,39.622781]]}},{"type":"Feature","properties":{"line":"60","mode":"bus","color":"#b0045c","oi":0,"n":4,"sw":1},"geometry":{"type":"LineString","coordinates":[[22.425773,39.622776],[22.425765,39.62279]]}},{"type":"Feature","properties":{"line":"60","mode":"bus","color":"#b0045c","oi":-1,"n":3},"geometry":{"type":"LineString","coordinates":[[22.43126,39.611958],[22.43105,39.612858],[22.430428,39.614962],[22.430068,39.615525],[22.42877,39.617208],[22.427056,39.619522],[22.426853,39.619946],[22.426499,39.62102],[22.426214,39.621804]]}},{"type":"Feature","properties":{"line":"60","mode":"bus","color":"#b0045c","oi":-1,"n":3,"sw":1},"geometry":{"type":"LineString","coordinates":[[22.426215,39.621801],[22.426202,39.621838]]}},{"type":"Feature","properties":{"line":"60","mode":"bus","color":"#b0045c","oi":-1.017,"n":3,"sw":1},"geometry":{"type":"LineString","coordinates":[[22.426204,39.621833],[22.426191,39.621869]]}},{"type":"Feature","properties":{"line":"60","mode":"bus","color":"#b0045c","oi":-1.063,"n":3,"sw":1},"geometry":{"type":"LineString","coordinates":[[22.426193,39.621864],[22.426179,39.6219]]}},{"type":"Feature","properties":{"line":"60","mode":"bus","color":"#b0045c","oi":-1.13,"n":3,"sw":1},"geometry":{"type":"LineString","coordinates":[[22.426181,39.621895],[22.426168,39.621931]]}},{"type":"Feature","properties":{"line":"60","mode":"bus","color":"#b0045c","oi":-1.209,"n":3,"sw":1},"geometry":{"type":"LineString","coordinates":[[22.42617,39.621926],[22.426157,39.621963]]}},{"type":"Feature","properties":{"line":"60","mode":"bus","color":"#b0045c","oi":-1.291,"n":3,"sw":1},"geometry":{"type":"LineString","coordinates":[[22.426159,39.621957],[22.426145,39.621994]]}},{"type":"Feature","properties":{"line":"60","mode":"bus","color":"#b0045c","oi":-1.37,"n":3,"sw":1},"geometry":{"type":"LineString","coordinates":[[22.426147,39.621989],[22.426134,39.622025]]}},{"type":"Feature","properties":{"line":"60","mode":"bus","color":"#b0045c","oi":-1.437,"n":3,"sw":1},"geometry":{"type":"LineString","coordinates":[[22.426136,39.62202],[22.426123,39.622056]]}},{"type":"Feature","properties":{"line":"60","mode":"bus","color":"#b0045c","oi":-1.483,"n":3,"sw":1},"geometry":{"type":"LineString","coordinates":[[22.426125,39.622051],[22.426111,39.622087]]}},{"type":"Feature","properties":{"line":"60","mode":"bus","color":"#b0045c","oi":-1.5,"n":3,"sw":1},"geometry":{"type":"LineString","coordinates":[[22.426113,39.622082],[22.426101,39.622116]]}},{"type":"Feature","properties":{"line":"60","mode":"bus","color":"#b0045c","oi":-1,"n":3},"geometry":{"type":"LineString","coordinates":[[22.429953,39.635071],[22.430302,39.635457],[22.430608,39.635852],[22.430764,39.636184],[22.4308,39.636464],[22.430759,39.636937],[22.429719,39.641601],[22.428991,39.643743],[22.428185,39.645481]]}},{"type":"Feature","properties":{"line":"60","mode":"bus","color":"#b0045c","oi":-1.5,"n":3,"sw":1},"geometry":{"type":"LineString","coordinates":[[22.429762,39.634787],[22.429774,39.634821]]}},{"type":"Feature","properties":{"line":"60","mode":"bus","color":"#b0045c","oi":-1.483,"n":3,"sw":1},"geometry":{"type":"LineString","coordinates":[[22.429772,39.634816],[22.429786,39.634852]]}},{"type":"Feature","properties":{"line":"60","mode":"bus","color":"#b0045c","oi":-1.437,"n":3,"sw":1},"geometry":{"type":"LineString","coordinates":[[22.429784,39.634847],[22.429797,39.634883]]}},{"type":"Feature","properties":{"line":"60","mode":"bus","color":"#b0045c","oi":-1.37,"n":3,"sw":1},"geometry":{"type":"LineString","coordinates":[[22.429795,39.634878],[22.429806,39.634908],[22.429811,39.634913]]}},{"type":"Feature","properties":{"line":"60","mode":"bus","color":"#b0045c","oi":-1.291,"n":3,"sw":1},"geometry":{"type":"LineString","coordinates":[[22.429807,39.634909],[22.429835,39.63494]]}},{"type":"Feature","properties":{"line":"60","mode":"bus","color":"#b0045c","oi":-1.209,"n":3,"sw":1},"geometry":{"type":"LineString","coordinates":[[22.429831,39.634936],[22.429859,39.634967]]}},{"type":"Feature","properties":{"line":"60","mode":"bus","color":"#b0045c","oi":-1.13,"n":3,"sw":1},"geometry":{"type":"LineString","coordinates":[[22.429855,39.634962],[22.429883,39.634993]]}},{"type":"Feature","properties":{"line":"60","mode":"bus","color":"#b0045c","oi":-1.063,"n":3,"sw":1},"geometry":{"type":"LineString","coordinates":[[22.429879,39.634989],[22.429907,39.63502]]}},{"type":"Feature","properties":{"line":"60","mode":"bus","color":"#b0045c","oi":-1.017,"n":3,"sw":1},"geometry":{"type":"LineString","coordinates":[[22.429903,39.635015],[22.429931,39.635046]]}},{"type":"Feature","properties":{"line":"60","mode":"bus","color":"#b0045c","oi":-1,"n":3,"sw":1},"geometry":{"type":"LineString","coordinates":[[22.429927,39.635042],[22.429955,39.635073]]}},{"type":"Feature","properties":{"line":"60","mode":"bus","color":"#b0045c","oi":-1,"n":3,"sw":1},"geometry":{"type":"LineString","coordinates":[[22.428186,39.645478],[22.428175,39.6455]]}},{"type":"Feature","properties":{"line":"60","mode":"bus","color":"#b0045c","oi":-0.99,"n":3,"sw":1},"geometry":{"type":"LineString","coordinates":[[22.428178,39.645495],[22.428168,39.645517]]}},{"type":"Feature","properties":{"line":"60","mode":"bus","color":"#b0045c","oi":-0.962,"n":3,"sw":1},"geometry":{"type":"LineString","coordinates":[[22.42817,39.645512],[22.42816,39.645534]]}},{"type":"Feature","properties":{"line":"60","mode":"bus","color":"#b0045c","oi":-0.918,"n":3,"sw":1},"geometry":{"type":"LineString","coordinates":[[22.428162,39.645529],[22.428152,39.645551]]}},{"type":"Feature","properties":{"line":"60","mode":"bus","color":"#b0045c","oi":-0.86,"n":3,"sw":1},"geometry":{"type":"LineString","coordinates":[[22.428154,39.645546],[22.428144,39.645568]]}},{"type":"Feature","properties":{"line":"60","mode":"bus","color":"#b0045c","oi":-0.791,"n":3,"sw":1},"geometry":{"type":"LineString","coordinates":[[22.428146,39.645563],[22.428136,39.645585]]}},{"type":"Feature","properties":{"line":"60","mode":"bus","color":"#b0045c","oi":-0.714,"n":3,"sw":1},"geometry":{"type":"LineString","coordinates":[[22.428139,39.64558],[22.428128,39.645602]]}},{"type":"Feature","properties":{"line":"60","mode":"bus","color":"#b0045c","oi":-0.631,"n":3,"sw":1},"geometry":{"type":"LineString","coordinates":[[22.428131,39.645597],[22.42812,39.645619]]}},{"type":"Feature","properties":{"line":"60","mode":"bus","color":"#b0045c","oi":-0.544,"n":3,"sw":1},"geometry":{"type":"LineString","coordinates":[[22.428123,39.645614],[22.428113,39.645636]]}},{"type":"Feature","properties":{"line":"60","mode":"bus","color":"#b0045c","oi":-0.456,"n":3,"sw":1},"geometry":{"type":"LineString","coordinates":[[22.428115,39.645631],[22.428105,39.645653]]}},{"type":"Feature","properties":{"line":"60","mode":"bus","color":"#b0045c","oi":-0.369,"n":3,"sw":1},"geometry":{"type":"LineString","coordinates":[[22.428107,39.645648],[22.428097,39.64567]]}},{"type":"Feature","properties":{"line":"60","mode":"bus","color":"#b0045c","oi":-0.286,"n":3,"sw":1},"geometry":{"type":"LineString","coordinates":[[22.428099,39.645665],[22.428089,39.645687]]}},{"type":"Feature","properties":{"line":"60","mode":"bus","color":"#b0045c","oi":-0.209,"n":3,"sw":1},"geometry":{"type":"LineString","coordinates":[[22.428091,39.645682],[22.428081,39.645704]]}},{"type":"Feature","properties":{"line":"60","mode":"bus","color":"#b0045c","oi":-0.14,"n":3,"sw":1},"geometry":{"type":"LineString","coordinates":[[22.428083,39.645699],[22.428073,39.645721]]}},{"type":"Feature","properties":{"line":"60","mode":"bus","color":"#b0045c","oi":-0.082,"n":3,"sw":1},"geometry":{"type":"LineString","coordinates":[[22.428076,39.645716],[22.428065,39.645738]]}},{"type":"Feature","properties":{"line":"60","mode":"bus","color":"#b0045c","oi":-0.038,"n":3,"sw":1},"geometry":{"type":"LineString","coordinates":[[22.428068,39.645733],[22.428058,39.645755]]}},{"type":"Feature","properties":{"line":"60","mode":"bus","color":"#b0045c","oi":-0.01,"n":3,"sw":1},"geometry":{"type":"LineString","coordinates":[[22.42806,39.64575],[22.42805,39.645772]]}},{"type":"Feature","properties":{"line":"60","mode":"bus","color":"#b0045c","oi":0,"n":3,"sw":1},"geometry":{"type":"LineString","coordinates":[[22.428052,39.645767],[22.428043,39.645786]]}},{"type":"Feature","properties":{"line":"60","mode":"bus","color":"#b0045c","oi":-0.5,"n":2},"geometry":{"type":"LineString","coordinates":[[22.405939,39.655261],[22.40368,39.658848]]}},{"type":"Feature","properties":{"line":"60","mode":"bus","color":"#b0045c","oi":-1,"n":2,"sw":1},"geometry":{"type":"LineString","coordinates":[[22.406123,39.65497],[22.406103,39.655002]]}},{"type":"Feature","properties":{"line":"60","mode":"bus","color":"#b0045c","oi":-0.983,"n":2,"sw":1},"geometry":{"type":"LineString","coordinates":[[22.406106,39.654997],[22.406085,39.655031]]}},{"type":"Feature","properties":{"line":"60","mode":"bus","color":"#b0045c","oi":-0.937,"n":2,"sw":1},"geometry":{"type":"LineString","coordinates":[[22.406088,39.655026],[22.406066,39.65506]]}},{"type":"Feature","properties":{"line":"60","mode":"bus","color":"#b0045c","oi":-0.87,"n":2,"sw":1},"geometry":{"type":"LineString","coordinates":[[22.406069,39.655055],[22.406048,39.655089]]}},{"type":"Feature","properties":{"line":"60","mode":"bus","color":"#b0045c","oi":-0.791,"n":2,"sw":1},"geometry":{"type":"LineString","coordinates":[[22.406051,39.655084],[22.40603,39.655118]]}},{"type":"Feature","properties":{"line":"60","mode":"bus","color":"#b0045c","oi":-0.709,"n":2,"sw":1},"geometry":{"type":"LineString","coordinates":[[22.406033,39.655113],[22.406011,39.655147]]}},{"type":"Feature","properties":{"line":"60","mode":"bus","color":"#b0045c","oi":-0.63,"n":2,"sw":1},"geometry":{"type":"LineString","coordinates":[[22.406014,39.655142],[22.405993,39.655176]]}},{"type":"Feature","properties":{"line":"60","mode":"bus","color":"#b0045c","oi":-0.563,"n":2,"sw":1},"geometry":{"type":"LineString","coordinates":[[22.405996,39.655172],[22.405975,39.655206]]}},{"type":"Feature","properties":{"line":"60","mode":"bus","color":"#b0045c","oi":-0.517,"n":2,"sw":1},"geometry":{"type":"LineString","coordinates":[[22.405978,39.655201],[22.405956,39.655235]]}},{"type":"Feature","properties":{"line":"60","mode":"bus","color":"#b0045c","oi":-0.5,"n":2,"sw":1},"geometry":{"type":"LineString","coordinates":[[22.405959,39.65523],[22.405938,39.655264]]}},{"type":"Feature","properties":{"line":"60","mode":"bus","color":"#b0045c","oi":-0.5,"n":2},"geometry":{"type":"LineString","coordinates":[[22.424733,39.61134],[22.41926,39.610386],[22.418898,39.610359],[22.416413,39.610357],[22.416275,39.610394],[22.416093,39.610484],[22.415446,39.61093],[22.414252,39.611696],[22.413394,39.612072],[22.411621,39.61279],[22.409933,39.613504],[22.40877,39.613846]]}},{"type":"Feature","properties":{"line":"60","mode":"bus","color":"#b0045c","oi":0,"n":1},"geometry":{"type":"LineString","coordinates":[[22.431159,39.612417],[22.425144,39.611409]]}},{"type":"Feature","properties":{"line":"60","mode":"bus","color":"#b0045c","oi":0,"n":1,"sw":1},"geometry":{"type":"LineString","coordinates":[[22.425147,39.611409],[22.425099,39.611401]]}},{"type":"Feature","properties":{"line":"60","mode":"bus","color":"#b0045c","oi":-0.017,"n":1,"sw":1},"geometry":{"type":"LineString","coordinates":[[22.425106,39.611402],[22.425058,39.611394]]}},{"type":"Feature","properties":{"line":"60","mode":"bus","color":"#b0045c","oi":-0.063,"n":1,"sw":1},"geometry":{"type":"LineString","coordinates":[[22.425065,39.611396],[22.425017,39.611388]]}},{"type":"Feature","properties":{"line":"60","mode":"bus","color":"#b0045c","oi":-0.13,"n":1,"sw":1},"geometry":{"type":"LineString","coordinates":[[22.425024,39.611389],[22.424976,39.611381]]}},{"type":"Feature","properties":{"line":"60","mode":"bus","color":"#b0045c","oi":-0.209,"n":1,"sw":1},"geometry":{"type":"LineString","coordinates":[[22.424983,39.611382],[22.424935,39.611374]]}},{"type":"Feature","properties":{"line":"60","mode":"bus","color":"#b0045c","oi":-0.291,"n":1,"sw":1},"geometry":{"type":"LineString","coordinates":[[22.424942,39.611375],[22.424894,39.611367]]}},{"type":"Feature","properties":{"line":"60","mode":"bus","color":"#b0045c","oi":-0.37,"n":1,"sw":1},"geometry":{"type":"LineString","coordinates":[[22.424901,39.611368],[22.424853,39.61136]]}},{"type":"Feature","properties":{"line":"60","mode":"bus","color":"#b0045c","oi":-0.437,"n":1,"sw":1},"geometry":{"type":"LineString","coordinates":[[22.42486,39.611361],[22.424812,39.611353]]}},{"type":"Feature","properties":{"line":"60","mode":"bus","color":"#b0045c","oi":-0.483,"n":1,"sw":1},"geometry":{"type":"LineString","coordinates":[[22.424819,39.611354],[22.424771,39.611346]]}},{"type":"Feature","properties":{"line":"60","mode":"bus","color":"#b0045c","oi":-0.5,"n":1,"sw":1},"geometry":{"type":"LineString","coordinates":[[22.424777,39.611347],[22.424733,39.61134]]}},{"type":"Feature","properties":{"line":"60","mode":"bus","color":"#b0045c","oi":0,"n":1},"geometry":{"type":"LineString","coordinates":[[22.408377,39.61396],[22.406674,39.614452],[22.406034,39.61474],[22.405585,39.614971],[22.405515,39.615045],[22.405437,39.615229],[22.405375,39.615303],[22.403535,39.615913],[22.403467,39.61597],[22.403392,39.616122],[22.403455,39.616263],[22.404445,39.61749],[22.404457,39.617511],[22.404457,39.617532],[22.404447,39.617552],[22.404308,39.617745],[22.403972,39.617982],[22.403824,39.618116],[22.403811,39.618136]]}},{"type":"Feature","properties":{"line":"60","mode":"bus","color":"#b0045c","oi":-0.5,"n":1,"sw":1},"geometry":{"type":"LineString","coordinates":[[22.40877,39.613846],[22.408727,39.613858]]}},{"type":"Feature","properties":{"line":"60","mode":"bus","color":"#b0045c","oi":-0.483,"n":1,"sw":1},"geometry":{"type":"LineString","coordinates":[[22.408734,39.613856],[22.408688,39.61387]]}},{"type":"Feature","properties":{"line":"60","mode":"bus","color":"#b0045c","oi":-0.437,"n":1,"sw":1},"geometry":{"type":"LineString","coordinates":[[22.408695,39.613868],[22.408649,39.613881]]}},{"type":"Feature","properties":{"line":"60","mode":"bus","color":"#b0045c","oi":-0.37,"n":1,"sw":1},"geometry":{"type":"LineString","coordinates":[[22.408655,39.613879],[22.408609,39.613892]]}},{"type":"Feature","properties":{"line":"60","mode":"bus","color":"#b0045c","oi":-0.291,"n":1,"sw":1},"geometry":{"type":"LineString","coordinates":[[22.408616,39.613891],[22.40857,39.613904]]}},{"type":"Feature","properties":{"line":"60","mode":"bus","color":"#b0045c","oi":-0.209,"n":1,"sw":1},"geometry":{"type":"LineString","coordinates":[[22.408577,39.613902],[22.408531,39.613915]]}},{"type":"Feature","properties":{"line":"60","mode":"bus","color":"#b0045c","oi":-0.13,"n":1,"sw":1},"geometry":{"type":"LineString","coordinates":[[22.408537,39.613913],[22.408491,39.613927]]}},{"type":"Feature","properties":{"line":"60","mode":"bus","color":"#b0045c","oi":-0.063,"n":1,"sw":1},"geometry":{"type":"LineString","coordinates":[[22.408498,39.613925],[22.408452,39.613938]]}},{"type":"Feature","properties":{"line":"60","mode":"bus","color":"#b0045c","oi":-0.017,"n":1,"sw":1},"geometry":{"type":"LineString","coordinates":[[22.408459,39.613936],[22.408413,39.613949]]}},{"type":"Feature","properties":{"line":"60","mode":"bus","color":"#b0045c","oi":0,"n":1,"sw":1},"geometry":{"type":"LineString","coordinates":[[22.408419,39.613947],[22.408373,39.613961]]}},{"type":"Feature","properties":{"line":"60","mode":"bus","color":"#b0045c","oi":0,"n":1,"sw":1},"geometry":{"type":"LineString","coordinates":[[22.403812,39.618133],[22.403789,39.618167]]}},{"type":"Feature","properties":{"line":"60","mode":"bus","color":"#b0045c","oi":-0.017,"n":1,"sw":1},"geometry":{"type":"LineString","coordinates":[[22.403793,39.618162],[22.40377,39.618196]]}},{"type":"Feature","properties":{"line":"60","mode":"bus","color":"#b0045c","oi":-0.063,"n":1,"sw":1},"geometry":{"type":"LineString","coordinates":[[22.403773,39.618191],[22.403751,39.618224]]}},{"type":"Feature","properties":{"line":"60","mode":"bus","color":"#b0045c","oi":-0.13,"n":1,"sw":1},"geometry":{"type":"LineString","coordinates":[[22.403754,39.61822],[22.403731,39.618253]]}},{"type":"Feature","properties":{"line":"60","mode":"bus","color":"#b0045c","oi":-0.209,"n":1,"sw":1},"geometry":{"type":"LineString","coordinates":[[22.403734,39.618248],[22.403712,39.618282]]}},{"type":"Feature","properties":{"line":"60","mode":"bus","color":"#b0045c","oi":-0.291,"n":1,"sw":1},"geometry":{"type":"LineString","coordinates":[[22.403715,39.618277],[22.403692,39.618311]]}},{"type":"Feature","properties":{"line":"60","mode":"bus","color":"#b0045c","oi":-0.37,"n":1,"sw":1},"geometry":{"type":"LineString","coordinates":[[22.403695,39.618306],[22.403673,39.618339]]}},{"type":"Feature","properties":{"line":"60","mode":"bus","color":"#b0045c","oi":-0.437,"n":1,"sw":1},"geometry":{"type":"LineString","coordinates":[[22.403676,39.618334],[22.403653,39.618368]]}},{"type":"Feature","properties":{"line":"60","mode":"bus","color":"#b0045c","oi":-0.483,"n":1,"sw":1},"geometry":{"type":"LineString","coordinates":[[22.403657,39.618363],[22.403634,39.618397]]}},{"type":"Feature","properties":{"line":"60","mode":"bus","color":"#b0045c","oi":-0.5,"n":1,"sw":1},"geometry":{"type":"LineString","coordinates":[[22.403637,39.618392],[22.403616,39.618423]]}},{"type":"Feature","properties":{"line":"60","mode":"bus","color":"#b0045c","oi":0,"n":1},"geometry":{"type":"LineString","coordinates":[[22.488136,39.762394],[22.490297,39.761947],[22.492047,39.761553]]}},{"type":"Feature","properties":{"line":"60","mode":"bus","color":"#b0045c","oi":-0.5,"n":1,"sw":1},"geometry":{"type":"LineString","coordinates":[[22.48773,39.762478],[22.487774,39.762469]]}},{"type":"Feature","properties":{"line":"60","mode":"bus","color":"#b0045c","oi":-0.483,"n":1,"sw":1},"geometry":{"type":"LineString","coordinates":[[22.487767,39.76247],[22.487815,39.762461]]}},{"type":"Feature","properties":{"line":"60","mode":"bus","color":"#b0045c","oi":-0.437,"n":1,"sw":1},"geometry":{"type":"LineString","coordinates":[[22.487808,39.762462],[22.487855,39.762452]]}},{"type":"Feature","properties":{"line":"60","mode":"bus","color":"#b0045c","oi":-0.37,"n":1,"sw":1},"geometry":{"type":"LineString","coordinates":[[22.487848,39.762454],[22.487896,39.762444]]}},{"type":"Feature","properties":{"line":"60","mode":"bus","color":"#b0045c","oi":-0.291,"n":1,"sw":1},"geometry":{"type":"LineString","coordinates":[[22.487889,39.762445],[22.487936,39.762435]]}},{"type":"Feature","properties":{"line":"60","mode":"bus","color":"#b0045c","oi":-0.209,"n":1,"sw":1},"geometry":{"type":"LineString","coordinates":[[22.48793,39.762437],[22.487977,39.762427]]}},{"type":"Feature","properties":{"line":"60","mode":"bus","color":"#b0045c","oi":-0.13,"n":1,"sw":1},"geometry":{"type":"LineString","coordinates":[[22.48797,39.762428],[22.488017,39.762419]]}},{"type":"Feature","properties":{"line":"60","mode":"bus","color":"#b0045c","oi":-0.063,"n":1,"sw":1},"geometry":{"type":"LineString","coordinates":[[22.488011,39.76242],[22.488058,39.76241]]}},{"type":"Feature","properties":{"line":"60","mode":"bus","color":"#b0045c","oi":-0.017,"n":1,"sw":1},"geometry":{"type":"LineString","coordinates":[[22.488051,39.762412],[22.488099,39.762402]]}},{"type":"Feature","properties":{"line":"60","mode":"bus","color":"#b0045c","oi":0,"n":1,"sw":1},"geometry":{"type":"LineString","coordinates":[[22.488092,39.762403],[22.488139,39.762393]]}},{"type":"Feature","properties":{"line":"60","mode":"bus","color":"#b0045c","oi":0,"n":1},"geometry":{"type":"LineString","coordinates":[[22.482046,39.763696],[22.484735,39.763116]]}},{"type":"Feature","properties":{"line":"60","mode":"bus","color":"#b0045c","oi":0,"n":1,"sw":1},"geometry":{"type":"LineString","coordinates":[[22.484732,39.763117],[22.484779,39.763107]]}},{"type":"Feature","properties":{"line":"60","mode":"bus","color":"#b0045c","oi":-0.017,"n":1,"sw":1},"geometry":{"type":"LineString","coordinates":[[22.484772,39.763108],[22.48482,39.763098]]}},{"type":"Feature","properties":{"line":"60","mode":"bus","color":"#b0045c","oi":-0.063,"n":1,"sw":1},"geometry":{"type":"LineString","coordinates":[[22.484813,39.7631],[22.48486,39.763089]]}},{"type":"Feature","properties":{"line":"60","mode":"bus","color":"#b0045c","oi":-0.13,"n":1,"sw":1},"geometry":{"type":"LineString","coordinates":[[22.484853,39.763091],[22.484901,39.763081]]}},{"type":"Feature","properties":{"line":"60","mode":"bus","color":"#b0045c","oi":-0.209,"n":1,"sw":1},"geometry":{"type":"LineString","coordinates":[[22.484894,39.763082],[22.484941,39.763072]]}},{"type":"Feature","properties":{"line":"60","mode":"bus","color":"#b0045c","oi":-0.291,"n":1,"sw":1},"geometry":{"type":"LineString","coordinates":[[22.484934,39.763073],[22.484982,39.763063]]}},{"type":"Feature","properties":{"line":"60","mode":"bus","color":"#b0045c","oi":-0.37,"n":1,"sw":1},"geometry":{"type":"LineString","coordinates":[[22.484975,39.763065],[22.485022,39.763054]]}},{"type":"Feature","properties":{"line":"60","mode":"bus","color":"#b0045c","oi":-0.437,"n":1,"sw":1},"geometry":{"type":"LineString","coordinates":[[22.485015,39.763056],[22.485062,39.763046]]}},{"type":"Feature","properties":{"line":"60","mode":"bus","color":"#b0045c","oi":-0.483,"n":1,"sw":1},"geometry":{"type":"LineString","coordinates":[[22.485056,39.763047],[22.485103,39.763037]]}},{"type":"Feature","properties":{"line":"60","mode":"bus","color":"#b0045c","oi":-0.5,"n":1,"sw":1},"geometry":{"type":"LineString","coordinates":[[22.485096,39.763038],[22.48514,39.763029]]}},{"type":"Feature","properties":{"line":"60","mode":"bus","color":"#b0045c","oi":0,"n":1},"geometry":{"type":"LineString","coordinates":[[22.487574,39.762395],[22.482,39.763601]]}},{"type":"Feature","properties":{"line":"60","mode":"bus","color":"#b0045c","oi":-0.5,"n":1,"sw":1},"geometry":{"type":"LineString","coordinates":[[22.487978,39.762307],[22.487934,39.762316]]}},{"type":"Feature","properties":{"line":"60","mode":"bus","color":"#b0045c","oi":-0.483,"n":1,"sw":1},"geometry":{"type":"LineString","coordinates":[[22.487941,39.762315],[22.487894,39.762325]]}},{"type":"Feature","properties":{"line":"60","mode":"bus","color":"#b0045c","oi":-0.437,"n":1,"sw":1},"geometry":{"type":"LineString","coordinates":[[22.4879,39.762324],[22.487853,39.762334]]}},{"type":"Feature","properties":{"line":"60","mode":"bus","color":"#b0045c","oi":-0.37,"n":1,"sw":1},"geometry":{"type":"LineString","coordinates":[[22.48786,39.762333],[22.487813,39.762343]]}},{"type":"Feature","properties":{"line":"60","mode":"bus","color":"#b0045c","oi":-0.291,"n":1,"sw":1},"geometry":{"type":"LineString","coordinates":[[22.48782,39.762341],[22.487772,39.762352]]}},{"type":"Feature","properties":{"line":"60","mode":"bus","color":"#b0045c","oi":-0.209,"n":1,"sw":1},"geometry":{"type":"LineString","coordinates":[[22.487779,39.76235],[22.487732,39.76236]]}},{"type":"Feature","properties":{"line":"60","mode":"bus","color":"#b0045c","oi":-0.13,"n":1,"sw":1},"geometry":{"type":"LineString","coordinates":[[22.487739,39.762359],[22.487691,39.762369]]}},{"type":"Feature","properties":{"line":"60","mode":"bus","color":"#b0045c","oi":-0.063,"n":1,"sw":1},"geometry":{"type":"LineString","coordinates":[[22.487698,39.762368],[22.487651,39.762378]]}},{"type":"Feature","properties":{"line":"60","mode":"bus","color":"#b0045c","oi":-0.017,"n":1,"sw":1},"geometry":{"type":"LineString","coordinates":[[22.487658,39.762376],[22.487611,39.762387]]}},{"type":"Feature","properties":{"line":"60","mode":"bus","color":"#b0045c","oi":0,"n":1,"sw":1},"geometry":{"type":"LineString","coordinates":[[22.487617,39.762385],[22.48757,39.762395]]}},{"type":"Feature","properties":{"line":"60","mode":"bus","color":"#b0045c","oi":0,"n":1},"geometry":{"type":"LineString","coordinates":[[22.492699,39.761283],[22.492035,39.761437]]}},{"type":"Feature","properties":{"line":"60","mode":"bus","color":"#b0045c","oi":0,"n":1},"geometry":{"type":"LineString","coordinates":[[22.419499,39.630622],[22.419624,39.630873]]}},{"type":"Feature","properties":{"line":"60","mode":"bus","color":"#b0045c","oi":0,"n":1,"sw":1},"geometry":{"type":"LineString","coordinates":[[22.419623,39.630871],[22.419638,39.630901]]}},{"type":"Feature","properties":{"line":"60","mode":"bus","color":"#b0045c","oi":-0.017,"n":1,"sw":1},"geometry":{"type":"LineString","coordinates":[[22.419636,39.630896],[22.419643,39.630911],[22.419661,39.63092]]}},{"type":"Feature","properties":{"line":"60","mode":"bus","color":"#b0045c","oi":-0.063,"n":1,"sw":1},"geometry":{"type":"LineString","coordinates":[[22.419655,39.630917],[22.41969,39.630935]]}},{"type":"Feature","properties":{"line":"60","mode":"bus","color":"#b0045c","oi":-0.13,"n":1,"sw":1},"geometry":{"type":"LineString","coordinates":[[22.419684,39.630932],[22.419719,39.63095]]}},{"type":"Feature","properties":{"line":"60","mode":"bus","color":"#b0045c","oi":-0.209,"n":1,"sw":1},"geometry":{"type":"LineString","coordinates":[[22.419713,39.630947],[22.419748,39.630964]]}},{"type":"Feature","properties":{"line":"60","mode":"bus","color":"#b0045c","oi":-0.291,"n":1,"sw":1},"geometry":{"type":"LineString","coordinates":[[22.419742,39.630961],[22.419777,39.630979]]}},{"type":"Feature","properties":{"line":"60","mode":"bus","color":"#b0045c","oi":-0.37,"n":1,"sw":1},"geometry":{"type":"LineString","coordinates":[[22.419771,39.630976],[22.419806,39.630994]]}},{"type":"Feature","properties":{"line":"60","mode":"bus","color":"#b0045c","oi":-0.437,"n":1,"sw":1},"geometry":{"type":"LineString","coordinates":[[22.419801,39.630991],[22.419836,39.631009]]}},{"type":"Feature","properties":{"line":"60","mode":"bus","color":"#b0045c","oi":-0.483,"n":1,"sw":1},"geometry":{"type":"LineString","coordinates":[[22.41983,39.631006],[22.419865,39.631024]]}},{"type":"Feature","properties":{"line":"60","mode":"bus","color":"#b0045c","oi":-0.5,"n":1,"sw":1},"geometry":{"type":"LineString","coordinates":[[22.419859,39.631021],[22.419891,39.631037]]}},{"type":"Feature","properties":{"line":"60","mode":"bus","color":"#b0045c","oi":0,"n":1},"geometry":{"type":"LineString","coordinates":[[22.458241,39.699821],[22.458284,39.700088],[22.458544,39.701049],[22.458971,39.702517],[22.459061,39.702705]]}},{"type":"Feature","properties":{"line":"60","mode":"bus","color":"#b0045c","oi":0,"n":1},"geometry":{"type":"LineString","coordinates":[[22.430577,39.614482],[22.42709,39.613523],[22.427067,39.613513],[22.427057,39.613497],[22.42706,39.613477],[22.427752,39.611843]]}},{"type":"Feature","properties":{"line":"60","mode":"bus","color":"#b0045c","oi":-1,"n":3},"geometry":{"type":"LineString","coordinates":[[22.42982,39.635111],[22.430354,39.635734],[22.430525,39.636017],[22.43061,39.636246],[22.43064,39.636523],[22.430619,39.636939],[22.430309,39.638408]]}},{"type":"Feature","properties":{"line":"60","mode":"bus","color":"#b0045c","oi":-1.5,"n":3,"sw":1},"geometry":{"type":"LineString","coordinates":[[22.429588,39.634841],[22.429613,39.63487]]}},{"type":"Feature","properties":{"line":"60","mode":"bus","color":"#b0045c","oi":-1.483,"n":3,"sw":1},"geometry":{"type":"LineString","coordinates":[[22.429609,39.634866],[22.429636,39.634897]]}},{"type":"Feature","properties":{"line":"60","mode":"bus","color":"#b0045c","oi":-1.437,"n":3,"sw":1},"geometry":{"type":"LineString","coordinates":[[22.429632,39.634893],[22.429659,39.634924]]}},{"type":"Feature","properties":{"line":"60","mode":"bus","color":"#b0045c","oi":-1.37,"n":3,"sw":1},"geometry":{"type":"LineString","coordinates":[[22.429656,39.63492],[22.429683,39.634951]]}},{"type":"Feature","properties":{"line":"60","mode":"bus","color":"#b0045c","oi":-1.291,"n":3,"sw":1},"geometry":{"type":"LineString","coordinates":[[22.429679,39.634947],[22.429706,39.634978]]}},{"type":"Feature","properties":{"line":"60","mode":"bus","color":"#b0045c","oi":-1.209,"n":3,"sw":1},"geometry":{"type":"LineString","coordinates":[[22.429702,39.634974],[22.429729,39.635005]]}},{"type":"Feature","properties":{"line":"60","mode":"bus","color":"#b0045c","oi":-1.13,"n":3,"sw":1},"geometry":{"type":"LineString","coordinates":[[22.429725,39.635001],[22.429752,39.635032]]}},{"type":"Feature","properties":{"line":"60","mode":"bus","color":"#b0045c","oi":-1.063,"n":3,"sw":1},"geometry":{"type":"LineString","coordinates":[[22.429748,39.635028],[22.429775,39.635059]]}},{"type":"Feature","properties":{"line":"60","mode":"bus","color":"#b0045c","oi":-1.017,"n":3,"sw":1},"geometry":{"type":"LineString","coordinates":[[22.429771,39.635055],[22.429799,39.635086]]}},{"type":"Feature","properties":{"line":"60","mode":"bus","color":"#b0045c","oi":-1,"n":3,"sw":1},"geometry":{"type":"LineString","coordinates":[[22.429795,39.635082],[22.429822,39.635113]]}},{"type":"Feature","properties":{"line":"60","mode":"bus","color":"#b0045c","oi":-1,"n":3},"geometry":{"type":"LineString","coordinates":[[22.401086,39.621785],[22.401062,39.621818]]}},{"type":"Feature","properties":{"line":"60","mode":"bus","color":"#b0045c","oi":-1,"n":3,"sw":1},"geometry":{"type":"LineString","coordinates":[[22.401063,39.621816],[22.401054,39.621829]]}},{"type":"Feature","properties":{"line":"60","mode":"bus","color":"#b0045c","oi":-1.13,"n":3,"sw":1},"geometry":{"type":"LineString","coordinates":[[22.401057,39.621824],[22.401048,39.621837]]}},{"type":"Feature","properties":{"line":"60","mode":"bus","color":"#b0045c","oi":-1.37,"n":3,"sw":1},"geometry":{"type":"LineString","coordinates":[[22.401051,39.621832],[22.401041,39.621845]]}},{"type":"Feature","properties":{"line":"60","mode":"bus","color":"#b0045c","oi":-1.5,"n":3,"sw":1},"geometry":{"type":"LineString","coordinates":[[22.401045,39.62184],[22.401037,39.621851]]}},{"type":"Feature","properties":{"line":"60","mode":"bus","color":"#b0045c","oi":-0.5,"n":2},"geometry":{"type":"LineString","coordinates":[[22.403616,39.618423],[22.401297,39.621505]]}},{"type":"Feature","properties":{"line":"60","mode":"bus","color":"#b0045c","oi":-0.5,"n":2,"sw":1},"geometry":{"type":"LineString","coordinates":[[22.401299,39.621502],[22.401274,39.621535]]}},{"type":"Feature","properties":{"line":"60","mode":"bus","color":"#b0045c","oi":-0.517,"n":2,"sw":1},"geometry":{"type":"LineString","coordinates":[[22.401278,39.62153],[22.401253,39.621563]]}},{"type":"Feature","properties":{"line":"60","mode":"bus","color":"#b0045c","oi":-0.563,"n":2,"sw":1},"geometry":{"type":"LineString","coordinates":[[22.401256,39.621559],[22.401232,39.621591]]}},{"type":"Feature","properties":{"line":"60","mode":"bus","color":"#b0045c","oi":-0.63,"n":2,"sw":1},"geometry":{"type":"LineString","coordinates":[[22.401235,39.621587],[22.401211,39.621619]]}},{"type":"Feature","properties":{"line":"60","mode":"bus","color":"#b0045c","oi":-0.709,"n":2,"sw":1},"geometry":{"type":"LineString","coordinates":[[22.401214,39.621615],[22.40119,39.621647]]}},{"type":"Feature","properties":{"line":"60","mode":"bus","color":"#b0045c","oi":-0.791,"n":2,"sw":1},"geometry":{"type":"LineString","coordinates":[[22.401193,39.621643],[22.401169,39.621675]]}},{"type":"Feature","properties":{"line":"60","mode":"bus","color":"#b0045c","oi":-0.87,"n":2,"sw":1},"geometry":{"type":"LineString","coordinates":[[22.401172,39.621671],[22.401147,39.621703]]}},{"type":"Feature","properties":{"line":"60","mode":"bus","color":"#b0045c","oi":-0.937,"n":2,"sw":1},"geometry":{"type":"LineString","coordinates":[[22.401151,39.621699],[22.401126,39.621731]]}},{"type":"Feature","properties":{"line":"60","mode":"bus","color":"#b0045c","oi":-0.983,"n":2,"sw":1},"geometry":{"type":"LineString","coordinates":[[22.40113,39.621727],[22.401105,39.621759]]}},{"type":"Feature","properties":{"line":"60","mode":"bus","color":"#b0045c","oi":-1,"n":2,"sw":1},"geometry":{"type":"LineString","coordinates":[[22.401109,39.621755],[22.401086,39.621785]]}},{"type":"Feature","properties":{"line":"60","mode":"bus","color":"#b0045c","oi":-0.5,"n":2},"geometry":{"type":"LineString","coordinates":[[22.419891,39.631037],[22.421263,39.631302],[22.423255,39.631754],[22.427076,39.632829]]}},{"type":"Feature","properties":{"line":"60","mode":"bus","color":"#b0045c","oi":-0.5,"n":2,"sw":1},"geometry":{"type":"LineString","coordinates":[[22.427073,39.632828],[22.427102,39.632836]]}},{"type":"Feature","properties":{"line":"60","mode":"bus","color":"#b0045c","oi":-0.51,"n":2,"sw":1},"geometry":{"type":"LineString","coordinates":[[22.427095,39.632834],[22.427123,39.632842]]}},{"type":"Feature","properties":{"line":"60","mode":"bus","color":"#b0045c","oi":-0.538,"n":2,"sw":1},"geometry":{"type":"LineString","coordinates":[[22.427117,39.63284],[22.427145,39.632848]]}},{"type":"Feature","properties":{"line":"60","mode":"bus","color":"#b0045c","oi":-0.582,"n":2,"sw":1},"geometry":{"type":"LineString","coordinates":[[22.427139,39.632847],[22.427167,39.632855]]}},{"type":"Feature","properties":{"line":"60","mode":"bus","color":"#b0045c","oi":-0.64,"n":2,"sw":1},"geometry":{"type":"LineString","coordinates":[[22.427161,39.632853],[22.427189,39.632861]]}},{"type":"Feature","properties":{"line":"60","mode":"bus","color":"#b0045c","oi":-0.709,"n":2,"sw":1},"geometry":{"type":"LineString","coordinates":[[22.427183,39.632859],[22.427211,39.632867]]}},{"type":"Feature","properties":{"line":"60","mode":"bus","color":"#b0045c","oi":-0.786,"n":2,"sw":1},"geometry":{"type":"LineString","coordinates":[[22.427205,39.632865],[22.427233,39.632873]]}},{"type":"Feature","properties":{"line":"60","mode":"bus","color":"#b0045c","oi":-0.869,"n":2,"sw":1},"geometry":{"type":"LineString","coordinates":[[22.427227,39.632871],[22.427255,39.632879]]}},{"type":"Feature","properties":{"line":"60","mode":"bus","color":"#b0045c","oi":-0.956,"n":2,"sw":1},"geometry":{"type":"LineString","coordinates":[[22.427248,39.632877],[22.427277,39.632885]]}},{"type":"Feature","properties":{"line":"60","mode":"bus","color":"#b0045c","oi":-1.044,"n":2,"sw":1},"geometry":{"type":"LineString","coordinates":[[22.42727,39.632884],[22.427299,39.632892]]}},{"type":"Feature","properties":{"line":"60","mode":"bus","color":"#b0045c","oi":-1.131,"n":2,"sw":1},"geometry":{"type":"LineString","coordinates":[[22.427292,39.63289],[22.427321,39.632898]]}},{"type":"Feature","properties":{"line":"60","mode":"bus","color":"#b0045c","oi":-1.214,"n":2,"sw":1},"geometry":{"type":"LineString","coordinates":[[22.427314,39.632896],[22.427343,39.632904]]}},{"type":"Feature","properties":{"line":"60","mode":"bus","color":"#b0045c","oi":-1.291,"n":2,"sw":1},"geometry":{"type":"LineString","coordinates":[[22.427336,39.632902],[22.427365,39.63291]]}},{"type":"Feature","properties":{"line":"60","mode":"bus","color":"#b0045c","oi":-1.36,"n":2,"sw":1},"geometry":{"type":"LineString","coordinates":[[22.427358,39.632908],[22.427387,39.632916]]}},{"type":"Feature","properties":{"line":"60","mode":"bus","color":"#b0045c","oi":-1.418,"n":2,"sw":1},"geometry":{"type":"LineString","coordinates":[[22.42738,39.632914],[22.427409,39.632922]]}},{"type":"Feature","properties":{"line":"60","mode":"bus","color":"#b0045c","oi":-1.462,"n":2,"sw":1},"geometry":{"type":"LineString","coordinates":[[22.427402,39.632921],[22.42743,39.632929]]}},{"type":"Feature","properties":{"line":"60","mode":"bus","color":"#b0045c","oi":-1.49,"n":2,"sw":1},"geometry":{"type":"LineString","coordinates":[[22.427424,39.632927],[22.427452,39.632935]]}},{"type":"Feature","properties":{"line":"60","mode":"bus","color":"#b0045c","oi":-1.5,"n":2,"sw":1},"geometry":{"type":"LineString","coordinates":[[22.427446,39.632933],[22.427471,39.63294]]}},{"type":"Feature","properties":{"line":"60","mode":"bus","color":"#b0045c","oi":-0.5,"n":2},"geometry":{"type":"LineString","coordinates":[[22.450411,39.67254],[22.450324,39.672232],[22.450131,39.671806],[22.449673,39.670967],[22.449534,39.67075]]}},{"type":"Feature","properties":{"line":"60","mode":"bus","color":"#b0045c","oi":-0.5,"n":2,"sw":1},"geometry":{"type":"LineString","coordinates":[[22.449536,39.670753],[22.449514,39.670719]]}},{"type":"Feature","properties":{"line":"60","mode":"bus","color":"#b0045c","oi":-0.517,"n":2,"sw":1},"geometry":{"type":"LineString","coordinates":[[22.449517,39.670724],[22.449495,39.67069]]}},{"type":"Feature","properties":{"line":"60","mode":"bus","color":"#b0045c","oi":-0.563,"n":2,"sw":1},"geometry":{"type":"LineString","coordinates":[[22.449498,39.670695],[22.449477,39.670661]]}},{"type":"Feature","properties":{"line":"60","mode":"bus","color":"#b0045c","oi":-0.63,"n":2,"sw":1},"geometry":{"type":"LineString","coordinates":[[22.44948,39.670666],[22.449458,39.670632]]}},{"type":"Feature","properties":{"line":"60","mode":"bus","color":"#b0045c","oi":-0.709,"n":2,"sw":1},"geometry":{"type":"LineString","coordinates":[[22.449461,39.670637],[22.44944,39.670603]]}},{"type":"Feature","properties":{"line":"60","mode":"bus","color":"#b0045c","oi":-0.791,"n":2,"sw":1},"geometry":{"type":"LineString","coordinates":[[22.449443,39.670608],[22.449421,39.670574]]}},{"type":"Feature","properties":{"line":"60","mode":"bus","color":"#b0045c","oi":-0.87,"n":2,"sw":1},"geometry":{"type":"LineString","coordinates":[[22.449424,39.670579],[22.449402,39.670545]]}},{"type":"Feature","properties":{"line":"60","mode":"bus","color":"#b0045c","oi":-0.937,"n":2,"sw":1},"geometry":{"type":"LineString","coordinates":[[22.449405,39.67055],[22.449384,39.670516]]}},{"type":"Feature","properties":{"line":"60","mode":"bus","color":"#b0045c","oi":-0.983,"n":2,"sw":1},"geometry":{"type":"LineString","coordinates":[[22.449387,39.670521],[22.449365,39.670487]]}},{"type":"Feature","properties":{"line":"60","mode":"bus","color":"#b0045c","oi":-1,"n":2,"sw":1},"geometry":{"type":"LineString","coordinates":[[22.449368,39.670491],[22.449348,39.67046]]}},{"type":"Feature","properties":{"line":"60","mode":"bus","color":"#b0045c","oi":-0.5,"n":2},"geometry":{"type":"LineString","coordinates":[[22.470272,39.738041],[22.470577,39.73878],[22.472154,39.743501],[22.472293,39.743717],[22.473189,39.745634],[22.473334,39.74581],[22.473492,39.74585],[22.473616,39.745844]]}},{"type":"Feature","properties":{"line":"60","mode":"bus","color":"#b0045c","oi":-0.5,"n":2},"geometry":{"type":"LineString","coordinates":[[22.449452,39.67092],[22.450025,39.671836],[22.450411,39.67254],[22.450774,39.673535],[22.456527,39.693824],[22.457893,39.698451],[22.458241,39.699821],[22.458354,39.700074],[22.45881,39.701632],[22.459045,39.702506],[22.459061,39.702705],[22.46221,39.713773],[22.465936,39.725],[22.469425,39.735319],[22.470272,39.738041],[22.470325,39.738355],[22.470455,39.738804],[22.472034,39.743518],[22.472086,39.743896],[22.472629,39.746064],[22.472636,39.746078],[22.472647,39.746087],[22.472662,39.746091],[22.472682,39.746088],[22.474109,39.745735],[22.474766,39.745671],[22.475244,39.745649],[22.47576,39.745649],[22.476126,39.745696],[22.476338,39.745786],[22.476513,39.745932],[22.476567,39.746007],[22.476637,39.746202],[22.476647,39.746309],[22.476474,39.746944],[22.476431,39.74725],[22.476521,39.747731],[22.478175,39.75295],[22.478387,39.753448],[22.478537,39.753641],[22.478745,39.753826],[22.47948,39.754354],[22.4797,39.754548],[22.479854,39.75472],[22.479952,39.754907],[22.480025,39.755376],[22.480066,39.759823],[22.480119,39.76028],[22.480289,39.760689],[22.481651,39.762977],[22.482046,39.763696]]}},{"type":"Feature","properties":{"line":"60","mode":"bus","color":"#b0045c","oi":-1,"n":2,"sw":1},"geometry":{"type":"LineString","coordinates":[[22.449269,39.670628],[22.449289,39.67066]]}},{"type":"Feature","properties":{"line":"60","mode":"bus","color":"#b0045c","oi":-0.983,"n":2,"sw":1},"geometry":{"type":"LineString","coordinates":[[22.449286,39.670655],[22.449307,39.670689]]}},{"type":"Feature","properties":{"line":"60","mode":"bus","color":"#b0045c","oi":-0.937,"n":2,"sw":1},"geometry":{"type":"LineString","coordinates":[[22.449304,39.670684],[22.449325,39.670718]]}},{"type":"Feature","properties":{"line":"60","mode":"bus","color":"#b0045c","oi":-0.87,"n":2,"sw":1},"geometry":{"type":"LineString","coordinates":[[22.449322,39.670713],[22.449344,39.670747]]}},{"type":"Feature","properties":{"line":"60","mode":"bus","color":"#b0045c","oi":-0.791,"n":2,"sw":1},"geometry":{"type":"LineString","coordinates":[[22.449341,39.670742],[22.449362,39.670776]]}},{"type":"Feature","properties":{"line":"60","mode":"bus","color":"#b0045c","oi":-0.709,"n":2,"sw":1},"geometry":{"type":"LineString","coordinates":[[22.449359,39.670771],[22.44938,39.670805]]}},{"type":"Feature","properties":{"line":"60","mode":"bus","color":"#b0045c","oi":-0.63,"n":2,"sw":1},"geometry":{"type":"LineString","coordinates":[[22.449377,39.670801],[22.449398,39.670835]]}},{"type":"Feature","properties":{"line":"60","mode":"bus","color":"#b0045c","oi":-0.563,"n":2,"sw":1},"geometry":{"type":"LineString","coordinates":[[22.449395,39.67083],[22.449417,39.670864]]}},{"type":"Feature","properties":{"line":"60","mode":"bus","color":"#b0045c","oi":-0.517,"n":2,"sw":1},"geometry":{"type":"LineString","coordinates":[[22.449414,39.670859],[22.449435,39.670893]]}},{"type":"Feature","properties":{"line":"60","mode":"bus","color":"#b0045c","oi":-0.5,"n":2,"sw":1},"geometry":{"type":"LineString","coordinates":[[22.449432,39.670888],[22.449453,39.670922]]}},{"type":"Feature","properties":{"line":"60","mode":"bus","color":"#b0045c","oi":-0.5,"n":2},"geometry":{"type":"LineString","coordinates":[[22.492047,39.761553],[22.492039,39.761473],[22.492034,39.761458],[22.492025,39.761448],[22.49201,39.761445],[22.49199,39.761447],[22.487978,39.762307]]}},{"type":"Feature","properties":{"line":"60","mode":"bus","color":"#b0045c","oi":-0.5,"n":2},"geometry":{"type":"LineString","coordinates":[[22.48514,39.763029],[22.48773,39.762478]]}},{"type":"Feature","properties":{"line":"60","mode":"bus","color":"#b0045c","oi":-0.5,"n":2},"geometry":{"type":"LineString","coordinates":[[22.430238,39.638727],[22.429605,39.641589],[22.429471,39.642061],[22.42902,39.64335],[22.428819,39.643839],[22.428085,39.645388]]}},{"type":"Feature","properties":{"line":"60","mode":"bus","color":"#b0045c","oi":-1,"n":2,"sw":1},"geometry":{"type":"LineString","coordinates":[[22.430309,39.638408],[22.430301,39.638443]]}},{"type":"Feature","properties":{"line":"60","mode":"bus","color":"#b0045c","oi":-0.983,"n":2,"sw":1},"geometry":{"type":"LineString","coordinates":[[22.430303,39.638437],[22.430294,39.638475]]}},{"type":"Feature","properties":{"line":"60","mode":"bus","color":"#b0045c","oi":-0.937,"n":2,"sw":1},"geometry":{"type":"LineString","coordinates":[[22.430295,39.638469],[22.430287,39.638506]]}},{"type":"Feature","properties":{"line":"60","mode":"bus","color":"#b0045c","oi":-0.87,"n":2,"sw":1},"geometry":{"type":"LineString","coordinates":[[22.430288,39.638501],[22.43028,39.638538]]}},{"type":"Feature","properties":{"line":"60","mode":"bus","color":"#b0045c","oi":-0.791,"n":2,"sw":1},"geometry":{"type":"LineString","coordinates":[[22.430281,39.638533],[22.430273,39.63857]]}},{"type":"Feature","properties":{"line":"60","mode":"bus","color":"#b0045c","oi":-0.709,"n":2,"sw":1},"geometry":{"type":"LineString","coordinates":[[22.430274,39.638565],[22.430266,39.638602]]}},{"type":"Feature","properties":{"line":"60","mode":"bus","color":"#b0045c","oi":-0.63,"n":2,"sw":1},"geometry":{"type":"LineString","coordinates":[[22.430267,39.638597],[22.430259,39.638634]]}},{"type":"Feature","properties":{"line":"60","mode":"bus","color":"#b0045c","oi":-0.563,"n":2,"sw":1},"geometry":{"type":"LineString","coordinates":[[22.43026,39.638629],[22.430252,39.638666]]}},{"type":"Feature","properties":{"line":"60","mode":"bus","color":"#b0045c","oi":-0.517,"n":2,"sw":1},"geometry":{"type":"LineString","coordinates":[[22.430253,39.638661],[22.430245,39.638698]]}},{"type":"Feature","properties":{"line":"60","mode":"bus","color":"#b0045c","oi":-0.5,"n":2,"sw":1},"geometry":{"type":"LineString","coordinates":[[22.430246,39.638693],[22.430238,39.63873]]}},{"type":"Feature","properties":{"line":"60","mode":"bus","color":"#b0045c","oi":-0.5,"n":2,"sw":1},"geometry":{"type":"LineString","coordinates":[[22.428086,39.645385],[22.428069,39.645421]]}},{"type":"Feature","properties":{"line":"60","mode":"bus","color":"#b0045c","oi":-0.483,"n":2,"sw":1},"geometry":{"type":"LineString","coordinates":[[22.428072,39.645416],[22.428055,39.645451]]}},{"type":"Feature","properties":{"line":"60","mode":"bus","color":"#b0045c","oi":-0.437,"n":2,"sw":1},"geometry":{"type":"LineString","coordinates":[[22.428057,39.645446],[22.428041,39.645482]]}},{"type":"Feature","properties":{"line":"60","mode":"bus","color":"#b0045c","oi":-0.37,"n":2,"sw":1},"geometry":{"type":"LineString","coordinates":[[22.428043,39.645477],[22.428026,39.645512]]}},{"type":"Feature","properties":{"line":"60","mode":"bus","color":"#b0045c","oi":-0.291,"n":2,"sw":1},"geometry":{"type":"LineString","coordinates":[[22.428029,39.645507],[22.428021,39.645523],[22.428008,39.645541]]}},{"type":"Feature","properties":{"line":"60","mode":"bus","color":"#b0045c","oi":-0.209,"n":2,"sw":1},"geometry":{"type":"LineString","coordinates":[[22.428011,39.645537],[22.427988,39.64557]]}},{"type":"Feature","properties":{"line":"60","mode":"bus","color":"#b0045c","oi":-0.13,"n":2,"sw":1},"geometry":{"type":"LineString","coordinates":[[22.427991,39.645565],[22.427968,39.645598]]}},{"type":"Feature","properties":{"line":"60","mode":"bus","color":"#b0045c","oi":-0.063,"n":2,"sw":1},"geometry":{"type":"LineString","coordinates":[[22.427971,39.645593],[22.427952,39.645621],[22.427945,39.645625]]}},{"type":"Feature","properties":{"line":"60","mode":"bus","color":"#b0045c","oi":-0.017,"n":2,"sw":1},"geometry":{"type":"LineString","coordinates":[[22.427951,39.645622],[22.42791,39.645643]]}},{"type":"Feature","properties":{"line":"60","mode":"bus","color":"#b0045c","oi":0,"n":2,"sw":1},"geometry":{"type":"LineString","coordinates":[[22.427916,39.64564],[22.427878,39.645659]]}},{"type":"Feature","properties":{"line":"3","mode":"bus","color":"#4d4aba","oi":0.5,"n":2},"geometry":{"type":"LineString","coordinates":[[22.438735,39.599144],[22.438025,39.600173],[22.437884,39.600305],[22.43773,39.600343],[22.43764,39.600408],[22.4376,39.600514],[22.437647,39.600668],[22.437583,39.60083],[22.436123,39.603007],[22.43611,39.60305],[22.436108,39.603058],[22.436109,39.603062],[22.436113,39.603064],[22.436119,39.603063],[22.436127,39.603058],[22.436195,39.603017],[22.436626,39.602459],[22.43767,39.600907],[22.437815,39.600772],[22.43801,39.600669],[22.43808,39.600606],[22.438109,39.600498],[22.438066,39.600403]]}},{"type":"Feature","properties":{"line":"3","mode":"bus","color":"#4d4aba","oi":0.5,"n":2},"geometry":{"type":"LineString","coordinates":[[22.436103,39.603073],[22.435366,39.604056],[22.433611,39.606577],[22.432379,39.608449],[22.432151,39.608945],[22.431901,39.609674],[22.431415,39.611313],[22.431337,39.611639]]}},{"type":"Feature","properties":{"line":"3","mode":"bus","color":"#4d4aba","oi":0.5,"n":2,"sw":1},"geometry":{"type":"LineString","coordinates":[[22.431337,39.611637],[22.431328,39.611674]]}},{"type":"Feature","properties":{"line":"3","mode":"bus","color":"#4d4aba","oi":0.517,"n":2,"sw":1},"geometry":{"type":"LineString","coordinates":[[22.43133,39.611669],[22.431321,39.611706]]}},{"type":"Feature","properties":{"line":"3","mode":"bus","color":"#4d4aba","oi":0.563,"n":2,"sw":1},"geometry":{"type":"LineString","coordinates":[[22.431322,39.611701],[22.431313,39.611738]]}},{"type":"Feature","properties":{"line":"3","mode":"bus","color":"#4d4aba","oi":0.63,"n":2,"sw":1},"geometry":{"type":"LineString","coordinates":[[22.431314,39.611732],[22.431305,39.61177]]}},{"type":"Feature","properties":{"line":"3","mode":"bus","color":"#4d4aba","oi":0.709,"n":2,"sw":1},"geometry":{"type":"LineString","coordinates":[[22.431307,39.611764],[22.431298,39.611801]]}},{"type":"Feature","properties":{"line":"3","mode":"bus","color":"#4d4aba","oi":0.791,"n":2,"sw":1},"geometry":{"type":"LineString","coordinates":[[22.431299,39.611796],[22.43129,39.611833]]}},{"type":"Feature","properties":{"line":"3","mode":"bus","color":"#4d4aba","oi":0.87,"n":2,"sw":1},"geometry":{"type":"LineString","coordinates":[[22.431291,39.611828],[22.431282,39.611865]]}},{"type":"Feature","properties":{"line":"3","mode":"bus","color":"#4d4aba","oi":0.937,"n":2,"sw":1},"geometry":{"type":"LineString","coordinates":[[22.431284,39.61186],[22.431275,39.611897]]}},{"type":"Feature","properties":{"line":"3","mode":"bus","color":"#4d4aba","oi":0.983,"n":2,"sw":1},"geometry":{"type":"LineString","coordinates":[[22.431276,39.611892],[22.431267,39.611929]]}},{"type":"Feature","properties":{"line":"3","mode":"bus","color":"#4d4aba","oi":1,"n":2,"sw":1},"geometry":{"type":"LineString","coordinates":[[22.431268,39.611923],[22.43126,39.611958]]}},{"type":"Feature","properties":{"line":"3","mode":"bus","color":"#4d4aba","oi":0.5,"n":2},"geometry":{"type":"LineString","coordinates":[[22.425806,39.622729],[22.425882,39.622717],[22.425912,39.622707],[22.425935,39.622689],[22.42595,39.622669],[22.425962,39.622646],[22.425959,39.622621],[22.425921,39.622519]]}},{"type":"Feature","properties":{"line":"3","mode":"bus","color":"#4d4aba","oi":0,"n":1},"geometry":{"type":"LineString","coordinates":[[22.438066,39.600403],[22.437971,39.600339],[22.437849,39.600317]]}},{"type":"Feature","properties":{"line":"3","mode":"bus","color":"#4d4aba","oi":0,"n":1},"geometry":{"type":"LineString","coordinates":[[22.440485,39.605591],[22.440576,39.605671],[22.440753,39.605694]]}},{"type":"Feature","properties":{"line":"3","mode":"bus","color":"#4d4aba","oi":0,"n":1},"geometry":{"type":"LineString","coordinates":[[22.410553,39.647089],[22.410727,39.647098],[22.413259,39.648238],[22.413266,39.648242],[22.41327,39.648247],[22.413269,39.648253],[22.413265,39.648259],[22.413244,39.648284]]}},{"type":"Feature","properties":{"line":"3","mode":"bus","color":"#4d4aba","oi":0,"n":1},"geometry":{"type":"LineString","coordinates":[[22.435616,39.599881],[22.435942,39.598555],[22.436043,39.59845],[22.436064,39.598435],[22.436088,39.598428],[22.436116,39.59843],[22.437512,39.598724],[22.438735,39.599144]]}},{"type":"Feature","properties":{"line":"3","mode":"bus","color":"#4d4aba","oi":0,"n":1},"geometry":{"type":"LineString","coordinates":[[22.43764,39.600408],[22.437591,39.600432],[22.437437,39.600436],[22.436082,39.600257],[22.435852,39.600115],[22.435832,39.600053],[22.435821,39.600034],[22.435803,39.600021],[22.435777,39.600014],[22.43559,39.599988]]}},{"type":"Feature","properties":{"line":"3","mode":"bus","color":"#4d4aba","oi":0,"n":1},"geometry":{"type":"LineString","coordinates":[[22.43798,39.600685],[22.438071,39.600656],[22.438209,39.600648],[22.438899,39.60073],[22.439116,39.600721],[22.442823,39.601215],[22.443054,39.601277],[22.443182,39.601346],[22.443372,39.60152],[22.443482,39.601697],[22.443524,39.601845],[22.443514,39.60221],[22.443504,39.602241]]}},{"type":"Feature","properties":{"line":"3","mode":"bus","color":"#4d4aba","oi":0,"n":1,"sw":1},"geometry":{"type":"LineString","coordinates":[[22.443505,39.602238],[22.443493,39.602275]]}},{"type":"Feature","properties":{"line":"3","mode":"bus","color":"#4d4aba","oi":0.017,"n":1,"sw":1},"geometry":{"type":"LineString","coordinates":[[22.443494,39.60227],[22.443482,39.602306]]}},{"type":"Feature","properties":{"line":"3","mode":"bus","color":"#4d4aba","oi":0.063,"n":1,"sw":1},"geometry":{"type":"LineString","coordinates":[[22.443484,39.602301],[22.443472,39.602338]]}},{"type":"Feature","properties":{"line":"3","mode":"bus","color":"#4d4aba","oi":0.13,"n":1,"sw":1},"geometry":{"type":"LineString","coordinates":[[22.443474,39.602332],[22.443462,39.602369]]}},{"type":"Feature","properties":{"line":"3","mode":"bus","color":"#4d4aba","oi":0.209,"n":1,"sw":1},"geometry":{"type":"LineString","coordinates":[[22.443463,39.602364],[22.443451,39.6024]]}},{"type":"Feature","properties":{"line":"3","mode":"bus","color":"#4d4aba","oi":0.291,"n":1,"sw":1},"geometry":{"type":"LineString","coordinates":[[22.443453,39.602395],[22.443448,39.602411],[22.443436,39.602431]]}},{"type":"Feature","properties":{"line":"3","mode":"bus","color":"#4d4aba","oi":0.37,"n":1,"sw":1},"geometry":{"type":"LineString","coordinates":[[22.443439,39.602426],[22.443419,39.60246]]}},{"type":"Feature","properties":{"line":"3","mode":"bus","color":"#4d4aba","oi":0.437,"n":1,"sw":1},"geometry":{"type":"LineString","coordinates":[[22.443422,39.602455],[22.443401,39.60249]]}},{"type":"Feature","properties":{"line":"3","mode":"bus","color":"#4d4aba","oi":0.483,"n":1,"sw":1},"geometry":{"type":"LineString","coordinates":[[22.443404,39.602485],[22.443384,39.602519]]}},{"type":"Feature","properties":{"line":"3","mode":"bus","color":"#4d4aba","oi":0.5,"n":1,"sw":1},"geometry":{"type":"LineString","coordinates":[[22.443387,39.602514],[22.443368,39.602546]]}},{"type":"Feature","properties":{"line":"3","mode":"bus","color":"#4d4aba","oi":1.5,"n":4},"geometry":{"type":"LineString","coordinates":[[22.414759,39.638896],[22.414025,39.639513],[22.413647,39.639792],[22.412781,39.640529],[22.412709,39.640732],[22.412787,39.640985],[22.41274,39.641047]]}},{"type":"Feature","properties":{"line":"3","mode":"bus","color":"#4d4aba","oi":0,"n":4,"sw":1},"geometry":{"type":"LineString","coordinates":[[22.415097,39.638716],[22.415078,39.63872]]}},{"type":"Feature","properties":{"line":"3","mode":"bus","color":"#4d4aba","oi":0.007,"n":4,"sw":1},"geometry":{"type":"LineString","coordinates":[[22.415085,39.638719],[22.415063,39.638724]]}},{"type":"Feature","properties":{"line":"3","mode":"bus","color":"#4d4aba","oi":0.027,"n":4,"sw":1},"geometry":{"type":"LineString","coordinates":[[22.415069,39.638722],[22.415047,39.638727]]}},{"type":"Feature","properties":{"line":"3","mode":"bus","color":"#4d4aba","oi":0.06,"n":4,"sw":1},"geometry":{"type":"LineString","coordinates":[[22.415054,39.638726],[22.415032,39.638731]]}},{"type":"Feature","properties":{"line":"3","mode":"bus","color":"#4d4aba","oi":0.103,"n":4,"sw":1},"geometry":{"type":"LineString","coordinates":[[22.415038,39.638729],[22.415016,39.638734]]}},{"type":"Feature","properties":{"line":"3","mode":"bus","color":"#4d4aba","oi":0.156,"n":4,"sw":1},"geometry":{"type":"LineString","coordinates":[[22.415023,39.638733],[22.415,39.638737]]}},{"type":"Feature","properties":{"line":"3","mode":"bus","color":"#4d4aba","oi":0.218,"n":4,"sw":1},"geometry":{"type":"LineString","coordinates":[[22.415007,39.638736],[22.414985,39.638741]]}},{"type":"Feature","properties":{"line":"3","mode":"bus","color":"#4d4aba","oi":0.287,"n":4,"sw":1},"geometry":{"type":"LineString","coordinates":[[22.414992,39.638739],[22.41498,39.638742],[22.414971,39.638747]]}},{"type":"Feature","properties":{"line":"3","mode":"bus","color":"#4d4aba","oi":0.362,"n":4,"sw":1},"geometry":{"type":"LineString","coordinates":[[22.414977,39.638744],[22.414959,39.638755]]}},{"type":"Feature","properties":{"line":"3","mode":"bus","color":"#4d4aba","oi":0.443,"n":4,"sw":1},"geometry":{"type":"LineString","coordinates":[[22.414964,39.638752],[22.414947,39.638763]]}},{"type":"Feature","properties":{"line":"3","mode":"bus","color":"#4d4aba","oi":0.528,"n":4,"sw":1},"geometry":{"type":"LineString","coordinates":[[22.414952,39.63876],[22.414934,39.638771]]}},{"type":"Feature","properties":{"line":"3","mode":"bus","color":"#4d4aba","oi":0.616,"n":4,"sw":1},"geometry":{"type":"LineString","coordinates":[[22.414939,39.638768],[22.414922,39.638779]]}},{"type":"Feature","properties":{"line":"3","mode":"bus","color":"#4d4aba","oi":0.705,"n":4,"sw":1},"geometry":{"type":"LineString","coordinates":[[22.414927,39.638776],[22.414909,39.638787]]}},{"type":"Feature","properties":{"line":"3","mode":"bus","color":"#4d4aba","oi":0.795,"n":4,"sw":1},"geometry":{"type":"LineString","coordinates":[[22.414914,39.638783],[22.414897,39.638795]]}},{"type":"Feature","properties":{"line":"3","mode":"bus","color":"#4d4aba","oi":0.884,"n":4,"sw":1},"geometry":{"type":"LineString","coordinates":[[22.414902,39.638791],[22.414884,39.638803]]}},{"type":"Feature","properties":{"line":"3","mode":"bus","color":"#4d4aba","oi":0.972,"n":4,"sw":1},"geometry":{"type":"LineString","coordinates":[[22.41489,39.638799],[22.414872,39.638811]]}},{"type":"Feature","properties":{"line":"3","mode":"bus","color":"#4d4aba","oi":1.057,"n":4,"sw":1},"geometry":{"type":"LineString","coordinates":[[22.414877,39.638807],[22.414859,39.638819]]}},{"type":"Feature","properties":{"line":"3","mode":"bus","color":"#4d4aba","oi":1.138,"n":4,"sw":1},"geometry":{"type":"LineString","coordinates":[[22.414865,39.638815],[22.414847,39.638826]]}},{"type":"Feature","properties":{"line":"3","mode":"bus","color":"#4d4aba","oi":1.213,"n":4,"sw":1},"geometry":{"type":"LineString","coordinates":[[22.414852,39.638823],[22.414834,39.638834]]}},{"type":"Feature","properties":{"line":"3","mode":"bus","color":"#4d4aba","oi":1.282,"n":4,"sw":1},"geometry":{"type":"LineString","coordinates":[[22.41484,39.638831],[22.41483,39.638837],[22.414823,39.638843]]}},{"type":"Feature","properties":{"line":"3","mode":"bus","color":"#4d4aba","oi":1.344,"n":4,"sw":1},"geometry":{"type":"LineString","coordinates":[[22.414827,39.638839],[22.414812,39.638852]]}},{"type":"Feature","properties":{"line":"3","mode":"bus","color":"#4d4aba","oi":1.397,"n":4,"sw":1},"geometry":{"type":"LineString","coordinates":[[22.414817,39.638848],[22.414801,39.638861]]}},{"type":"Feature","properties":{"line":"3","mode":"bus","color":"#4d4aba","oi":1.44,"n":4,"sw":1},"geometry":{"type":"LineString","coordinates":[[22.414806,39.638858],[22.41479,39.638871]]}},{"type":"Feature","properties":{"line":"3","mode":"bus","color":"#4d4aba","oi":1.473,"n":4,"sw":1},"geometry":{"type":"LineString","coordinates":[[22.414795,39.638867],[22.414779,39.63888]]}},{"type":"Feature","properties":{"line":"3","mode":"bus","color":"#4d4aba","oi":1.493,"n":4,"sw":1},"geometry":{"type":"LineString","coordinates":[[22.414784,39.638876],[22.414768,39.638889]]}},{"type":"Feature","properties":{"line":"3","mode":"bus","color":"#4d4aba","oi":1.5,"n":4,"sw":1},"geometry":{"type":"LineString","coordinates":[[22.414773,39.638885],[22.414757,39.638898]]}},{"type":"Feature","properties":{"line":"3","mode":"bus","color":"#4d4aba","oi":1.5,"n":4,"sw":1},"geometry":{"type":"LineString","coordinates":[[22.412742,39.641044],[22.41273,39.64106]]}},{"type":"Feature","properties":{"line":"3","mode":"bus","color":"#4d4aba","oi":1.493,"n":4,"sw":1},"geometry":{"type":"LineString","coordinates":[[22.412733,39.641055],[22.412722,39.64107]]}},{"type":"Feature","properties":{"line":"3","mode":"bus","color":"#4d4aba","oi":1.473,"n":4,"sw":1},"geometry":{"type":"LineString","coordinates":[[22.412725,39.641066],[22.412713,39.641081]]}},{"type":"Feature","properties":{"line":"3","mode":"bus","color":"#4d4aba","oi":1.44,"n":4,"sw":1},"geometry":{"type":"LineString","coordinates":[[22.412717,39.641076],[22.412705,39.641092]]}},{"type":"Feature","properties":{"line":"3","mode":"bus","color":"#4d4aba","oi":1.397,"n":4,"sw":1},"geometry":{"type":"LineString","coordinates":[[22.412709,39.641087],[22.412697,39.641103]]}},{"type":"Feature","properties":{"line":"3","mode":"bus","color":"#4d4aba","oi":1.344,"n":4,"sw":1},"geometry":{"type":"LineString","coordinates":[[22.4127,39.641098],[22.412689,39.641113]]}},{"type":"Feature","properties":{"line":"3","mode":"bus","color":"#4d4aba","oi":1.282,"n":4,"sw":1},"geometry":{"type":"LineString","coordinates":[[22.412692,39.641109],[22.41268,39.641124]]}},{"type":"Feature","properties":{"line":"3","mode":"bus","color":"#4d4aba","oi":1.213,"n":4,"sw":1},"geometry":{"type":"LineString","coordinates":[[22.412684,39.641119],[22.412672,39.641135]]}},{"type":"Feature","properties":{"line":"3","mode":"bus","color":"#4d4aba","oi":1.138,"n":4,"sw":1},"geometry":{"type":"LineString","coordinates":[[22.412676,39.64113],[22.412664,39.641145]]}},{"type":"Feature","properties":{"line":"3","mode":"bus","color":"#4d4aba","oi":1.057,"n":4,"sw":1},"geometry":{"type":"LineString","coordinates":[[22.412668,39.641141],[22.412656,39.641156]]}},{"type":"Feature","properties":{"line":"3","mode":"bus","color":"#4d4aba","oi":0.972,"n":4,"sw":1},"geometry":{"type":"LineString","coordinates":[[22.412659,39.641152],[22.412648,39.641167]]}},{"type":"Feature","properties":{"line":"3","mode":"bus","color":"#4d4aba","oi":0.884,"n":4,"sw":1},"geometry":{"type":"LineString","coordinates":[[22.412651,39.641162],[22.412639,39.641178]]}},{"type":"Feature","properties":{"line":"3","mode":"bus","color":"#4d4aba","oi":0.795,"n":4,"sw":1},"geometry":{"type":"LineString","coordinates":[[22.412643,39.641173],[22.412631,39.641188]]}},{"type":"Feature","properties":{"line":"3","mode":"bus","color":"#4d4aba","oi":0.705,"n":4,"sw":1},"geometry":{"type":"LineString","coordinates":[[22.412635,39.641184],[22.412623,39.641199]]}},{"type":"Feature","properties":{"line":"3","mode":"bus","color":"#4d4aba","oi":0.616,"n":4,"sw":1},"geometry":{"type":"LineString","coordinates":[[22.412626,39.641194],[22.412615,39.64121]]}},{"type":"Feature","properties":{"line":"3","mode":"bus","color":"#4d4aba","oi":0.528,"n":4,"sw":1},"geometry":{"type":"LineString","coordinates":[[22.412618,39.641205],[22.412606,39.641221]]}},{"type":"Feature","properties":{"line":"3","mode":"bus","color":"#4d4aba","oi":0.443,"n":4,"sw":1},"geometry":{"type":"LineString","coordinates":[[22.41261,39.641216],[22.412598,39.641231]]}},{"type":"Feature","properties":{"line":"3","mode":"bus","color":"#4d4aba","oi":0.362,"n":4,"sw":1},"geometry":{"type":"LineString","coordinates":[[22.412602,39.641227],[22.41259,39.641242],[22.41259,39.641242]]}},{"type":"Feature","properties":{"line":"3","mode":"bus","color":"#4d4aba","oi":0.287,"n":4,"sw":1},"geometry":{"type":"LineString","coordinates":[[22.412594,39.641237],[22.41259,39.641242],[22.412576,39.641249]]}},{"type":"Feature","properties":{"line":"3","mode":"bus","color":"#4d4aba","oi":0.218,"n":4,"sw":1},"geometry":{"type":"LineString","coordinates":[[22.412582,39.641246],[22.412562,39.641255]]}},{"type":"Feature","properties":{"line":"3","mode":"bus","color":"#4d4aba","oi":0.156,"n":4,"sw":1},"geometry":{"type":"LineString","coordinates":[[22.412568,39.641252],[22.412549,39.641262]]}},{"type":"Feature","properties":{"line":"3","mode":"bus","color":"#4d4aba","oi":0.103,"n":4,"sw":1},"geometry":{"type":"LineString","coordinates":[[22.412555,39.641259],[22.412535,39.641268]]}},{"type":"Feature","properties":{"line":"3","mode":"bus","color":"#4d4aba","oi":0.06,"n":4,"sw":1},"geometry":{"type":"LineString","coordinates":[[22.412541,39.641265],[22.412521,39.641275]]}},{"type":"Feature","properties":{"line":"3","mode":"bus","color":"#4d4aba","oi":0.027,"n":4,"sw":1},"geometry":{"type":"LineString","coordinates":[[22.412527,39.641272],[22.412508,39.641281]]}},{"type":"Feature","properties":{"line":"3","mode":"bus","color":"#4d4aba","oi":0.007,"n":4,"sw":1},"geometry":{"type":"LineString","coordinates":[[22.412513,39.641278],[22.412494,39.641288]]}},{"type":"Feature","properties":{"line":"3","mode":"bus","color":"#4d4aba","oi":0,"n":4,"sw":1},"geometry":{"type":"LineString","coordinates":[[22.4125,39.641285],[22.412483,39.641293]]}},{"type":"Feature","properties":{"line":"3","mode":"bus","color":"#4d4aba","oi":1.5,"n":4},"geometry":{"type":"LineString","coordinates":[[22.410405,39.642974],[22.410379,39.642667],[22.410411,39.642527],[22.410539,39.642299],[22.410681,39.642143],[22.411161,39.641862],[22.412063,39.641454]]}},{"type":"Feature","properties":{"line":"3","mode":"bus","color":"#4d4aba","oi":1.5,"n":4,"sw":1},"geometry":{"type":"LineString","coordinates":[[22.41206,39.641455],[22.41208,39.641446]]}},{"type":"Feature","properties":{"line":"3","mode":"bus","color":"#4d4aba","oi":1.493,"n":4,"sw":1},"geometry":{"type":"LineString","coordinates":[[22.412074,39.641449],[22.412094,39.64144]]}},{"type":"Feature","properties":{"line":"3","mode":"bus","color":"#4d4aba","oi":1.473,"n":4,"sw":1},"geometry":{"type":"LineString","coordinates":[[22.412088,39.641443],[22.412108,39.641434]]}},{"type":"Feature","properties":{"line":"3","mode":"bus","color":"#4d4aba","oi":1.44,"n":4,"sw":1},"geometry":{"type":"LineString","coordinates":[[22.412101,39.641436],[22.412121,39.641427]]}},{"type":"Feature","properties":{"line":"3","mode":"bus","color":"#4d4aba","oi":1.397,"n":4,"sw":1},"geometry":{"type":"LineString","coordinates":[[22.412115,39.64143],[22.412135,39.641421]]}},{"type":"Feature","properties":{"line":"3","mode":"bus","color":"#4d4aba","oi":1.344,"n":4,"sw":1},"geometry":{"type":"LineString","coordinates":[[22.412129,39.641424],[22.412149,39.641415]]}},{"type":"Feature","properties":{"line":"3","mode":"bus","color":"#4d4aba","oi":1.282,"n":4,"sw":1},"geometry":{"type":"LineString","coordinates":[[22.412143,39.641417],[22.412163,39.641408]]}},{"type":"Feature","properties":{"line":"3","mode":"bus","color":"#4d4aba","oi":1.213,"n":4,"sw":1},"geometry":{"type":"LineString","coordinates":[[22.412157,39.641411],[22.412177,39.641402]]}},{"type":"Feature","properties":{"line":"3","mode":"bus","color":"#4d4aba","oi":1.138,"n":4,"sw":1},"geometry":{"type":"LineString","coordinates":[[22.412171,39.641405],[22.412191,39.641396]]}},{"type":"Feature","properties":{"line":"3","mode":"bus","color":"#4d4aba","oi":1.057,"n":4,"sw":1},"geometry":{"type":"LineString","coordinates":[[22.412185,39.641399],[22.412205,39.64139]]}},{"type":"Feature","properties":{"line":"3","mode":"bus","color":"#4d4aba","oi":0.972,"n":4,"sw":1},"geometry":{"type":"LineString","coordinates":[[22.412199,39.641392],[22.412219,39.641383]]}},{"type":"Feature","properties":{"line":"3","mode":"bus","color":"#4d4aba","oi":0.884,"n":4,"sw":1},"geometry":{"type":"LineString","coordinates":[[22.412213,39.641386],[22.412233,39.641377]]}},{"type":"Feature","properties":{"line":"3","mode":"bus","color":"#4d4aba","oi":0.795,"n":4,"sw":1},"geometry":{"type":"LineString","coordinates":[[22.412227,39.64138],[22.412247,39.641371]]}},{"type":"Feature","properties":{"line":"3","mode":"bus","color":"#4d4aba","oi":0.705,"n":4,"sw":1},"geometry":{"type":"LineString","coordinates":[[22.412241,39.641373],[22.412261,39.641364]]}},{"type":"Feature","properties":{"line":"3","mode":"bus","color":"#4d4aba","oi":0.616,"n":4,"sw":1},"geometry":{"type":"LineString","coordinates":[[22.412255,39.641367],[22.412275,39.641358]]}},{"type":"Feature","properties":{"line":"3","mode":"bus","color":"#4d4aba","oi":0.528,"n":4,"sw":1},"geometry":{"type":"LineString","coordinates":[[22.412269,39.641361],[22.412289,39.641352]]}},{"type":"Feature","properties":{"line":"3","mode":"bus","color":"#4d4aba","oi":0.443,"n":4,"sw":1},"geometry":{"type":"LineString","coordinates":[[22.412283,39.641354],[22.412303,39.641345]]}},{"type":"Feature","properties":{"line":"3","mode":"bus","color":"#4d4aba","oi":0.362,"n":4,"sw":1},"geometry":{"type":"LineString","coordinates":[[22.412297,39.641348],[22.412317,39.641339]]}},{"type":"Feature","properties":{"line":"3","mode":"bus","color":"#4d4aba","oi":0.287,"n":4,"sw":1},"geometry":{"type":"LineString","coordinates":[[22.41231,39.641342],[22.41233,39.641333]]}},{"type":"Feature","properties":{"line":"3","mode":"bus","color":"#4d4aba","oi":0.218,"n":4,"sw":1},"geometry":{"type":"LineString","coordinates":[[22.412324,39.641336],[22.412344,39.641326]]}},{"type":"Feature","properties":{"line":"3","mode":"bus","color":"#4d4aba","oi":0.156,"n":4,"sw":1},"geometry":{"type":"LineString","coordinates":[[22.412338,39.641329],[22.412358,39.64132]]}},{"type":"Feature","properties":{"line":"3","mode":"bus","color":"#4d4aba","oi":0.103,"n":4,"sw":1},"geometry":{"type":"LineString","coordinates":[[22.412352,39.641323],[22.412372,39.641314]]}},{"type":"Feature","properties":{"line":"3","mode":"bus","color":"#4d4aba","oi":0.06,"n":4,"sw":1},"geometry":{"type":"LineString","coordinates":[[22.412366,39.641317],[22.412386,39.641308]]}},{"type":"Feature","properties":{"line":"3","mode":"bus","color":"#4d4aba","oi":0.027,"n":4,"sw":1},"geometry":{"type":"LineString","coordinates":[[22.41238,39.64131],[22.4124,39.641301]]}},{"type":"Feature","properties":{"line":"3","mode":"bus","color":"#4d4aba","oi":0.007,"n":4,"sw":1},"geometry":{"type":"LineString","coordinates":[[22.412394,39.641304],[22.412414,39.641295]]}},{"type":"Feature","properties":{"line":"3","mode":"bus","color":"#4d4aba","oi":0,"n":4,"sw":1},"geometry":{"type":"LineString","coordinates":[[22.412408,39.641298],[22.412425,39.64129]]}},{"type":"Feature","properties":{"line":"3","mode":"bus","color":"#4d4aba","oi":0.5,"n":2},"geometry":{"type":"LineString","coordinates":[[22.443368,39.602546],[22.442741,39.603244],[22.442,39.603934],[22.440787,39.605288],[22.440728,39.605329],[22.440609,39.605342],[22.440513,39.605398],[22.440465,39.605483],[22.440485,39.605591]]}},{"type":"Feature","properties":{"line":"3","mode":"bus","color":"#4d4aba","oi":1.5,"n":4},"geometry":{"type":"LineString","coordinates":[[22.411989,39.641377],[22.411025,39.641832],[22.410616,39.64206],[22.410423,39.642213],[22.410284,39.642488],[22.410267,39.642865],[22.410553,39.647089]]}},{"type":"Feature","properties":{"line":"3","mode":"bus","color":"#4d4aba","oi":0,"n":4,"sw":1},"geometry":{"type":"LineString","coordinates":[[22.412313,39.641179],[22.412302,39.641191]]}},{"type":"Feature","properties":{"line":"3","mode":"bus","color":"#4d4aba","oi":0.007,"n":4,"sw":1},"geometry":{"type":"LineString","coordinates":[[22.412306,39.641187],[22.412292,39.641201]]}},{"type":"Feature","properties":{"line":"3","mode":"bus","color":"#4d4aba","oi":0.027,"n":4,"sw":1},"geometry":{"type":"LineString","coordinates":[[22.412296,39.641197],[22.412283,39.641212]]}},{"type":"Feature","properties":{"line":"3","mode":"bus","color":"#4d4aba","oi":0.06,"n":4,"sw":1},"geometry":{"type":"LineString","coordinates":[[22.412287,39.641207],[22.412273,39.641222]]}},{"type":"Feature","properties":{"line":"3","mode":"bus","color":"#4d4aba","oi":0.103,"n":4,"sw":1},"geometry":{"type":"LineString","coordinates":[[22.412278,39.641217],[22.412264,39.641232]]}},{"type":"Feature","properties":{"line":"3","mode":"bus","color":"#4d4aba","oi":0.156,"n":4,"sw":1},"geometry":{"type":"LineString","coordinates":[[22.412268,39.641228],[22.412255,39.641242]]}},{"type":"Feature","properties":{"line":"3","mode":"bus","color":"#4d4aba","oi":0.218,"n":4,"sw":1},"geometry":{"type":"LineString","coordinates":[[22.412259,39.641238],[22.412245,39.641252]]}},{"type":"Feature","properties":{"line":"3","mode":"bus","color":"#4d4aba","oi":0.287,"n":4,"sw":1},"geometry":{"type":"LineString","coordinates":[[22.412249,39.641248],[22.412239,39.641259],[22.412234,39.641261]]}},{"type":"Feature","properties":{"line":"3","mode":"bus","color":"#4d4aba","oi":0.362,"n":4,"sw":1},"geometry":{"type":"LineString","coordinates":[[22.41224,39.641258],[22.412239,39.641259],[22.412221,39.641268]]}},{"type":"Feature","properties":{"line":"3","mode":"bus","color":"#4d4aba","oi":0.443,"n":4,"sw":1},"geometry":{"type":"LineString","coordinates":[[22.412227,39.641265],[22.412207,39.641274]]}},{"type":"Feature","properties":{"line":"3","mode":"bus","color":"#4d4aba","oi":0.528,"n":4,"sw":1},"geometry":{"type":"LineString","coordinates":[[22.412213,39.641271],[22.412193,39.641281]]}},{"type":"Feature","properties":{"line":"3","mode":"bus","color":"#4d4aba","oi":0.616,"n":4,"sw":1},"geometry":{"type":"LineString","coordinates":[[22.412199,39.641278],[22.412179,39.641287]]}},{"type":"Feature","properties":{"line":"3","mode":"bus","color":"#4d4aba","oi":0.705,"n":4,"sw":1},"geometry":{"type":"LineString","coordinates":[[22.412185,39.641284],[22.412166,39.641294]]}},{"type":"Feature","properties":{"line":"3","mode":"bus","color":"#4d4aba","oi":0.795,"n":4,"sw":1},"geometry":{"type":"LineString","coordinates":[[22.412172,39.641291],[22.412152,39.6413]]}},{"type":"Feature","properties":{"line":"3","mode":"bus","color":"#4d4aba","oi":0.884,"n":4,"sw":1},"geometry":{"type":"LineString","coordinates":[[22.412158,39.641297],[22.412138,39.641307]]}},{"type":"Feature","properties":{"line":"3","mode":"bus","color":"#4d4aba","oi":0.972,"n":4,"sw":1},"geometry":{"type":"LineString","coordinates":[[22.412144,39.641304],[22.412124,39.641313]]}},{"type":"Feature","properties":{"line":"3","mode":"bus","color":"#4d4aba","oi":1.057,"n":4,"sw":1},"geometry":{"type":"LineString","coordinates":[[22.41213,39.64131],[22.41211,39.64132]]}},{"type":"Feature","properties":{"line":"3","mode":"bus","color":"#4d4aba","oi":1.138,"n":4,"sw":1},"geometry":{"type":"LineString","coordinates":[[22.412116,39.641317],[22.412097,39.641326]]}},{"type":"Feature","properties":{"line":"3","mode":"bus","color":"#4d4aba","oi":1.213,"n":4,"sw":1},"geometry":{"type":"LineString","coordinates":[[22.412103,39.641323],[22.412083,39.641333]]}},{"type":"Feature","properties":{"line":"3","mode":"bus","color":"#4d4aba","oi":1.282,"n":4,"sw":1},"geometry":{"type":"LineString","coordinates":[[22.412089,39.64133],[22.412069,39.641339]]}},{"type":"Feature","properties":{"line":"3","mode":"bus","color":"#4d4aba","oi":1.344,"n":4,"sw":1},"geometry":{"type":"LineString","coordinates":[[22.412075,39.641336],[22.412055,39.641346]]}},{"type":"Feature","properties":{"line":"3","mode":"bus","color":"#4d4aba","oi":1.397,"n":4,"sw":1},"geometry":{"type":"LineString","coordinates":[[22.412061,39.641343],[22.412042,39.641352]]}},{"type":"Feature","properties":{"line":"3","mode":"bus","color":"#4d4aba","oi":1.44,"n":4,"sw":1},"geometry":{"type":"LineString","coordinates":[[22.412047,39.641349],[22.412028,39.641359]]}},{"type":"Feature","properties":{"line":"3","mode":"bus","color":"#4d4aba","oi":1.473,"n":4,"sw":1},"geometry":{"type":"LineString","coordinates":[[22.412034,39.641356],[22.412014,39.641365]]}},{"type":"Feature","properties":{"line":"3","mode":"bus","color":"#4d4aba","oi":1.493,"n":4,"sw":1},"geometry":{"type":"LineString","coordinates":[[22.41202,39.641362],[22.412,39.641372]]}},{"type":"Feature","properties":{"line":"3","mode":"bus","color":"#4d4aba","oi":1.5,"n":4,"sw":1},"geometry":{"type":"LineString","coordinates":[[22.412006,39.641369],[22.411986,39.641378]]}},{"type":"Feature","properties":{"line":"3","mode":"bus","color":"#4d4aba","oi":0,"n":4,"sw":1},"geometry":{"type":"LineString","coordinates":[[22.414536,39.638653],[22.41455,39.638654]]}},{"type":"Feature","properties":{"line":"3","mode":"bus","color":"#4d4aba","oi":0.007,"n":4,"sw":1},"geometry":{"type":"LineString","coordinates":[[22.414543,39.638654],[22.414561,39.638655]]}},{"type":"Feature","properties":{"line":"3","mode":"bus","color":"#4d4aba","oi":0.027,"n":4,"sw":1},"geometry":{"type":"LineString","coordinates":[[22.414554,39.638654],[22.414572,39.638655]]}},{"type":"Feature","properties":{"line":"3","mode":"bus","color":"#4d4aba","oi":0.06,"n":4,"sw":1},"geometry":{"type":"LineString","coordinates":[[22.414565,39.638655],[22.414583,39.638656]]}},{"type":"Feature","properties":{"line":"3","mode":"bus","color":"#4d4aba","oi":0.103,"n":4,"sw":1},"geometry":{"type":"LineString","coordinates":[[22.414576,39.638656],[22.414594,39.638657]]}},{"type":"Feature","properties":{"line":"3","mode":"bus","color":"#4d4aba","oi":0.156,"n":4,"sw":1},"geometry":{"type":"LineString","coordinates":[[22.414587,39.638656],[22.414605,39.638658]]}},{"type":"Feature","properties":{"line":"3","mode":"bus","color":"#4d4aba","oi":0.218,"n":4,"sw":1},"geometry":{"type":"LineString","coordinates":[[22.414598,39.638657],[22.414616,39.638658]]}},{"type":"Feature","properties":{"line":"3","mode":"bus","color":"#4d4aba","oi":0.287,"n":4,"sw":1},"geometry":{"type":"LineString","coordinates":[[22.414609,39.638658],[22.414627,39.638659]]}},{"type":"Feature","properties":{"line":"3","mode":"bus","color":"#4d4aba","oi":0.362,"n":4,"sw":1},"geometry":{"type":"LineString","coordinates":[[22.41462,39.638659],[22.414638,39.63866]]}},{"type":"Feature","properties":{"line":"3","mode":"bus","color":"#4d4aba","oi":0.443,"n":4,"sw":1},"geometry":{"type":"LineString","coordinates":[[22.414631,39.638659],[22.414649,39.638661]]}},{"type":"Feature","properties":{"line":"3","mode":"bus","color":"#4d4aba","oi":0.528,"n":4,"sw":1},"geometry":{"type":"LineString","coordinates":[[22.414642,39.63866],[22.41466,39.638661]]}},{"type":"Feature","properties":{"line":"3","mode":"bus","color":"#4d4aba","oi":0.616,"n":4,"sw":1},"geometry":{"type":"LineString","coordinates":[[22.414653,39.638661],[22.414671,39.638662]]}},{"type":"Feature","properties":{"line":"3","mode":"bus","color":"#4d4aba","oi":0.705,"n":4,"sw":1},"geometry":{"type":"LineString","coordinates":[[22.414664,39.638662],[22.414681,39.638663]]}},{"type":"Feature","properties":{"line":"3","mode":"bus","color":"#4d4aba","oi":0.795,"n":4,"sw":1},"geometry":{"type":"LineString","coordinates":[[22.414674,39.638662],[22.414692,39.638664]]}},{"type":"Feature","properties":{"line":"3","mode":"bus","color":"#4d4aba","oi":0.884,"n":4,"sw":1},"geometry":{"type":"LineString","coordinates":[[22.414685,39.638663],[22.414703,39.638664]]}},{"type":"Feature","properties":{"line":"3","mode":"bus","color":"#4d4aba","oi":0.972,"n":4,"sw":1},"geometry":{"type":"LineString","coordinates":[[22.414696,39.638664],[22.414714,39.638665]]}},{"type":"Feature","properties":{"line":"3","mode":"bus","color":"#4d4aba","oi":1.057,"n":4,"sw":1},"geometry":{"type":"LineString","coordinates":[[22.414707,39.638665],[22.414725,39.638666]]}},{"type":"Feature","properties":{"line":"3","mode":"bus","color":"#4d4aba","oi":1.138,"n":4,"sw":1},"geometry":{"type":"LineString","coordinates":[[22.414718,39.638665],[22.414736,39.638667]]}},{"type":"Feature","properties":{"line":"3","mode":"bus","color":"#4d4aba","oi":1.213,"n":4,"sw":1},"geometry":{"type":"LineString","coordinates":[[22.414729,39.638666],[22.414747,39.638667]]}},{"type":"Feature","properties":{"line":"3","mode":"bus","color":"#4d4aba","oi":1.282,"n":4,"sw":1},"geometry":{"type":"LineString","coordinates":[[22.41474,39.638667],[22.414758,39.638668]]}},{"type":"Feature","properties":{"line":"3","mode":"bus","color":"#4d4aba","oi":1.344,"n":4,"sw":1},"geometry":{"type":"LineString","coordinates":[[22.414751,39.638668],[22.414769,39.638669]]}},{"type":"Feature","properties":{"line":"3","mode":"bus","color":"#4d4aba","oi":1.397,"n":4,"sw":1},"geometry":{"type":"LineString","coordinates":[[22.414762,39.638668],[22.41478,39.63867]]}},{"type":"Feature","properties":{"line":"3","mode":"bus","color":"#4d4aba","oi":1.44,"n":4,"sw":1},"geometry":{"type":"LineString","coordinates":[[22.414773,39.638669],[22.414791,39.63867]]}},{"type":"Feature","properties":{"line":"3","mode":"bus","color":"#4d4aba","oi":1.473,"n":4,"sw":1},"geometry":{"type":"LineString","coordinates":[[22.414784,39.63867],[22.414802,39.638671]]}},{"type":"Feature","properties":{"line":"3","mode":"bus","color":"#4d4aba","oi":1.493,"n":4,"sw":1},"geometry":{"type":"LineString","coordinates":[[22.414795,39.638671],[22.414813,39.638672]]}},{"type":"Feature","properties":{"line":"3","mode":"bus","color":"#4d4aba","oi":1.5,"n":4,"sw":1},"geometry":{"type":"LineString","coordinates":[[22.414806,39.638671],[22.414823,39.638673]]}},{"type":"Feature","properties":{"line":"3","mode":"bus","color":"#4d4aba","oi":1.5,"n":4,"sw":1},"geometry":{"type":"LineString","coordinates":[[22.414816,39.638672],[22.414834,39.638673]]}},{"type":"Feature","properties":{"line":"3","mode":"bus","color":"#4d4aba","oi":1.493,"n":4,"sw":1},"geometry":{"type":"LineString","coordinates":[[22.414827,39.638673],[22.414845,39.638674]]}},{"type":"Feature","properties":{"line":"3","mode":"bus","color":"#4d4aba","oi":1.473,"n":4,"sw":1},"geometry":{"type":"LineString","coordinates":[[22.414838,39.638674],[22.414856,39.638675]]}},{"type":"Feature","properties":{"line":"3","mode":"bus","color":"#4d4aba","oi":1.44,"n":4,"sw":1},"geometry":{"type":"LineString","coordinates":[[22.414849,39.638674],[22.414867,39.638676]]}},{"type":"Feature","properties":{"line":"3","mode":"bus","color":"#4d4aba","oi":1.397,"n":4,"sw":1},"geometry":{"type":"LineString","coordinates":[[22.41486,39.638675],[22.414878,39.638676]]}},{"type":"Feature","properties":{"line":"3","mode":"bus","color":"#4d4aba","oi":1.344,"n":4,"sw":1},"geometry":{"type":"LineString","coordinates":[[22.414871,39.638676],[22.414889,39.638677]]}},{"type":"Feature","properties":{"line":"3","mode":"bus","color":"#4d4aba","oi":1.282,"n":4,"sw":1},"geometry":{"type":"LineString","coordinates":[[22.414882,39.638677],[22.4149,39.638678]]}},{"type":"Feature","properties":{"line":"3","mode":"bus","color":"#4d4aba","oi":1.213,"n":4,"sw":1},"geometry":{"type":"LineString","coordinates":[[22.414893,39.638677],[22.414911,39.638678]]}},{"type":"Feature","properties":{"line":"3","mode":"bus","color":"#4d4aba","oi":1.138,"n":4,"sw":1},"geometry":{"type":"LineString","coordinates":[[22.414904,39.638678],[22.414922,39.638679]]}},{"type":"Feature","properties":{"line":"3","mode":"bus","color":"#4d4aba","oi":1.057,"n":4,"sw":1},"geometry":{"type":"LineString","coordinates":[[22.414915,39.638679],[22.414933,39.63868]]}},{"type":"Feature","properties":{"line":"3","mode":"bus","color":"#4d4aba","oi":0.972,"n":4,"sw":1},"geometry":{"type":"LineString","coordinates":[[22.414926,39.63868],[22.414944,39.638681]]}},{"type":"Feature","properties":{"line":"3","mode":"bus","color":"#4d4aba","oi":0.884,"n":4,"sw":1},"geometry":{"type":"LineString","coordinates":[[22.414937,39.63868],[22.414954,39.638681]]}},{"type":"Feature","properties":{"line":"3","mode":"bus","color":"#4d4aba","oi":0.795,"n":4,"sw":1},"geometry":{"type":"LineString","coordinates":[[22.414948,39.638681],[22.414965,39.638682]]}},{"type":"Feature","properties":{"line":"3","mode":"bus","color":"#4d4aba","oi":0.705,"n":4,"sw":1},"geometry":{"type":"LineString","coordinates":[[22.414958,39.638682],[22.414976,39.638683]]}},{"type":"Feature","properties":{"line":"3","mode":"bus","color":"#4d4aba","oi":0.616,"n":4,"sw":1},"geometry":{"type":"LineString","coordinates":[[22.414969,39.638682],[22.414977,39.638683],[22.414987,39.638686]]}},{"type":"Feature","properties":{"line":"3","mode":"bus","color":"#4d4aba","oi":0.528,"n":4,"sw":1},"geometry":{"type":"LineString","coordinates":[[22.41498,39.638684],[22.414997,39.638689]]}},{"type":"Feature","properties":{"line":"3","mode":"bus","color":"#4d4aba","oi":0.443,"n":4,"sw":1},"geometry":{"type":"LineString","coordinates":[[22.41499,39.638687],[22.415007,39.638691]]}},{"type":"Feature","properties":{"line":"3","mode":"bus","color":"#4d4aba","oi":0.362,"n":4,"sw":1},"geometry":{"type":"LineString","coordinates":[[22.415001,39.63869],[22.415018,39.638694]]}},{"type":"Feature","properties":{"line":"3","mode":"bus","color":"#4d4aba","oi":0.287,"n":4,"sw":1},"geometry":{"type":"LineString","coordinates":[[22.415011,39.638692],[22.415028,39.638697]]}},{"type":"Feature","properties":{"line":"3","mode":"bus","color":"#4d4aba","oi":0.218,"n":4,"sw":1},"geometry":{"type":"LineString","coordinates":[[22.415021,39.638695],[22.415038,39.6387]]}},{"type":"Feature","properties":{"line":"3","mode":"bus","color":"#4d4aba","oi":0.156,"n":4,"sw":1},"geometry":{"type":"LineString","coordinates":[[22.415032,39.638698],[22.415049,39.638703]]}},{"type":"Feature","properties":{"line":"3","mode":"bus","color":"#4d4aba","oi":0.103,"n":4,"sw":1},"geometry":{"type":"LineString","coordinates":[[22.415042,39.638701],[22.415059,39.638706]]}},{"type":"Feature","properties":{"line":"3","mode":"bus","color":"#4d4aba","oi":0.06,"n":4,"sw":1},"geometry":{"type":"LineString","coordinates":[[22.415052,39.638704],[22.415069,39.638708]]}},{"type":"Feature","properties":{"line":"3","mode":"bus","color":"#4d4aba","oi":0.027,"n":4,"sw":1},"geometry":{"type":"LineString","coordinates":[[22.415063,39.638707],[22.41508,39.638711]]}},{"type":"Feature","properties":{"line":"3","mode":"bus","color":"#4d4aba","oi":0.007,"n":4,"sw":1},"geometry":{"type":"LineString","coordinates":[[22.415073,39.638709],[22.41509,39.638714]]}},{"type":"Feature","properties":{"line":"3","mode":"bus","color":"#4d4aba","oi":0,"n":4,"sw":1},"geometry":{"type":"LineString","coordinates":[[22.415083,39.638712],[22.415097,39.638716]]}},{"type":"Feature","properties":{"line":"3","mode":"bus","color":"#4d4aba","oi":1,"n":3},"geometry":{"type":"LineString","coordinates":[[22.422227,39.631958],[22.420831,39.635855],[22.42038,39.636731],[22.420384,39.63876]]}},{"type":"Feature","properties":{"line":"3","mode":"bus","color":"#4d4aba","oi":0,"n":3,"sw":1},"geometry":{"type":"LineString","coordinates":[[22.422339,39.631646],[22.422332,39.631666]]}},{"type":"Feature","properties":{"line":"3","mode":"bus","color":"#4d4aba","oi":0.01,"n":3,"sw":1},"geometry":{"type":"LineString","coordinates":[[22.422334,39.631661],[22.422326,39.631683]]}},{"type":"Feature","properties":{"line":"3","mode":"bus","color":"#4d4aba","oi":0.038,"n":3,"sw":1},"geometry":{"type":"LineString","coordinates":[[22.422328,39.631678],[22.422319,39.631701]]}},{"type":"Feature","properties":{"line":"3","mode":"bus","color":"#4d4aba","oi":0.082,"n":3,"sw":1},"geometry":{"type":"LineString","coordinates":[[22.422321,39.631695],[22.422313,39.631718]]}},{"type":"Feature","properties":{"line":"3","mode":"bus","color":"#4d4aba","oi":0.14,"n":3,"sw":1},"geometry":{"type":"LineString","coordinates":[[22.422315,39.631713],[22.422307,39.631735]]}},{"type":"Feature","properties":{"line":"3","mode":"bus","color":"#4d4aba","oi":0.209,"n":3,"sw":1},"geometry":{"type":"LineString","coordinates":[[22.422309,39.63173],[22.422301,39.631753]]}},{"type":"Feature","properties":{"line":"3","mode":"bus","color":"#4d4aba","oi":0.286,"n":3,"sw":1},"geometry":{"type":"LineString","coordinates":[[22.422303,39.631747],[22.422295,39.63177]]}},{"type":"Feature","properties":{"line":"3","mode":"bus","color":"#4d4aba","oi":0.369,"n":3,"sw":1},"geometry":{"type":"LineString","coordinates":[[22.422296,39.631765],[22.422288,39.631787]]}},{"type":"Feature","properties":{"line":"3","mode":"bus","color":"#4d4aba","oi":0.456,"n":3,"sw":1},"geometry":{"type":"LineString","coordinates":[[22.42229,39.631782],[22.422282,39.631805]]}},{"type":"Feature","properties":{"line":"3","mode":"bus","color":"#4d4aba","oi":0.544,"n":3,"sw":1},"geometry":{"type":"LineString","coordinates":[[22.422284,39.6318],[22.422276,39.631822]]}},{"type":"Feature","properties":{"line":"3","mode":"bus","color":"#4d4aba","oi":0.631,"n":3,"sw":1},"geometry":{"type":"LineString","coordinates":[[22.422278,39.631817],[22.42227,39.631839]]}},{"type":"Feature","properties":{"line":"3","mode":"bus","color":"#4d4aba","oi":0.714,"n":3,"sw":1},"geometry":{"type":"LineString","coordinates":[[22.422272,39.631834],[22.422263,39.631857]]}},{"type":"Feature","properties":{"line":"3","mode":"bus","color":"#4d4aba","oi":0.791,"n":3,"sw":1},"geometry":{"type":"LineString","coordinates":[[22.422265,39.631852],[22.422257,39.631874]]}},{"type":"Feature","properties":{"line":"3","mode":"bus","color":"#4d4aba","oi":0.86,"n":3,"sw":1},"geometry":{"type":"LineString","coordinates":[[22.422259,39.631869],[22.422251,39.631891]]}},{"type":"Feature","properties":{"line":"3","mode":"bus","color":"#4d4aba","oi":0.918,"n":3,"sw":1},"geometry":{"type":"LineString","coordinates":[[22.422253,39.631886],[22.422245,39.631909]]}},{"type":"Feature","properties":{"line":"3","mode":"bus","color":"#4d4aba","oi":0.962,"n":3,"sw":1},"geometry":{"type":"LineString","coordinates":[[22.422247,39.631904],[22.422239,39.631926]]}},{"type":"Feature","properties":{"line":"3","mode":"bus","color":"#4d4aba","oi":0.99,"n":3,"sw":1},"geometry":{"type":"LineString","coordinates":[[22.42224,39.631921],[22.422232,39.631943]]}},{"type":"Feature","properties":{"line":"3","mode":"bus","color":"#4d4aba","oi":1,"n":3,"sw":1},"geometry":{"type":"LineString","coordinates":[[22.422234,39.631938],[22.422226,39.631961]]}},{"type":"Feature","properties":{"line":"3","mode":"bus","color":"#4d4aba","oi":1,"n":3,"sw":1},"geometry":{"type":"LineString","coordinates":[[22.420384,39.638757],[22.420384,39.638781]]}},{"type":"Feature","properties":{"line":"3","mode":"bus","color":"#4d4aba","oi":0.99,"n":3,"sw":1},"geometry":{"type":"LineString","coordinates":[[22.420384,39.638775],[22.420384,39.638799]]}},{"type":"Feature","properties":{"line":"3","mode":"bus","color":"#4d4aba","oi":0.962,"n":3,"sw":1},"geometry":{"type":"LineString","coordinates":[[22.420384,39.638793],[22.420384,39.638817]]}},{"type":"Feature","properties":{"line":"3","mode":"bus","color":"#4d4aba","oi":0.918,"n":3,"sw":1},"geometry":{"type":"LineString","coordinates":[[22.420384,39.638811],[22.420384,39.638835]]}},{"type":"Feature","properties":{"line":"3","mode":"bus","color":"#4d4aba","oi":0.86,"n":3,"sw":1},"geometry":{"type":"LineString","coordinates":[[22.420384,39.638829],[22.420385,39.638853]]}},{"type":"Feature","properties":{"line":"3","mode":"bus","color":"#4d4aba","oi":0.791,"n":3,"sw":1},"geometry":{"type":"LineString","coordinates":[[22.420384,39.638847],[22.420385,39.638871]]}},{"type":"Feature","properties":{"line":"3","mode":"bus","color":"#4d4aba","oi":0.714,"n":3,"sw":1},"geometry":{"type":"LineString","coordinates":[[22.420385,39.638865],[22.420385,39.638889]]}},{"type":"Feature","properties":{"line":"3","mode":"bus","color":"#4d4aba","oi":0.631,"n":3,"sw":1},"geometry":{"type":"LineString","coordinates":[[22.420385,39.638883],[22.420385,39.638907]]}},{"type":"Feature","properties":{"line":"3","mode":"bus","color":"#4d4aba","oi":0.544,"n":3,"sw":1},"geometry":{"type":"LineString","coordinates":[[22.420385,39.638901],[22.420385,39.638925]]}},{"type":"Feature","properties":{"line":"3","mode":"bus","color":"#4d4aba","oi":0.456,"n":3,"sw":1},"geometry":{"type":"LineString","coordinates":[[22.420385,39.638919],[22.420385,39.638943]]}},{"type":"Feature","properties":{"line":"3","mode":"bus","color":"#4d4aba","oi":0.369,"n":3,"sw":1},"geometry":{"type":"LineString","coordinates":[[22.420385,39.638937],[22.420385,39.638961]]}},{"type":"Feature","properties":{"line":"3","mode":"bus","color":"#4d4aba","oi":0.286,"n":3,"sw":1},"geometry":{"type":"LineString","coordinates":[[22.420385,39.638955],[22.420385,39.638979]]}},{"type":"Feature","properties":{"line":"3","mode":"bus","color":"#4d4aba","oi":0.209,"n":3,"sw":1},"geometry":{"type":"LineString","coordinates":[[22.420385,39.638973],[22.420385,39.638997]]}},{"type":"Feature","properties":{"line":"3","mode":"bus","color":"#4d4aba","oi":0.14,"n":3,"sw":1},"geometry":{"type":"LineString","coordinates":[[22.420385,39.638991],[22.420385,39.639015]]}},{"type":"Feature","properties":{"line":"3","mode":"bus","color":"#4d4aba","oi":0.082,"n":3,"sw":1},"geometry":{"type":"LineString","coordinates":[[22.420385,39.639009],[22.420385,39.639033]]}},{"type":"Feature","properties":{"line":"3","mode":"bus","color":"#4d4aba","oi":0.038,"n":3,"sw":1},"geometry":{"type":"LineString","coordinates":[[22.420385,39.639027],[22.420385,39.639051]]}},{"type":"Feature","properties":{"line":"3","mode":"bus","color":"#4d4aba","oi":0.01,"n":3,"sw":1},"geometry":{"type":"LineString","coordinates":[[22.420385,39.639045],[22.420385,39.639069]]}},{"type":"Feature","properties":{"line":"3","mode":"bus","color":"#4d4aba","oi":0,"n":3,"sw":1},"geometry":{"type":"LineString","coordinates":[[22.420385,39.639063],[22.420385,39.639084]]}},{"type":"Feature","properties":{"line":"3","mode":"bus","color":"#4d4aba","oi":0,"n":3,"sw":1},"geometry":{"type":"LineString","coordinates":[[22.419415,39.631051],[22.41941,39.631037]]}},{"type":"Feature","properties":{"line":"3","mode":"bus","color":"#4d4aba","oi":0.01,"n":3,"sw":1},"geometry":{"type":"LineString","coordinates":[[22.419412,39.631042],[22.419406,39.631025]]}},{"type":"Feature","properties":{"line":"3","mode":"bus","color":"#4d4aba","oi":0.038,"n":3,"sw":1},"geometry":{"type":"LineString","coordinates":[[22.419408,39.63103],[22.419402,39.631014]]}},{"type":"Feature","properties":{"line":"3","mode":"bus","color":"#4d4aba","oi":0.082,"n":3,"sw":1},"geometry":{"type":"LineString","coordinates":[[22.419404,39.631019],[22.419398,39.631002]]}},{"type":"Feature","properties":{"line":"3","mode":"bus","color":"#4d4aba","oi":0.14,"n":3,"sw":1},"geometry":{"type":"LineString","coordinates":[[22.419399,39.631007],[22.419393,39.63099]]}},{"type":"Feature","properties":{"line":"3","mode":"bus","color":"#4d4aba","oi":0.209,"n":3,"sw":1},"geometry":{"type":"LineString","coordinates":[[22.419395,39.630996],[22.419389,39.630979]]}},{"type":"Feature","properties":{"line":"3","mode":"bus","color":"#4d4aba","oi":0.286,"n":3,"sw":1},"geometry":{"type":"LineString","coordinates":[[22.419391,39.630984],[22.419385,39.630967]]}},{"type":"Feature","properties":{"line":"3","mode":"bus","color":"#4d4aba","oi":0.369,"n":3,"sw":1},"geometry":{"type":"LineString","coordinates":[[22.419387,39.630972],[22.419381,39.630956]]}},{"type":"Feature","properties":{"line":"3","mode":"bus","color":"#4d4aba","oi":0.456,"n":3,"sw":1},"geometry":{"type":"LineString","coordinates":[[22.419383,39.630961],[22.419377,39.630944]]}},{"type":"Feature","properties":{"line":"3","mode":"bus","color":"#4d4aba","oi":0.544,"n":3,"sw":1},"geometry":{"type":"LineString","coordinates":[[22.419379,39.630949],[22.419373,39.630933],[22.419373,39.630932]]}},{"type":"Feature","properties":{"line":"3","mode":"bus","color":"#4d4aba","oi":0.631,"n":3,"sw":1},"geometry":{"type":"LineString","coordinates":[[22.419375,39.630938],[22.419373,39.630933],[22.419373,39.63092]]}},{"type":"Feature","properties":{"line":"3","mode":"bus","color":"#4d4aba","oi":0.714,"n":3,"sw":1},"geometry":{"type":"LineString","coordinates":[[22.419373,39.630926],[22.419373,39.630908]]}},{"type":"Feature","properties":{"line":"3","mode":"bus","color":"#4d4aba","oi":0.791,"n":3,"sw":1},"geometry":{"type":"LineString","coordinates":[[22.419373,39.630914],[22.419373,39.630896]]}},{"type":"Feature","properties":{"line":"3","mode":"bus","color":"#4d4aba","oi":0.86,"n":3,"sw":1},"geometry":{"type":"LineString","coordinates":[[22.419373,39.630902],[22.419374,39.630884]]}},{"type":"Feature","properties":{"line":"3","mode":"bus","color":"#4d4aba","oi":0.918,"n":3,"sw":1},"geometry":{"type":"LineString","coordinates":[[22.419374,39.63089],[22.419374,39.630872]]}},{"type":"Feature","properties":{"line":"3","mode":"bus","color":"#4d4aba","oi":0.962,"n":3,"sw":1},"geometry":{"type":"LineString","coordinates":[[22.419374,39.630877],[22.419374,39.63086]]}},{"type":"Feature","properties":{"line":"3","mode":"bus","color":"#4d4aba","oi":0.99,"n":3,"sw":1},"geometry":{"type":"LineString","coordinates":[[22.419374,39.630865],[22.419374,39.630848]]}},{"type":"Feature","properties":{"line":"3","mode":"bus","color":"#4d4aba","oi":1,"n":3,"sw":1},"geometry":{"type":"LineString","coordinates":[[22.419374,39.630853],[22.419374,39.630836]]}},{"type":"Feature","properties":{"line":"3","mode":"bus","color":"#4d4aba","oi":1,"n":3,"sw":1},"geometry":{"type":"LineString","coordinates":[[22.419374,39.630841],[22.419374,39.630824]]}},{"type":"Feature","properties":{"line":"3","mode":"bus","color":"#4d4aba","oi":0.99,"n":3,"sw":1},"geometry":{"type":"LineString","coordinates":[[22.419374,39.630829],[22.419375,39.630812]]}},{"type":"Feature","properties":{"line":"3","mode":"bus","color":"#4d4aba","oi":0.962,"n":3,"sw":1},"geometry":{"type":"LineString","coordinates":[[22.419374,39.630817],[22.419375,39.6308]]}},{"type":"Feature","properties":{"line":"3","mode":"bus","color":"#4d4aba","oi":0.918,"n":3,"sw":1},"geometry":{"type":"LineString","coordinates":[[22.419375,39.630805],[22.419375,39.630788]]}},{"type":"Feature","properties":{"line":"3","mode":"bus","color":"#4d4aba","oi":0.86,"n":3,"sw":1},"geometry":{"type":"LineString","coordinates":[[22.419375,39.630793],[22.419375,39.630776]]}},{"type":"Feature","properties":{"line":"3","mode":"bus","color":"#4d4aba","oi":0.791,"n":3,"sw":1},"geometry":{"type":"LineString","coordinates":[[22.419375,39.630781],[22.419375,39.630764]]}},{"type":"Feature","properties":{"line":"3","mode":"bus","color":"#4d4aba","oi":0.714,"n":3,"sw":1},"geometry":{"type":"LineString","coordinates":[[22.419375,39.630769],[22.419375,39.630752]]}},{"type":"Feature","properties":{"line":"3","mode":"bus","color":"#4d4aba","oi":0.631,"n":3,"sw":1},"geometry":{"type":"LineString","coordinates":[[22.419375,39.630757],[22.419375,39.63074]]}},{"type":"Feature","properties":{"line":"3","mode":"bus","color":"#4d4aba","oi":0.544,"n":3,"sw":1},"geometry":{"type":"LineString","coordinates":[[22.419375,39.630745],[22.419376,39.630728]]}},{"type":"Feature","properties":{"line":"3","mode":"bus","color":"#4d4aba","oi":0.456,"n":3,"sw":1},"geometry":{"type":"LineString","coordinates":[[22.419376,39.630733],[22.419376,39.630716]]}},{"type":"Feature","properties":{"line":"3","mode":"bus","color":"#4d4aba","oi":0.369,"n":3,"sw":1},"geometry":{"type":"LineString","coordinates":[[22.419376,39.630721],[22.419376,39.630704]]}},{"type":"Feature","properties":{"line":"3","mode":"bus","color":"#4d4aba","oi":0.286,"n":3,"sw":1},"geometry":{"type":"LineString","coordinates":[[22.419376,39.630709],[22.419376,39.630692]]}},{"type":"Feature","properties":{"line":"3","mode":"bus","color":"#4d4aba","oi":0.209,"n":3,"sw":1},"geometry":{"type":"LineString","coordinates":[[22.419376,39.630697],[22.419376,39.630679]]}},{"type":"Feature","properties":{"line":"3","mode":"bus","color":"#4d4aba","oi":0.14,"n":3,"sw":1},"geometry":{"type":"LineString","coordinates":[[22.419376,39.630685],[22.419376,39.630667]]}},{"type":"Feature","properties":{"line":"3","mode":"bus","color":"#4d4aba","oi":0.082,"n":3,"sw":1},"geometry":{"type":"LineString","coordinates":[[22.419376,39.630673],[22.419377,39.630655]]}},{"type":"Feature","properties":{"line":"3","mode":"bus","color":"#4d4aba","oi":0.038,"n":3,"sw":1},"geometry":{"type":"LineString","coordinates":[[22.419377,39.630661],[22.419377,39.630643]]}},{"type":"Feature","properties":{"line":"3","mode":"bus","color":"#4d4aba","oi":0.01,"n":3,"sw":1},"geometry":{"type":"LineString","coordinates":[[22.419377,39.630649],[22.419377,39.630631]]}},{"type":"Feature","properties":{"line":"3","mode":"bus","color":"#4d4aba","oi":0,"n":3,"sw":1},"geometry":{"type":"LineString","coordinates":[[22.419377,39.630637],[22.419377,39.630622]]}},{"type":"Feature","properties":{"line":"3","mode":"bus","color":"#4d4aba","oi":1.5,"n":4},"geometry":{"type":"LineString","coordinates":[[22.419821,39.631134],[22.422339,39.631646]]}},{"type":"Feature","properties":{"line":"3","mode":"bus","color":"#4d4aba","oi":0,"n":4,"sw":1},"geometry":{"type":"LineString","coordinates":[[22.419415,39.631051],[22.419434,39.631055]]}},{"type":"Feature","properties":{"line":"3","mode":"bus","color":"#4d4aba","oi":0.007,"n":4,"sw":1},"geometry":{"type":"LineString","coordinates":[[22.419427,39.631053],[22.41945,39.631058]]}},{"type":"Feature","properties":{"line":"3","mode":"bus","color":"#4d4aba","oi":0.027,"n":4,"sw":1},"geometry":{"type":"LineString","coordinates":[[22.419443,39.631057],[22.419465,39.631061]]}},{"type":"Feature","properties":{"line":"3","mode":"bus","color":"#4d4aba","oi":0.06,"n":4,"sw":1},"geometry":{"type":"LineString","coordinates":[[22.419458,39.63106],[22.419481,39.631064]]}},{"type":"Feature","properties":{"line":"3","mode":"bus","color":"#4d4aba","oi":0.103,"n":4,"sw":1},"geometry":{"type":"LineString","coordinates":[[22.419474,39.631063],[22.419497,39.631068]]}},{"type":"Feature","properties":{"line":"3","mode":"bus","color":"#4d4aba","oi":0.156,"n":4,"sw":1},"geometry":{"type":"LineString","coordinates":[[22.41949,39.631066],[22.419512,39.631071]]}},{"type":"Feature","properties":{"line":"3","mode":"bus","color":"#4d4aba","oi":0.218,"n":4,"sw":1},"geometry":{"type":"LineString","coordinates":[[22.419505,39.631069],[22.419528,39.631074]]}},{"type":"Feature","properties":{"line":"3","mode":"bus","color":"#4d4aba","oi":0.287,"n":4,"sw":1},"geometry":{"type":"LineString","coordinates":[[22.419521,39.631073],[22.419543,39.631077]]}},{"type":"Feature","properties":{"line":"3","mode":"bus","color":"#4d4aba","oi":0.362,"n":4,"sw":1},"geometry":{"type":"LineString","coordinates":[[22.419537,39.631076],[22.419559,39.63108]]}},{"type":"Feature","properties":{"line":"3","mode":"bus","color":"#4d4aba","oi":0.443,"n":4,"sw":1},"geometry":{"type":"LineString","coordinates":[[22.419552,39.631079],[22.419575,39.631083]]}},{"type":"Feature","properties":{"line":"3","mode":"bus","color":"#4d4aba","oi":0.528,"n":4,"sw":1},"geometry":{"type":"LineString","coordinates":[[22.419568,39.631082],[22.41959,39.631087]]}},{"type":"Feature","properties":{"line":"3","mode":"bus","color":"#4d4aba","oi":0.616,"n":4,"sw":1},"geometry":{"type":"LineString","coordinates":[[22.419583,39.631085],[22.419606,39.63109]]}},{"type":"Feature","properties":{"line":"3","mode":"bus","color":"#4d4aba","oi":0.705,"n":4,"sw":1},"geometry":{"type":"LineString","coordinates":[[22.419599,39.631088],[22.419621,39.631093]]}},{"type":"Feature","properties":{"line":"3","mode":"bus","color":"#4d4aba","oi":0.795,"n":4,"sw":1},"geometry":{"type":"LineString","coordinates":[[22.419615,39.631092],[22.419637,39.631096]]}},{"type":"Feature","properties":{"line":"3","mode":"bus","color":"#4d4aba","oi":0.884,"n":4,"sw":1},"geometry":{"type":"LineString","coordinates":[[22.41963,39.631095],[22.419653,39.631099]]}},{"type":"Feature","properties":{"line":"3","mode":"bus","color":"#4d4aba","oi":0.972,"n":4,"sw":1},"geometry":{"type":"LineString","coordinates":[[22.419646,39.631098],[22.419668,39.631103]]}},{"type":"Feature","properties":{"line":"3","mode":"bus","color":"#4d4aba","oi":1.057,"n":4,"sw":1},"geometry":{"type":"LineString","coordinates":[[22.419662,39.631101],[22.419684,39.631106]]}},{"type":"Feature","properties":{"line":"3","mode":"bus","color":"#4d4aba","oi":1.138,"n":4,"sw":1},"geometry":{"type":"LineString","coordinates":[[22.419677,39.631104],[22.4197,39.631109]]}},{"type":"Feature","properties":{"line":"3","mode":"bus","color":"#4d4aba","oi":1.213,"n":4,"sw":1},"geometry":{"type":"LineString","coordinates":[[22.419693,39.631108],[22.419715,39.631112]]}},{"type":"Feature","properties":{"line":"3","mode":"bus","color":"#4d4aba","oi":1.282,"n":4,"sw":1},"geometry":{"type":"LineString","coordinates":[[22.419708,39.631111],[22.419731,39.631115]]}},{"type":"Feature","properties":{"line":"3","mode":"bus","color":"#4d4aba","oi":1.344,"n":4,"sw":1},"geometry":{"type":"LineString","coordinates":[[22.419724,39.631114],[22.419746,39.631118]]}},{"type":"Feature","properties":{"line":"3","mode":"bus","color":"#4d4aba","oi":1.397,"n":4,"sw":1},"geometry":{"type":"LineString","coordinates":[[22.41974,39.631117],[22.419762,39.631122]]}},{"type":"Feature","properties":{"line":"3","mode":"bus","color":"#4d4aba","oi":1.44,"n":4,"sw":1},"geometry":{"type":"LineString","coordinates":[[22.419755,39.63112],[22.419778,39.631125]]}},{"type":"Feature","properties":{"line":"3","mode":"bus","color":"#4d4aba","oi":1.473,"n":4,"sw":1},"geometry":{"type":"LineString","coordinates":[[22.419771,39.631123],[22.419793,39.631128]]}},{"type":"Feature","properties":{"line":"3","mode":"bus","color":"#4d4aba","oi":1.493,"n":4,"sw":1},"geometry":{"type":"LineString","coordinates":[[22.419787,39.631127],[22.419809,39.631131]]}},{"type":"Feature","properties":{"line":"3","mode":"bus","color":"#4d4aba","oi":1.5,"n":4,"sw":1},"geometry":{"type":"LineString","coordinates":[[22.419802,39.63113],[22.419825,39.631134]]}},{"type":"Feature","properties":{"line":"3","mode":"bus","color":"#4d4aba","oi":1.5,"n":4},"geometry":{"type":"LineString","coordinates":[[22.426101,39.622116],[22.425933,39.622493]]}},{"type":"Feature","properties":{"line":"3","mode":"bus","color":"#4d4aba","oi":1.5,"n":4,"sw":1},"geometry":{"type":"LineString","coordinates":[[22.425934,39.622491],[22.425926,39.622507]]}},{"type":"Feature","properties":{"line":"3","mode":"bus","color":"#4d4aba","oi":1.493,"n":4,"sw":1},"geometry":{"type":"LineString","coordinates":[[22.425928,39.622502],[22.425921,39.622519],[22.425921,39.622519]]}},{"type":"Feature","properties":{"line":"3","mode":"bus","color":"#4d4aba","oi":1.473,"n":4,"sw":1},"geometry":{"type":"LineString","coordinates":[[22.425923,39.622514],[22.425921,39.622519],[22.425914,39.622531]]}},{"type":"Feature","properties":{"line":"3","mode":"bus","color":"#4d4aba","oi":1.44,"n":4,"sw":1},"geometry":{"type":"LineString","coordinates":[[22.425917,39.622526],[22.425908,39.622542]]}},{"type":"Feature","properties":{"line":"3","mode":"bus","color":"#4d4aba","oi":1.397,"n":4,"sw":1},"geometry":{"type":"LineString","coordinates":[[22.425911,39.622537],[22.425901,39.622553]]}},{"type":"Feature","properties":{"line":"3","mode":"bus","color":"#4d4aba","oi":1.344,"n":4,"sw":1},"geometry":{"type":"LineString","coordinates":[[22.425904,39.622548],[22.425895,39.622565]]}},{"type":"Feature","properties":{"line":"3","mode":"bus","color":"#4d4aba","oi":1.282,"n":4,"sw":1},"geometry":{"type":"LineString","coordinates":[[22.425898,39.62256],[22.425888,39.622576]]}},{"type":"Feature","properties":{"line":"3","mode":"bus","color":"#4d4aba","oi":1.213,"n":4,"sw":1},"geometry":{"type":"LineString","coordinates":[[22.425891,39.622571],[22.425882,39.622587]]}},{"type":"Feature","properties":{"line":"3","mode":"bus","color":"#4d4aba","oi":1.138,"n":4,"sw":1},"geometry":{"type":"LineString","coordinates":[[22.425884,39.622583],[22.425875,39.622599]]}},{"type":"Feature","properties":{"line":"3","mode":"bus","color":"#4d4aba","oi":1.057,"n":4,"sw":1},"geometry":{"type":"LineString","coordinates":[[22.425878,39.622594],[22.425868,39.62261]]}},{"type":"Feature","properties":{"line":"3","mode":"bus","color":"#4d4aba","oi":0.972,"n":4,"sw":1},"geometry":{"type":"LineString","coordinates":[[22.425871,39.622605],[22.425862,39.622622]]}},{"type":"Feature","properties":{"line":"3","mode":"bus","color":"#4d4aba","oi":0.884,"n":4,"sw":1},"geometry":{"type":"LineString","coordinates":[[22.425865,39.622617],[22.425855,39.622633]]}},{"type":"Feature","properties":{"line":"3","mode":"bus","color":"#4d4aba","oi":0.795,"n":4,"sw":1},"geometry":{"type":"LineString","coordinates":[[22.425858,39.622628],[22.425849,39.622644]]}},{"type":"Feature","properties":{"line":"3","mode":"bus","color":"#4d4aba","oi":0.705,"n":4,"sw":1},"geometry":{"type":"LineString","coordinates":[[22.425852,39.622639],[22.425842,39.622656]]}},{"type":"Feature","properties":{"line":"3","mode":"bus","color":"#4d4aba","oi":0.616,"n":4,"sw":1},"geometry":{"type":"LineString","coordinates":[[22.425845,39.622651],[22.425836,39.622667]]}},{"type":"Feature","properties":{"line":"3","mode":"bus","color":"#4d4aba","oi":0.528,"n":4,"sw":1},"geometry":{"type":"LineString","coordinates":[[22.425839,39.622662],[22.425829,39.622679]]}},{"type":"Feature","properties":{"line":"3","mode":"bus","color":"#4d4aba","oi":0.443,"n":4,"sw":1},"geometry":{"type":"LineString","coordinates":[[22.425832,39.622674],[22.425823,39.62269]]}},{"type":"Feature","properties":{"line":"3","mode":"bus","color":"#4d4aba","oi":0.362,"n":4,"sw":1},"geometry":{"type":"LineString","coordinates":[[22.425825,39.622685],[22.425816,39.622701]]}},{"type":"Feature","properties":{"line":"3","mode":"bus","color":"#4d4aba","oi":0.287,"n":4,"sw":1},"geometry":{"type":"LineString","coordinates":[[22.425819,39.622696],[22.425809,39.622713]]}},{"type":"Feature","properties":{"line":"3","mode":"bus","color":"#4d4aba","oi":0.218,"n":4,"sw":1},"geometry":{"type":"LineString","coordinates":[[22.425812,39.622708],[22.425803,39.622724]]}},{"type":"Feature","properties":{"line":"3","mode":"bus","color":"#4d4aba","oi":0.156,"n":4,"sw":1},"geometry":{"type":"LineString","coordinates":[[22.425806,39.622719],[22.425796,39.622736]]}},{"type":"Feature","properties":{"line":"3","mode":"bus","color":"#4d4aba","oi":0.103,"n":4,"sw":1},"geometry":{"type":"LineString","coordinates":[[22.425799,39.622731],[22.42579,39.622747]]}},{"type":"Feature","properties":{"line":"3","mode":"bus","color":"#4d4aba","oi":0.06,"n":4,"sw":1},"geometry":{"type":"LineString","coordinates":[[22.425793,39.622742],[22.425783,39.622758]]}},{"type":"Feature","properties":{"line":"3","mode":"bus","color":"#4d4aba","oi":0.027,"n":4,"sw":1},"geometry":{"type":"LineString","coordinates":[[22.425786,39.622753],[22.425777,39.62277]]}},{"type":"Feature","properties":{"line":"3","mode":"bus","color":"#4d4aba","oi":0.007,"n":4,"sw":1},"geometry":{"type":"LineString","coordinates":[[22.42578,39.622765],[22.42577,39.622781]]}},{"type":"Feature","properties":{"line":"3","mode":"bus","color":"#4d4aba","oi":0,"n":4,"sw":1},"geometry":{"type":"LineString","coordinates":[[22.425773,39.622776],[22.425765,39.62279]]}},{"type":"Feature","properties":{"line":"3","mode":"bus","color":"#4d4aba","oi":1,"n":3},"geometry":{"type":"LineString","coordinates":[[22.43126,39.611958],[22.43105,39.612858],[22.430428,39.614962],[22.430068,39.615525],[22.42877,39.617208],[22.427056,39.619522],[22.426853,39.619946],[22.426499,39.62102],[22.426214,39.621804]]}},{"type":"Feature","properties":{"line":"3","mode":"bus","color":"#4d4aba","oi":1,"n":3,"sw":1},"geometry":{"type":"LineString","coordinates":[[22.426215,39.621801],[22.426202,39.621838]]}},{"type":"Feature","properties":{"line":"3","mode":"bus","color":"#4d4aba","oi":1.017,"n":3,"sw":1},"geometry":{"type":"LineString","coordinates":[[22.426204,39.621833],[22.426191,39.621869]]}},{"type":"Feature","properties":{"line":"3","mode":"bus","color":"#4d4aba","oi":1.063,"n":3,"sw":1},"geometry":{"type":"LineString","coordinates":[[22.426193,39.621864],[22.426179,39.6219]]}},{"type":"Feature","properties":{"line":"3","mode":"bus","color":"#4d4aba","oi":1.13,"n":3,"sw":1},"geometry":{"type":"LineString","coordinates":[[22.426181,39.621895],[22.426168,39.621931]]}},{"type":"Feature","properties":{"line":"3","mode":"bus","color":"#4d4aba","oi":1.209,"n":3,"sw":1},"geometry":{"type":"LineString","coordinates":[[22.42617,39.621926],[22.426157,39.621963]]}},{"type":"Feature","properties":{"line":"3","mode":"bus","color":"#4d4aba","oi":1.291,"n":3,"sw":1},"geometry":{"type":"LineString","coordinates":[[22.426159,39.621957],[22.426145,39.621994]]}},{"type":"Feature","properties":{"line":"3","mode":"bus","color":"#4d4aba","oi":1.37,"n":3,"sw":1},"geometry":{"type":"LineString","coordinates":[[22.426147,39.621989],[22.426134,39.622025]]}},{"type":"Feature","properties":{"line":"3","mode":"bus","color":"#4d4aba","oi":1.437,"n":3,"sw":1},"geometry":{"type":"LineString","coordinates":[[22.426136,39.62202],[22.426123,39.622056]]}},{"type":"Feature","properties":{"line":"3","mode":"bus","color":"#4d4aba","oi":1.483,"n":3,"sw":1},"geometry":{"type":"LineString","coordinates":[[22.426125,39.622051],[22.426111,39.622087]]}},{"type":"Feature","properties":{"line":"3","mode":"bus","color":"#4d4aba","oi":1.5,"n":3,"sw":1},"geometry":{"type":"LineString","coordinates":[[22.426113,39.622082],[22.426101,39.622116]]}},{"type":"Feature","properties":{"line":"3","mode":"bus","color":"#4d4aba","oi":1.5,"n":4},"geometry":{"type":"LineString","coordinates":[[22.419109,39.63871],[22.41905,39.635501],[22.419297,39.631687],[22.419356,39.631372]]}},{"type":"Feature","properties":{"line":"3","mode":"bus","color":"#4d4aba","oi":0,"n":4,"sw":1},"geometry":{"type":"LineString","coordinates":[[22.419115,39.639034],[22.419115,39.639019]]}},{"type":"Feature","properties":{"line":"3","mode":"bus","color":"#4d4aba","oi":0.007,"n":4,"sw":1},"geometry":{"type":"LineString","coordinates":[[22.419115,39.639024],[22.419114,39.639006]]}},{"type":"Feature","properties":{"line":"3","mode":"bus","color":"#4d4aba","oi":0.027,"n":4,"sw":1},"geometry":{"type":"LineString","coordinates":[[22.419115,39.639012],[22.419114,39.638994]]}},{"type":"Feature","properties":{"line":"3","mode":"bus","color":"#4d4aba","oi":0.06,"n":4,"sw":1},"geometry":{"type":"LineString","coordinates":[[22.419114,39.638999],[22.419114,39.638981]]}},{"type":"Feature","properties":{"line":"3","mode":"bus","color":"#4d4aba","oi":0.103,"n":4,"sw":1},"geometry":{"type":"LineString","coordinates":[[22.419114,39.638987],[22.419114,39.638969]]}},{"type":"Feature","properties":{"line":"3","mode":"bus","color":"#4d4aba","oi":0.156,"n":4,"sw":1},"geometry":{"type":"LineString","coordinates":[[22.419114,39.638974],[22.419114,39.638957]]}},{"type":"Feature","properties":{"line":"3","mode":"bus","color":"#4d4aba","oi":0.218,"n":4,"sw":1},"geometry":{"type":"LineString","coordinates":[[22.419114,39.638962],[22.419113,39.638944]]}},{"type":"Feature","properties":{"line":"3","mode":"bus","color":"#4d4aba","oi":0.287,"n":4,"sw":1},"geometry":{"type":"LineString","coordinates":[[22.419113,39.638949],[22.419113,39.638932]]}},{"type":"Feature","properties":{"line":"3","mode":"bus","color":"#4d4aba","oi":0.362,"n":4,"sw":1},"geometry":{"type":"LineString","coordinates":[[22.419113,39.638937],[22.419113,39.638919]]}},{"type":"Feature","properties":{"line":"3","mode":"bus","color":"#4d4aba","oi":0.443,"n":4,"sw":1},"geometry":{"type":"LineString","coordinates":[[22.419113,39.638925],[22.419113,39.638907]]}},{"type":"Feature","properties":{"line":"3","mode":"bus","color":"#4d4aba","oi":0.528,"n":4,"sw":1},"geometry":{"type":"LineString","coordinates":[[22.419113,39.638912],[22.419112,39.638894]]}},{"type":"Feature","properties":{"line":"3","mode":"bus","color":"#4d4aba","oi":0.616,"n":4,"sw":1},"geometry":{"type":"LineString","coordinates":[[22.419113,39.6389],[22.419112,39.638882]]}},{"type":"Feature","properties":{"line":"3","mode":"bus","color":"#4d4aba","oi":0.705,"n":4,"sw":1},"geometry":{"type":"LineString","coordinates":[[22.419112,39.638887],[22.419112,39.638869]]}},{"type":"Feature","properties":{"line":"3","mode":"bus","color":"#4d4aba","oi":0.795,"n":4,"sw":1},"geometry":{"type":"LineString","coordinates":[[22.419112,39.638875],[22.419112,39.638857]]}},{"type":"Feature","properties":{"line":"3","mode":"bus","color":"#4d4aba","oi":0.884,"n":4,"sw":1},"geometry":{"type":"LineString","coordinates":[[22.419112,39.638862],[22.419112,39.638844]]}},{"type":"Feature","properties":{"line":"3","mode":"bus","color":"#4d4aba","oi":0.972,"n":4,"sw":1},"geometry":{"type":"LineString","coordinates":[[22.419112,39.63885],[22.419111,39.638832]]}},{"type":"Feature","properties":{"line":"3","mode":"bus","color":"#4d4aba","oi":1.057,"n":4,"sw":1},"geometry":{"type":"LineString","coordinates":[[22.419111,39.638837],[22.419111,39.63882]]}},{"type":"Feature","properties":{"line":"3","mode":"bus","color":"#4d4aba","oi":1.138,"n":4,"sw":1},"geometry":{"type":"LineString","coordinates":[[22.419111,39.638825],[22.419111,39.638807]]}},{"type":"Feature","properties":{"line":"3","mode":"bus","color":"#4d4aba","oi":1.213,"n":4,"sw":1},"geometry":{"type":"LineString","coordinates":[[22.419111,39.638812],[22.419111,39.638795]]}},{"type":"Feature","properties":{"line":"3","mode":"bus","color":"#4d4aba","oi":1.282,"n":4,"sw":1},"geometry":{"type":"LineString","coordinates":[[22.419111,39.6388],[22.41911,39.638782]]}},{"type":"Feature","properties":{"line":"3","mode":"bus","color":"#4d4aba","oi":1.344,"n":4,"sw":1},"geometry":{"type":"LineString","coordinates":[[22.41911,39.638788],[22.41911,39.63877]]}},{"type":"Feature","properties":{"line":"3","mode":"bus","color":"#4d4aba","oi":1.397,"n":4,"sw":1},"geometry":{"type":"LineString","coordinates":[[22.41911,39.638775],[22.41911,39.638757]]}},{"type":"Feature","properties":{"line":"3","mode":"bus","color":"#4d4aba","oi":1.44,"n":4,"sw":1},"geometry":{"type":"LineString","coordinates":[[22.41911,39.638763],[22.41911,39.638745]]}},{"type":"Feature","properties":{"line":"3","mode":"bus","color":"#4d4aba","oi":1.473,"n":4,"sw":1},"geometry":{"type":"LineString","coordinates":[[22.41911,39.63875],[22.419109,39.638732]]}},{"type":"Feature","properties":{"line":"3","mode":"bus","color":"#4d4aba","oi":1.493,"n":4,"sw":1},"geometry":{"type":"LineString","coordinates":[[22.41911,39.638738],[22.419109,39.63872]]}},{"type":"Feature","properties":{"line":"3","mode":"bus","color":"#4d4aba","oi":1.5,"n":4,"sw":1},"geometry":{"type":"LineString","coordinates":[[22.419109,39.638725],[22.419109,39.638707]]}},{"type":"Feature","properties":{"line":"3","mode":"bus","color":"#4d4aba","oi":1.5,"n":4,"sw":1},"geometry":{"type":"LineString","coordinates":[[22.419355,39.631374],[22.419358,39.631357]]}},{"type":"Feature","properties":{"line":"3","mode":"bus","color":"#4d4aba","oi":1.493,"n":4,"sw":1},"geometry":{"type":"LineString","coordinates":[[22.419357,39.631362],[22.419361,39.631344]]}},{"type":"Feature","properties":{"line":"3","mode":"bus","color":"#4d4aba","oi":1.473,"n":4,"sw":1},"geometry":{"type":"LineString","coordinates":[[22.41936,39.63135],[22.419363,39.631332]]}},{"type":"Feature","properties":{"line":"3","mode":"bus","color":"#4d4aba","oi":1.44,"n":4,"sw":1},"geometry":{"type":"LineString","coordinates":[[22.419362,39.631337],[22.419365,39.63132]]}},{"type":"Feature","properties":{"line":"3","mode":"bus","color":"#4d4aba","oi":1.397,"n":4,"sw":1},"geometry":{"type":"LineString","coordinates":[[22.419364,39.631325],[22.419367,39.631307]]}},{"type":"Feature","properties":{"line":"3","mode":"bus","color":"#4d4aba","oi":1.344,"n":4,"sw":1},"geometry":{"type":"LineString","coordinates":[[22.419366,39.631313],[22.41937,39.631295]]}},{"type":"Feature","properties":{"line":"3","mode":"bus","color":"#4d4aba","oi":1.282,"n":4,"sw":1},"geometry":{"type":"LineString","coordinates":[[22.419369,39.6313],[22.419372,39.631283]]}},{"type":"Feature","properties":{"line":"3","mode":"bus","color":"#4d4aba","oi":1.213,"n":4,"sw":1},"geometry":{"type":"LineString","coordinates":[[22.419371,39.631288],[22.419374,39.63127]]}},{"type":"Feature","properties":{"line":"3","mode":"bus","color":"#4d4aba","oi":1.138,"n":4,"sw":1},"geometry":{"type":"LineString","coordinates":[[22.419373,39.631276],[22.419377,39.631258]]}},{"type":"Feature","properties":{"line":"3","mode":"bus","color":"#4d4aba","oi":1.057,"n":4,"sw":1},"geometry":{"type":"LineString","coordinates":[[22.419376,39.631263],[22.419379,39.631246]]}},{"type":"Feature","properties":{"line":"3","mode":"bus","color":"#4d4aba","oi":0.972,"n":4,"sw":1},"geometry":{"type":"LineString","coordinates":[[22.419378,39.631251],[22.419381,39.631233]]}},{"type":"Feature","properties":{"line":"3","mode":"bus","color":"#4d4aba","oi":0.884,"n":4,"sw":1},"geometry":{"type":"LineString","coordinates":[[22.41938,39.631239],[22.419383,39.631221]]}},{"type":"Feature","properties":{"line":"3","mode":"bus","color":"#4d4aba","oi":0.795,"n":4,"sw":1},"geometry":{"type":"LineString","coordinates":[[22.419382,39.631226],[22.419386,39.631209]]}},{"type":"Feature","properties":{"line":"3","mode":"bus","color":"#4d4aba","oi":0.705,"n":4,"sw":1},"geometry":{"type":"LineString","coordinates":[[22.419385,39.631214],[22.419388,39.631196]]}},{"type":"Feature","properties":{"line":"3","mode":"bus","color":"#4d4aba","oi":0.616,"n":4,"sw":1},"geometry":{"type":"LineString","coordinates":[[22.419387,39.631202],[22.41939,39.631184]]}},{"type":"Feature","properties":{"line":"3","mode":"bus","color":"#4d4aba","oi":0.528,"n":4,"sw":1},"geometry":{"type":"LineString","coordinates":[[22.419389,39.631189],[22.419393,39.631172]]}},{"type":"Feature","properties":{"line":"3","mode":"bus","color":"#4d4aba","oi":0.443,"n":4,"sw":1},"geometry":{"type":"LineString","coordinates":[[22.419392,39.631177],[22.419395,39.631159]]}},{"type":"Feature","properties":{"line":"3","mode":"bus","color":"#4d4aba","oi":0.362,"n":4,"sw":1},"geometry":{"type":"LineString","coordinates":[[22.419394,39.631165],[22.419397,39.631147]]}},{"type":"Feature","properties":{"line":"3","mode":"bus","color":"#4d4aba","oi":0.287,"n":4,"sw":1},"geometry":{"type":"LineString","coordinates":[[22.419396,39.631152],[22.419399,39.631135]]}},{"type":"Feature","properties":{"line":"3","mode":"bus","color":"#4d4aba","oi":0.218,"n":4,"sw":1},"geometry":{"type":"LineString","coordinates":[[22.419398,39.63114],[22.419402,39.631122]]}},{"type":"Feature","properties":{"line":"3","mode":"bus","color":"#4d4aba","oi":0.156,"n":4,"sw":1},"geometry":{"type":"LineString","coordinates":[[22.419401,39.631128],[22.419404,39.63111]]}},{"type":"Feature","properties":{"line":"3","mode":"bus","color":"#4d4aba","oi":0.103,"n":4,"sw":1},"geometry":{"type":"LineString","coordinates":[[22.419403,39.631115],[22.419406,39.631098]]}},{"type":"Feature","properties":{"line":"3","mode":"bus","color":"#4d4aba","oi":0.06,"n":4,"sw":1},"geometry":{"type":"LineString","coordinates":[[22.419405,39.631103],[22.419409,39.631085]]}},{"type":"Feature","properties":{"line":"3","mode":"bus","color":"#4d4aba","oi":0.027,"n":4,"sw":1},"geometry":{"type":"LineString","coordinates":[[22.419408,39.631091],[22.419411,39.631073]]}},{"type":"Feature","properties":{"line":"3","mode":"bus","color":"#4d4aba","oi":0.007,"n":4,"sw":1},"geometry":{"type":"LineString","coordinates":[[22.41941,39.631078],[22.419413,39.631061]]}},{"type":"Feature","properties":{"line":"3","mode":"bus","color":"#4d4aba","oi":0,"n":4,"sw":1},"geometry":{"type":"LineString","coordinates":[[22.419412,39.631066],[22.419415,39.631051]]}},{"type":"Feature","properties":{"line":"3","mode":"bus","color":"#4d4aba","oi":1,"n":3},"geometry":{"type":"LineString","coordinates":[[22.41067,39.647086],[22.410426,39.643298]]}},{"type":"Feature","properties":{"line":"3","mode":"bus","color":"#4d4aba","oi":1,"n":3,"sw":1},"geometry":{"type":"LineString","coordinates":[[22.410426,39.6433],[22.410424,39.643262]]}},{"type":"Feature","properties":{"line":"3","mode":"bus","color":"#4d4aba","oi":1.017,"n":3,"sw":1},"geometry":{"type":"LineString","coordinates":[[22.410424,39.643268],[22.410422,39.64323]]}},{"type":"Feature","properties":{"line":"3","mode":"bus","color":"#4d4aba","oi":1.063,"n":3,"sw":1},"geometry":{"type":"LineString","coordinates":[[22.410422,39.643236],[22.410419,39.643198]]}},{"type":"Feature","properties":{"line":"3","mode":"bus","color":"#4d4aba","oi":1.13,"n":3,"sw":1},"geometry":{"type":"LineString","coordinates":[[22.41042,39.643203],[22.410417,39.643165]]}},{"type":"Feature","properties":{"line":"3","mode":"bus","color":"#4d4aba","oi":1.209,"n":3,"sw":1},"geometry":{"type":"LineString","coordinates":[[22.410418,39.643171],[22.410415,39.643133]]}},{"type":"Feature","properties":{"line":"3","mode":"bus","color":"#4d4aba","oi":1.291,"n":3,"sw":1},"geometry":{"type":"LineString","coordinates":[[22.410416,39.643138],[22.410413,39.643101]]}},{"type":"Feature","properties":{"line":"3","mode":"bus","color":"#4d4aba","oi":1.37,"n":3,"sw":1},"geometry":{"type":"LineString","coordinates":[[22.410414,39.643106],[22.410411,39.643068]]}},{"type":"Feature","properties":{"line":"3","mode":"bus","color":"#4d4aba","oi":1.437,"n":3,"sw":1},"geometry":{"type":"LineString","coordinates":[[22.410411,39.643074],[22.410409,39.643036]]}},{"type":"Feature","properties":{"line":"3","mode":"bus","color":"#4d4aba","oi":1.483,"n":3,"sw":1},"geometry":{"type":"LineString","coordinates":[[22.410409,39.643041],[22.410407,39.643004]]}},{"type":"Feature","properties":{"line":"3","mode":"bus","color":"#4d4aba","oi":1.5,"n":3,"sw":1},"geometry":{"type":"LineString","coordinates":[[22.410407,39.643009],[22.410405,39.642974]]}},{"type":"Feature","properties":{"line":"8","mode":"bus","color":"#1cab97","oi":-0.5,"n":2},"geometry":{"type":"LineString","coordinates":[[22.438735,39.599144],[22.438025,39.600173],[22.437884,39.600305],[22.43773,39.600343],[22.43764,39.600408],[22.4376,39.600514],[22.437647,39.600668],[22.437583,39.60083],[22.436123,39.603007],[22.43611,39.60305],[22.436108,39.603058],[22.436109,39.603062],[22.436113,39.603064],[22.436119,39.603063],[22.436127,39.603058],[22.436195,39.603017],[22.436626,39.602459],[22.43767,39.600907],[22.437815,39.600772],[22.43801,39.600669],[22.43808,39.600606],[22.438109,39.600498],[22.438066,39.600403]]}},{"type":"Feature","properties":{"line":"8","mode":"bus","color":"#1cab97","oi":-0.5,"n":2},"geometry":{"type":"LineString","coordinates":[[22.436103,39.603073],[22.435366,39.604056],[22.433611,39.606577],[22.432379,39.608449],[22.432151,39.608945],[22.431901,39.609674],[22.431415,39.611313],[22.431337,39.611639]]}},{"type":"Feature","properties":{"line":"8","mode":"bus","color":"#1cab97","oi":-0.5,"n":2,"sw":1},"geometry":{"type":"LineString","coordinates":[[22.431337,39.611637],[22.431328,39.611674]]}},{"type":"Feature","properties":{"line":"8","mode":"bus","color":"#1cab97","oi":-0.483,"n":2,"sw":1},"geometry":{"type":"LineString","coordinates":[[22.43133,39.611669],[22.431321,39.611706]]}},{"type":"Feature","properties":{"line":"8","mode":"bus","color":"#1cab97","oi":-0.437,"n":2,"sw":1},"geometry":{"type":"LineString","coordinates":[[22.431322,39.611701],[22.431313,39.611738]]}},{"type":"Feature","properties":{"line":"8","mode":"bus","color":"#1cab97","oi":-0.37,"n":2,"sw":1},"geometry":{"type":"LineString","coordinates":[[22.431314,39.611732],[22.431305,39.61177]]}},{"type":"Feature","properties":{"line":"8","mode":"bus","color":"#1cab97","oi":-0.291,"n":2,"sw":1},"geometry":{"type":"LineString","coordinates":[[22.431307,39.611764],[22.431298,39.611801]]}},{"type":"Feature","properties":{"line":"8","mode":"bus","color":"#1cab97","oi":-0.209,"n":2,"sw":1},"geometry":{"type":"LineString","coordinates":[[22.431299,39.611796],[22.43129,39.611833]]}},{"type":"Feature","properties":{"line":"8","mode":"bus","color":"#1cab97","oi":-0.13,"n":2,"sw":1},"geometry":{"type":"LineString","coordinates":[[22.431291,39.611828],[22.431282,39.611865]]}},{"type":"Feature","properties":{"line":"8","mode":"bus","color":"#1cab97","oi":-0.063,"n":2,"sw":1},"geometry":{"type":"LineString","coordinates":[[22.431284,39.61186],[22.431275,39.611897]]}},{"type":"Feature","properties":{"line":"8","mode":"bus","color":"#1cab97","oi":-0.017,"n":2,"sw":1},"geometry":{"type":"LineString","coordinates":[[22.431276,39.611892],[22.431267,39.611929]]}},{"type":"Feature","properties":{"line":"8","mode":"bus","color":"#1cab97","oi":0,"n":2,"sw":1},"geometry":{"type":"LineString","coordinates":[[22.431268,39.611923],[22.43126,39.611958]]}},{"type":"Feature","properties":{"line":"8","mode":"bus","color":"#1cab97","oi":-0.5,"n":2},"geometry":{"type":"LineString","coordinates":[[22.425806,39.622729],[22.425882,39.622717],[22.425912,39.622707],[22.425935,39.622689],[22.42595,39.622669],[22.425962,39.622646],[22.425959,39.622621],[22.425921,39.622519]]}},{"type":"Feature","properties":{"line":"8","mode":"bus","color":"#1cab97","oi":-0.5,"n":4},"geometry":{"type":"LineString","coordinates":[[22.413532,39.634271],[22.415185,39.635066],[22.416035,39.635281],[22.416669,39.635347],[22.416694,39.635354],[22.416709,39.635367],[22.416714,39.635388],[22.416687,39.636147],[22.416699,39.637735],[22.416658,39.638089],[22.416655,39.638459]]}},{"type":"Feature","properties":{"line":"8","mode":"bus","color":"#1cab97","oi":0,"n":4,"sw":1},"geometry":{"type":"LineString","coordinates":[[22.413175,39.6341],[22.413214,39.634119]]}},{"type":"Feature","properties":{"line":"8","mode":"bus","color":"#1cab97","oi":-0.017,"n":4,"sw":1},"geometry":{"type":"LineString","coordinates":[[22.413208,39.634116],[22.413249,39.634136]]}},{"type":"Feature","properties":{"line":"8","mode":"bus","color":"#1cab97","oi":-0.063,"n":4,"sw":1},"geometry":{"type":"LineString","coordinates":[[22.413243,39.634133],[22.413285,39.634153]]}},{"type":"Feature","properties":{"line":"8","mode":"bus","color":"#1cab97","oi":-0.13,"n":4,"sw":1},"geometry":{"type":"LineString","coordinates":[[22.413279,39.63415],[22.413321,39.63417]]}},{"type":"Feature","properties":{"line":"8","mode":"bus","color":"#1cab97","oi":-0.209,"n":4,"sw":1},"geometry":{"type":"LineString","coordinates":[[22.413315,39.634167],[22.413356,39.634187]]}},{"type":"Feature","properties":{"line":"8","mode":"bus","color":"#1cab97","oi":-0.291,"n":4,"sw":1},"geometry":{"type":"LineString","coordinates":[[22.41335,39.634184],[22.413392,39.634204]]}},{"type":"Feature","properties":{"line":"8","mode":"bus","color":"#1cab97","oi":-0.37,"n":4,"sw":1},"geometry":{"type":"LineString","coordinates":[[22.413386,39.634201],[22.413428,39.634221]]}},{"type":"Feature","properties":{"line":"8","mode":"bus","color":"#1cab97","oi":-0.437,"n":4,"sw":1},"geometry":{"type":"LineString","coordinates":[[22.413422,39.634219],[22.413463,39.634239]]}},{"type":"Feature","properties":{"line":"8","mode":"bus","color":"#1cab97","oi":-0.483,"n":4,"sw":1},"geometry":{"type":"LineString","coordinates":[[22.413457,39.634236],[22.413499,39.634256]]}},{"type":"Feature","properties":{"line":"8","mode":"bus","color":"#1cab97","oi":-0.5,"n":4,"sw":1},"geometry":{"type":"LineString","coordinates":[[22.413493,39.634253],[22.413535,39.634273]]}},{"type":"Feature","properties":{"line":"8","mode":"bus","color":"#1cab97","oi":-0.5,"n":4,"sw":1},"geometry":{"type":"LineString","coordinates":[[22.416655,39.638456],[22.416655,39.638494]]}},{"type":"Feature","properties":{"line":"8","mode":"bus","color":"#1cab97","oi":-0.483,"n":4,"sw":1},"geometry":{"type":"LineString","coordinates":[[22.416655,39.638489],[22.416654,39.638527]]}},{"type":"Feature","properties":{"line":"8","mode":"bus","color":"#1cab97","oi":-0.437,"n":4,"sw":1},"geometry":{"type":"LineString","coordinates":[[22.416654,39.638521],[22.416654,39.638559]]}},{"type":"Feature","properties":{"line":"8","mode":"bus","color":"#1cab97","oi":-0.37,"n":4,"sw":1},"geometry":{"type":"LineString","coordinates":[[22.416654,39.638554],[22.416654,39.638591]]}},{"type":"Feature","properties":{"line":"8","mode":"bus","color":"#1cab97","oi":-0.291,"n":4,"sw":1},"geometry":{"type":"LineString","coordinates":[[22.416654,39.638586],[22.416654,39.638624]]}},{"type":"Feature","properties":{"line":"8","mode":"bus","color":"#1cab97","oi":-0.209,"n":4,"sw":1},"geometry":{"type":"LineString","coordinates":[[22.416654,39.638618],[22.416653,39.638656]]}},{"type":"Feature","properties":{"line":"8","mode":"bus","color":"#1cab97","oi":-0.13,"n":4,"sw":1},"geometry":{"type":"LineString","coordinates":[[22.416653,39.638651],[22.416653,39.638689]]}},{"type":"Feature","properties":{"line":"8","mode":"bus","color":"#1cab97","oi":-0.063,"n":4,"sw":1},"geometry":{"type":"LineString","coordinates":[[22.416653,39.638683],[22.416653,39.638693],[22.416637,39.638718]]}},{"type":"Feature","properties":{"line":"8","mode":"bus","color":"#1cab97","oi":-0.017,"n":4,"sw":1},"geometry":{"type":"LineString","coordinates":[[22.41664,39.638713],[22.416619,39.638747]]}},{"type":"Feature","properties":{"line":"8","mode":"bus","color":"#1cab97","oi":0,"n":4,"sw":1},"geometry":{"type":"LineString","coordinates":[[22.416622,39.638742],[22.416602,39.638774]]}},{"type":"Feature","properties":{"line":"8","mode":"bus","color":"#1cab97","oi":-0.5,"n":2},"geometry":{"type":"LineString","coordinates":[[22.413129,39.634101],[22.413083,39.634101]]}},{"type":"Feature","properties":{"line":"8","mode":"bus","color":"#1cab97","oi":0,"n":2,"sw":1},"geometry":{"type":"LineString","coordinates":[[22.413175,39.6341],[22.41316,39.6341]]}},{"type":"Feature","properties":{"line":"8","mode":"bus","color":"#1cab97","oi":-0.13,"n":2,"sw":1},"geometry":{"type":"LineString","coordinates":[[22.413167,39.6341],[22.413148,39.6341]]}},{"type":"Feature","properties":{"line":"8","mode":"bus","color":"#1cab97","oi":-0.37,"n":2,"sw":1},"geometry":{"type":"LineString","coordinates":[[22.413156,39.6341],[22.413137,39.6341]]}},{"type":"Feature","properties":{"line":"8","mode":"bus","color":"#1cab97","oi":-0.5,"n":2,"sw":1},"geometry":{"type":"LineString","coordinates":[[22.413144,39.6341],[22.413125,39.634101]]}},{"type":"Feature","properties":{"line":"8","mode":"bus","color":"#1cab97","oi":0.5,"n":4},"geometry":{"type":"LineString","coordinates":[[22.426101,39.622116],[22.425933,39.622493]]}},{"type":"Feature","properties":{"line":"8","mode":"bus","color":"#1cab97","oi":0.5,"n":4,"sw":1},"geometry":{"type":"LineString","coordinates":[[22.425934,39.622491],[22.425921,39.622519],[22.425917,39.622526]]}},{"type":"Feature","properties":{"line":"8","mode":"bus","color":"#1cab97","oi":0.483,"n":4,"sw":1},"geometry":{"type":"LineString","coordinates":[[22.42592,39.622521],[22.4259,39.622556]]}},{"type":"Feature","properties":{"line":"8","mode":"bus","color":"#1cab97","oi":0.437,"n":4,"sw":1},"geometry":{"type":"LineString","coordinates":[[22.425903,39.622551],[22.425883,39.622585]]}},{"type":"Feature","properties":{"line":"8","mode":"bus","color":"#1cab97","oi":0.37,"n":4,"sw":1},"geometry":{"type":"LineString","coordinates":[[22.425886,39.62258],[22.425866,39.622615]]}},{"type":"Feature","properties":{"line":"8","mode":"bus","color":"#1cab97","oi":0.291,"n":4,"sw":1},"geometry":{"type":"LineString","coordinates":[[22.425869,39.62261],[22.425849,39.622644]]}},{"type":"Feature","properties":{"line":"8","mode":"bus","color":"#1cab97","oi":0.209,"n":4,"sw":1},"geometry":{"type":"LineString","coordinates":[[22.425852,39.622639],[22.425832,39.622674]]}},{"type":"Feature","properties":{"line":"8","mode":"bus","color":"#1cab97","oi":0.13,"n":4,"sw":1},"geometry":{"type":"LineString","coordinates":[[22.425835,39.622669],[22.425815,39.622704]]}},{"type":"Feature","properties":{"line":"8","mode":"bus","color":"#1cab97","oi":0.063,"n":4,"sw":1},"geometry":{"type":"LineString","coordinates":[[22.425818,39.622699],[22.425798,39.622733]]}},{"type":"Feature","properties":{"line":"8","mode":"bus","color":"#1cab97","oi":0.017,"n":4,"sw":1},"geometry":{"type":"LineString","coordinates":[[22.425801,39.622728],[22.425781,39.622763]]}},{"type":"Feature","properties":{"line":"8","mode":"bus","color":"#1cab97","oi":0,"n":4,"sw":1},"geometry":{"type":"LineString","coordinates":[[22.425783,39.622758],[22.425765,39.62279]]}},{"type":"Feature","properties":{"line":"8","mode":"bus","color":"#1cab97","oi":0,"n":3},"geometry":{"type":"LineString","coordinates":[[22.43126,39.611958],[22.43105,39.612858],[22.430428,39.614962],[22.430068,39.615525],[22.42877,39.617208],[22.427056,39.619522],[22.426853,39.619946],[22.426499,39.62102],[22.426214,39.621804]]}},{"type":"Feature","properties":{"line":"8","mode":"bus","color":"#1cab97","oi":0,"n":3,"sw":1},"geometry":{"type":"LineString","coordinates":[[22.426215,39.621801],[22.426202,39.621838]]}},{"type":"Feature","properties":{"line":"8","mode":"bus","color":"#1cab97","oi":0.017,"n":3,"sw":1},"geometry":{"type":"LineString","coordinates":[[22.426204,39.621833],[22.426191,39.621869]]}},{"type":"Feature","properties":{"line":"8","mode":"bus","color":"#1cab97","oi":0.063,"n":3,"sw":1},"geometry":{"type":"LineString","coordinates":[[22.426193,39.621864],[22.426179,39.6219]]}},{"type":"Feature","properties":{"line":"8","mode":"bus","color":"#1cab97","oi":0.13,"n":3,"sw":1},"geometry":{"type":"LineString","coordinates":[[22.426181,39.621895],[22.426168,39.621931]]}},{"type":"Feature","properties":{"line":"8","mode":"bus","color":"#1cab97","oi":0.209,"n":3,"sw":1},"geometry":{"type":"LineString","coordinates":[[22.42617,39.621926],[22.426157,39.621963]]}},{"type":"Feature","properties":{"line":"8","mode":"bus","color":"#1cab97","oi":0.291,"n":3,"sw":1},"geometry":{"type":"LineString","coordinates":[[22.426159,39.621957],[22.426145,39.621994]]}},{"type":"Feature","properties":{"line":"8","mode":"bus","color":"#1cab97","oi":0.37,"n":3,"sw":1},"geometry":{"type":"LineString","coordinates":[[22.426147,39.621989],[22.426134,39.622025]]}},{"type":"Feature","properties":{"line":"8","mode":"bus","color":"#1cab97","oi":0.437,"n":3,"sw":1},"geometry":{"type":"LineString","coordinates":[[22.426136,39.62202],[22.426123,39.622056]]}},{"type":"Feature","properties":{"line":"8","mode":"bus","color":"#1cab97","oi":0.483,"n":3,"sw":1},"geometry":{"type":"LineString","coordinates":[[22.426125,39.622051],[22.426111,39.622087]]}},{"type":"Feature","properties":{"line":"8","mode":"bus","color":"#1cab97","oi":0.5,"n":3,"sw":1},"geometry":{"type":"LineString","coordinates":[[22.426113,39.622082],[22.426101,39.622116]]}},{"type":"Feature","properties":{"line":"8","mode":"bus","color":"#1cab97","oi":0.5,"n":4},"geometry":{"type":"LineString","coordinates":[[22.419109,39.63871],[22.41905,39.635501],[22.419297,39.631687],[22.419356,39.631372]]}},{"type":"Feature","properties":{"line":"8","mode":"bus","color":"#1cab97","oi":0,"n":4,"sw":1},"geometry":{"type":"LineString","coordinates":[[22.419115,39.639034],[22.419114,39.638999]]}},{"type":"Feature","properties":{"line":"8","mode":"bus","color":"#1cab97","oi":0.017,"n":4,"sw":1},"geometry":{"type":"LineString","coordinates":[[22.419114,39.639004],[22.419114,39.638967]]}},{"type":"Feature","properties":{"line":"8","mode":"bus","color":"#1cab97","oi":0.063,"n":4,"sw":1},"geometry":{"type":"LineString","coordinates":[[22.419114,39.638972],[22.419113,39.638934]]}},{"type":"Feature","properties":{"line":"8","mode":"bus","color":"#1cab97","oi":0.13,"n":4,"sw":1},"geometry":{"type":"LineString","coordinates":[[22.419113,39.63894],[22.419113,39.638902]]}},{"type":"Feature","properties":{"line":"8","mode":"bus","color":"#1cab97","oi":0.209,"n":4,"sw":1},"geometry":{"type":"LineString","coordinates":[[22.419113,39.638907],[22.419112,39.638869]]}},{"type":"Feature","properties":{"line":"8","mode":"bus","color":"#1cab97","oi":0.291,"n":4,"sw":1},"geometry":{"type":"LineString","coordinates":[[22.419112,39.638875],[22.419111,39.638837]]}},{"type":"Feature","properties":{"line":"8","mode":"bus","color":"#1cab97","oi":0.37,"n":4,"sw":1},"geometry":{"type":"LineString","coordinates":[[22.419111,39.638842],[22.419111,39.638805]]}},{"type":"Feature","properties":{"line":"8","mode":"bus","color":"#1cab97","oi":0.437,"n":4,"sw":1},"geometry":{"type":"LineString","coordinates":[[22.419111,39.63881],[22.41911,39.638772]]}},{"type":"Feature","properties":{"line":"8","mode":"bus","color":"#1cab97","oi":0.483,"n":4,"sw":1},"geometry":{"type":"LineString","coordinates":[[22.41911,39.638778],[22.41911,39.63874]]}},{"type":"Feature","properties":{"line":"8","mode":"bus","color":"#1cab97","oi":0.5,"n":4,"sw":1},"geometry":{"type":"LineString","coordinates":[[22.41911,39.638745],[22.419109,39.638707]]}},{"type":"Feature","properties":{"line":"8","mode":"bus","color":"#1cab97","oi":0.5,"n":4,"sw":1},"geometry":{"type":"LineString","coordinates":[[22.419355,39.631374],[22.419362,39.631337]]}},{"type":"Feature","properties":{"line":"8","mode":"bus","color":"#1cab97","oi":0.483,"n":4,"sw":1},"geometry":{"type":"LineString","coordinates":[[22.419361,39.631342],[22.419368,39.631305]]}},{"type":"Feature","properties":{"line":"8","mode":"bus","color":"#1cab97","oi":0.437,"n":4,"sw":1},"geometry":{"type":"LineString","coordinates":[[22.419367,39.63131],[22.419374,39.631273]]}},{"type":"Feature","properties":{"line":"8","mode":"bus","color":"#1cab97","oi":0.37,"n":4,"sw":1},"geometry":{"type":"LineString","coordinates":[[22.419373,39.631278],[22.41938,39.631241]]}},{"type":"Feature","properties":{"line":"8","mode":"bus","color":"#1cab97","oi":0.291,"n":4,"sw":1},"geometry":{"type":"LineString","coordinates":[[22.419379,39.631246],[22.419386,39.631209]]}},{"type":"Feature","properties":{"line":"8","mode":"bus","color":"#1cab97","oi":0.209,"n":4,"sw":1},"geometry":{"type":"LineString","coordinates":[[22.419385,39.631214],[22.419392,39.631177]]}},{"type":"Feature","properties":{"line":"8","mode":"bus","color":"#1cab97","oi":0.13,"n":4,"sw":1},"geometry":{"type":"LineString","coordinates":[[22.419391,39.631182],[22.419398,39.631145]]}},{"type":"Feature","properties":{"line":"8","mode":"bus","color":"#1cab97","oi":0.063,"n":4,"sw":1},"geometry":{"type":"LineString","coordinates":[[22.419397,39.63115],[22.419404,39.631112]]}},{"type":"Feature","properties":{"line":"8","mode":"bus","color":"#1cab97","oi":0.017,"n":4,"sw":1},"geometry":{"type":"LineString","coordinates":[[22.419403,39.631118],[22.41941,39.63108]]}},{"type":"Feature","properties":{"line":"8","mode":"bus","color":"#1cab97","oi":0,"n":4,"sw":1},"geometry":{"type":"LineString","coordinates":[[22.419409,39.631086],[22.419415,39.631051]]}},{"type":"Feature","properties":{"line":"8","mode":"bus","color":"#1cab97","oi":0,"n":4,"sw":1},"geometry":{"type":"LineString","coordinates":[[22.413199,39.631883],[22.413199,39.631871]]}},{"type":"Feature","properties":{"line":"8","mode":"bus","color":"#1cab97","oi":0.13,"n":4,"sw":1},"geometry":{"type":"LineString","coordinates":[[22.413199,39.631876],[22.413199,39.631861]]}},{"type":"Feature","properties":{"line":"8","mode":"bus","color":"#1cab97","oi":0.37,"n":4,"sw":1},"geometry":{"type":"LineString","coordinates":[[22.413199,39.631866],[22.413199,39.631851]]}},{"type":"Feature","properties":{"line":"8","mode":"bus","color":"#1cab97","oi":0.5,"n":4,"sw":1},"geometry":{"type":"LineString","coordinates":[[22.413199,39.631856],[22.4132,39.631841]]}},{"type":"Feature","properties":{"line":"8","mode":"bus","color":"#1cab97","oi":0.5,"n":4,"sw":1},"geometry":{"type":"LineString","coordinates":[[22.413199,39.631847],[22.4132,39.631832]]}},{"type":"Feature","properties":{"line":"8","mode":"bus","color":"#1cab97","oi":0.37,"n":4,"sw":1},"geometry":{"type":"LineString","coordinates":[[22.4132,39.631837],[22.4132,39.631822]]}},{"type":"Feature","properties":{"line":"8","mode":"bus","color":"#1cab97","oi":0.13,"n":4,"sw":1},"geometry":{"type":"LineString","coordinates":[[22.4132,39.631827],[22.4132,39.631812]]}},{"type":"Feature","properties":{"line":"8","mode":"bus","color":"#1cab97","oi":0,"n":4,"sw":1},"geometry":{"type":"LineString","coordinates":[[22.4132,39.631817],[22.4132,39.631805]]}},{"type":"Feature","properties":{"line":"8","mode":"bus","color":"#1cab97","oi":1.5,"n":4},"geometry":{"type":"LineString","coordinates":[[22.415591,39.63136],[22.416366,39.631225]]}},{"type":"Feature","properties":{"line":"8","mode":"bus","color":"#1cab97","oi":0,"n":4,"sw":1},"geometry":{"type":"LineString","coordinates":[[22.415181,39.631432],[22.4152,39.631429]]}},{"type":"Feature","properties":{"line":"8","mode":"bus","color":"#1cab97","oi":0.007,"n":4,"sw":1},"geometry":{"type":"LineString","coordinates":[[22.415193,39.63143],[22.415216,39.631426]]}},{"type":"Feature","properties":{"line":"8","mode":"bus","color":"#1cab97","oi":0.027,"n":4,"sw":1},"geometry":{"type":"LineString","coordinates":[[22.415209,39.631427],[22.415232,39.631423]]}},{"type":"Feature","properties":{"line":"8","mode":"bus","color":"#1cab97","oi":0.06,"n":4,"sw":1},"geometry":{"type":"LineString","coordinates":[[22.415225,39.631424],[22.415247,39.63142]]}},{"type":"Feature","properties":{"line":"8","mode":"bus","color":"#1cab97","oi":0.103,"n":4,"sw":1},"geometry":{"type":"LineString","coordinates":[[22.415241,39.631422],[22.415263,39.631418]]}},{"type":"Feature","properties":{"line":"8","mode":"bus","color":"#1cab97","oi":0.156,"n":4,"sw":1},"geometry":{"type":"LineString","coordinates":[[22.415256,39.631419],[22.415279,39.631415]]}},{"type":"Feature","properties":{"line":"8","mode":"bus","color":"#1cab97","oi":0.218,"n":4,"sw":1},"geometry":{"type":"LineString","coordinates":[[22.415272,39.631416],[22.415295,39.631412]]}},{"type":"Feature","properties":{"line":"8","mode":"bus","color":"#1cab97","oi":0.287,"n":4,"sw":1},"geometry":{"type":"LineString","coordinates":[[22.415288,39.631413],[22.41531,39.631409]]}},{"type":"Feature","properties":{"line":"8","mode":"bus","color":"#1cab97","oi":0.362,"n":4,"sw":1},"geometry":{"type":"LineString","coordinates":[[22.415304,39.631411],[22.415326,39.631407]]}},{"type":"Feature","properties":{"line":"8","mode":"bus","color":"#1cab97","oi":0.443,"n":4,"sw":1},"geometry":{"type":"LineString","coordinates":[[22.415319,39.631408],[22.415342,39.631404]]}},{"type":"Feature","properties":{"line":"8","mode":"bus","color":"#1cab97","oi":0.528,"n":4,"sw":1},"geometry":{"type":"LineString","coordinates":[[22.415335,39.631405],[22.415358,39.631401]]}},{"type":"Feature","properties":{"line":"8","mode":"bus","color":"#1cab97","oi":0.616,"n":4,"sw":1},"geometry":{"type":"LineString","coordinates":[[22.415351,39.631402],[22.415374,39.631398]]}},{"type":"Feature","properties":{"line":"8","mode":"bus","color":"#1cab97","oi":0.705,"n":4,"sw":1},"geometry":{"type":"LineString","coordinates":[[22.415367,39.6314],[22.415389,39.631396]]}},{"type":"Feature","properties":{"line":"8","mode":"bus","color":"#1cab97","oi":0.795,"n":4,"sw":1},"geometry":{"type":"LineString","coordinates":[[22.415382,39.631397],[22.415405,39.631393]]}},{"type":"Feature","properties":{"line":"8","mode":"bus","color":"#1cab97","oi":0.884,"n":4,"sw":1},"geometry":{"type":"LineString","coordinates":[[22.415398,39.631394],[22.415421,39.63139]]}},{"type":"Feature","properties":{"line":"8","mode":"bus","color":"#1cab97","oi":0.972,"n":4,"sw":1},"geometry":{"type":"LineString","coordinates":[[22.415414,39.631391],[22.415437,39.631387]]}},{"type":"Feature","properties":{"line":"8","mode":"bus","color":"#1cab97","oi":1.057,"n":4,"sw":1},"geometry":{"type":"LineString","coordinates":[[22.41543,39.631389],[22.415452,39.631385]]}},{"type":"Feature","properties":{"line":"8","mode":"bus","color":"#1cab97","oi":1.138,"n":4,"sw":1},"geometry":{"type":"LineString","coordinates":[[22.415445,39.631386],[22.415468,39.631382]]}},{"type":"Feature","properties":{"line":"8","mode":"bus","color":"#1cab97","oi":1.213,"n":4,"sw":1},"geometry":{"type":"LineString","coordinates":[[22.415461,39.631383],[22.415484,39.631379]]}},{"type":"Feature","properties":{"line":"8","mode":"bus","color":"#1cab97","oi":1.282,"n":4,"sw":1},"geometry":{"type":"LineString","coordinates":[[22.415477,39.63138],[22.4155,39.631376]]}},{"type":"Feature","properties":{"line":"8","mode":"bus","color":"#1cab97","oi":1.344,"n":4,"sw":1},"geometry":{"type":"LineString","coordinates":[[22.415493,39.631377],[22.415515,39.631374]]}},{"type":"Feature","properties":{"line":"8","mode":"bus","color":"#1cab97","oi":1.397,"n":4,"sw":1},"geometry":{"type":"LineString","coordinates":[[22.415509,39.631375],[22.415531,39.631371]]}},{"type":"Feature","properties":{"line":"8","mode":"bus","color":"#1cab97","oi":1.44,"n":4,"sw":1},"geometry":{"type":"LineString","coordinates":[[22.415524,39.631372],[22.415547,39.631368]]}},{"type":"Feature","properties":{"line":"8","mode":"bus","color":"#1cab97","oi":1.473,"n":4,"sw":1},"geometry":{"type":"LineString","coordinates":[[22.41554,39.631369],[22.415563,39.631365]]}},{"type":"Feature","properties":{"line":"8","mode":"bus","color":"#1cab97","oi":1.493,"n":4,"sw":1},"geometry":{"type":"LineString","coordinates":[[22.415556,39.631366],[22.415578,39.631363]]}},{"type":"Feature","properties":{"line":"8","mode":"bus","color":"#1cab97","oi":1.5,"n":4,"sw":1},"geometry":{"type":"LineString","coordinates":[[22.415572,39.631364],[22.415594,39.63136]]}},{"type":"Feature","properties":{"line":"8","mode":"bus","color":"#1cab97","oi":1.5,"n":4,"sw":1},"geometry":{"type":"LineString","coordinates":[[22.416363,39.631225],[22.416386,39.631221]]}},{"type":"Feature","properties":{"line":"8","mode":"bus","color":"#1cab97","oi":1.493,"n":4,"sw":1},"geometry":{"type":"LineString","coordinates":[[22.416379,39.631223],[22.416401,39.631219]]}},{"type":"Feature","properties":{"line":"8","mode":"bus","color":"#1cab97","oi":1.473,"n":4,"sw":1},"geometry":{"type":"LineString","coordinates":[[22.416395,39.63122],[22.416417,39.631216]]}},{"type":"Feature","properties":{"line":"8","mode":"bus","color":"#1cab97","oi":1.44,"n":4,"sw":1},"geometry":{"type":"LineString","coordinates":[[22.41641,39.631217],[22.416433,39.631213]]}},{"type":"Feature","properties":{"line":"8","mode":"bus","color":"#1cab97","oi":1.397,"n":4,"sw":1},"geometry":{"type":"LineString","coordinates":[[22.416426,39.631214],[22.416449,39.63121]]}},{"type":"Feature","properties":{"line":"8","mode":"bus","color":"#1cab97","oi":1.344,"n":4,"sw":1},"geometry":{"type":"LineString","coordinates":[[22.416442,39.631212],[22.416464,39.631208]]}},{"type":"Feature","properties":{"line":"8","mode":"bus","color":"#1cab97","oi":1.282,"n":4,"sw":1},"geometry":{"type":"LineString","coordinates":[[22.416458,39.631209],[22.41648,39.631205]]}},{"type":"Feature","properties":{"line":"8","mode":"bus","color":"#1cab97","oi":1.213,"n":4,"sw":1},"geometry":{"type":"LineString","coordinates":[[22.416473,39.631206],[22.416496,39.631202]]}},{"type":"Feature","properties":{"line":"8","mode":"bus","color":"#1cab97","oi":1.138,"n":4,"sw":1},"geometry":{"type":"LineString","coordinates":[[22.416489,39.631203],[22.416512,39.631199]]}},{"type":"Feature","properties":{"line":"8","mode":"bus","color":"#1cab97","oi":1.057,"n":4,"sw":1},"geometry":{"type":"LineString","coordinates":[[22.416505,39.6312],[22.416527,39.631197]]}},{"type":"Feature","properties":{"line":"8","mode":"bus","color":"#1cab97","oi":0.972,"n":4,"sw":1},"geometry":{"type":"LineString","coordinates":[[22.416521,39.631198],[22.416543,39.631194]]}},{"type":"Feature","properties":{"line":"8","mode":"bus","color":"#1cab97","oi":0.884,"n":4,"sw":1},"geometry":{"type":"LineString","coordinates":[[22.416536,39.631195],[22.416559,39.631191]]}},{"type":"Feature","properties":{"line":"8","mode":"bus","color":"#1cab97","oi":0.795,"n":4,"sw":1},"geometry":{"type":"LineString","coordinates":[[22.416552,39.631192],[22.416575,39.631188]]}},{"type":"Feature","properties":{"line":"8","mode":"bus","color":"#1cab97","oi":0.705,"n":4,"sw":1},"geometry":{"type":"LineString","coordinates":[[22.416568,39.631189],[22.41659,39.631186]]}},{"type":"Feature","properties":{"line":"8","mode":"bus","color":"#1cab97","oi":0.616,"n":4,"sw":1},"geometry":{"type":"LineString","coordinates":[[22.416584,39.631187],[22.416606,39.631183]]}},{"type":"Feature","properties":{"line":"8","mode":"bus","color":"#1cab97","oi":0.528,"n":4,"sw":1},"geometry":{"type":"LineString","coordinates":[[22.416599,39.631184],[22.416622,39.63118],[22.416622,39.63118]]}},{"type":"Feature","properties":{"line":"8","mode":"bus","color":"#1cab97","oi":0.443,"n":4,"sw":1},"geometry":{"type":"LineString","coordinates":[[22.416615,39.631181],[22.416622,39.63118],[22.416638,39.63118]]}},{"type":"Feature","properties":{"line":"8","mode":"bus","color":"#1cab97","oi":0.362,"n":4,"sw":1},"geometry":{"type":"LineString","coordinates":[[22.416631,39.63118],[22.416654,39.631181]]}},{"type":"Feature","properties":{"line":"8","mode":"bus","color":"#1cab97","oi":0.287,"n":4,"sw":1},"geometry":{"type":"LineString","coordinates":[[22.416647,39.631181],[22.41667,39.631181]]}},{"type":"Feature","properties":{"line":"8","mode":"bus","color":"#1cab97","oi":0.218,"n":4,"sw":1},"geometry":{"type":"LineString","coordinates":[[22.416663,39.631181],[22.416687,39.631182]]}},{"type":"Feature","properties":{"line":"8","mode":"bus","color":"#1cab97","oi":0.156,"n":4,"sw":1},"geometry":{"type":"LineString","coordinates":[[22.41668,39.631181],[22.416703,39.631182]]}},{"type":"Feature","properties":{"line":"8","mode":"bus","color":"#1cab97","oi":0.103,"n":4,"sw":1},"geometry":{"type":"LineString","coordinates":[[22.416696,39.631182],[22.416719,39.631182]]}},{"type":"Feature","properties":{"line":"8","mode":"bus","color":"#1cab97","oi":0.06,"n":4,"sw":1},"geometry":{"type":"LineString","coordinates":[[22.416712,39.631182],[22.416735,39.631183]]}},{"type":"Feature","properties":{"line":"8","mode":"bus","color":"#1cab97","oi":0.027,"n":4,"sw":1},"geometry":{"type":"LineString","coordinates":[[22.416728,39.631183],[22.416751,39.631183]]}},{"type":"Feature","properties":{"line":"8","mode":"bus","color":"#1cab97","oi":0.007,"n":4,"sw":1},"geometry":{"type":"LineString","coordinates":[[22.416744,39.631183],[22.416767,39.631184]]}},{"type":"Feature","properties":{"line":"8","mode":"bus","color":"#1cab97","oi":0,"n":4,"sw":1},"geometry":{"type":"LineString","coordinates":[[22.41676,39.631184],[22.41678,39.631184]]}},{"type":"Feature","properties":{"line":"8","mode":"bus","color":"#1cab97","oi":1.5,"n":4},"geometry":{"type":"LineString","coordinates":[[22.418351,39.630861],[22.418657,39.630812],[22.418795,39.630811],[22.419045,39.630862]]}},{"type":"Feature","properties":{"line":"8","mode":"bus","color":"#1cab97","oi":0,"n":4,"sw":1},"geometry":{"type":"LineString","coordinates":[[22.417962,39.630969],[22.417978,39.630961]]}},{"type":"Feature","properties":{"line":"8","mode":"bus","color":"#1cab97","oi":0.007,"n":4,"sw":1},"geometry":{"type":"LineString","coordinates":[[22.417973,39.630964],[22.417992,39.630954]]}},{"type":"Feature","properties":{"line":"8","mode":"bus","color":"#1cab97","oi":0.027,"n":4,"sw":1},"geometry":{"type":"LineString","coordinates":[[22.417986,39.630957],[22.418005,39.630947]]}},{"type":"Feature","properties":{"line":"8","mode":"bus","color":"#1cab97","oi":0.06,"n":4,"sw":1},"geometry":{"type":"LineString","coordinates":[[22.417999,39.63095],[22.418019,39.63094]]}},{"type":"Feature","properties":{"line":"8","mode":"bus","color":"#1cab97","oi":0.103,"n":4,"sw":1},"geometry":{"type":"LineString","coordinates":[[22.418013,39.630943],[22.418032,39.630933]]}},{"type":"Feature","properties":{"line":"8","mode":"bus","color":"#1cab97","oi":0.156,"n":4,"sw":1},"geometry":{"type":"LineString","coordinates":[[22.418026,39.630936],[22.418046,39.630926]]}},{"type":"Feature","properties":{"line":"8","mode":"bus","color":"#1cab97","oi":0.218,"n":4,"sw":1},"geometry":{"type":"LineString","coordinates":[[22.41804,39.630929],[22.418059,39.630919]]}},{"type":"Feature","properties":{"line":"8","mode":"bus","color":"#1cab97","oi":0.287,"n":4,"sw":1},"geometry":{"type":"LineString","coordinates":[[22.418053,39.630922],[22.418073,39.630912]]}},{"type":"Feature","properties":{"line":"8","mode":"bus","color":"#1cab97","oi":0.362,"n":4,"sw":1},"geometry":{"type":"LineString","coordinates":[[22.418067,39.630915],[22.418086,39.630906]]}},{"type":"Feature","properties":{"line":"8","mode":"bus","color":"#1cab97","oi":0.443,"n":4,"sw":1},"geometry":{"type":"LineString","coordinates":[[22.41808,39.630908],[22.418091,39.630903],[22.418101,39.630901]]}},{"type":"Feature","properties":{"line":"8","mode":"bus","color":"#1cab97","oi":0.528,"n":4,"sw":1},"geometry":{"type":"LineString","coordinates":[[22.418094,39.630902],[22.418117,39.630899]]}},{"type":"Feature","properties":{"line":"8","mode":"bus","color":"#1cab97","oi":0.616,"n":4,"sw":1},"geometry":{"type":"LineString","coordinates":[[22.41811,39.6309],[22.418133,39.630896]]}},{"type":"Feature","properties":{"line":"8","mode":"bus","color":"#1cab97","oi":0.705,"n":4,"sw":1},"geometry":{"type":"LineString","coordinates":[[22.418126,39.630897],[22.418149,39.630894]]}},{"type":"Feature","properties":{"line":"8","mode":"bus","color":"#1cab97","oi":0.795,"n":4,"sw":1},"geometry":{"type":"LineString","coordinates":[[22.418142,39.630895],[22.418164,39.630891]]}},{"type":"Feature","properties":{"line":"8","mode":"bus","color":"#1cab97","oi":0.884,"n":4,"sw":1},"geometry":{"type":"LineString","coordinates":[[22.418157,39.630892],[22.41818,39.630889]]}},{"type":"Feature","properties":{"line":"8","mode":"bus","color":"#1cab97","oi":0.972,"n":4,"sw":1},"geometry":{"type":"LineString","coordinates":[[22.418173,39.63089],[22.418196,39.630886]]}},{"type":"Feature","properties":{"line":"8","mode":"bus","color":"#1cab97","oi":1.057,"n":4,"sw":1},"geometry":{"type":"LineString","coordinates":[[22.418189,39.630887],[22.418212,39.630884]]}},{"type":"Feature","properties":{"line":"8","mode":"bus","color":"#1cab97","oi":1.138,"n":4,"sw":1},"geometry":{"type":"LineString","coordinates":[[22.418205,39.630885],[22.418228,39.630881]]}},{"type":"Feature","properties":{"line":"8","mode":"bus","color":"#1cab97","oi":1.213,"n":4,"sw":1},"geometry":{"type":"LineString","coordinates":[[22.418221,39.630882],[22.418243,39.630878]]}},{"type":"Feature","properties":{"line":"8","mode":"bus","color":"#1cab97","oi":1.282,"n":4,"sw":1},"geometry":{"type":"LineString","coordinates":[[22.418237,39.63088],[22.418259,39.630876]]}},{"type":"Feature","properties":{"line":"8","mode":"bus","color":"#1cab97","oi":1.344,"n":4,"sw":1},"geometry":{"type":"LineString","coordinates":[[22.418252,39.630877],[22.418275,39.630873]]}},{"type":"Feature","properties":{"line":"8","mode":"bus","color":"#1cab97","oi":1.397,"n":4,"sw":1},"geometry":{"type":"LineString","coordinates":[[22.418268,39.630875],[22.418291,39.630871]]}},{"type":"Feature","properties":{"line":"8","mode":"bus","color":"#1cab97","oi":1.44,"n":4,"sw":1},"geometry":{"type":"LineString","coordinates":[[22.418284,39.630872],[22.418307,39.630868]]}},{"type":"Feature","properties":{"line":"8","mode":"bus","color":"#1cab97","oi":1.473,"n":4,"sw":1},"geometry":{"type":"LineString","coordinates":[[22.4183,39.630869],[22.418323,39.630866]]}},{"type":"Feature","properties":{"line":"8","mode":"bus","color":"#1cab97","oi":1.493,"n":4,"sw":1},"geometry":{"type":"LineString","coordinates":[[22.418316,39.630867],[22.418338,39.630863]]}},{"type":"Feature","properties":{"line":"8","mode":"bus","color":"#1cab97","oi":1.5,"n":4,"sw":1},"geometry":{"type":"LineString","coordinates":[[22.418331,39.630864],[22.418354,39.630861]]}},{"type":"Feature","properties":{"line":"8","mode":"bus","color":"#1cab97","oi":0,"n":2,"sw":1},"geometry":{"type":"LineString","coordinates":[[22.419045,39.630862],[22.419071,39.630855]]}},{"type":"Feature","properties":{"line":"8","mode":"bus","color":"#1cab97","oi":0.017,"n":2,"sw":1},"geometry":{"type":"LineString","coordinates":[[22.419065,39.630856],[22.419094,39.630848]]}},{"type":"Feature","properties":{"line":"8","mode":"bus","color":"#1cab97","oi":0.063,"n":2,"sw":1},"geometry":{"type":"LineString","coordinates":[[22.419088,39.63085],[22.419117,39.630842]]}},{"type":"Feature","properties":{"line":"8","mode":"bus","color":"#1cab97","oi":0.13,"n":2,"sw":1},"geometry":{"type":"LineString","coordinates":[[22.419111,39.630844],[22.419141,39.630835]]}},{"type":"Feature","properties":{"line":"8","mode":"bus","color":"#1cab97","oi":0.209,"n":2,"sw":1},"geometry":{"type":"LineString","coordinates":[[22.419134,39.630837],[22.419164,39.630829]]}},{"type":"Feature","properties":{"line":"8","mode":"bus","color":"#1cab97","oi":0.291,"n":2,"sw":1},"geometry":{"type":"LineString","coordinates":[[22.419157,39.630831],[22.419187,39.630822]]}},{"type":"Feature","properties":{"line":"8","mode":"bus","color":"#1cab97","oi":0.37,"n":2,"sw":1},"geometry":{"type":"LineString","coordinates":[[22.41918,39.630824],[22.41921,39.630816]]}},{"type":"Feature","properties":{"line":"8","mode":"bus","color":"#1cab97","oi":0.437,"n":2,"sw":1},"geometry":{"type":"LineString","coordinates":[[22.419203,39.630818],[22.419233,39.63081]]}},{"type":"Feature","properties":{"line":"8","mode":"bus","color":"#1cab97","oi":0.483,"n":2,"sw":1},"geometry":{"type":"LineString","coordinates":[[22.419226,39.630811],[22.419253,39.630804],[22.419255,39.630802]]}},{"type":"Feature","properties":{"line":"8","mode":"bus","color":"#1cab97","oi":0.5,"n":2,"sw":1},"geometry":{"type":"LineString","coordinates":[[22.419249,39.630805],[22.419253,39.630804],[22.419268,39.630786]]}},{"type":"Feature","properties":{"line":"8","mode":"bus","color":"#1cab97","oi":0.5,"n":2,"sw":1},"geometry":{"type":"LineString","coordinates":[[22.419264,39.630791],[22.419282,39.63077]]}},{"type":"Feature","properties":{"line":"8","mode":"bus","color":"#1cab97","oi":0.483,"n":2,"sw":1},"geometry":{"type":"LineString","coordinates":[[22.419278,39.630775],[22.419295,39.630755]]}},{"type":"Feature","properties":{"line":"8","mode":"bus","color":"#1cab97","oi":0.437,"n":2,"sw":1},"geometry":{"type":"LineString","coordinates":[[22.419292,39.630759],[22.419309,39.630739]]}},{"type":"Feature","properties":{"line":"8","mode":"bus","color":"#1cab97","oi":0.37,"n":2,"sw":1},"geometry":{"type":"LineString","coordinates":[[22.419305,39.630743],[22.419323,39.630723]]}},{"type":"Feature","properties":{"line":"8","mode":"bus","color":"#1cab97","oi":0.291,"n":2,"sw":1},"geometry":{"type":"LineString","coordinates":[[22.419319,39.630728],[22.419336,39.630707]]}},{"type":"Feature","properties":{"line":"8","mode":"bus","color":"#1cab97","oi":0.209,"n":2,"sw":1},"geometry":{"type":"LineString","coordinates":[[22.419332,39.630712],[22.41935,39.630692]]}},{"type":"Feature","properties":{"line":"8","mode":"bus","color":"#1cab97","oi":0.13,"n":2,"sw":1},"geometry":{"type":"LineString","coordinates":[[22.419346,39.630696],[22.419352,39.630689],[22.419358,39.630674]]}},{"type":"Feature","properties":{"line":"8","mode":"bus","color":"#1cab97","oi":0.063,"n":2,"sw":1},"geometry":{"type":"LineString","coordinates":[[22.419356,39.630679],[22.419364,39.630656]]}},{"type":"Feature","properties":{"line":"8","mode":"bus","color":"#1cab97","oi":0.017,"n":2,"sw":1},"geometry":{"type":"LineString","coordinates":[[22.419362,39.630661],[22.419371,39.630638]]}},{"type":"Feature","properties":{"line":"8","mode":"bus","color":"#1cab97","oi":0,"n":2,"sw":1},"geometry":{"type":"LineString","coordinates":[[22.419369,39.630643],[22.419377,39.630622]]}},{"type":"Feature","properties":{"line":"8","mode":"bus","color":"#1cab97","oi":0,"n":1},"geometry":{"type":"LineString","coordinates":[[22.438066,39.600403],[22.43811,39.600256],[22.439131,39.598791],[22.439382,39.598393],[22.439487,39.598173],[22.439491,39.598163],[22.439493,39.598157],[22.439492,39.598155],[22.439489,39.598156],[22.439484,39.59816],[22.439476,39.598169],[22.439291,39.598375],[22.43894,39.598861]]}},{"type":"Feature","properties":{"line":"8","mode":"bus","color":"#1cab97","oi":0,"n":1,"sw":1},"geometry":{"type":"LineString","coordinates":[[22.438941,39.598859],[22.438917,39.598892]]}},{"type":"Feature","properties":{"line":"8","mode":"bus","color":"#1cab97","oi":-0.017,"n":1,"sw":1},"geometry":{"type":"LineString","coordinates":[[22.438921,39.598887],[22.438897,39.59892]]}},{"type":"Feature","properties":{"line":"8","mode":"bus","color":"#1cab97","oi":-0.063,"n":1,"sw":1},"geometry":{"type":"LineString","coordinates":[[22.4389,39.598915],[22.438876,39.598948]]}},{"type":"Feature","properties":{"line":"8","mode":"bus","color":"#1cab97","oi":-0.13,"n":1,"sw":1},"geometry":{"type":"LineString","coordinates":[[22.43888,39.598944],[22.438856,39.598977]]}},{"type":"Feature","properties":{"line":"8","mode":"bus","color":"#1cab97","oi":-0.209,"n":1,"sw":1},"geometry":{"type":"LineString","coordinates":[[22.438859,39.598972],[22.438836,39.599005]]}},{"type":"Feature","properties":{"line":"8","mode":"bus","color":"#1cab97","oi":-0.291,"n":1,"sw":1},"geometry":{"type":"LineString","coordinates":[[22.438839,39.599],[22.438815,39.599033]]}},{"type":"Feature","properties":{"line":"8","mode":"bus","color":"#1cab97","oi":-0.37,"n":1,"sw":1},"geometry":{"type":"LineString","coordinates":[[22.438819,39.599028],[22.438795,39.599061]]}},{"type":"Feature","properties":{"line":"8","mode":"bus","color":"#1cab97","oi":-0.437,"n":1,"sw":1},"geometry":{"type":"LineString","coordinates":[[22.438798,39.599057],[22.438774,39.59909]]}},{"type":"Feature","properties":{"line":"8","mode":"bus","color":"#1cab97","oi":-0.483,"n":1,"sw":1},"geometry":{"type":"LineString","coordinates":[[22.438778,39.599085],[22.438754,39.599118]]}},{"type":"Feature","properties":{"line":"8","mode":"bus","color":"#1cab97","oi":-0.5,"n":1,"sw":1},"geometry":{"type":"LineString","coordinates":[[22.438757,39.599113],[22.438735,39.599144]]}},{"type":"Feature","properties":{"line":"8","mode":"bus","color":"#1cab97","oi":0,"n":1},"geometry":{"type":"LineString","coordinates":[[22.465196,39.561575],[22.464833,39.561513],[22.463487,39.561183],[22.463405,39.561085],[22.463395,39.561037],[22.463419,39.560709],[22.463398,39.560673],[22.463394,39.560661],[22.463398,39.560651],[22.463409,39.560641],[22.463797,39.560417],[22.464212,39.560225],[22.464749,39.560079],[22.464915,39.560073],[22.465629,39.560191],[22.465654,39.5602],[22.465667,39.560214],[22.465668,39.560235],[22.465573,39.56074],[22.465117,39.561764],[22.464616,39.563259],[22.46453,39.563398],[22.464123,39.563882],[22.463152,39.564972],[22.463094,39.565119],[22.463075,39.56534],[22.463757,39.56676],[22.463808,39.567122],[22.463797,39.567216],[22.463718,39.56738],[22.462432,39.568847],[22.460901,39.570649],[22.459725,39.571937],[22.457497,39.574516],[22.456169,39.576012],[22.454207,39.578335],[22.453418,39.579161],[22.450326,39.582859],[22.449365,39.583891],[22.448625,39.584805],[22.448349,39.585168],[22.447874,39.585913],[22.446184,39.58835],[22.445364,39.589603],[22.444241,39.591197],[22.441344,39.595497],[22.440516,39.596668],[22.439639,39.597979],[22.439503,39.598139]]}},{"type":"Feature","properties":{"line":"5","mode":"bus","color":"#999f01","oi":0.5,"n":4},"geometry":{"type":"LineString","coordinates":[[22.414759,39.638896],[22.414025,39.639513],[22.413647,39.639792],[22.412781,39.640529],[22.412709,39.640732],[22.412787,39.640985],[22.41274,39.641047]]}},{"type":"Feature","properties":{"line":"5","mode":"bus","color":"#999f01","oi":0,"n":4,"sw":1},"geometry":{"type":"LineString","coordinates":[[22.415097,39.638716],[22.415053,39.638726]]}},{"type":"Feature","properties":{"line":"5","mode":"bus","color":"#999f01","oi":0.017,"n":4,"sw":1},"geometry":{"type":"LineString","coordinates":[[22.41506,39.638724],[22.415013,39.638735]]}},{"type":"Feature","properties":{"line":"5","mode":"bus","color":"#999f01","oi":0.063,"n":4,"sw":1},"geometry":{"type":"LineString","coordinates":[[22.41502,39.638733],[22.41498,39.638742],[22.414974,39.638746]]}},{"type":"Feature","properties":{"line":"5","mode":"bus","color":"#999f01","oi":0.13,"n":4,"sw":1},"geometry":{"type":"LineString","coordinates":[[22.414979,39.638742],[22.414942,39.638766]]}},{"type":"Feature","properties":{"line":"5","mode":"bus","color":"#999f01","oi":0.209,"n":4,"sw":1},"geometry":{"type":"LineString","coordinates":[[22.414947,39.638763],[22.414909,39.638787]]}},{"type":"Feature","properties":{"line":"5","mode":"bus","color":"#999f01","oi":0.291,"n":4,"sw":1},"geometry":{"type":"LineString","coordinates":[[22.414914,39.638783],[22.414877,39.638807]]}},{"type":"Feature","properties":{"line":"5","mode":"bus","color":"#999f01","oi":0.37,"n":4,"sw":1},"geometry":{"type":"LineString","coordinates":[[22.414882,39.638804],[22.414844,39.638828]]}},{"type":"Feature","properties":{"line":"5","mode":"bus","color":"#999f01","oi":0.437,"n":4,"sw":1},"geometry":{"type":"LineString","coordinates":[[22.41485,39.638825],[22.41483,39.638837],[22.414814,39.63885]]}},{"type":"Feature","properties":{"line":"5","mode":"bus","color":"#999f01","oi":0.483,"n":4,"sw":1},"geometry":{"type":"LineString","coordinates":[[22.414819,39.638846],[22.414786,39.638874]]}},{"type":"Feature","properties":{"line":"5","mode":"bus","color":"#999f01","oi":0.5,"n":4,"sw":1},"geometry":{"type":"LineString","coordinates":[[22.41479,39.63887],[22.414757,39.638898]]}},{"type":"Feature","properties":{"line":"5","mode":"bus","color":"#999f01","oi":0.5,"n":4,"sw":1},"geometry":{"type":"LineString","coordinates":[[22.412742,39.641044],[22.412717,39.641077]]}},{"type":"Feature","properties":{"line":"5","mode":"bus","color":"#999f01","oi":0.483,"n":4,"sw":1},"geometry":{"type":"LineString","coordinates":[[22.41272,39.641072],[22.412695,39.641105]]}},{"type":"Feature","properties":{"line":"5","mode":"bus","color":"#999f01","oi":0.437,"n":4,"sw":1},"geometry":{"type":"LineString","coordinates":[[22.412699,39.6411],[22.412674,39.641133]]}},{"type":"Feature","properties":{"line":"5","mode":"bus","color":"#999f01","oi":0.37,"n":4,"sw":1},"geometry":{"type":"LineString","coordinates":[[22.412677,39.641128],[22.412652,39.641161]]}},{"type":"Feature","properties":{"line":"5","mode":"bus","color":"#999f01","oi":0.291,"n":4,"sw":1},"geometry":{"type":"LineString","coordinates":[[22.412656,39.641156],[22.412631,39.641188]]}},{"type":"Feature","properties":{"line":"5","mode":"bus","color":"#999f01","oi":0.209,"n":4,"sw":1},"geometry":{"type":"LineString","coordinates":[[22.412635,39.641184],[22.41261,39.641216]]}},{"type":"Feature","properties":{"line":"5","mode":"bus","color":"#999f01","oi":0.13,"n":4,"sw":1},"geometry":{"type":"LineString","coordinates":[[22.412613,39.641212],[22.41259,39.641242],[22.412587,39.641243]]}},{"type":"Feature","properties":{"line":"5","mode":"bus","color":"#999f01","oi":0.063,"n":4,"sw":1},"geometry":{"type":"LineString","coordinates":[[22.412592,39.64124],[22.41259,39.641242],[22.412551,39.64126]]}},{"type":"Feature","properties":{"line":"5","mode":"bus","color":"#999f01","oi":0.017,"n":4,"sw":1},"geometry":{"type":"LineString","coordinates":[[22.412557,39.641258],[22.412516,39.641277]]}},{"type":"Feature","properties":{"line":"5","mode":"bus","color":"#999f01","oi":0,"n":4,"sw":1},"geometry":{"type":"LineString","coordinates":[[22.412522,39.641275],[22.412483,39.641293]]}},{"type":"Feature","properties":{"line":"5","mode":"bus","color":"#999f01","oi":0.5,"n":4},"geometry":{"type":"LineString","coordinates":[[22.410405,39.642974],[22.410379,39.642667],[22.410411,39.642527],[22.410539,39.642299],[22.410681,39.642143],[22.411161,39.641862],[22.412063,39.641454]]}},{"type":"Feature","properties":{"line":"5","mode":"bus","color":"#999f01","oi":0.5,"n":4,"sw":1},"geometry":{"type":"LineString","coordinates":[[22.41206,39.641455],[22.412102,39.641436]]}},{"type":"Feature","properties":{"line":"5","mode":"bus","color":"#999f01","oi":0.483,"n":4,"sw":1},"geometry":{"type":"LineString","coordinates":[[22.412096,39.641439],[22.412138,39.64142]]}},{"type":"Feature","properties":{"line":"5","mode":"bus","color":"#999f01","oi":0.437,"n":4,"sw":1},"geometry":{"type":"LineString","coordinates":[[22.412132,39.641423],[22.412174,39.641403]]}},{"type":"Feature","properties":{"line":"5","mode":"bus","color":"#999f01","oi":0.37,"n":4,"sw":1},"geometry":{"type":"LineString","coordinates":[[22.412168,39.641406],[22.412211,39.641387]]}},{"type":"Feature","properties":{"line":"5","mode":"bus","color":"#999f01","oi":0.291,"n":4,"sw":1},"geometry":{"type":"LineString","coordinates":[[22.412205,39.64139],[22.412247,39.641371]]}},{"type":"Feature","properties":{"line":"5","mode":"bus","color":"#999f01","oi":0.209,"n":4,"sw":1},"geometry":{"type":"LineString","coordinates":[[22.412241,39.641373],[22.412283,39.641354]]}},{"type":"Feature","properties":{"line":"5","mode":"bus","color":"#999f01","oi":0.13,"n":4,"sw":1},"geometry":{"type":"LineString","coordinates":[[22.412277,39.641357],[22.412319,39.641338]]}},{"type":"Feature","properties":{"line":"5","mode":"bus","color":"#999f01","oi":0.063,"n":4,"sw":1},"geometry":{"type":"LineString","coordinates":[[22.412313,39.641341],[22.412356,39.641321]]}},{"type":"Feature","properties":{"line":"5","mode":"bus","color":"#999f01","oi":0.017,"n":4,"sw":1},"geometry":{"type":"LineString","coordinates":[[22.41235,39.641324],[22.412392,39.641305]]}},{"type":"Feature","properties":{"line":"5","mode":"bus","color":"#999f01","oi":0,"n":4,"sw":1},"geometry":{"type":"LineString","coordinates":[[22.412386,39.641308],[22.412425,39.64129]]}},{"type":"Feature","properties":{"line":"5","mode":"bus","color":"#999f01","oi":0.5,"n":2},"geometry":{"type":"LineString","coordinates":[[22.406524,39.65457],[22.409225,39.650395],[22.409339,39.650275],[22.409519,39.650192],[22.409569,39.650142],[22.409616,39.649806],[22.410447,39.648537],[22.410562,39.648287],[22.410685,39.64777],[22.410677,39.64741]]}},{"type":"Feature","properties":{"line":"5","mode":"bus","color":"#999f01","oi":0.5,"n":2,"sw":1},"geometry":{"type":"LineString","coordinates":[[22.410677,39.647413],[22.410676,39.647375]]}},{"type":"Feature","properties":{"line":"5","mode":"bus","color":"#999f01","oi":0.483,"n":2,"sw":1},"geometry":{"type":"LineString","coordinates":[[22.410676,39.64738],[22.410676,39.647342]]}},{"type":"Feature","properties":{"line":"5","mode":"bus","color":"#999f01","oi":0.437,"n":2,"sw":1},"geometry":{"type":"LineString","coordinates":[[22.410676,39.647348],[22.410675,39.64731]]}},{"type":"Feature","properties":{"line":"5","mode":"bus","color":"#999f01","oi":0.37,"n":2,"sw":1},"geometry":{"type":"LineString","coordinates":[[22.410675,39.647315],[22.410674,39.647278]]}},{"type":"Feature","properties":{"line":"5","mode":"bus","color":"#999f01","oi":0.291,"n":2,"sw":1},"geometry":{"type":"LineString","coordinates":[[22.410674,39.647283],[22.410673,39.647245]]}},{"type":"Feature","properties":{"line":"5","mode":"bus","color":"#999f01","oi":0.209,"n":2,"sw":1},"geometry":{"type":"LineString","coordinates":[[22.410674,39.647251],[22.410673,39.647213]]}},{"type":"Feature","properties":{"line":"5","mode":"bus","color":"#999f01","oi":0.13,"n":2,"sw":1},"geometry":{"type":"LineString","coordinates":[[22.410673,39.647218],[22.410672,39.64718]]}},{"type":"Feature","properties":{"line":"5","mode":"bus","color":"#999f01","oi":0.063,"n":2,"sw":1},"geometry":{"type":"LineString","coordinates":[[22.410672,39.647186],[22.410671,39.647148]]}},{"type":"Feature","properties":{"line":"5","mode":"bus","color":"#999f01","oi":0.017,"n":2,"sw":1},"geometry":{"type":"LineString","coordinates":[[22.410671,39.647153],[22.410671,39.647116]]}},{"type":"Feature","properties":{"line":"5","mode":"bus","color":"#999f01","oi":0,"n":2,"sw":1},"geometry":{"type":"LineString","coordinates":[[22.410671,39.647121],[22.41067,39.647086]]}},{"type":"Feature","properties":{"line":"5","mode":"bus","color":"#999f01","oi":0.5,"n":2},"geometry":{"type":"LineString","coordinates":[[22.400353,39.662956],[22.400882,39.662634],[22.401414,39.66223],[22.401738,39.66193],[22.402054,39.661587],[22.402425,39.661079],[22.404148,39.658332]]}},{"type":"Feature","properties":{"line":"5","mode":"bus","color":"#999f01","oi":1,"n":3},"geometry":{"type":"LineString","coordinates":[[22.410569,39.647413],[22.410583,39.647679],[22.410559,39.647934],[22.410514,39.648116],[22.41035,39.648471],[22.409527,39.649721],[22.409399,39.649856],[22.40921,39.649949],[22.409171,39.649994],[22.409152,39.650046],[22.409166,39.650212],[22.4091,39.650347],[22.406123,39.65497]]}},{"type":"Feature","properties":{"line":"5","mode":"bus","color":"#999f01","oi":0.5,"n":3,"sw":1},"geometry":{"type":"LineString","coordinates":[[22.410553,39.647089],[22.410555,39.647124]]}},{"type":"Feature","properties":{"line":"5","mode":"bus","color":"#999f01","oi":0.517,"n":3,"sw":1},"geometry":{"type":"LineString","coordinates":[[22.410555,39.647119],[22.410556,39.647156]]}},{"type":"Feature","properties":{"line":"5","mode":"bus","color":"#999f01","oi":0.563,"n":3,"sw":1},"geometry":{"type":"LineString","coordinates":[[22.410556,39.647151],[22.410558,39.647189]]}},{"type":"Feature","properties":{"line":"5","mode":"bus","color":"#999f01","oi":0.63,"n":3,"sw":1},"geometry":{"type":"LineString","coordinates":[[22.410558,39.647183],[22.41056,39.647221]]}},{"type":"Feature","properties":{"line":"5","mode":"bus","color":"#999f01","oi":0.709,"n":3,"sw":1},"geometry":{"type":"LineString","coordinates":[[22.410559,39.647216],[22.410561,39.647254]]}},{"type":"Feature","properties":{"line":"5","mode":"bus","color":"#999f01","oi":0.791,"n":3,"sw":1},"geometry":{"type":"LineString","coordinates":[[22.410561,39.647248],[22.410563,39.647286]]}},{"type":"Feature","properties":{"line":"5","mode":"bus","color":"#999f01","oi":0.87,"n":3,"sw":1},"geometry":{"type":"LineString","coordinates":[[22.410563,39.647281],[22.410565,39.647318]]}},{"type":"Feature","properties":{"line":"5","mode":"bus","color":"#999f01","oi":0.937,"n":3,"sw":1},"geometry":{"type":"LineString","coordinates":[[22.410564,39.647313],[22.410566,39.647351]]}},{"type":"Feature","properties":{"line":"5","mode":"bus","color":"#999f01","oi":0.983,"n":3,"sw":1},"geometry":{"type":"LineString","coordinates":[[22.410566,39.647345],[22.410568,39.647383]]}},{"type":"Feature","properties":{"line":"5","mode":"bus","color":"#999f01","oi":1,"n":3,"sw":1},"geometry":{"type":"LineString","coordinates":[[22.410568,39.647378],[22.41057,39.647415]]}},{"type":"Feature","properties":{"line":"5","mode":"bus","color":"#999f01","oi":-0.5,"n":4},"geometry":{"type":"LineString","coordinates":[[22.419434,39.639697],[22.419463,39.639699]]}},{"type":"Feature","properties":{"line":"5","mode":"bus","color":"#999f01","oi":0,"n":4,"sw":1},"geometry":{"type":"LineString","coordinates":[[22.419405,39.639695],[22.419423,39.639696]]}},{"type":"Feature","properties":{"line":"5","mode":"bus","color":"#999f01","oi":-0.5,"n":4,"sw":1},"geometry":{"type":"LineString","coordinates":[[22.419416,39.639696],[22.419437,39.639697]]}},{"type":"Feature","properties":{"line":"5","mode":"bus","color":"#999f01","oi":0.5,"n":4},"geometry":{"type":"LineString","coordinates":[[22.419679,39.639184],[22.419697,39.639158]]}},{"type":"Feature","properties":{"line":"5","mode":"bus","color":"#999f01","oi":0,"n":4,"sw":1},"geometry":{"type":"LineString","coordinates":[[22.41966,39.639209],[22.419668,39.639198]]}},{"type":"Feature","properties":{"line":"5","mode":"bus","color":"#999f01","oi":0.25,"n":4,"sw":1},"geometry":{"type":"LineString","coordinates":[[22.419664,39.639203],[22.419674,39.63919]]}},{"type":"Feature","properties":{"line":"5","mode":"bus","color":"#999f01","oi":0.5,"n":4,"sw":1},"geometry":{"type":"LineString","coordinates":[[22.419671,39.639194],[22.41968,39.639181]]}},{"type":"Feature","properties":{"line":"5","mode":"bus","color":"#999f01","oi":0.5,"n":4},"geometry":{"type":"LineString","coordinates":[[22.411989,39.641377],[22.411025,39.641832],[22.410616,39.64206],[22.410423,39.642213],[22.410284,39.642488],[22.410267,39.642865],[22.410553,39.647089]]}},{"type":"Feature","properties":{"line":"5","mode":"bus","color":"#999f01","oi":0,"n":4,"sw":1},"geometry":{"type":"LineString","coordinates":[[22.412313,39.641179],[22.412287,39.641208]]}},{"type":"Feature","properties":{"line":"5","mode":"bus","color":"#999f01","oi":0.017,"n":4,"sw":1},"geometry":{"type":"LineString","coordinates":[[22.412291,39.641203],[22.412262,39.641234]]}},{"type":"Feature","properties":{"line":"5","mode":"bus","color":"#999f01","oi":0.063,"n":4,"sw":1},"geometry":{"type":"LineString","coordinates":[[22.412266,39.64123],[22.412239,39.641259],[22.412237,39.64126]]}},{"type":"Feature","properties":{"line":"5","mode":"bus","color":"#999f01","oi":0.13,"n":4,"sw":1},"geometry":{"type":"LineString","coordinates":[[22.412242,39.641256],[22.412239,39.641259],[22.412201,39.641277]]}},{"type":"Feature","properties":{"line":"5","mode":"bus","color":"#999f01","oi":0.209,"n":4,"sw":1},"geometry":{"type":"LineString","coordinates":[[22.412207,39.641274],[22.412166,39.641294]]}},{"type":"Feature","properties":{"line":"5","mode":"bus","color":"#999f01","oi":0.291,"n":4,"sw":1},"geometry":{"type":"LineString","coordinates":[[22.412172,39.641291],[22.41213,39.641311]]}},{"type":"Feature","properties":{"line":"5","mode":"bus","color":"#999f01","oi":0.37,"n":4,"sw":1},"geometry":{"type":"LineString","coordinates":[[22.412136,39.641308],[22.412094,39.641327]]}},{"type":"Feature","properties":{"line":"5","mode":"bus","color":"#999f01","oi":0.437,"n":4,"sw":1},"geometry":{"type":"LineString","coordinates":[[22.4121,39.641325],[22.412058,39.641344]]}},{"type":"Feature","properties":{"line":"5","mode":"bus","color":"#999f01","oi":0.483,"n":4,"sw":1},"geometry":{"type":"LineString","coordinates":[[22.412064,39.641342],[22.412022,39.641361]]}},{"type":"Feature","properties":{"line":"5","mode":"bus","color":"#999f01","oi":0.5,"n":4,"sw":1},"geometry":{"type":"LineString","coordinates":[[22.412028,39.641358],[22.411986,39.641378]]}},{"type":"Feature","properties":{"line":"5","mode":"bus","color":"#999f01","oi":0,"n":4,"sw":1},"geometry":{"type":"LineString","coordinates":[[22.414536,39.638653],[22.414568,39.638655]]}},{"type":"Feature","properties":{"line":"5","mode":"bus","color":"#999f01","oi":0.017,"n":4,"sw":1},"geometry":{"type":"LineString","coordinates":[[22.414561,39.638655],[22.414596,39.638657]]}},{"type":"Feature","properties":{"line":"5","mode":"bus","color":"#999f01","oi":0.063,"n":4,"sw":1},"geometry":{"type":"LineString","coordinates":[[22.414589,39.638657],[22.414625,39.638659]]}},{"type":"Feature","properties":{"line":"5","mode":"bus","color":"#999f01","oi":0.13,"n":4,"sw":1},"geometry":{"type":"LineString","coordinates":[[22.414618,39.638659],[22.414653,39.638661]]}},{"type":"Feature","properties":{"line":"5","mode":"bus","color":"#999f01","oi":0.209,"n":4,"sw":1},"geometry":{"type":"LineString","coordinates":[[22.414646,39.63866],[22.414681,39.638663]]}},{"type":"Feature","properties":{"line":"5","mode":"bus","color":"#999f01","oi":0.291,"n":4,"sw":1},"geometry":{"type":"LineString","coordinates":[[22.414674,39.638662],[22.41471,39.638665]]}},{"type":"Feature","properties":{"line":"5","mode":"bus","color":"#999f01","oi":0.37,"n":4,"sw":1},"geometry":{"type":"LineString","coordinates":[[22.414703,39.638664],[22.414738,39.638667]]}},{"type":"Feature","properties":{"line":"5","mode":"bus","color":"#999f01","oi":0.437,"n":4,"sw":1},"geometry":{"type":"LineString","coordinates":[[22.414731,39.638666],[22.414767,39.638669]]}},{"type":"Feature","properties":{"line":"5","mode":"bus","color":"#999f01","oi":0.483,"n":4,"sw":1},"geometry":{"type":"LineString","coordinates":[[22.41476,39.638668],[22.414795,39.638671]]}},{"type":"Feature","properties":{"line":"5","mode":"bus","color":"#999f01","oi":0.5,"n":4,"sw":1},"geometry":{"type":"LineString","coordinates":[[22.414788,39.63867],[22.414823,39.638673]]}},{"type":"Feature","properties":{"line":"5","mode":"bus","color":"#999f01","oi":0.5,"n":4,"sw":1},"geometry":{"type":"LineString","coordinates":[[22.414816,39.638672],[22.414852,39.638674]]}},{"type":"Feature","properties":{"line":"5","mode":"bus","color":"#999f01","oi":0.483,"n":4,"sw":1},"geometry":{"type":"LineString","coordinates":[[22.414845,39.638674],[22.41488,39.638676]]}},{"type":"Feature","properties":{"line":"5","mode":"bus","color":"#999f01","oi":0.437,"n":4,"sw":1},"geometry":{"type":"LineString","coordinates":[[22.414873,39.638676],[22.414909,39.638678]]}},{"type":"Feature","properties":{"line":"5","mode":"bus","color":"#999f01","oi":0.37,"n":4,"sw":1},"geometry":{"type":"LineString","coordinates":[[22.414902,39.638678],[22.414937,39.63868]]}},{"type":"Feature","properties":{"line":"5","mode":"bus","color":"#999f01","oi":0.291,"n":4,"sw":1},"geometry":{"type":"LineString","coordinates":[[22.41493,39.63868],[22.414965,39.638682]]}},{"type":"Feature","properties":{"line":"5","mode":"bus","color":"#999f01","oi":0.209,"n":4,"sw":1},"geometry":{"type":"LineString","coordinates":[[22.414958,39.638682],[22.414977,39.638683],[22.414993,39.638687]]}},{"type":"Feature","properties":{"line":"5","mode":"bus","color":"#999f01","oi":0.13,"n":4,"sw":1},"geometry":{"type":"LineString","coordinates":[[22.414986,39.638686],[22.41502,39.638695]]}},{"type":"Feature","properties":{"line":"5","mode":"bus","color":"#999f01","oi":0.063,"n":4,"sw":1},"geometry":{"type":"LineString","coordinates":[[22.415013,39.638693],[22.415047,39.638702]]}},{"type":"Feature","properties":{"line":"5","mode":"bus","color":"#999f01","oi":0.017,"n":4,"sw":1},"geometry":{"type":"LineString","coordinates":[[22.41504,39.6387],[22.415073,39.63871]]}},{"type":"Feature","properties":{"line":"5","mode":"bus","color":"#999f01","oi":0,"n":4,"sw":1},"geometry":{"type":"LineString","coordinates":[[22.415067,39.638708],[22.415097,39.638716]]}},{"type":"Feature","properties":{"line":"5","mode":"bus","color":"#999f01","oi":0,"n":3},"geometry":{"type":"LineString","coordinates":[[22.41067,39.647086],[22.410426,39.643298]]}},{"type":"Feature","properties":{"line":"5","mode":"bus","color":"#999f01","oi":0,"n":3,"sw":1},"geometry":{"type":"LineString","coordinates":[[22.410426,39.6433],[22.410424,39.643262]]}},{"type":"Feature","properties":{"line":"5","mode":"bus","color":"#999f01","oi":0.017,"n":3,"sw":1},"geometry":{"type":"LineString","coordinates":[[22.410424,39.643268],[22.410422,39.64323]]}},{"type":"Feature","properties":{"line":"5","mode":"bus","color":"#999f01","oi":0.063,"n":3,"sw":1},"geometry":{"type":"LineString","coordinates":[[22.410422,39.643236],[22.410419,39.643198]]}},{"type":"Feature","properties":{"line":"5","mode":"bus","color":"#999f01","oi":0.13,"n":3,"sw":1},"geometry":{"type":"LineString","coordinates":[[22.41042,39.643203],[22.410417,39.643165]]}},{"type":"Feature","properties":{"line":"5","mode":"bus","color":"#999f01","oi":0.209,"n":3,"sw":1},"geometry":{"type":"LineString","coordinates":[[22.410418,39.643171],[22.410415,39.643133]]}},{"type":"Feature","properties":{"line":"5","mode":"bus","color":"#999f01","oi":0.291,"n":3,"sw":1},"geometry":{"type":"LineString","coordinates":[[22.410416,39.643138],[22.410413,39.643101]]}},{"type":"Feature","properties":{"line":"5","mode":"bus","color":"#999f01","oi":0.37,"n":3,"sw":1},"geometry":{"type":"LineString","coordinates":[[22.410414,39.643106],[22.410411,39.643068]]}},{"type":"Feature","properties":{"line":"5","mode":"bus","color":"#999f01","oi":0.437,"n":3,"sw":1},"geometry":{"type":"LineString","coordinates":[[22.410411,39.643074],[22.410409,39.643036]]}},{"type":"Feature","properties":{"line":"5","mode":"bus","color":"#999f01","oi":0.483,"n":3,"sw":1},"geometry":{"type":"LineString","coordinates":[[22.410409,39.643041],[22.410407,39.643004]]}},{"type":"Feature","properties":{"line":"5","mode":"bus","color":"#999f01","oi":0.5,"n":3,"sw":1},"geometry":{"type":"LineString","coordinates":[[22.410407,39.643009],[22.410405,39.642974]]}},{"type":"Feature","properties":{"line":"5","mode":"bus","color":"#999f01","oi":0,"n":1},"geometry":{"type":"LineString","coordinates":[[22.404332,39.658041],[22.40634,39.654861]]}},{"type":"Feature","properties":{"line":"5","mode":"bus","color":"#999f01","oi":0.5,"n":1,"sw":1},"geometry":{"type":"LineString","coordinates":[[22.404148,39.658332],[22.404168,39.6583]]}},{"type":"Feature","properties":{"line":"5","mode":"bus","color":"#999f01","oi":0.483,"n":1,"sw":1},"geometry":{"type":"LineString","coordinates":[[22.404165,39.658305],[22.404186,39.658271]]}},{"type":"Feature","properties":{"line":"5","mode":"bus","color":"#999f01","oi":0.437,"n":1,"sw":1},"geometry":{"type":"LineString","coordinates":[[22.404183,39.658276],[22.404205,39.658242]]}},{"type":"Feature","properties":{"line":"5","mode":"bus","color":"#999f01","oi":0.37,"n":1,"sw":1},"geometry":{"type":"LineString","coordinates":[[22.404202,39.658247],[22.404223,39.658213]]}},{"type":"Feature","properties":{"line":"5","mode":"bus","color":"#999f01","oi":0.291,"n":1,"sw":1},"geometry":{"type":"LineString","coordinates":[[22.40422,39.658218],[22.404242,39.658184]]}},{"type":"Feature","properties":{"line":"5","mode":"bus","color":"#999f01","oi":0.209,"n":1,"sw":1},"geometry":{"type":"LineString","coordinates":[[22.404238,39.658189],[22.40426,39.658155]]}},{"type":"Feature","properties":{"line":"5","mode":"bus","color":"#999f01","oi":0.13,"n":1,"sw":1},"geometry":{"type":"LineString","coordinates":[[22.404257,39.65816],[22.404278,39.658126]]}},{"type":"Feature","properties":{"line":"5","mode":"bus","color":"#999f01","oi":0.063,"n":1,"sw":1},"geometry":{"type":"LineString","coordinates":[[22.404275,39.658131],[22.404297,39.658097]]}},{"type":"Feature","properties":{"line":"5","mode":"bus","color":"#999f01","oi":0.017,"n":1,"sw":1},"geometry":{"type":"LineString","coordinates":[[22.404294,39.658101],[22.404315,39.658067]]}},{"type":"Feature","properties":{"line":"5","mode":"bus","color":"#999f01","oi":0,"n":1,"sw":1},"geometry":{"type":"LineString","coordinates":[[22.404312,39.658072],[22.404333,39.658038]]}},{"type":"Feature","properties":{"line":"5","mode":"bus","color":"#999f01","oi":0,"n":1,"sw":1},"geometry":{"type":"LineString","coordinates":[[22.406339,39.654864],[22.40636,39.65483]]}},{"type":"Feature","properties":{"line":"5","mode":"bus","color":"#999f01","oi":0.017,"n":1,"sw":1},"geometry":{"type":"LineString","coordinates":[[22.406357,39.654835],[22.406378,39.654801]]}},{"type":"Feature","properties":{"line":"5","mode":"bus","color":"#999f01","oi":0.063,"n":1,"sw":1},"geometry":{"type":"LineString","coordinates":[[22.406375,39.654805],[22.406397,39.654771]]}},{"type":"Feature","properties":{"line":"5","mode":"bus","color":"#999f01","oi":0.13,"n":1,"sw":1},"geometry":{"type":"LineString","coordinates":[[22.406394,39.654776],[22.406415,39.654742]]}},{"type":"Feature","properties":{"line":"5","mode":"bus","color":"#999f01","oi":0.209,"n":1,"sw":1},"geometry":{"type":"LineString","coordinates":[[22.406412,39.654747],[22.406434,39.654713]]}},{"type":"Feature","properties":{"line":"5","mode":"bus","color":"#999f01","oi":0.291,"n":1,"sw":1},"geometry":{"type":"LineString","coordinates":[[22.40643,39.654718],[22.406452,39.654684]]}},{"type":"Feature","properties":{"line":"5","mode":"bus","color":"#999f01","oi":0.37,"n":1,"sw":1},"geometry":{"type":"LineString","coordinates":[[22.406449,39.654689],[22.40647,39.654655]]}},{"type":"Feature","properties":{"line":"5","mode":"bus","color":"#999f01","oi":0.437,"n":1,"sw":1},"geometry":{"type":"LineString","coordinates":[[22.406467,39.65466],[22.406489,39.654626]]}},{"type":"Feature","properties":{"line":"5","mode":"bus","color":"#999f01","oi":0.483,"n":1,"sw":1},"geometry":{"type":"LineString","coordinates":[[22.406486,39.654631],[22.406507,39.654597]]}},{"type":"Feature","properties":{"line":"5","mode":"bus","color":"#999f01","oi":0.5,"n":1,"sw":1},"geometry":{"type":"LineString","coordinates":[[22.406504,39.654602],[22.406524,39.65457]]}},{"type":"Feature","properties":{"line":"5","mode":"bus","color":"#999f01","oi":0,"n":1},"geometry":{"type":"LineString","coordinates":[[22.403496,39.659139],[22.402225,39.661153],[22.401952,39.661529],[22.401487,39.662018],[22.400979,39.662428],[22.400316,39.66286],[22.39995,39.663041],[22.39993,39.663055],[22.399923,39.663073],[22.399929,39.663093],[22.399982,39.663195],[22.400058,39.663562],[22.400051,39.667934],[22.400096,39.672441],[22.400088,39.679173],[22.400058,39.681074],[22.399993,39.682896],[22.400013,39.683135],[22.400389,39.685374],[22.400674,39.688353],[22.400772,39.690456],[22.400646,39.692024]]}},{"type":"Feature","properties":{"line":"5","mode":"bus","color":"#999f01","oi":0.5,"n":1,"sw":1},"geometry":{"type":"LineString","coordinates":[[22.40368,39.658848],[22.40366,39.65888]]}},{"type":"Feature","properties":{"line":"5","mode":"bus","color":"#999f01","oi":0.483,"n":1,"sw":1},"geometry":{"type":"LineString","coordinates":[[22.403663,39.658875],[22.403642,39.658909]]}},{"type":"Feature","properties":{"line":"5","mode":"bus","color":"#999f01","oi":0.437,"n":1,"sw":1},"geometry":{"type":"LineString","coordinates":[[22.403645,39.658904],[22.403623,39.658938]]}},{"type":"Feature","properties":{"line":"5","mode":"bus","color":"#999f01","oi":0.37,"n":1,"sw":1},"geometry":{"type":"LineString","coordinates":[[22.403626,39.658933],[22.403605,39.658967]]}},{"type":"Feature","properties":{"line":"5","mode":"bus","color":"#999f01","oi":0.291,"n":1,"sw":1},"geometry":{"type":"LineString","coordinates":[[22.403608,39.658962],[22.403587,39.658996]]}},{"type":"Feature","properties":{"line":"5","mode":"bus","color":"#999f01","oi":0.209,"n":1,"sw":1},"geometry":{"type":"LineString","coordinates":[[22.40359,39.658991],[22.403568,39.659025]]}},{"type":"Feature","properties":{"line":"5","mode":"bus","color":"#999f01","oi":0.13,"n":1,"sw":1},"geometry":{"type":"LineString","coordinates":[[22.403571,39.65902],[22.40355,39.659054]]}},{"type":"Feature","properties":{"line":"5","mode":"bus","color":"#999f01","oi":0.063,"n":1,"sw":1},"geometry":{"type":"LineString","coordinates":[[22.403553,39.659049],[22.403531,39.659083]]}},{"type":"Feature","properties":{"line":"5","mode":"bus","color":"#999f01","oi":0.017,"n":1,"sw":1},"geometry":{"type":"LineString","coordinates":[[22.403534,39.659079],[22.403513,39.659113]]}},{"type":"Feature","properties":{"line":"5","mode":"bus","color":"#999f01","oi":0,"n":1,"sw":1},"geometry":{"type":"LineString","coordinates":[[22.403516,39.659108],[22.403495,39.659142]]}},{"type":"Feature","properties":{"line":"5","mode":"bus","color":"#999f01","oi":0,"n":1},"geometry":{"type":"LineString","coordinates":[[22.400076,39.663335],[22.400168,39.663125]]}},{"type":"Feature","properties":{"line":"5","mode":"bus","color":"#999f01","oi":0,"n":1,"sw":1},"geometry":{"type":"LineString","coordinates":[[22.400167,39.663128],[22.400171,39.663119],[22.400187,39.663105]]}},{"type":"Feature","properties":{"line":"5","mode":"bus","color":"#999f01","oi":0.017,"n":1,"sw":1},"geometry":{"type":"LineString","coordinates":[[22.400182,39.663109],[22.400205,39.663088]]}},{"type":"Feature","properties":{"line":"5","mode":"bus","color":"#999f01","oi":0.063,"n":1,"sw":1},"geometry":{"type":"LineString","coordinates":[[22.400201,39.663092],[22.400224,39.663072]]}},{"type":"Feature","properties":{"line":"5","mode":"bus","color":"#999f01","oi":0.13,"n":1,"sw":1},"geometry":{"type":"LineString","coordinates":[[22.400219,39.663076],[22.400243,39.663055]]}},{"type":"Feature","properties":{"line":"5","mode":"bus","color":"#999f01","oi":0.209,"n":1,"sw":1},"geometry":{"type":"LineString","coordinates":[[22.400238,39.663059],[22.400262,39.663038]]}},{"type":"Feature","properties":{"line":"5","mode":"bus","color":"#999f01","oi":0.291,"n":1,"sw":1},"geometry":{"type":"LineString","coordinates":[[22.400257,39.663042],[22.40028,39.663021]]}},{"type":"Feature","properties":{"line":"5","mode":"bus","color":"#999f01","oi":0.37,"n":1,"sw":1},"geometry":{"type":"LineString","coordinates":[[22.400276,39.663025],[22.400299,39.663004]]}},{"type":"Feature","properties":{"line":"5","mode":"bus","color":"#999f01","oi":0.437,"n":1,"sw":1},"geometry":{"type":"LineString","coordinates":[[22.400294,39.663008],[22.400318,39.662988]]}},{"type":"Feature","properties":{"line":"5","mode":"bus","color":"#999f01","oi":0.483,"n":1,"sw":1},"geometry":{"type":"LineString","coordinates":[[22.400313,39.662992],[22.400337,39.662971]]}},{"type":"Feature","properties":{"line":"5","mode":"bus","color":"#999f01","oi":0.5,"n":1,"sw":1},"geometry":{"type":"LineString","coordinates":[[22.400332,39.662975],[22.400353,39.662956]]}},{"type":"Feature","properties":{"line":"5","mode":"bus","color":"#999f01","oi":0,"n":1},"geometry":{"type":"LineString","coordinates":[[22.395579,39.721848],[22.395305,39.721695],[22.39524,39.721631],[22.394726,39.721316],[22.394534,39.721266],[22.393042,39.720604],[22.392898,39.720467],[22.392166,39.719924],[22.392104,39.719851],[22.392088,39.71982],[22.39209,39.719786],[22.392134,39.719644],[22.392545,39.718799],[22.392954,39.718085],[22.393313,39.717514],[22.393715,39.716986],[22.39423,39.716158],[22.394863,39.715065],[22.395265,39.714642],[22.395533,39.714407],[22.396837,39.713023],[22.396873,39.713004],[22.39688,39.713],[22.396884,39.713],[22.396888,39.713001],[22.396889,39.713005],[22.396888,39.713011],[22.396881,39.713046],[22.396447,39.713635],[22.396376,39.713765],[22.396314,39.713985],[22.396125,39.715205],[22.396282,39.715638],[22.396542,39.716205],[22.396573,39.716557],[22.396537,39.71707],[22.396699,39.717284],[22.397748,39.717929],[22.398271,39.718283],[22.398548,39.718516],[22.39891,39.71888],[22.399128,39.719217],[22.399274,39.719272],[22.399397,39.719266],[22.399557,39.719339],[22.399572,39.719348],[22.399579,39.719359],[22.399577,39.719371],[22.399565,39.719383],[22.398769,39.720042],[22.398417,39.720397],[22.398326,39.720585],[22.398216,39.72098],[22.398076,39.721274],[22.397615,39.722001],[22.397599,39.722019],[22.397577,39.72203],[22.397548,39.722034],[22.397084,39.722049],[22.396992,39.722091],[22.396803,39.722276],[22.39634,39.722886],[22.396329,39.722896],[22.396317,39.722901],[22.396303,39.722899],[22.396289,39.722891],[22.396233,39.722851],[22.395895,39.72233],[22.395707,39.721984],[22.395596,39.721865]]}},{"type":"Feature","properties":{"line":"5","mode":"bus","color":"#999f01","oi":0,"n":1},"geometry":{"type":"LineString","coordinates":[[22.401325,39.69332],[22.404912,39.693029],[22.405663,39.693014],[22.409538,39.693204],[22.415183,39.693433],[22.417837,39.693513],[22.417858,39.693511],[22.417873,39.693505],[22.417882,39.693494],[22.417886,39.693478],[22.417942,39.692259]]}},{"type":"Feature","properties":{"line":"5","mode":"bus","color":"#999f01","oi":0,"n":1},"geometry":{"type":"LineString","coordinates":[[22.400428,39.693317],[22.40054,39.69336],[22.400621,39.693363],[22.400988,39.693358],[22.401279,39.693325],[22.401292,39.693324],[22.401299,39.693322],[22.401302,39.693321],[22.401299,39.69332],[22.401291,39.693319],[22.401278,39.693318],[22.400553,39.693286],[22.400428,39.693317]]}},{"type":"Feature","properties":{"line":"5","mode":"bus","color":"#999f01","oi":0,"n":1},"geometry":{"type":"LineString","coordinates":[[22.417984,39.691615],[22.417575,39.691913],[22.417562,39.691926],[22.417558,39.691938],[22.417561,39.691951],[22.417573,39.691964],[22.41791,39.692233],[22.417931,39.692245],[22.417954,39.692245],[22.417977,39.692235],[22.418343,39.691982],[22.418359,39.691966],[22.41836,39.691949],[22.418347,39.691931],[22.417984,39.691615]]}},{"type":"Feature","properties":{"line":"5","mode":"bus","color":"#999f01","oi":0,"n":1},"geometry":{"type":"LineString","coordinates":[[22.400216,39.694809],[22.400142,39.695323],[22.400059,39.696335],[22.399959,39.69964],[22.399853,39.702056],[22.399915,39.702675],[22.400407,39.705799],[22.400396,39.706203],[22.40021,39.706711],[22.398444,39.710394],[22.397946,39.71155],[22.397831,39.711748],[22.397343,39.712425],[22.396892,39.712993]]}},{"type":"Feature","properties":{"line":"5","mode":"bus","color":"#999f01","oi":0,"n":1},"geometry":{"type":"LineString","coordinates":[[22.400058,39.663562],[22.400083,39.663461],[22.400069,39.663257],[22.399971,39.663034]]}},{"type":"Feature","properties":{"line":"5","mode":"bus","color":"#999f01","oi":0,"n":1},"geometry":{"type":"LineString","coordinates":[[22.400646,39.692024],[22.40065,39.692499],[22.400599,39.693006],[22.40041,39.694087],[22.400225,39.694774],[22.400223,39.694784],[22.400221,39.694789],[22.40022,39.694791],[22.400219,39.694789],[22.40022,39.694783],[22.400221,39.694773],[22.400535,39.692566],[22.400646,39.692024]]}},{"type":"Feature","properties":{"line":"5","mode":"bus","color":"#999f01","oi":0.5,"n":2},"geometry":{"type":"LineString","coordinates":[[22.405939,39.655261],[22.40368,39.658848]]}},{"type":"Feature","properties":{"line":"5","mode":"bus","color":"#999f01","oi":1,"n":2,"sw":1},"geometry":{"type":"LineString","coordinates":[[22.406123,39.65497],[22.406103,39.655002]]}},{"type":"Feature","properties":{"line":"5","mode":"bus","color":"#999f01","oi":0.983,"n":2,"sw":1},"geometry":{"type":"LineString","coordinates":[[22.406106,39.654997],[22.406085,39.655031]]}},{"type":"Feature","properties":{"line":"5","mode":"bus","color":"#999f01","oi":0.937,"n":2,"sw":1},"geometry":{"type":"LineString","coordinates":[[22.406088,39.655026],[22.406066,39.65506]]}},{"type":"Feature","properties":{"line":"5","mode":"bus","color":"#999f01","oi":0.87,"n":2,"sw":1},"geometry":{"type":"LineString","coordinates":[[22.406069,39.655055],[22.406048,39.655089]]}},{"type":"Feature","properties":{"line":"5","mode":"bus","color":"#999f01","oi":0.791,"n":2,"sw":1},"geometry":{"type":"LineString","coordinates":[[22.406051,39.655084],[22.40603,39.655118]]}},{"type":"Feature","properties":{"line":"5","mode":"bus","color":"#999f01","oi":0.709,"n":2,"sw":1},"geometry":{"type":"LineString","coordinates":[[22.406033,39.655113],[22.406011,39.655147]]}},{"type":"Feature","properties":{"line":"5","mode":"bus","color":"#999f01","oi":0.63,"n":2,"sw":1},"geometry":{"type":"LineString","coordinates":[[22.406014,39.655142],[22.405993,39.655176]]}},{"type":"Feature","properties":{"line":"5","mode":"bus","color":"#999f01","oi":0.563,"n":2,"sw":1},"geometry":{"type":"LineString","coordinates":[[22.405996,39.655172],[22.405975,39.655206]]}},{"type":"Feature","properties":{"line":"5","mode":"bus","color":"#999f01","oi":0.517,"n":2,"sw":1},"geometry":{"type":"LineString","coordinates":[[22.405978,39.655201],[22.405956,39.655235]]}},{"type":"Feature","properties":{"line":"5","mode":"bus","color":"#999f01","oi":0.5,"n":2,"sw":1},"geometry":{"type":"LineString","coordinates":[[22.405959,39.65523],[22.405938,39.655264]]}},{"type":"Feature","properties":{"line":"7","mode":"bus","color":"#126804","oi":-0.5,"n":4},"geometry":{"type":"LineString","coordinates":[[22.414759,39.638896],[22.414025,39.639513],[22.413647,39.639792],[22.412781,39.640529],[22.412709,39.640732],[22.412787,39.640985],[22.41274,39.641047]]}},{"type":"Feature","properties":{"line":"7","mode":"bus","color":"#126804","oi":0,"n":4,"sw":1},"geometry":{"type":"LineString","coordinates":[[22.415097,39.638716],[22.415053,39.638726]]}},{"type":"Feature","properties":{"line":"7","mode":"bus","color":"#126804","oi":-0.017,"n":4,"sw":1},"geometry":{"type":"LineString","coordinates":[[22.41506,39.638724],[22.415013,39.638735]]}},{"type":"Feature","properties":{"line":"7","mode":"bus","color":"#126804","oi":-0.063,"n":4,"sw":1},"geometry":{"type":"LineString","coordinates":[[22.41502,39.638733],[22.41498,39.638742],[22.414974,39.638746]]}},{"type":"Feature","properties":{"line":"7","mode":"bus","color":"#126804","oi":-0.13,"n":4,"sw":1},"geometry":{"type":"LineString","coordinates":[[22.414979,39.638742],[22.414942,39.638766]]}},{"type":"Feature","properties":{"line":"7","mode":"bus","color":"#126804","oi":-0.209,"n":4,"sw":1},"geometry":{"type":"LineString","coordinates":[[22.414947,39.638763],[22.414909,39.638787]]}},{"type":"Feature","properties":{"line":"7","mode":"bus","color":"#126804","oi":-0.291,"n":4,"sw":1},"geometry":{"type":"LineString","coordinates":[[22.414914,39.638783],[22.414877,39.638807]]}},{"type":"Feature","properties":{"line":"7","mode":"bus","color":"#126804","oi":-0.37,"n":4,"sw":1},"geometry":{"type":"LineString","coordinates":[[22.414882,39.638804],[22.414844,39.638828]]}},{"type":"Feature","properties":{"line":"7","mode":"bus","color":"#126804","oi":-0.437,"n":4,"sw":1},"geometry":{"type":"LineString","coordinates":[[22.41485,39.638825],[22.41483,39.638837],[22.414814,39.63885]]}},{"type":"Feature","properties":{"line":"7","mode":"bus","color":"#126804","oi":-0.483,"n":4,"sw":1},"geometry":{"type":"LineString","coordinates":[[22.414819,39.638846],[22.414786,39.638874]]}},{"type":"Feature","properties":{"line":"7","mode":"bus","color":"#126804","oi":-0.5,"n":4,"sw":1},"geometry":{"type":"LineString","coordinates":[[22.41479,39.63887],[22.414757,39.638898]]}},{"type":"Feature","properties":{"line":"7","mode":"bus","color":"#126804","oi":-0.5,"n":4,"sw":1},"geometry":{"type":"LineString","coordinates":[[22.412742,39.641044],[22.412717,39.641077]]}},{"type":"Feature","properties":{"line":"7","mode":"bus","color":"#126804","oi":-0.483,"n":4,"sw":1},"geometry":{"type":"LineString","coordinates":[[22.41272,39.641072],[22.412695,39.641105]]}},{"type":"Feature","properties":{"line":"7","mode":"bus","color":"#126804","oi":-0.437,"n":4,"sw":1},"geometry":{"type":"LineString","coordinates":[[22.412699,39.6411],[22.412674,39.641133]]}},{"type":"Feature","properties":{"line":"7","mode":"bus","color":"#126804","oi":-0.37,"n":4,"sw":1},"geometry":{"type":"LineString","coordinates":[[22.412677,39.641128],[22.412652,39.641161]]}},{"type":"Feature","properties":{"line":"7","mode":"bus","color":"#126804","oi":-0.291,"n":4,"sw":1},"geometry":{"type":"LineString","coordinates":[[22.412656,39.641156],[22.412631,39.641188]]}},{"type":"Feature","properties":{"line":"7","mode":"bus","color":"#126804","oi":-0.209,"n":4,"sw":1},"geometry":{"type":"LineString","coordinates":[[22.412635,39.641184],[22.41261,39.641216]]}},{"type":"Feature","properties":{"line":"7","mode":"bus","color":"#126804","oi":-0.13,"n":4,"sw":1},"geometry":{"type":"LineString","coordinates":[[22.412613,39.641212],[22.41259,39.641242],[22.412587,39.641243]]}},{"type":"Feature","properties":{"line":"7","mode":"bus","color":"#126804","oi":-0.063,"n":4,"sw":1},"geometry":{"type":"LineString","coordinates":[[22.412592,39.64124],[22.41259,39.641242],[22.412551,39.64126]]}},{"type":"Feature","properties":{"line":"7","mode":"bus","color":"#126804","oi":-0.017,"n":4,"sw":1},"geometry":{"type":"LineString","coordinates":[[22.412557,39.641258],[22.412516,39.641277]]}},{"type":"Feature","properties":{"line":"7","mode":"bus","color":"#126804","oi":0,"n":4,"sw":1},"geometry":{"type":"LineString","coordinates":[[22.412522,39.641275],[22.412483,39.641293]]}},{"type":"Feature","properties":{"line":"7","mode":"bus","color":"#126804","oi":-0.5,"n":4},"geometry":{"type":"LineString","coordinates":[[22.410405,39.642974],[22.410379,39.642667],[22.410411,39.642527],[22.410539,39.642299],[22.410681,39.642143],[22.411161,39.641862],[22.412063,39.641454]]}},{"type":"Feature","properties":{"line":"7","mode":"bus","color":"#126804","oi":-0.5,"n":4,"sw":1},"geometry":{"type":"LineString","coordinates":[[22.41206,39.641455],[22.412102,39.641436]]}},{"type":"Feature","properties":{"line":"7","mode":"bus","color":"#126804","oi":-0.483,"n":4,"sw":1},"geometry":{"type":"LineString","coordinates":[[22.412096,39.641439],[22.412138,39.64142]]}},{"type":"Feature","properties":{"line":"7","mode":"bus","color":"#126804","oi":-0.437,"n":4,"sw":1},"geometry":{"type":"LineString","coordinates":[[22.412132,39.641423],[22.412174,39.641403]]}},{"type":"Feature","properties":{"line":"7","mode":"bus","color":"#126804","oi":-0.37,"n":4,"sw":1},"geometry":{"type":"LineString","coordinates":[[22.412168,39.641406],[22.412211,39.641387]]}},{"type":"Feature","properties":{"line":"7","mode":"bus","color":"#126804","oi":-0.291,"n":4,"sw":1},"geometry":{"type":"LineString","coordinates":[[22.412205,39.64139],[22.412247,39.641371]]}},{"type":"Feature","properties":{"line":"7","mode":"bus","color":"#126804","oi":-0.209,"n":4,"sw":1},"geometry":{"type":"LineString","coordinates":[[22.412241,39.641373],[22.412283,39.641354]]}},{"type":"Feature","properties":{"line":"7","mode":"bus","color":"#126804","oi":-0.13,"n":4,"sw":1},"geometry":{"type":"LineString","coordinates":[[22.412277,39.641357],[22.412319,39.641338]]}},{"type":"Feature","properties":{"line":"7","mode":"bus","color":"#126804","oi":-0.063,"n":4,"sw":1},"geometry":{"type":"LineString","coordinates":[[22.412313,39.641341],[22.412356,39.641321]]}},{"type":"Feature","properties":{"line":"7","mode":"bus","color":"#126804","oi":-0.017,"n":4,"sw":1},"geometry":{"type":"LineString","coordinates":[[22.41235,39.641324],[22.412392,39.641305]]}},{"type":"Feature","properties":{"line":"7","mode":"bus","color":"#126804","oi":0,"n":4,"sw":1},"geometry":{"type":"LineString","coordinates":[[22.412386,39.641308],[22.412425,39.64129]]}},{"type":"Feature","properties":{"line":"7","mode":"bus","color":"#126804","oi":-0.5,"n":2},"geometry":{"type":"LineString","coordinates":[[22.406524,39.65457],[22.409225,39.650395],[22.409339,39.650275],[22.409519,39.650192],[22.409569,39.650142],[22.409616,39.649806],[22.410447,39.648537],[22.410562,39.648287],[22.410685,39.64777],[22.410677,39.64741]]}},{"type":"Feature","properties":{"line":"7","mode":"bus","color":"#126804","oi":-0.5,"n":2,"sw":1},"geometry":{"type":"LineString","coordinates":[[22.410677,39.647413],[22.410676,39.647375]]}},{"type":"Feature","properties":{"line":"7","mode":"bus","color":"#126804","oi":-0.517,"n":2,"sw":1},"geometry":{"type":"LineString","coordinates":[[22.410676,39.64738],[22.410676,39.647342]]}},{"type":"Feature","properties":{"line":"7","mode":"bus","color":"#126804","oi":-0.563,"n":2,"sw":1},"geometry":{"type":"LineString","coordinates":[[22.410676,39.647348],[22.410675,39.64731]]}},{"type":"Feature","properties":{"line":"7","mode":"bus","color":"#126804","oi":-0.63,"n":2,"sw":1},"geometry":{"type":"LineString","coordinates":[[22.410675,39.647315],[22.410674,39.647278]]}},{"type":"Feature","properties":{"line":"7","mode":"bus","color":"#126804","oi":-0.709,"n":2,"sw":1},"geometry":{"type":"LineString","coordinates":[[22.410674,39.647283],[22.410673,39.647245]]}},{"type":"Feature","properties":{"line":"7","mode":"bus","color":"#126804","oi":-0.791,"n":2,"sw":1},"geometry":{"type":"LineString","coordinates":[[22.410674,39.647251],[22.410673,39.647213]]}},{"type":"Feature","properties":{"line":"7","mode":"bus","color":"#126804","oi":-0.87,"n":2,"sw":1},"geometry":{"type":"LineString","coordinates":[[22.410673,39.647218],[22.410672,39.64718]]}},{"type":"Feature","properties":{"line":"7","mode":"bus","color":"#126804","oi":-0.937,"n":2,"sw":1},"geometry":{"type":"LineString","coordinates":[[22.410672,39.647186],[22.410671,39.647148]]}},{"type":"Feature","properties":{"line":"7","mode":"bus","color":"#126804","oi":-0.983,"n":2,"sw":1},"geometry":{"type":"LineString","coordinates":[[22.410671,39.647153],[22.410671,39.647116]]}},{"type":"Feature","properties":{"line":"7","mode":"bus","color":"#126804","oi":-1,"n":2,"sw":1},"geometry":{"type":"LineString","coordinates":[[22.410671,39.647121],[22.41067,39.647086]]}},{"type":"Feature","properties":{"line":"7","mode":"bus","color":"#126804","oi":-0.5,"n":2},"geometry":{"type":"LineString","coordinates":[[22.400353,39.662956],[22.400882,39.662634],[22.401414,39.66223],[22.401738,39.66193],[22.402054,39.661587],[22.402425,39.661079],[22.404148,39.658332]]}},{"type":"Feature","properties":{"line":"7","mode":"bus","color":"#126804","oi":0,"n":3},"geometry":{"type":"LineString","coordinates":[[22.410569,39.647413],[22.410583,39.647679],[22.410559,39.647934],[22.410514,39.648116],[22.41035,39.648471],[22.409527,39.649721],[22.409399,39.649856],[22.40921,39.649949],[22.409171,39.649994],[22.409152,39.650046],[22.409166,39.650212],[22.4091,39.650347],[22.406123,39.65497],[22.405897,39.655065],[22.405775,39.655086],[22.405631,39.655073],[22.405586,39.655089],[22.405568,39.655098],[22.405558,39.655112],[22.405544,39.655143]]}},{"type":"Feature","properties":{"line":"7","mode":"bus","color":"#126804","oi":-0.5,"n":3,"sw":1},"geometry":{"type":"LineString","coordinates":[[22.410553,39.647089],[22.410555,39.647124]]}},{"type":"Feature","properties":{"line":"7","mode":"bus","color":"#126804","oi":-0.483,"n":3,"sw":1},"geometry":{"type":"LineString","coordinates":[[22.410555,39.647119],[22.410556,39.647156]]}},{"type":"Feature","properties":{"line":"7","mode":"bus","color":"#126804","oi":-0.437,"n":3,"sw":1},"geometry":{"type":"LineString","coordinates":[[22.410556,39.647151],[22.410558,39.647189]]}},{"type":"Feature","properties":{"line":"7","mode":"bus","color":"#126804","oi":-0.37,"n":3,"sw":1},"geometry":{"type":"LineString","coordinates":[[22.410558,39.647183],[22.41056,39.647221]]}},{"type":"Feature","properties":{"line":"7","mode":"bus","color":"#126804","oi":-0.291,"n":3,"sw":1},"geometry":{"type":"LineString","coordinates":[[22.410559,39.647216],[22.410561,39.647254]]}},{"type":"Feature","properties":{"line":"7","mode":"bus","color":"#126804","oi":-0.209,"n":3,"sw":1},"geometry":{"type":"LineString","coordinates":[[22.410561,39.647248],[22.410563,39.647286]]}},{"type":"Feature","properties":{"line":"7","mode":"bus","color":"#126804","oi":-0.13,"n":3,"sw":1},"geometry":{"type":"LineString","coordinates":[[22.410563,39.647281],[22.410565,39.647318]]}},{"type":"Feature","properties":{"line":"7","mode":"bus","color":"#126804","oi":-0.063,"n":3,"sw":1},"geometry":{"type":"LineString","coordinates":[[22.410564,39.647313],[22.410566,39.647351]]}},{"type":"Feature","properties":{"line":"7","mode":"bus","color":"#126804","oi":-0.017,"n":3,"sw":1},"geometry":{"type":"LineString","coordinates":[[22.410566,39.647345],[22.410568,39.647383]]}},{"type":"Feature","properties":{"line":"7","mode":"bus","color":"#126804","oi":0,"n":3,"sw":1},"geometry":{"type":"LineString","coordinates":[[22.410568,39.647378],[22.41057,39.647415]]}},{"type":"Feature","properties":{"line":"7","mode":"bus","color":"#126804","oi":-1.5,"n":4},"geometry":{"type":"LineString","coordinates":[[22.419682,39.639563],[22.419694,39.63958]]}},{"type":"Feature","properties":{"line":"7","mode":"bus","color":"#126804","oi":0,"n":4,"sw":1},"geometry":{"type":"LineString","coordinates":[[22.419669,39.639545],[22.419677,39.639556]]}},{"type":"Feature","properties":{"line":"7","mode":"bus","color":"#126804","oi":-1.5,"n":4,"sw":1},"geometry":{"type":"LineString","coordinates":[[22.419674,39.639551],[22.419683,39.639565]]}},{"type":"Feature","properties":{"line":"7","mode":"bus","color":"#126804","oi":-0.5,"n":4},"geometry":{"type":"LineString","coordinates":[[22.411989,39.641377],[22.411025,39.641832],[22.410616,39.64206],[22.410423,39.642213],[22.410284,39.642488],[22.410267,39.642865],[22.410553,39.647089]]}},{"type":"Feature","properties":{"line":"7","mode":"bus","color":"#126804","oi":0,"n":4,"sw":1},"geometry":{"type":"LineString","coordinates":[[22.412313,39.641179],[22.412287,39.641208]]}},{"type":"Feature","properties":{"line":"7","mode":"bus","color":"#126804","oi":-0.017,"n":4,"sw":1},"geometry":{"type":"LineString","coordinates":[[22.412291,39.641203],[22.412262,39.641234]]}},{"type":"Feature","properties":{"line":"7","mode":"bus","color":"#126804","oi":-0.063,"n":4,"sw":1},"geometry":{"type":"LineString","coordinates":[[22.412266,39.64123],[22.412239,39.641259],[22.412237,39.64126]]}},{"type":"Feature","properties":{"line":"7","mode":"bus","color":"#126804","oi":-0.13,"n":4,"sw":1},"geometry":{"type":"LineString","coordinates":[[22.412242,39.641256],[22.412239,39.641259],[22.412201,39.641277]]}},{"type":"Feature","properties":{"line":"7","mode":"bus","color":"#126804","oi":-0.209,"n":4,"sw":1},"geometry":{"type":"LineString","coordinates":[[22.412207,39.641274],[22.412166,39.641294]]}},{"type":"Feature","properties":{"line":"7","mode":"bus","color":"#126804","oi":-0.291,"n":4,"sw":1},"geometry":{"type":"LineString","coordinates":[[22.412172,39.641291],[22.41213,39.641311]]}},{"type":"Feature","properties":{"line":"7","mode":"bus","color":"#126804","oi":-0.37,"n":4,"sw":1},"geometry":{"type":"LineString","coordinates":[[22.412136,39.641308],[22.412094,39.641327]]}},{"type":"Feature","properties":{"line":"7","mode":"bus","color":"#126804","oi":-0.437,"n":4,"sw":1},"geometry":{"type":"LineString","coordinates":[[22.4121,39.641325],[22.412058,39.641344]]}},{"type":"Feature","properties":{"line":"7","mode":"bus","color":"#126804","oi":-0.483,"n":4,"sw":1},"geometry":{"type":"LineString","coordinates":[[22.412064,39.641342],[22.412022,39.641361]]}},{"type":"Feature","properties":{"line":"7","mode":"bus","color":"#126804","oi":-0.5,"n":4,"sw":1},"geometry":{"type":"LineString","coordinates":[[22.412028,39.641358],[22.411986,39.641378]]}},{"type":"Feature","properties":{"line":"7","mode":"bus","color":"#126804","oi":0,"n":4,"sw":1},"geometry":{"type":"LineString","coordinates":[[22.414536,39.638653],[22.414568,39.638655]]}},{"type":"Feature","properties":{"line":"7","mode":"bus","color":"#126804","oi":-0.017,"n":4,"sw":1},"geometry":{"type":"LineString","coordinates":[[22.414561,39.638655],[22.414596,39.638657]]}},{"type":"Feature","properties":{"line":"7","mode":"bus","color":"#126804","oi":-0.063,"n":4,"sw":1},"geometry":{"type":"LineString","coordinates":[[22.414589,39.638657],[22.414625,39.638659]]}},{"type":"Feature","properties":{"line":"7","mode":"bus","color":"#126804","oi":-0.13,"n":4,"sw":1},"geometry":{"type":"LineString","coordinates":[[22.414618,39.638659],[22.414653,39.638661]]}},{"type":"Feature","properties":{"line":"7","mode":"bus","color":"#126804","oi":-0.209,"n":4,"sw":1},"geometry":{"type":"LineString","coordinates":[[22.414646,39.63866],[22.414681,39.638663]]}},{"type":"Feature","properties":{"line":"7","mode":"bus","color":"#126804","oi":-0.291,"n":4,"sw":1},"geometry":{"type":"LineString","coordinates":[[22.414674,39.638662],[22.41471,39.638665]]}},{"type":"Feature","properties":{"line":"7","mode":"bus","color":"#126804","oi":-0.37,"n":4,"sw":1},"geometry":{"type":"LineString","coordinates":[[22.414703,39.638664],[22.414738,39.638667]]}},{"type":"Feature","properties":{"line":"7","mode":"bus","color":"#126804","oi":-0.437,"n":4,"sw":1},"geometry":{"type":"LineString","coordinates":[[22.414731,39.638666],[22.414767,39.638669]]}},{"type":"Feature","properties":{"line":"7","mode":"bus","color":"#126804","oi":-0.483,"n":4,"sw":1},"geometry":{"type":"LineString","coordinates":[[22.41476,39.638668],[22.414795,39.638671]]}},{"type":"Feature","properties":{"line":"7","mode":"bus","color":"#126804","oi":-0.5,"n":4,"sw":1},"geometry":{"type":"LineString","coordinates":[[22.414788,39.63867],[22.414823,39.638673]]}},{"type":"Feature","properties":{"line":"7","mode":"bus","color":"#126804","oi":-0.5,"n":4,"sw":1},"geometry":{"type":"LineString","coordinates":[[22.414816,39.638672],[22.414852,39.638674]]}},{"type":"Feature","properties":{"line":"7","mode":"bus","color":"#126804","oi":-0.483,"n":4,"sw":1},"geometry":{"type":"LineString","coordinates":[[22.414845,39.638674],[22.41488,39.638676]]}},{"type":"Feature","properties":{"line":"7","mode":"bus","color":"#126804","oi":-0.437,"n":4,"sw":1},"geometry":{"type":"LineString","coordinates":[[22.414873,39.638676],[22.414909,39.638678]]}},{"type":"Feature","properties":{"line":"7","mode":"bus","color":"#126804","oi":-0.37,"n":4,"sw":1},"geometry":{"type":"LineString","coordinates":[[22.414902,39.638678],[22.414937,39.63868]]}},{"type":"Feature","properties":{"line":"7","mode":"bus","color":"#126804","oi":-0.291,"n":4,"sw":1},"geometry":{"type":"LineString","coordinates":[[22.41493,39.63868],[22.414965,39.638682]]}},{"type":"Feature","properties":{"line":"7","mode":"bus","color":"#126804","oi":-0.209,"n":4,"sw":1},"geometry":{"type":"LineString","coordinates":[[22.414958,39.638682],[22.414977,39.638683],[22.414993,39.638687]]}},{"type":"Feature","properties":{"line":"7","mode":"bus","color":"#126804","oi":-0.13,"n":4,"sw":1},"geometry":{"type":"LineString","coordinates":[[22.414986,39.638686],[22.41502,39.638695]]}},{"type":"Feature","properties":{"line":"7","mode":"bus","color":"#126804","oi":-0.063,"n":4,"sw":1},"geometry":{"type":"LineString","coordinates":[[22.415013,39.638693],[22.415047,39.638702]]}},{"type":"Feature","properties":{"line":"7","mode":"bus","color":"#126804","oi":-0.017,"n":4,"sw":1},"geometry":{"type":"LineString","coordinates":[[22.41504,39.6387],[22.415073,39.63871]]}},{"type":"Feature","properties":{"line":"7","mode":"bus","color":"#126804","oi":0,"n":4,"sw":1},"geometry":{"type":"LineString","coordinates":[[22.415067,39.638708],[22.415097,39.638716]]}},{"type":"Feature","properties":{"line":"7","mode":"bus","color":"#126804","oi":-1,"n":3},"geometry":{"type":"LineString","coordinates":[[22.41067,39.647086],[22.410426,39.643298]]}},{"type":"Feature","properties":{"line":"7","mode":"bus","color":"#126804","oi":-1,"n":3,"sw":1},"geometry":{"type":"LineString","coordinates":[[22.410426,39.6433],[22.410424,39.643262]]}},{"type":"Feature","properties":{"line":"7","mode":"bus","color":"#126804","oi":-0.983,"n":3,"sw":1},"geometry":{"type":"LineString","coordinates":[[22.410424,39.643268],[22.410422,39.64323]]}},{"type":"Feature","properties":{"line":"7","mode":"bus","color":"#126804","oi":-0.937,"n":3,"sw":1},"geometry":{"type":"LineString","coordinates":[[22.410422,39.643236],[22.410419,39.643198]]}},{"type":"Feature","properties":{"line":"7","mode":"bus","color":"#126804","oi":-0.87,"n":3,"sw":1},"geometry":{"type":"LineString","coordinates":[[22.41042,39.643203],[22.410417,39.643165]]}},{"type":"Feature","properties":{"line":"7","mode":"bus","color":"#126804","oi":-0.791,"n":3,"sw":1},"geometry":{"type":"LineString","coordinates":[[22.410418,39.643171],[22.410415,39.643133]]}},{"type":"Feature","properties":{"line":"7","mode":"bus","color":"#126804","oi":-0.709,"n":3,"sw":1},"geometry":{"type":"LineString","coordinates":[[22.410416,39.643138],[22.410413,39.643101]]}},{"type":"Feature","properties":{"line":"7","mode":"bus","color":"#126804","oi":-0.63,"n":3,"sw":1},"geometry":{"type":"LineString","coordinates":[[22.410414,39.643106],[22.410411,39.643068]]}},{"type":"Feature","properties":{"line":"7","mode":"bus","color":"#126804","oi":-0.563,"n":3,"sw":1},"geometry":{"type":"LineString","coordinates":[[22.410411,39.643074],[22.410409,39.643036]]}},{"type":"Feature","properties":{"line":"7","mode":"bus","color":"#126804","oi":-0.517,"n":3,"sw":1},"geometry":{"type":"LineString","coordinates":[[22.410409,39.643041],[22.410407,39.643004]]}},{"type":"Feature","properties":{"line":"7","mode":"bus","color":"#126804","oi":-0.5,"n":3,"sw":1},"geometry":{"type":"LineString","coordinates":[[22.410407,39.643009],[22.410405,39.642974]]}},{"type":"Feature","properties":{"line":"7","mode":"bus","color":"#126804","oi":0,"n":1},"geometry":{"type":"LineString","coordinates":[[22.405544,39.655143],[22.405952,39.655257],[22.405979,39.65526],[22.406001,39.655253],[22.406018,39.655237],[22.406288,39.654837]]}},{"type":"Feature","properties":{"line":"7","mode":"bus","color":"#126804","oi":0,"n":1,"sw":1},"geometry":{"type":"LineString","coordinates":[[22.406286,39.654839],[22.406309,39.654806]]}},{"type":"Feature","properties":{"line":"7","mode":"bus","color":"#126804","oi":-0.017,"n":1,"sw":1},"geometry":{"type":"LineString","coordinates":[[22.406305,39.654811],[22.406328,39.654777]]}},{"type":"Feature","properties":{"line":"7","mode":"bus","color":"#126804","oi":-0.063,"n":1,"sw":1},"geometry":{"type":"LineString","coordinates":[[22.406325,39.654782],[22.406332,39.654771],[22.406352,39.65475]]}},{"type":"Feature","properties":{"line":"7","mode":"bus","color":"#126804","oi":-0.13,"n":1,"sw":1},"geometry":{"type":"LineString","coordinates":[[22.406348,39.654755],[22.406377,39.654724]]}},{"type":"Feature","properties":{"line":"7","mode":"bus","color":"#126804","oi":-0.209,"n":1,"sw":1},"geometry":{"type":"LineString","coordinates":[[22.406372,39.654729],[22.406402,39.654698]]}},{"type":"Feature","properties":{"line":"7","mode":"bus","color":"#126804","oi":-0.291,"n":1,"sw":1},"geometry":{"type":"LineString","coordinates":[[22.406397,39.654703],[22.406426,39.654672]]}},{"type":"Feature","properties":{"line":"7","mode":"bus","color":"#126804","oi":-0.37,"n":1,"sw":1},"geometry":{"type":"LineString","coordinates":[[22.406422,39.654677],[22.406451,39.654646]]}},{"type":"Feature","properties":{"line":"7","mode":"bus","color":"#126804","oi":-0.437,"n":1,"sw":1},"geometry":{"type":"LineString","coordinates":[[22.406447,39.65465],[22.406476,39.65462]]}},{"type":"Feature","properties":{"line":"7","mode":"bus","color":"#126804","oi":-0.483,"n":1,"sw":1},"geometry":{"type":"LineString","coordinates":[[22.406472,39.654624],[22.406501,39.654594]]}},{"type":"Feature","properties":{"line":"7","mode":"bus","color":"#126804","oi":-0.5,"n":1,"sw":1},"geometry":{"type":"LineString","coordinates":[[22.406497,39.654598],[22.406524,39.65457]]}},{"type":"Feature","properties":{"line":"7","mode":"bus","color":"#126804","oi":0,"n":1},"geometry":{"type":"LineString","coordinates":[[22.394134,39.665239],[22.39421,39.66521],[22.394226,39.665207],[22.394239,39.66521],[22.394249,39.66522],[22.39426,39.665237],[22.39427,39.665247],[22.394283,39.66525],[22.394299,39.665247],[22.397715,39.663957],[22.399274,39.663433],[22.399966,39.663149],[22.4,39.663132]]}},{"type":"Feature","properties":{"line":"7","mode":"bus","color":"#126804","oi":0,"n":1,"sw":1},"geometry":{"type":"LineString","coordinates":[[22.399997,39.663133],[22.400038,39.663113]]}},{"type":"Feature","properties":{"line":"7","mode":"bus","color":"#126804","oi":-0.017,"n":1,"sw":1},"geometry":{"type":"LineString","coordinates":[[22.400033,39.663116],[22.400074,39.663095]]}},{"type":"Feature","properties":{"line":"7","mode":"bus","color":"#126804","oi":-0.063,"n":1,"sw":1},"geometry":{"type":"LineString","coordinates":[[22.400068,39.663098],[22.400109,39.663078]]}},{"type":"Feature","properties":{"line":"7","mode":"bus","color":"#126804","oi":-0.13,"n":1,"sw":1},"geometry":{"type":"LineString","coordinates":[[22.400103,39.663081],[22.400144,39.66306]]}},{"type":"Feature","properties":{"line":"7","mode":"bus","color":"#126804","oi":-0.209,"n":1,"sw":1},"geometry":{"type":"LineString","coordinates":[[22.400138,39.663063],[22.40018,39.663042]]}},{"type":"Feature","properties":{"line":"7","mode":"bus","color":"#126804","oi":-0.291,"n":1,"sw":1},"geometry":{"type":"LineString","coordinates":[[22.400174,39.663045],[22.400215,39.663025]]}},{"type":"Feature","properties":{"line":"7","mode":"bus","color":"#126804","oi":-0.37,"n":1,"sw":1},"geometry":{"type":"LineString","coordinates":[[22.400209,39.663028],[22.40025,39.663007]]}},{"type":"Feature","properties":{"line":"7","mode":"bus","color":"#126804","oi":-0.437,"n":1,"sw":1},"geometry":{"type":"LineString","coordinates":[[22.400244,39.66301],[22.400285,39.66299]]}},{"type":"Feature","properties":{"line":"7","mode":"bus","color":"#126804","oi":-0.483,"n":1,"sw":1},"geometry":{"type":"LineString","coordinates":[[22.40028,39.662993],[22.400321,39.662972]]}},{"type":"Feature","properties":{"line":"7","mode":"bus","color":"#126804","oi":-0.5,"n":1,"sw":1},"geometry":{"type":"LineString","coordinates":[[22.400315,39.662975],[22.400353,39.662956]]}},{"type":"Feature","properties":{"line":"7","mode":"bus","color":"#126804","oi":0,"n":1},"geometry":{"type":"LineString","coordinates":[[22.39417,39.665296],[22.390719,39.66662],[22.390698,39.666632],[22.390691,39.666649],[22.390697,39.666669],[22.391035,39.667219],[22.391028,39.667333],[22.391029,39.667342],[22.391034,39.667348],[22.391042,39.667349],[22.391054,39.667345],[22.391078,39.667337],[22.391105,39.667331],[22.391132,39.667336],[22.394736,39.668706],[22.394795,39.668752],[22.39481,39.66876],[22.394824,39.668762],[22.394836,39.668757],[22.394847,39.668745],[22.397531,39.664484],[22.397643,39.664251],[22.397675,39.664029],[22.397715,39.663957]]}},{"type":"Feature","properties":{"line":"7","mode":"bus","color":"#126804","oi":0,"n":1},"geometry":{"type":"LineString","coordinates":[[22.406041,39.655204],[22.405997,39.655177]]}},{"type":"Feature","properties":{"line":"7","mode":"bus","color":"#126804","oi":0,"n":1},"geometry":{"type":"LineString","coordinates":[[22.404148,39.658332],[22.403465,39.658082],[22.403248,39.658023]]}},{"type":"Feature","properties":{"line":"7","mode":"bus","color":"#126804","oi":0,"n":1},"geometry":{"type":"LineString","coordinates":[[22.39835,39.663729],[22.397216,39.661954],[22.397209,39.661934],[22.397215,39.661917],[22.397235,39.661904],[22.397403,39.661826],[22.397609,39.661768],[22.398403,39.66204],[22.398429,39.662045],[22.398451,39.662039],[22.398467,39.662023],[22.399788,39.65999],[22.399815,39.659965],[22.399855,39.659954],[22.402905,39.659721],[22.402944,39.65971],[22.402971,39.659685],[22.403758,39.658414],[22.403743,39.658347],[22.403615,39.658219],[22.403248,39.658023],[22.402521,39.65775],[22.402416,39.657653],[22.402416,39.657618],[22.403065,39.656571]]}},{"type":"Feature","properties":{"line":"7","mode":"bus","color":"#126804","oi":0,"n":1},"geometry":{"type":"LineString","coordinates":[[22.405544,39.655143],[22.405316,39.655107],[22.404312,39.654689],[22.404293,39.654684],[22.404276,39.654684],[22.404263,39.654692],[22.404252,39.654705],[22.403945,39.655225],[22.403086,39.656539],[22.403079,39.656554],[22.403081,39.656567],[22.40309,39.656578],[22.403107,39.656587],[22.404545,39.657116],[22.404571,39.657122],[22.404592,39.657116],[22.404608,39.6571],[22.40573,39.65536],[22.405733,39.655332],[22.40573,39.655318],[22.405719,39.655308],[22.405596,39.655235],[22.405544,39.655143]]}},{"type":"Feature","properties":{"line":"14","mode":"bus","color":"#a72d06","oi":-1.5,"n":4},"geometry":{"type":"LineString","coordinates":[[22.414759,39.638896],[22.414025,39.639513],[22.413647,39.639792],[22.412781,39.640529],[22.412709,39.640732],[22.412787,39.640985],[22.41274,39.641047]]}},{"type":"Feature","properties":{"line":"14","mode":"bus","color":"#a72d06","oi":0,"n":4,"sw":1},"geometry":{"type":"LineString","coordinates":[[22.415097,39.638716],[22.415078,39.63872]]}},{"type":"Feature","properties":{"line":"14","mode":"bus","color":"#a72d06","oi":-0.007,"n":4,"sw":1},"geometry":{"type":"LineString","coordinates":[[22.415085,39.638719],[22.415063,39.638724]]}},{"type":"Feature","properties":{"line":"14","mode":"bus","color":"#a72d06","oi":-0.027,"n":4,"sw":1},"geometry":{"type":"LineString","coordinates":[[22.415069,39.638722],[22.415047,39.638727]]}},{"type":"Feature","properties":{"line":"14","mode":"bus","color":"#a72d06","oi":-0.06,"n":4,"sw":1},"geometry":{"type":"LineString","coordinates":[[22.415054,39.638726],[22.415032,39.638731]]}},{"type":"Feature","properties":{"line":"14","mode":"bus","color":"#a72d06","oi":-0.103,"n":4,"sw":1},"geometry":{"type":"LineString","coordinates":[[22.415038,39.638729],[22.415016,39.638734]]}},{"type":"Feature","properties":{"line":"14","mode":"bus","color":"#a72d06","oi":-0.156,"n":4,"sw":1},"geometry":{"type":"LineString","coordinates":[[22.415023,39.638733],[22.415,39.638737]]}},{"type":"Feature","properties":{"line":"14","mode":"bus","color":"#a72d06","oi":-0.218,"n":4,"sw":1},"geometry":{"type":"LineString","coordinates":[[22.415007,39.638736],[22.414985,39.638741]]}},{"type":"Feature","properties":{"line":"14","mode":"bus","color":"#a72d06","oi":-0.287,"n":4,"sw":1},"geometry":{"type":"LineString","coordinates":[[22.414992,39.638739],[22.41498,39.638742],[22.414971,39.638747]]}},{"type":"Feature","properties":{"line":"14","mode":"bus","color":"#a72d06","oi":-0.362,"n":4,"sw":1},"geometry":{"type":"LineString","coordinates":[[22.414977,39.638744],[22.414959,39.638755]]}},{"type":"Feature","properties":{"line":"14","mode":"bus","color":"#a72d06","oi":-0.443,"n":4,"sw":1},"geometry":{"type":"LineString","coordinates":[[22.414964,39.638752],[22.414947,39.638763]]}},{"type":"Feature","properties":{"line":"14","mode":"bus","color":"#a72d06","oi":-0.528,"n":4,"sw":1},"geometry":{"type":"LineString","coordinates":[[22.414952,39.63876],[22.414934,39.638771]]}},{"type":"Feature","properties":{"line":"14","mode":"bus","color":"#a72d06","oi":-0.616,"n":4,"sw":1},"geometry":{"type":"LineString","coordinates":[[22.414939,39.638768],[22.414922,39.638779]]}},{"type":"Feature","properties":{"line":"14","mode":"bus","color":"#a72d06","oi":-0.705,"n":4,"sw":1},"geometry":{"type":"LineString","coordinates":[[22.414927,39.638776],[22.414909,39.638787]]}},{"type":"Feature","properties":{"line":"14","mode":"bus","color":"#a72d06","oi":-0.795,"n":4,"sw":1},"geometry":{"type":"LineString","coordinates":[[22.414914,39.638783],[22.414897,39.638795]]}},{"type":"Feature","properties":{"line":"14","mode":"bus","color":"#a72d06","oi":-0.884,"n":4,"sw":1},"geometry":{"type":"LineString","coordinates":[[22.414902,39.638791],[22.414884,39.638803]]}},{"type":"Feature","properties":{"line":"14","mode":"bus","color":"#a72d06","oi":-0.972,"n":4,"sw":1},"geometry":{"type":"LineString","coordinates":[[22.41489,39.638799],[22.414872,39.638811]]}},{"type":"Feature","properties":{"line":"14","mode":"bus","color":"#a72d06","oi":-1.057,"n":4,"sw":1},"geometry":{"type":"LineString","coordinates":[[22.414877,39.638807],[22.414859,39.638819]]}},{"type":"Feature","properties":{"line":"14","mode":"bus","color":"#a72d06","oi":-1.138,"n":4,"sw":1},"geometry":{"type":"LineString","coordinates":[[22.414865,39.638815],[22.414847,39.638826]]}},{"type":"Feature","properties":{"line":"14","mode":"bus","color":"#a72d06","oi":-1.213,"n":4,"sw":1},"geometry":{"type":"LineString","coordinates":[[22.414852,39.638823],[22.414834,39.638834]]}},{"type":"Feature","properties":{"line":"14","mode":"bus","color":"#a72d06","oi":-1.282,"n":4,"sw":1},"geometry":{"type":"LineString","coordinates":[[22.41484,39.638831],[22.41483,39.638837],[22.414823,39.638843]]}},{"type":"Feature","properties":{"line":"14","mode":"bus","color":"#a72d06","oi":-1.344,"n":4,"sw":1},"geometry":{"type":"LineString","coordinates":[[22.414827,39.638839],[22.414812,39.638852]]}},{"type":"Feature","properties":{"line":"14","mode":"bus","color":"#a72d06","oi":-1.397,"n":4,"sw":1},"geometry":{"type":"LineString","coordinates":[[22.414817,39.638848],[22.414801,39.638861]]}},{"type":"Feature","properties":{"line":"14","mode":"bus","color":"#a72d06","oi":-1.44,"n":4,"sw":1},"geometry":{"type":"LineString","coordinates":[[22.414806,39.638858],[22.41479,39.638871]]}},{"type":"Feature","properties":{"line":"14","mode":"bus","color":"#a72d06","oi":-1.473,"n":4,"sw":1},"geometry":{"type":"LineString","coordinates":[[22.414795,39.638867],[22.414779,39.63888]]}},{"type":"Feature","properties":{"line":"14","mode":"bus","color":"#a72d06","oi":-1.493,"n":4,"sw":1},"geometry":{"type":"LineString","coordinates":[[22.414784,39.638876],[22.414768,39.638889]]}},{"type":"Feature","properties":{"line":"14","mode":"bus","color":"#a72d06","oi":-1.5,"n":4,"sw":1},"geometry":{"type":"LineString","coordinates":[[22.414773,39.638885],[22.414757,39.638898]]}},{"type":"Feature","properties":{"line":"14","mode":"bus","color":"#a72d06","oi":-1.5,"n":4,"sw":1},"geometry":{"type":"LineString","coordinates":[[22.412742,39.641044],[22.41273,39.64106]]}},{"type":"Feature","properties":{"line":"14","mode":"bus","color":"#a72d06","oi":-1.493,"n":4,"sw":1},"geometry":{"type":"LineString","coordinates":[[22.412733,39.641055],[22.412722,39.64107]]}},{"type":"Feature","properties":{"line":"14","mode":"bus","color":"#a72d06","oi":-1.473,"n":4,"sw":1},"geometry":{"type":"LineString","coordinates":[[22.412725,39.641066],[22.412713,39.641081]]}},{"type":"Feature","properties":{"line":"14","mode":"bus","color":"#a72d06","oi":-1.44,"n":4,"sw":1},"geometry":{"type":"LineString","coordinates":[[22.412717,39.641076],[22.412705,39.641092]]}},{"type":"Feature","properties":{"line":"14","mode":"bus","color":"#a72d06","oi":-1.397,"n":4,"sw":1},"geometry":{"type":"LineString","coordinates":[[22.412709,39.641087],[22.412697,39.641103]]}},{"type":"Feature","properties":{"line":"14","mode":"bus","color":"#a72d06","oi":-1.344,"n":4,"sw":1},"geometry":{"type":"LineString","coordinates":[[22.4127,39.641098],[22.412689,39.641113]]}},{"type":"Feature","properties":{"line":"14","mode":"bus","color":"#a72d06","oi":-1.282,"n":4,"sw":1},"geometry":{"type":"LineString","coordinates":[[22.412692,39.641109],[22.41268,39.641124]]}},{"type":"Feature","properties":{"line":"14","mode":"bus","color":"#a72d06","oi":-1.213,"n":4,"sw":1},"geometry":{"type":"LineString","coordinates":[[22.412684,39.641119],[22.412672,39.641135]]}},{"type":"Feature","properties":{"line":"14","mode":"bus","color":"#a72d06","oi":-1.138,"n":4,"sw":1},"geometry":{"type":"LineString","coordinates":[[22.412676,39.64113],[22.412664,39.641145]]}},{"type":"Feature","properties":{"line":"14","mode":"bus","color":"#a72d06","oi":-1.057,"n":4,"sw":1},"geometry":{"type":"LineString","coordinates":[[22.412668,39.641141],[22.412656,39.641156]]}},{"type":"Feature","properties":{"line":"14","mode":"bus","color":"#a72d06","oi":-0.972,"n":4,"sw":1},"geometry":{"type":"LineString","coordinates":[[22.412659,39.641152],[22.412648,39.641167]]}},{"type":"Feature","properties":{"line":"14","mode":"bus","color":"#a72d06","oi":-0.884,"n":4,"sw":1},"geometry":{"type":"LineString","coordinates":[[22.412651,39.641162],[22.412639,39.641178]]}},{"type":"Feature","properties":{"line":"14","mode":"bus","color":"#a72d06","oi":-0.795,"n":4,"sw":1},"geometry":{"type":"LineString","coordinates":[[22.412643,39.641173],[22.412631,39.641188]]}},{"type":"Feature","properties":{"line":"14","mode":"bus","color":"#a72d06","oi":-0.705,"n":4,"sw":1},"geometry":{"type":"LineString","coordinates":[[22.412635,39.641184],[22.412623,39.641199]]}},{"type":"Feature","properties":{"line":"14","mode":"bus","color":"#a72d06","oi":-0.616,"n":4,"sw":1},"geometry":{"type":"LineString","coordinates":[[22.412626,39.641194],[22.412615,39.64121]]}},{"type":"Feature","properties":{"line":"14","mode":"bus","color":"#a72d06","oi":-0.528,"n":4,"sw":1},"geometry":{"type":"LineString","coordinates":[[22.412618,39.641205],[22.412606,39.641221]]}},{"type":"Feature","properties":{"line":"14","mode":"bus","color":"#a72d06","oi":-0.443,"n":4,"sw":1},"geometry":{"type":"LineString","coordinates":[[22.41261,39.641216],[22.412598,39.641231]]}},{"type":"Feature","properties":{"line":"14","mode":"bus","color":"#a72d06","oi":-0.362,"n":4,"sw":1},"geometry":{"type":"LineString","coordinates":[[22.412602,39.641227],[22.41259,39.641242],[22.41259,39.641242]]}},{"type":"Feature","properties":{"line":"14","mode":"bus","color":"#a72d06","oi":-0.287,"n":4,"sw":1},"geometry":{"type":"LineString","coordinates":[[22.412594,39.641237],[22.41259,39.641242],[22.412576,39.641249]]}},{"type":"Feature","properties":{"line":"14","mode":"bus","color":"#a72d06","oi":-0.218,"n":4,"sw":1},"geometry":{"type":"LineString","coordinates":[[22.412582,39.641246],[22.412562,39.641255]]}},{"type":"Feature","properties":{"line":"14","mode":"bus","color":"#a72d06","oi":-0.156,"n":4,"sw":1},"geometry":{"type":"LineString","coordinates":[[22.412568,39.641252],[22.412549,39.641262]]}},{"type":"Feature","properties":{"line":"14","mode":"bus","color":"#a72d06","oi":-0.103,"n":4,"sw":1},"geometry":{"type":"LineString","coordinates":[[22.412555,39.641259],[22.412535,39.641268]]}},{"type":"Feature","properties":{"line":"14","mode":"bus","color":"#a72d06","oi":-0.06,"n":4,"sw":1},"geometry":{"type":"LineString","coordinates":[[22.412541,39.641265],[22.412521,39.641275]]}},{"type":"Feature","properties":{"line":"14","mode":"bus","color":"#a72d06","oi":-0.027,"n":4,"sw":1},"geometry":{"type":"LineString","coordinates":[[22.412527,39.641272],[22.412508,39.641281]]}},{"type":"Feature","properties":{"line":"14","mode":"bus","color":"#a72d06","oi":-0.007,"n":4,"sw":1},"geometry":{"type":"LineString","coordinates":[[22.412513,39.641278],[22.412494,39.641288]]}},{"type":"Feature","properties":{"line":"14","mode":"bus","color":"#a72d06","oi":0,"n":4,"sw":1},"geometry":{"type":"LineString","coordinates":[[22.4125,39.641285],[22.412483,39.641293]]}},{"type":"Feature","properties":{"line":"14","mode":"bus","color":"#a72d06","oi":-1.5,"n":4},"geometry":{"type":"LineString","coordinates":[[22.410405,39.642974],[22.410379,39.642667],[22.410411,39.642527],[22.410539,39.642299],[22.410681,39.642143],[22.411161,39.641862],[22.412063,39.641454]]}},{"type":"Feature","properties":{"line":"14","mode":"bus","color":"#a72d06","oi":-1.5,"n":4,"sw":1},"geometry":{"type":"LineString","coordinates":[[22.41206,39.641455],[22.41208,39.641446]]}},{"type":"Feature","properties":{"line":"14","mode":"bus","color":"#a72d06","oi":-1.493,"n":4,"sw":1},"geometry":{"type":"LineString","coordinates":[[22.412074,39.641449],[22.412094,39.64144]]}},{"type":"Feature","properties":{"line":"14","mode":"bus","color":"#a72d06","oi":-1.473,"n":4,"sw":1},"geometry":{"type":"LineString","coordinates":[[22.412088,39.641443],[22.412108,39.641434]]}},{"type":"Feature","properties":{"line":"14","mode":"bus","color":"#a72d06","oi":-1.44,"n":4,"sw":1},"geometry":{"type":"LineString","coordinates":[[22.412101,39.641436],[22.412121,39.641427]]}},{"type":"Feature","properties":{"line":"14","mode":"bus","color":"#a72d06","oi":-1.397,"n":4,"sw":1},"geometry":{"type":"LineString","coordinates":[[22.412115,39.64143],[22.412135,39.641421]]}},{"type":"Feature","properties":{"line":"14","mode":"bus","color":"#a72d06","oi":-1.344,"n":4,"sw":1},"geometry":{"type":"LineString","coordinates":[[22.412129,39.641424],[22.412149,39.641415]]}},{"type":"Feature","properties":{"line":"14","mode":"bus","color":"#a72d06","oi":-1.282,"n":4,"sw":1},"geometry":{"type":"LineString","coordinates":[[22.412143,39.641417],[22.412163,39.641408]]}},{"type":"Feature","properties":{"line":"14","mode":"bus","color":"#a72d06","oi":-1.213,"n":4,"sw":1},"geometry":{"type":"LineString","coordinates":[[22.412157,39.641411],[22.412177,39.641402]]}},{"type":"Feature","properties":{"line":"14","mode":"bus","color":"#a72d06","oi":-1.138,"n":4,"sw":1},"geometry":{"type":"LineString","coordinates":[[22.412171,39.641405],[22.412191,39.641396]]}},{"type":"Feature","properties":{"line":"14","mode":"bus","color":"#a72d06","oi":-1.057,"n":4,"sw":1},"geometry":{"type":"LineString","coordinates":[[22.412185,39.641399],[22.412205,39.64139]]}},{"type":"Feature","properties":{"line":"14","mode":"bus","color":"#a72d06","oi":-0.972,"n":4,"sw":1},"geometry":{"type":"LineString","coordinates":[[22.412199,39.641392],[22.412219,39.641383]]}},{"type":"Feature","properties":{"line":"14","mode":"bus","color":"#a72d06","oi":-0.884,"n":4,"sw":1},"geometry":{"type":"LineString","coordinates":[[22.412213,39.641386],[22.412233,39.641377]]}},{"type":"Feature","properties":{"line":"14","mode":"bus","color":"#a72d06","oi":-0.795,"n":4,"sw":1},"geometry":{"type":"LineString","coordinates":[[22.412227,39.64138],[22.412247,39.641371]]}},{"type":"Feature","properties":{"line":"14","mode":"bus","color":"#a72d06","oi":-0.705,"n":4,"sw":1},"geometry":{"type":"LineString","coordinates":[[22.412241,39.641373],[22.412261,39.641364]]}},{"type":"Feature","properties":{"line":"14","mode":"bus","color":"#a72d06","oi":-0.616,"n":4,"sw":1},"geometry":{"type":"LineString","coordinates":[[22.412255,39.641367],[22.412275,39.641358]]}},{"type":"Feature","properties":{"line":"14","mode":"bus","color":"#a72d06","oi":-0.528,"n":4,"sw":1},"geometry":{"type":"LineString","coordinates":[[22.412269,39.641361],[22.412289,39.641352]]}},{"type":"Feature","properties":{"line":"14","mode":"bus","color":"#a72d06","oi":-0.443,"n":4,"sw":1},"geometry":{"type":"LineString","coordinates":[[22.412283,39.641354],[22.412303,39.641345]]}},{"type":"Feature","properties":{"line":"14","mode":"bus","color":"#a72d06","oi":-0.362,"n":4,"sw":1},"geometry":{"type":"LineString","coordinates":[[22.412297,39.641348],[22.412317,39.641339]]}},{"type":"Feature","properties":{"line":"14","mode":"bus","color":"#a72d06","oi":-0.287,"n":4,"sw":1},"geometry":{"type":"LineString","coordinates":[[22.41231,39.641342],[22.41233,39.641333]]}},{"type":"Feature","properties":{"line":"14","mode":"bus","color":"#a72d06","oi":-0.218,"n":4,"sw":1},"geometry":{"type":"LineString","coordinates":[[22.412324,39.641336],[22.412344,39.641326]]}},{"type":"Feature","properties":{"line":"14","mode":"bus","color":"#a72d06","oi":-0.156,"n":4,"sw":1},"geometry":{"type":"LineString","coordinates":[[22.412338,39.641329],[22.412358,39.64132]]}},{"type":"Feature","properties":{"line":"14","mode":"bus","color":"#a72d06","oi":-0.103,"n":4,"sw":1},"geometry":{"type":"LineString","coordinates":[[22.412352,39.641323],[22.412372,39.641314]]}},{"type":"Feature","properties":{"line":"14","mode":"bus","color":"#a72d06","oi":-0.06,"n":4,"sw":1},"geometry":{"type":"LineString","coordinates":[[22.412366,39.641317],[22.412386,39.641308]]}},{"type":"Feature","properties":{"line":"14","mode":"bus","color":"#a72d06","oi":-0.027,"n":4,"sw":1},"geometry":{"type":"LineString","coordinates":[[22.41238,39.64131],[22.4124,39.641301]]}},{"type":"Feature","properties":{"line":"14","mode":"bus","color":"#a72d06","oi":-0.007,"n":4,"sw":1},"geometry":{"type":"LineString","coordinates":[[22.412394,39.641304],[22.412414,39.641295]]}},{"type":"Feature","properties":{"line":"14","mode":"bus","color":"#a72d06","oi":0,"n":4,"sw":1},"geometry":{"type":"LineString","coordinates":[[22.412408,39.641298],[22.412425,39.64129]]}},{"type":"Feature","properties":{"line":"14","mode":"bus","color":"#a72d06","oi":0,"n":1},"geometry":{"type":"LineString","coordinates":[[22.400885,39.635957],[22.400609,39.636312],[22.400491,39.636385],[22.400443,39.63652],[22.400465,39.636589],[22.400582,39.636717],[22.400705,39.637044],[22.400803,39.637227],[22.401798,39.638523],[22.401944,39.638799],[22.402001,39.639165],[22.401986,39.639341],[22.401633,39.640823],[22.40161,39.641458],[22.401694,39.642026],[22.401813,39.642486],[22.402042,39.643007],[22.402293,39.643407],[22.402309,39.643424],[22.402331,39.643432],[22.402358,39.643431],[22.403814,39.643165],[22.403838,39.643157],[22.40385,39.643142],[22.403849,39.643122],[22.403331,39.641223],[22.403329,39.641207],[22.403335,39.641195],[22.403347,39.641186],[22.403367,39.641181],[22.405484,39.640837],[22.405511,39.640837],[22.405529,39.640846],[22.40554,39.640865],[22.406054,39.642748],[22.406065,39.642767],[22.406083,39.642777],[22.40611,39.642778],[22.406569,39.642726],[22.408386,39.642792],[22.409382,39.642875],[22.410275,39.642991],[22.410405,39.642974]]}},{"type":"Feature","properties":{"line":"15","mode":"bus","color":"#cf8a11","oi":-0.5,"n":2},"geometry":{"type":"LineString","coordinates":[[22.443368,39.602546],[22.442741,39.603244],[22.442,39.603934],[22.440787,39.605288],[22.440728,39.605329],[22.440609,39.605342],[22.440513,39.605398],[22.440465,39.605483],[22.440485,39.605591]]}},{"type":"Feature","properties":{"line":"15","mode":"bus","color":"#cf8a11","oi":-0.5,"n":2},"geometry":{"type":"LineString","coordinates":[[22.429698,39.621306],[22.429813,39.621392]]}},{"type":"Feature","properties":{"line":"15","mode":"bus","color":"#cf8a11","oi":-0.5,"n":2},"geometry":{"type":"LineString","coordinates":[[22.430062,39.621371],[22.430118,39.621297],[22.430129,39.621204],[22.43008,39.621113],[22.430034,39.62108],[22.429865,39.621045],[22.429795,39.621065],[22.429704,39.621132]]}},{"type":"Feature","properties":{"line":"15","mode":"bus","color":"#cf8a11","oi":0,"n":1},"geometry":{"type":"LineString","coordinates":[[22.432634,39.61453],[22.432543,39.614434],[22.432395,39.614402],[22.432287,39.614428],[22.432195,39.614506],[22.432175,39.614611],[22.432214,39.614687],[22.432323,39.614753],[22.432462,39.614761]]}},{"type":"Feature","properties":{"line":"15","mode":"bus","color":"#cf8a11","oi":0,"n":1},"geometry":{"type":"LineString","coordinates":[[22.437618,39.608709],[22.437503,39.608737],[22.437443,39.608779],[22.437392,39.608895],[22.437415,39.608972],[22.437474,39.609033],[22.43762,39.609078]]}},{"type":"Feature","properties":{"line":"15","mode":"bus","color":"#cf8a11","oi":0,"n":1},"geometry":{"type":"LineString","coordinates":[[22.440485,39.605591],[22.440431,39.605683],[22.438255,39.608094],[22.437738,39.608655],[22.437658,39.608691],[22.437646,39.608698],[22.43764,39.608704],[22.437641,39.60871],[22.437648,39.608715],[22.437663,39.608719],[22.437775,39.608745],[22.437857,39.608828]]}},{"type":"Feature","properties":{"line":"15","mode":"bus","color":"#cf8a11","oi":0,"n":1},"geometry":{"type":"LineString","coordinates":[[22.429976,39.621057],[22.429907,39.620869],[22.42992,39.620563],[22.429802,39.619834],[22.429781,39.619259],[22.429827,39.618612],[22.429893,39.618175],[22.430021,39.617756],[22.4302,39.617346],[22.430451,39.616955],[22.430896,39.616397],[22.432198,39.614913],[22.432319,39.614813],[22.432525,39.614742],[22.432618,39.614668],[22.432653,39.614458],[22.43275,39.614308],[22.437498,39.609129],[22.43762,39.609078],[22.437727,39.609064],[22.437831,39.608997],[22.437867,39.608933],[22.437855,39.608765],[22.437875,39.608706],[22.438498,39.608018],[22.438824,39.60781],[22.439581,39.606917],[22.440424,39.606003],[22.440566,39.605883],[22.440848,39.605784],[22.441058,39.605635],[22.441128,39.605501],[22.44115,39.605319],[22.441212,39.605127],[22.442145,39.604057],[22.442142,39.60398],[22.442741,39.603244]]}},{"type":"Feature","properties":{"line":"15","mode":"bus","color":"#cf8a11","oi":0,"n":1},"geometry":{"type":"LineString","coordinates":[[22.474242,39.579587],[22.474051,39.579452],[22.472935,39.578893],[22.47256,39.578769],[22.472242,39.578636],[22.472081,39.578627],[22.471956,39.57869],[22.471664,39.579031],[22.470351,39.580664]]}},{"type":"Feature","properties":{"line":"15","mode":"bus","color":"#cf8a11","oi":0,"n":1},"geometry":{"type":"LineString","coordinates":[[22.471738,39.578951],[22.471878,39.578919],[22.471985,39.578952],[22.473001,39.579453],[22.473204,39.579455],[22.473528,39.579356],[22.473771,39.579402],[22.474004,39.579535],[22.474079,39.579638],[22.474132,39.57987]]}},{"type":"Feature","properties":{"line":"15","mode":"bus","color":"#cf8a11","oi":0,"n":1},"geometry":{"type":"LineString","coordinates":[[22.469808,39.581279],[22.470195,39.580838],[22.470208,39.580828],[22.470223,39.580824],[22.470241,39.580825],[22.470265,39.580829],[22.470293,39.580831],[22.470319,39.580823],[22.470381,39.580795],[22.470403,39.580744],[22.470385,39.580691],[22.470322,39.580653],[22.470259,39.580649],[22.47019,39.580679],[22.470162,39.580722],[22.470171,39.580782],[22.470212,39.580819]]}},{"type":"Feature","properties":{"line":"15","mode":"bus","color":"#cf8a11","oi":0,"n":1},"geometry":{"type":"LineString","coordinates":[[22.429813,39.621392],[22.429975,39.621408],[22.430062,39.621371]]}},{"type":"Feature","properties":{"line":"15","mode":"bus","color":"#cf8a11","oi":0,"n":1},"geometry":{"type":"LineString","coordinates":[[22.429249,39.621188],[22.428285,39.621217],[22.42793,39.6213],[22.427752,39.621356],[22.426505,39.62195],[22.426101,39.622116]]}},{"type":"Feature","properties":{"line":"15","mode":"bus","color":"#cf8a11","oi":0,"n":1},"geometry":{"type":"LineString","coordinates":[[22.429704,39.621132],[22.429295,39.621182],[22.429282,39.621184],[22.429275,39.621186],[22.429272,39.621189],[22.429274,39.621191],[22.429282,39.621194],[22.429294,39.621197],[22.429304,39.621199]]}},{"type":"Feature","properties":{"line":"15","mode":"bus","color":"#cf8a11","oi":0,"n":1,"sw":1},"geometry":{"type":"LineString","coordinates":[[22.429301,39.621198],[22.429348,39.621208]]}},{"type":"Feature","properties":{"line":"15","mode":"bus","color":"#cf8a11","oi":-0.017,"n":1,"sw":1},"geometry":{"type":"LineString","coordinates":[[22.429341,39.621206],[22.429389,39.621216]]}},{"type":"Feature","properties":{"line":"15","mode":"bus","color":"#cf8a11","oi":-0.063,"n":1,"sw":1},"geometry":{"type":"LineString","coordinates":[[22.429382,39.621214],[22.429429,39.621224]]}},{"type":"Feature","properties":{"line":"15","mode":"bus","color":"#cf8a11","oi":-0.13,"n":1,"sw":1},"geometry":{"type":"LineString","coordinates":[[22.429423,39.621222],[22.42947,39.621232]]}},{"type":"Feature","properties":{"line":"15","mode":"bus","color":"#cf8a11","oi":-0.209,"n":1,"sw":1},"geometry":{"type":"LineString","coordinates":[[22.429463,39.62123],[22.429511,39.62124]]}},{"type":"Feature","properties":{"line":"15","mode":"bus","color":"#cf8a11","oi":-0.291,"n":1,"sw":1},"geometry":{"type":"LineString","coordinates":[[22.429504,39.621238],[22.429538,39.621245],[22.429551,39.62125]]}},{"type":"Feature","properties":{"line":"15","mode":"bus","color":"#cf8a11","oi":-0.37,"n":1,"sw":1},"geometry":{"type":"LineString","coordinates":[[22.429544,39.621247],[22.429588,39.621264]]}},{"type":"Feature","properties":{"line":"15","mode":"bus","color":"#cf8a11","oi":-0.437,"n":1,"sw":1},"geometry":{"type":"LineString","coordinates":[[22.429582,39.621262],[22.429626,39.621278]]}},{"type":"Feature","properties":{"line":"15","mode":"bus","color":"#cf8a11","oi":-0.483,"n":1,"sw":1},"geometry":{"type":"LineString","coordinates":[[22.42962,39.621276],[22.429663,39.621293]]}},{"type":"Feature","properties":{"line":"15","mode":"bus","color":"#cf8a11","oi":-0.5,"n":1,"sw":1},"geometry":{"type":"LineString","coordinates":[[22.429657,39.62129],[22.429698,39.621306]]}},{"type":"Feature","properties":{"line":"15","mode":"bus","color":"#cf8a11","oi":0,"n":1},"geometry":{"type":"LineString","coordinates":[[22.474289,39.581783],[22.473883,39.581801],[22.473459,39.581887],[22.473263,39.581985],[22.47299,39.582253],[22.472916,39.582375],[22.47288,39.582504],[22.472892,39.582668],[22.472982,39.582874],[22.473178,39.583128],[22.473205,39.583304],[22.473179,39.583378],[22.473106,39.583462],[22.472829,39.583664],[22.471516,39.5843],[22.469873,39.585155],[22.469469,39.585386],[22.468114,39.586055],[22.460115,39.589981],[22.452688,39.593555],[22.452149,39.593823],[22.451368,39.594259],[22.450602,39.594794],[22.449897,39.59546],[22.443611,39.602282]]}},{"type":"Feature","properties":{"line":"15","mode":"bus","color":"#cf8a11","oi":0,"n":1,"sw":1},"geometry":{"type":"LineString","coordinates":[[22.443613,39.60228],[22.443585,39.602311]]}},{"type":"Feature","properties":{"line":"15","mode":"bus","color":"#cf8a11","oi":-0.017,"n":1,"sw":1},"geometry":{"type":"LineString","coordinates":[[22.443589,39.602306],[22.443561,39.602337]]}},{"type":"Feature","properties":{"line":"15","mode":"bus","color":"#cf8a11","oi":-0.063,"n":1,"sw":1},"geometry":{"type":"LineString","coordinates":[[22.443565,39.602333],[22.443536,39.602363]]}},{"type":"Feature","properties":{"line":"15","mode":"bus","color":"#cf8a11","oi":-0.13,"n":1,"sw":1},"geometry":{"type":"LineString","coordinates":[[22.44354,39.602359],[22.443512,39.60239]]}},{"type":"Feature","properties":{"line":"15","mode":"bus","color":"#cf8a11","oi":-0.209,"n":1,"sw":1},"geometry":{"type":"LineString","coordinates":[[22.443516,39.602385],[22.443488,39.602416]]}},{"type":"Feature","properties":{"line":"15","mode":"bus","color":"#cf8a11","oi":-0.291,"n":1,"sw":1},"geometry":{"type":"LineString","coordinates":[[22.443492,39.602412],[22.443463,39.602443]]}},{"type":"Feature","properties":{"line":"15","mode":"bus","color":"#cf8a11","oi":-0.37,"n":1,"sw":1},"geometry":{"type":"LineString","coordinates":[[22.443467,39.602438],[22.443439,39.602469]]}},{"type":"Feature","properties":{"line":"15","mode":"bus","color":"#cf8a11","oi":-0.437,"n":1,"sw":1},"geometry":{"type":"LineString","coordinates":[[22.443443,39.602465],[22.443415,39.602495]]}},{"type":"Feature","properties":{"line":"15","mode":"bus","color":"#cf8a11","oi":-0.483,"n":1,"sw":1},"geometry":{"type":"LineString","coordinates":[[22.443419,39.602491],[22.44339,39.602522]]}},{"type":"Feature","properties":{"line":"15","mode":"bus","color":"#cf8a11","oi":-0.5,"n":1,"sw":1},"geometry":{"type":"LineString","coordinates":[[22.443394,39.602517],[22.443368,39.602546]]}},{"type":"Feature","properties":{"line":"15","mode":"bus","color":"#cf8a11","oi":0,"n":1},"geometry":{"type":"LineString","coordinates":[[22.446998,39.59859],[22.447152,39.598498],[22.447462,39.598222],[22.447559,39.598172],[22.447749,39.598139],[22.447903,39.598157],[22.448097,39.59825],[22.448206,39.598374],[22.448257,39.598548],[22.448268,39.598568],[22.448286,39.598582],[22.448313,39.59859],[22.448407,39.598604],[22.448427,39.598605],[22.448442,39.5986],[22.448451,39.59859],[22.448454,39.598575],[22.448464,39.598194],[22.448505,39.598006],[22.448979,39.596734],[22.449177,39.596448],[22.449806,39.595777],[22.450281,39.59551],[22.45107,39.594738],[22.451686,39.594303],[22.452405,39.593903],[22.456035,39.592154],[22.456739,39.591839],[22.460159,39.590105],[22.461557,39.589441],[22.461885,39.589246],[22.46235,39.589033],[22.468017,39.586222],[22.468382,39.586093],[22.471203,39.584737],[22.472467,39.584155],[22.472891,39.584049],[22.473065,39.584045],[22.473165,39.584071],[22.473297,39.584136],[22.473601,39.584364],[22.474295,39.584527],[22.47441,39.584622],[22.474422,39.584916],[22.474472,39.584957],[22.474526,39.584961],[22.474543,39.58496],[22.474553,39.584953],[22.474559,39.584941],[22.474653,39.584384],[22.474933,39.5835],[22.474976,39.583265],[22.474887,39.583065],[22.474382,39.582409],[22.474301,39.582155],[22.474272,39.581304],[22.474133,39.580148],[22.474132,39.57987],[22.474271,39.579517]]}},{"type":"Feature","properties":{"line":"15","mode":"bus","color":"#cf8a11","oi":0,"n":1},"geometry":{"type":"LineString","coordinates":[[22.452149,39.593823],[22.452405,39.593903]]}},{"type":"Feature","properties":{"line":"15","mode":"bus","color":"#cf8a11","oi":-1.5,"n":4},"geometry":{"type":"LineString","coordinates":[[22.415187,39.631518],[22.41519,39.632249]]}},{"type":"Feature","properties":{"line":"15","mode":"bus","color":"#cf8a11","oi":-1.5,"n":4,"sw":1},"geometry":{"type":"LineString","coordinates":[[22.41519,39.632246],[22.415191,39.632264]]}},{"type":"Feature","properties":{"line":"15","mode":"bus","color":"#cf8a11","oi":-1.493,"n":4,"sw":1},"geometry":{"type":"LineString","coordinates":[[22.415191,39.632259],[22.415191,39.632277]]}},{"type":"Feature","properties":{"line":"15","mode":"bus","color":"#cf8a11","oi":-1.473,"n":4,"sw":1},"geometry":{"type":"LineString","coordinates":[[22.415191,39.632271],[22.415191,39.632289]]}},{"type":"Feature","properties":{"line":"15","mode":"bus","color":"#cf8a11","oi":-1.44,"n":4,"sw":1},"geometry":{"type":"LineString","coordinates":[[22.415191,39.632284],[22.415191,39.632302]]}},{"type":"Feature","properties":{"line":"15","mode":"bus","color":"#cf8a11","oi":-1.397,"n":4,"sw":1},"geometry":{"type":"LineString","coordinates":[[22.415191,39.632296],[22.415191,39.632314]]}},{"type":"Feature","properties":{"line":"15","mode":"bus","color":"#cf8a11","oi":-1.344,"n":4,"sw":1},"geometry":{"type":"LineString","coordinates":[[22.415191,39.632309],[22.415191,39.632327]]}},{"type":"Feature","properties":{"line":"15","mode":"bus","color":"#cf8a11","oi":-1.282,"n":4,"sw":1},"geometry":{"type":"LineString","coordinates":[[22.415191,39.632321],[22.415191,39.632339]]}},{"type":"Feature","properties":{"line":"15","mode":"bus","color":"#cf8a11","oi":-1.213,"n":4,"sw":1},"geometry":{"type":"LineString","coordinates":[[22.415191,39.632334],[22.415191,39.632351]]}},{"type":"Feature","properties":{"line":"15","mode":"bus","color":"#cf8a11","oi":-1.138,"n":4,"sw":1},"geometry":{"type":"LineString","coordinates":[[22.415191,39.632346],[22.415191,39.632364]]}},{"type":"Feature","properties":{"line":"15","mode":"bus","color":"#cf8a11","oi":-1.057,"n":4,"sw":1},"geometry":{"type":"LineString","coordinates":[[22.415191,39.632358],[22.415191,39.632376]]}},{"type":"Feature","properties":{"line":"15","mode":"bus","color":"#cf8a11","oi":-0.972,"n":4,"sw":1},"geometry":{"type":"LineString","coordinates":[[22.415191,39.632371],[22.415191,39.632389]]}},{"type":"Feature","properties":{"line":"15","mode":"bus","color":"#cf8a11","oi":-0.884,"n":4,"sw":1},"geometry":{"type":"LineString","coordinates":[[22.415191,39.632383],[22.415191,39.632401]]}},{"type":"Feature","properties":{"line":"15","mode":"bus","color":"#cf8a11","oi":-0.795,"n":4,"sw":1},"geometry":{"type":"LineString","coordinates":[[22.415191,39.632396],[22.415191,39.632414]]}},{"type":"Feature","properties":{"line":"15","mode":"bus","color":"#cf8a11","oi":-0.705,"n":4,"sw":1},"geometry":{"type":"LineString","coordinates":[[22.415191,39.632408],[22.415191,39.632426]]}},{"type":"Feature","properties":{"line":"15","mode":"bus","color":"#cf8a11","oi":-0.616,"n":4,"sw":1},"geometry":{"type":"LineString","coordinates":[[22.415191,39.632421],[22.415191,39.632439]]}},{"type":"Feature","properties":{"line":"15","mode":"bus","color":"#cf8a11","oi":-0.528,"n":4,"sw":1},"geometry":{"type":"LineString","coordinates":[[22.415191,39.632433],[22.415191,39.632451]]}},{"type":"Feature","properties":{"line":"15","mode":"bus","color":"#cf8a11","oi":-0.443,"n":4,"sw":1},"geometry":{"type":"LineString","coordinates":[[22.415191,39.632446],[22.415191,39.632464]]}},{"type":"Feature","properties":{"line":"15","mode":"bus","color":"#cf8a11","oi":-0.362,"n":4,"sw":1},"geometry":{"type":"LineString","coordinates":[[22.415191,39.632458],[22.415192,39.632476]]}},{"type":"Feature","properties":{"line":"15","mode":"bus","color":"#cf8a11","oi":-0.287,"n":4,"sw":1},"geometry":{"type":"LineString","coordinates":[[22.415192,39.632471],[22.415192,39.632488]]}},{"type":"Feature","properties":{"line":"15","mode":"bus","color":"#cf8a11","oi":-0.218,"n":4,"sw":1},"geometry":{"type":"LineString","coordinates":[[22.415192,39.632483],[22.415192,39.632501]]}},{"type":"Feature","properties":{"line":"15","mode":"bus","color":"#cf8a11","oi":-0.156,"n":4,"sw":1},"geometry":{"type":"LineString","coordinates":[[22.415192,39.632496],[22.415192,39.632513]]}},{"type":"Feature","properties":{"line":"15","mode":"bus","color":"#cf8a11","oi":-0.103,"n":4,"sw":1},"geometry":{"type":"LineString","coordinates":[[22.415192,39.632508],[22.415192,39.632526]]}},{"type":"Feature","properties":{"line":"15","mode":"bus","color":"#cf8a11","oi":-0.06,"n":4,"sw":1},"geometry":{"type":"LineString","coordinates":[[22.415192,39.63252],[22.415192,39.632538]]}},{"type":"Feature","properties":{"line":"15","mode":"bus","color":"#cf8a11","oi":-0.027,"n":4,"sw":1},"geometry":{"type":"LineString","coordinates":[[22.415192,39.632533],[22.415192,39.632551]]}},{"type":"Feature","properties":{"line":"15","mode":"bus","color":"#cf8a11","oi":-0.007,"n":4,"sw":1},"geometry":{"type":"LineString","coordinates":[[22.415192,39.632545],[22.415192,39.632563]]}},{"type":"Feature","properties":{"line":"15","mode":"bus","color":"#cf8a11","oi":0,"n":4,"sw":1},"geometry":{"type":"LineString","coordinates":[[22.415192,39.632558],[22.415192,39.632573]]}},{"type":"Feature","properties":{"line":"15","mode":"bus","color":"#cf8a11","oi":-1,"n":3},"geometry":{"type":"LineString","coordinates":[[22.422227,39.631958],[22.420831,39.635855],[22.42038,39.636731],[22.420384,39.63876]]}},{"type":"Feature","properties":{"line":"15","mode":"bus","color":"#cf8a11","oi":0,"n":3,"sw":1},"geometry":{"type":"LineString","coordinates":[[22.422339,39.631646],[22.422332,39.631666]]}},{"type":"Feature","properties":{"line":"15","mode":"bus","color":"#cf8a11","oi":-0.01,"n":3,"sw":1},"geometry":{"type":"LineString","coordinates":[[22.422334,39.631661],[22.422326,39.631683]]}},{"type":"Feature","properties":{"line":"15","mode":"bus","color":"#cf8a11","oi":-0.038,"n":3,"sw":1},"geometry":{"type":"LineString","coordinates":[[22.422328,39.631678],[22.422319,39.631701]]}},{"type":"Feature","properties":{"line":"15","mode":"bus","color":"#cf8a11","oi":-0.082,"n":3,"sw":1},"geometry":{"type":"LineString","coordinates":[[22.422321,39.631695],[22.422313,39.631718]]}},{"type":"Feature","properties":{"line":"15","mode":"bus","color":"#cf8a11","oi":-0.14,"n":3,"sw":1},"geometry":{"type":"LineString","coordinates":[[22.422315,39.631713],[22.422307,39.631735]]}},{"type":"Feature","properties":{"line":"15","mode":"bus","color":"#cf8a11","oi":-0.209,"n":3,"sw":1},"geometry":{"type":"LineString","coordinates":[[22.422309,39.63173],[22.422301,39.631753]]}},{"type":"Feature","properties":{"line":"15","mode":"bus","color":"#cf8a11","oi":-0.286,"n":3,"sw":1},"geometry":{"type":"LineString","coordinates":[[22.422303,39.631747],[22.422295,39.63177]]}},{"type":"Feature","properties":{"line":"15","mode":"bus","color":"#cf8a11","oi":-0.369,"n":3,"sw":1},"geometry":{"type":"LineString","coordinates":[[22.422296,39.631765],[22.422288,39.631787]]}},{"type":"Feature","properties":{"line":"15","mode":"bus","color":"#cf8a11","oi":-0.456,"n":3,"sw":1},"geometry":{"type":"LineString","coordinates":[[22.42229,39.631782],[22.422282,39.631805]]}},{"type":"Feature","properties":{"line":"15","mode":"bus","color":"#cf8a11","oi":-0.544,"n":3,"sw":1},"geometry":{"type":"LineString","coordinates":[[22.422284,39.6318],[22.422276,39.631822]]}},{"type":"Feature","properties":{"line":"15","mode":"bus","color":"#cf8a11","oi":-0.631,"n":3,"sw":1},"geometry":{"type":"LineString","coordinates":[[22.422278,39.631817],[22.42227,39.631839]]}},{"type":"Feature","properties":{"line":"15","mode":"bus","color":"#cf8a11","oi":-0.714,"n":3,"sw":1},"geometry":{"type":"LineString","coordinates":[[22.422272,39.631834],[22.422263,39.631857]]}},{"type":"Feature","properties":{"line":"15","mode":"bus","color":"#cf8a11","oi":-0.791,"n":3,"sw":1},"geometry":{"type":"LineString","coordinates":[[22.422265,39.631852],[22.422257,39.631874]]}},{"type":"Feature","properties":{"line":"15","mode":"bus","color":"#cf8a11","oi":-0.86,"n":3,"sw":1},"geometry":{"type":"LineString","coordinates":[[22.422259,39.631869],[22.422251,39.631891]]}},{"type":"Feature","properties":{"line":"15","mode":"bus","color":"#cf8a11","oi":-0.918,"n":3,"sw":1},"geometry":{"type":"LineString","coordinates":[[22.422253,39.631886],[22.422245,39.631909]]}},{"type":"Feature","properties":{"line":"15","mode":"bus","color":"#cf8a11","oi":-0.962,"n":3,"sw":1},"geometry":{"type":"LineString","coordinates":[[22.422247,39.631904],[22.422239,39.631926]]}},{"type":"Feature","properties":{"line":"15","mode":"bus","color":"#cf8a11","oi":-0.99,"n":3,"sw":1},"geometry":{"type":"LineString","coordinates":[[22.42224,39.631921],[22.422232,39.631943]]}},{"type":"Feature","properties":{"line":"15","mode":"bus","color":"#cf8a11","oi":-1,"n":3,"sw":1},"geometry":{"type":"LineString","coordinates":[[22.422234,39.631938],[22.422226,39.631961]]}},{"type":"Feature","properties":{"line":"15","mode":"bus","color":"#cf8a11","oi":-1,"n":3,"sw":1},"geometry":{"type":"LineString","coordinates":[[22.420384,39.638757],[22.420384,39.638781]]}},{"type":"Feature","properties":{"line":"15","mode":"bus","color":"#cf8a11","oi":-0.99,"n":3,"sw":1},"geometry":{"type":"LineString","coordinates":[[22.420384,39.638775],[22.420384,39.638799]]}},{"type":"Feature","properties":{"line":"15","mode":"bus","color":"#cf8a11","oi":-0.962,"n":3,"sw":1},"geometry":{"type":"LineString","coordinates":[[22.420384,39.638793],[22.420384,39.638817]]}},{"type":"Feature","properties":{"line":"15","mode":"bus","color":"#cf8a11","oi":-0.918,"n":3,"sw":1},"geometry":{"type":"LineString","coordinates":[[22.420384,39.638811],[22.420384,39.638835]]}},{"type":"Feature","properties":{"line":"15","mode":"bus","color":"#cf8a11","oi":-0.86,"n":3,"sw":1},"geometry":{"type":"LineString","coordinates":[[22.420384,39.638829],[22.420385,39.638853]]}},{"type":"Feature","properties":{"line":"15","mode":"bus","color":"#cf8a11","oi":-0.791,"n":3,"sw":1},"geometry":{"type":"LineString","coordinates":[[22.420384,39.638847],[22.420385,39.638871]]}},{"type":"Feature","properties":{"line":"15","mode":"bus","color":"#cf8a11","oi":-0.714,"n":3,"sw":1},"geometry":{"type":"LineString","coordinates":[[22.420385,39.638865],[22.420385,39.638889]]}},{"type":"Feature","properties":{"line":"15","mode":"bus","color":"#cf8a11","oi":-0.631,"n":3,"sw":1},"geometry":{"type":"LineString","coordinates":[[22.420385,39.638883],[22.420385,39.638907]]}},{"type":"Feature","properties":{"line":"15","mode":"bus","color":"#cf8a11","oi":-0.544,"n":3,"sw":1},"geometry":{"type":"LineString","coordinates":[[22.420385,39.638901],[22.420385,39.638925]]}},{"type":"Feature","properties":{"line":"15","mode":"bus","color":"#cf8a11","oi":-0.456,"n":3,"sw":1},"geometry":{"type":"LineString","coordinates":[[22.420385,39.638919],[22.420385,39.638943]]}},{"type":"Feature","properties":{"line":"15","mode":"bus","color":"#cf8a11","oi":-0.369,"n":3,"sw":1},"geometry":{"type":"LineString","coordinates":[[22.420385,39.638937],[22.420385,39.638961]]}},{"type":"Feature","properties":{"line":"15","mode":"bus","color":"#cf8a11","oi":-0.286,"n":3,"sw":1},"geometry":{"type":"LineString","coordinates":[[22.420385,39.638955],[22.420385,39.638979]]}},{"type":"Feature","properties":{"line":"15","mode":"bus","color":"#cf8a11","oi":-0.209,"n":3,"sw":1},"geometry":{"type":"LineString","coordinates":[[22.420385,39.638973],[22.420385,39.638997]]}},{"type":"Feature","properties":{"line":"15","mode":"bus","color":"#cf8a11","oi":-0.14,"n":3,"sw":1},"geometry":{"type":"LineString","coordinates":[[22.420385,39.638991],[22.420385,39.639015]]}},{"type":"Feature","properties":{"line":"15","mode":"bus","color":"#cf8a11","oi":-0.082,"n":3,"sw":1},"geometry":{"type":"LineString","coordinates":[[22.420385,39.639009],[22.420385,39.639033]]}},{"type":"Feature","properties":{"line":"15","mode":"bus","color":"#cf8a11","oi":-0.038,"n":3,"sw":1},"geometry":{"type":"LineString","coordinates":[[22.420385,39.639027],[22.420385,39.639051]]}},{"type":"Feature","properties":{"line":"15","mode":"bus","color":"#cf8a11","oi":-0.01,"n":3,"sw":1},"geometry":{"type":"LineString","coordinates":[[22.420385,39.639045],[22.420385,39.639069]]}},{"type":"Feature","properties":{"line":"15","mode":"bus","color":"#cf8a11","oi":0,"n":3,"sw":1},"geometry":{"type":"LineString","coordinates":[[22.420385,39.639063],[22.420385,39.639084]]}},{"type":"Feature","properties":{"line":"15","mode":"bus","color":"#cf8a11","oi":0,"n":3,"sw":1},"geometry":{"type":"LineString","coordinates":[[22.419415,39.631051],[22.41941,39.631037]]}},{"type":"Feature","properties":{"line":"15","mode":"bus","color":"#cf8a11","oi":-0.01,"n":3,"sw":1},"geometry":{"type":"LineString","coordinates":[[22.419412,39.631042],[22.419406,39.631025]]}},{"type":"Feature","properties":{"line":"15","mode":"bus","color":"#cf8a11","oi":-0.038,"n":3,"sw":1},"geometry":{"type":"LineString","coordinates":[[22.419408,39.63103],[22.419402,39.631014]]}},{"type":"Feature","properties":{"line":"15","mode":"bus","color":"#cf8a11","oi":-0.082,"n":3,"sw":1},"geometry":{"type":"LineString","coordinates":[[22.419404,39.631019],[22.419398,39.631002]]}},{"type":"Feature","properties":{"line":"15","mode":"bus","color":"#cf8a11","oi":-0.14,"n":3,"sw":1},"geometry":{"type":"LineString","coordinates":[[22.419399,39.631007],[22.419393,39.63099]]}},{"type":"Feature","properties":{"line":"15","mode":"bus","color":"#cf8a11","oi":-0.209,"n":3,"sw":1},"geometry":{"type":"LineString","coordinates":[[22.419395,39.630996],[22.419389,39.630979]]}},{"type":"Feature","properties":{"line":"15","mode":"bus","color":"#cf8a11","oi":-0.286,"n":3,"sw":1},"geometry":{"type":"LineString","coordinates":[[22.419391,39.630984],[22.419385,39.630967]]}},{"type":"Feature","properties":{"line":"15","mode":"bus","color":"#cf8a11","oi":-0.369,"n":3,"sw":1},"geometry":{"type":"LineString","coordinates":[[22.419387,39.630972],[22.419381,39.630956]]}},{"type":"Feature","properties":{"line":"15","mode":"bus","color":"#cf8a11","oi":-0.456,"n":3,"sw":1},"geometry":{"type":"LineString","coordinates":[[22.419383,39.630961],[22.419377,39.630944]]}},{"type":"Feature","properties":{"line":"15","mode":"bus","color":"#cf8a11","oi":-0.544,"n":3,"sw":1},"geometry":{"type":"LineString","coordinates":[[22.419379,39.630949],[22.419373,39.630933],[22.419373,39.630932]]}},{"type":"Feature","properties":{"line":"15","mode":"bus","color":"#cf8a11","oi":-0.631,"n":3,"sw":1},"geometry":{"type":"LineString","coordinates":[[22.419375,39.630938],[22.419373,39.630933],[22.419373,39.63092]]}},{"type":"Feature","properties":{"line":"15","mode":"bus","color":"#cf8a11","oi":-0.714,"n":3,"sw":1},"geometry":{"type":"LineString","coordinates":[[22.419373,39.630926],[22.419373,39.630908]]}},{"type":"Feature","properties":{"line":"15","mode":"bus","color":"#cf8a11","oi":-0.791,"n":3,"sw":1},"geometry":{"type":"LineString","coordinates":[[22.419373,39.630914],[22.419373,39.630896]]}},{"type":"Feature","properties":{"line":"15","mode":"bus","color":"#cf8a11","oi":-0.86,"n":3,"sw":1},"geometry":{"type":"LineString","coordinates":[[22.419373,39.630902],[22.419374,39.630884]]}},{"type":"Feature","properties":{"line":"15","mode":"bus","color":"#cf8a11","oi":-0.918,"n":3,"sw":1},"geometry":{"type":"LineString","coordinates":[[22.419374,39.63089],[22.419374,39.630872]]}},{"type":"Feature","properties":{"line":"15","mode":"bus","color":"#cf8a11","oi":-0.962,"n":3,"sw":1},"geometry":{"type":"LineString","coordinates":[[22.419374,39.630877],[22.419374,39.63086]]}},{"type":"Feature","properties":{"line":"15","mode":"bus","color":"#cf8a11","oi":-0.99,"n":3,"sw":1},"geometry":{"type":"LineString","coordinates":[[22.419374,39.630865],[22.419374,39.630848]]}},{"type":"Feature","properties":{"line":"15","mode":"bus","color":"#cf8a11","oi":-1,"n":3,"sw":1},"geometry":{"type":"LineString","coordinates":[[22.419374,39.630853],[22.419374,39.630836]]}},{"type":"Feature","properties":{"line":"15","mode":"bus","color":"#cf8a11","oi":-1,"n":3,"sw":1},"geometry":{"type":"LineString","coordinates":[[22.419374,39.630841],[22.419374,39.630824]]}},{"type":"Feature","properties":{"line":"15","mode":"bus","color":"#cf8a11","oi":-0.99,"n":3,"sw":1},"geometry":{"type":"LineString","coordinates":[[22.419374,39.630829],[22.419375,39.630812]]}},{"type":"Feature","properties":{"line":"15","mode":"bus","color":"#cf8a11","oi":-0.962,"n":3,"sw":1},"geometry":{"type":"LineString","coordinates":[[22.419374,39.630817],[22.419375,39.6308]]}},{"type":"Feature","properties":{"line":"15","mode":"bus","color":"#cf8a11","oi":-0.918,"n":3,"sw":1},"geometry":{"type":"LineString","coordinates":[[22.419375,39.630805],[22.419375,39.630788]]}},{"type":"Feature","properties":{"line":"15","mode":"bus","color":"#cf8a11","oi":-0.86,"n":3,"sw":1},"geometry":{"type":"LineString","coordinates":[[22.419375,39.630793],[22.419375,39.630776]]}},{"type":"Feature","properties":{"line":"15","mode":"bus","color":"#cf8a11","oi":-0.791,"n":3,"sw":1},"geometry":{"type":"LineString","coordinates":[[22.419375,39.630781],[22.419375,39.630764]]}},{"type":"Feature","properties":{"line":"15","mode":"bus","color":"#cf8a11","oi":-0.714,"n":3,"sw":1},"geometry":{"type":"LineString","coordinates":[[22.419375,39.630769],[22.419375,39.630752]]}},{"type":"Feature","properties":{"line":"15","mode":"bus","color":"#cf8a11","oi":-0.631,"n":3,"sw":1},"geometry":{"type":"LineString","coordinates":[[22.419375,39.630757],[22.419375,39.63074]]}},{"type":"Feature","properties":{"line":"15","mode":"bus","color":"#cf8a11","oi":-0.544,"n":3,"sw":1},"geometry":{"type":"LineString","coordinates":[[22.419375,39.630745],[22.419376,39.630728]]}},{"type":"Feature","properties":{"line":"15","mode":"bus","color":"#cf8a11","oi":-0.456,"n":3,"sw":1},"geometry":{"type":"LineString","coordinates":[[22.419376,39.630733],[22.419376,39.630716]]}},{"type":"Feature","properties":{"line":"15","mode":"bus","color":"#cf8a11","oi":-0.369,"n":3,"sw":1},"geometry":{"type":"LineString","coordinates":[[22.419376,39.630721],[22.419376,39.630704]]}},{"type":"Feature","properties":{"line":"15","mode":"bus","color":"#cf8a11","oi":-0.286,"n":3,"sw":1},"geometry":{"type":"LineString","coordinates":[[22.419376,39.630709],[22.419376,39.630692]]}},{"type":"Feature","properties":{"line":"15","mode":"bus","color":"#cf8a11","oi":-0.209,"n":3,"sw":1},"geometry":{"type":"LineString","coordinates":[[22.419376,39.630697],[22.419376,39.630679]]}},{"type":"Feature","properties":{"line":"15","mode":"bus","color":"#cf8a11","oi":-0.14,"n":3,"sw":1},"geometry":{"type":"LineString","coordinates":[[22.419376,39.630685],[22.419376,39.630667]]}},{"type":"Feature","properties":{"line":"15","mode":"bus","color":"#cf8a11","oi":-0.082,"n":3,"sw":1},"geometry":{"type":"LineString","coordinates":[[22.419376,39.630673],[22.419377,39.630655]]}},{"type":"Feature","properties":{"line":"15","mode":"bus","color":"#cf8a11","oi":-0.038,"n":3,"sw":1},"geometry":{"type":"LineString","coordinates":[[22.419377,39.630661],[22.419377,39.630643]]}},{"type":"Feature","properties":{"line":"15","mode":"bus","color":"#cf8a11","oi":-0.01,"n":3,"sw":1},"geometry":{"type":"LineString","coordinates":[[22.419377,39.630649],[22.419377,39.630631]]}},{"type":"Feature","properties":{"line":"15","mode":"bus","color":"#cf8a11","oi":0,"n":3,"sw":1},"geometry":{"type":"LineString","coordinates":[[22.419377,39.630637],[22.419377,39.630622]]}},{"type":"Feature","properties":{"line":"15","mode":"bus","color":"#cf8a11","oi":-1.5,"n":4},"geometry":{"type":"LineString","coordinates":[[22.419821,39.631134],[22.422339,39.631646]]}},{"type":"Feature","properties":{"line":"15","mode":"bus","color":"#cf8a11","oi":0,"n":4,"sw":1},"geometry":{"type":"LineString","coordinates":[[22.419415,39.631051],[22.419434,39.631055]]}},{"type":"Feature","properties":{"line":"15","mode":"bus","color":"#cf8a11","oi":-0.007,"n":4,"sw":1},"geometry":{"type":"LineString","coordinates":[[22.419427,39.631053],[22.41945,39.631058]]}},{"type":"Feature","properties":{"line":"15","mode":"bus","color":"#cf8a11","oi":-0.027,"n":4,"sw":1},"geometry":{"type":"LineString","coordinates":[[22.419443,39.631057],[22.419465,39.631061]]}},{"type":"Feature","properties":{"line":"15","mode":"bus","color":"#cf8a11","oi":-0.06,"n":4,"sw":1},"geometry":{"type":"LineString","coordinates":[[22.419458,39.63106],[22.419481,39.631064]]}},{"type":"Feature","properties":{"line":"15","mode":"bus","color":"#cf8a11","oi":-0.103,"n":4,"sw":1},"geometry":{"type":"LineString","coordinates":[[22.419474,39.631063],[22.419497,39.631068]]}},{"type":"Feature","properties":{"line":"15","mode":"bus","color":"#cf8a11","oi":-0.156,"n":4,"sw":1},"geometry":{"type":"LineString","coordinates":[[22.41949,39.631066],[22.419512,39.631071]]}},{"type":"Feature","properties":{"line":"15","mode":"bus","color":"#cf8a11","oi":-0.218,"n":4,"sw":1},"geometry":{"type":"LineString","coordinates":[[22.419505,39.631069],[22.419528,39.631074]]}},{"type":"Feature","properties":{"line":"15","mode":"bus","color":"#cf8a11","oi":-0.287,"n":4,"sw":1},"geometry":{"type":"LineString","coordinates":[[22.419521,39.631073],[22.419543,39.631077]]}},{"type":"Feature","properties":{"line":"15","mode":"bus","color":"#cf8a11","oi":-0.362,"n":4,"sw":1},"geometry":{"type":"LineString","coordinates":[[22.419537,39.631076],[22.419559,39.63108]]}},{"type":"Feature","properties":{"line":"15","mode":"bus","color":"#cf8a11","oi":-0.443,"n":4,"sw":1},"geometry":{"type":"LineString","coordinates":[[22.419552,39.631079],[22.419575,39.631083]]}},{"type":"Feature","properties":{"line":"15","mode":"bus","color":"#cf8a11","oi":-0.528,"n":4,"sw":1},"geometry":{"type":"LineString","coordinates":[[22.419568,39.631082],[22.41959,39.631087]]}},{"type":"Feature","properties":{"line":"15","mode":"bus","color":"#cf8a11","oi":-0.616,"n":4,"sw":1},"geometry":{"type":"LineString","coordinates":[[22.419583,39.631085],[22.419606,39.63109]]}},{"type":"Feature","properties":{"line":"15","mode":"bus","color":"#cf8a11","oi":-0.705,"n":4,"sw":1},"geometry":{"type":"LineString","coordinates":[[22.419599,39.631088],[22.419621,39.631093]]}},{"type":"Feature","properties":{"line":"15","mode":"bus","color":"#cf8a11","oi":-0.795,"n":4,"sw":1},"geometry":{"type":"LineString","coordinates":[[22.419615,39.631092],[22.419637,39.631096]]}},{"type":"Feature","properties":{"line":"15","mode":"bus","color":"#cf8a11","oi":-0.884,"n":4,"sw":1},"geometry":{"type":"LineString","coordinates":[[22.41963,39.631095],[22.419653,39.631099]]}},{"type":"Feature","properties":{"line":"15","mode":"bus","color":"#cf8a11","oi":-0.972,"n":4,"sw":1},"geometry":{"type":"LineString","coordinates":[[22.419646,39.631098],[22.419668,39.631103]]}},{"type":"Feature","properties":{"line":"15","mode":"bus","color":"#cf8a11","oi":-1.057,"n":4,"sw":1},"geometry":{"type":"LineString","coordinates":[[22.419662,39.631101],[22.419684,39.631106]]}},{"type":"Feature","properties":{"line":"15","mode":"bus","color":"#cf8a11","oi":-1.138,"n":4,"sw":1},"geometry":{"type":"LineString","coordinates":[[22.419677,39.631104],[22.4197,39.631109]]}},{"type":"Feature","properties":{"line":"15","mode":"bus","color":"#cf8a11","oi":-1.213,"n":4,"sw":1},"geometry":{"type":"LineString","coordinates":[[22.419693,39.631108],[22.419715,39.631112]]}},{"type":"Feature","properties":{"line":"15","mode":"bus","color":"#cf8a11","oi":-1.282,"n":4,"sw":1},"geometry":{"type":"LineString","coordinates":[[22.419708,39.631111],[22.419731,39.631115]]}},{"type":"Feature","properties":{"line":"15","mode":"bus","color":"#cf8a11","oi":-1.344,"n":4,"sw":1},"geometry":{"type":"LineString","coordinates":[[22.419724,39.631114],[22.419746,39.631118]]}},{"type":"Feature","properties":{"line":"15","mode":"bus","color":"#cf8a11","oi":-1.397,"n":4,"sw":1},"geometry":{"type":"LineString","coordinates":[[22.41974,39.631117],[22.419762,39.631122]]}},{"type":"Feature","properties":{"line":"15","mode":"bus","color":"#cf8a11","oi":-1.44,"n":4,"sw":1},"geometry":{"type":"LineString","coordinates":[[22.419755,39.63112],[22.419778,39.631125]]}},{"type":"Feature","properties":{"line":"15","mode":"bus","color":"#cf8a11","oi":-1.473,"n":4,"sw":1},"geometry":{"type":"LineString","coordinates":[[22.419771,39.631123],[22.419793,39.631128]]}},{"type":"Feature","properties":{"line":"15","mode":"bus","color":"#cf8a11","oi":-1.493,"n":4,"sw":1},"geometry":{"type":"LineString","coordinates":[[22.419787,39.631127],[22.419809,39.631131]]}},{"type":"Feature","properties":{"line":"15","mode":"bus","color":"#cf8a11","oi":-1.5,"n":4,"sw":1},"geometry":{"type":"LineString","coordinates":[[22.419802,39.63113],[22.419825,39.631134]]}},{"type":"Feature","properties":{"line":"15","mode":"bus","color":"#cf8a11","oi":-0.5,"n":4},"geometry":{"type":"LineString","coordinates":[[22.426101,39.622116],[22.425933,39.622493]]}},{"type":"Feature","properties":{"line":"15","mode":"bus","color":"#cf8a11","oi":-0.5,"n":4,"sw":1},"geometry":{"type":"LineString","coordinates":[[22.425934,39.622491],[22.425921,39.622519],[22.425917,39.622526]]}},{"type":"Feature","properties":{"line":"15","mode":"bus","color":"#cf8a11","oi":-0.483,"n":4,"sw":1},"geometry":{"type":"LineString","coordinates":[[22.42592,39.622521],[22.4259,39.622556]]}},{"type":"Feature","properties":{"line":"15","mode":"bus","color":"#cf8a11","oi":-0.437,"n":4,"sw":1},"geometry":{"type":"LineString","coordinates":[[22.425903,39.622551],[22.425883,39.622585]]}},{"type":"Feature","properties":{"line":"15","mode":"bus","color":"#cf8a11","oi":-0.37,"n":4,"sw":1},"geometry":{"type":"LineString","coordinates":[[22.425886,39.62258],[22.425866,39.622615]]}},{"type":"Feature","properties":{"line":"15","mode":"bus","color":"#cf8a11","oi":-0.291,"n":4,"sw":1},"geometry":{"type":"LineString","coordinates":[[22.425869,39.62261],[22.425849,39.622644]]}},{"type":"Feature","properties":{"line":"15","mode":"bus","color":"#cf8a11","oi":-0.209,"n":4,"sw":1},"geometry":{"type":"LineString","coordinates":[[22.425852,39.622639],[22.425832,39.622674]]}},{"type":"Feature","properties":{"line":"15","mode":"bus","color":"#cf8a11","oi":-0.13,"n":4,"sw":1},"geometry":{"type":"LineString","coordinates":[[22.425835,39.622669],[22.425815,39.622704]]}},{"type":"Feature","properties":{"line":"15","mode":"bus","color":"#cf8a11","oi":-0.063,"n":4,"sw":1},"geometry":{"type":"LineString","coordinates":[[22.425818,39.622699],[22.425798,39.622733]]}},{"type":"Feature","properties":{"line":"15","mode":"bus","color":"#cf8a11","oi":-0.017,"n":4,"sw":1},"geometry":{"type":"LineString","coordinates":[[22.425801,39.622728],[22.425781,39.622763]]}},{"type":"Feature","properties":{"line":"15","mode":"bus","color":"#cf8a11","oi":0,"n":4,"sw":1},"geometry":{"type":"LineString","coordinates":[[22.425783,39.622758],[22.425765,39.62279]]}},{"type":"Feature","properties":{"line":"15","mode":"bus","color":"#cf8a11","oi":-1.5,"n":4},"geometry":{"type":"LineString","coordinates":[[22.419269,39.631021],[22.419342,39.631036]]}},{"type":"Feature","properties":{"line":"15","mode":"bus","color":"#cf8a11","oi":-1.5,"n":4,"sw":1},"geometry":{"type":"LineString","coordinates":[[22.419339,39.631035],[22.419356,39.631039]]}},{"type":"Feature","properties":{"line":"15","mode":"bus","color":"#cf8a11","oi":-1.389,"n":4,"sw":1},"geometry":{"type":"LineString","coordinates":[[22.419349,39.631037],[22.419366,39.631041]]}},{"type":"Feature","properties":{"line":"15","mode":"bus","color":"#cf8a11","oi":-1.111,"n":4,"sw":1},"geometry":{"type":"LineString","coordinates":[[22.419359,39.63104],[22.419377,39.631043]]}},{"type":"Feature","properties":{"line":"15","mode":"bus","color":"#cf8a11","oi":-0.75,"n":4,"sw":1},"geometry":{"type":"LineString","coordinates":[[22.41937,39.631042],[22.419387,39.631045]]}},{"type":"Feature","properties":{"line":"15","mode":"bus","color":"#cf8a11","oi":-0.389,"n":4,"sw":1},"geometry":{"type":"LineString","coordinates":[[22.41938,39.631044],[22.419398,39.631047]]}},{"type":"Feature","properties":{"line":"15","mode":"bus","color":"#cf8a11","oi":-0.111,"n":4,"sw":1},"geometry":{"type":"LineString","coordinates":[[22.419391,39.631046],[22.419408,39.63105]]}},{"type":"Feature","properties":{"line":"15","mode":"bus","color":"#cf8a11","oi":0,"n":4,"sw":1},"geometry":{"type":"LineString","coordinates":[[22.419401,39.631048],[22.419415,39.631051]]}},{"type":"Feature","properties":{"line":"15","mode":"bus","color":"#cf8a11","oi":-1,"n":3},"geometry":{"type":"LineString","coordinates":[[22.418373,39.630927],[22.418453,39.630911],[22.418629,39.630907],[22.41886,39.630948]]}},{"type":"Feature","properties":{"line":"15","mode":"bus","color":"#cf8a11","oi":0,"n":3,"sw":1},"geometry":{"type":"LineString","coordinates":[[22.417962,39.630969],[22.417989,39.630971]]}},{"type":"Feature","properties":{"line":"15","mode":"bus","color":"#cf8a11","oi":-0.01,"n":3,"sw":1},"geometry":{"type":"LineString","coordinates":[[22.417982,39.63097],[22.418012,39.630972]]}},{"type":"Feature","properties":{"line":"15","mode":"bus","color":"#cf8a11","oi":-0.038,"n":3,"sw":1},"geometry":{"type":"LineString","coordinates":[[22.418005,39.630972],[22.418035,39.630974]]}},{"type":"Feature","properties":{"line":"15","mode":"bus","color":"#cf8a11","oi":-0.082,"n":3,"sw":1},"geometry":{"type":"LineString","coordinates":[[22.418028,39.630973],[22.418059,39.630975]]}},{"type":"Feature","properties":{"line":"15","mode":"bus","color":"#cf8a11","oi":-0.14,"n":3,"sw":1},"geometry":{"type":"LineString","coordinates":[[22.418052,39.630975],[22.418082,39.630977]]}},{"type":"Feature","properties":{"line":"15","mode":"bus","color":"#cf8a11","oi":-0.209,"n":3,"sw":1},"geometry":{"type":"LineString","coordinates":[[22.418075,39.630976],[22.418105,39.630978]]}},{"type":"Feature","properties":{"line":"15","mode":"bus","color":"#cf8a11","oi":-0.286,"n":3,"sw":1},"geometry":{"type":"LineString","coordinates":[[22.418098,39.630978],[22.418113,39.630979],[22.418128,39.630976]]}},{"type":"Feature","properties":{"line":"15","mode":"bus","color":"#cf8a11","oi":-0.369,"n":3,"sw":1},"geometry":{"type":"LineString","coordinates":[[22.418121,39.630977],[22.41815,39.630972]]}},{"type":"Feature","properties":{"line":"15","mode":"bus","color":"#cf8a11","oi":-0.456,"n":3,"sw":1},"geometry":{"type":"LineString","coordinates":[[22.418144,39.630973],[22.418173,39.630967]]}},{"type":"Feature","properties":{"line":"15","mode":"bus","color":"#cf8a11","oi":-0.544,"n":3,"sw":1},"geometry":{"type":"LineString","coordinates":[[22.418166,39.630968],[22.418196,39.630962]]}},{"type":"Feature","properties":{"line":"15","mode":"bus","color":"#cf8a11","oi":-0.631,"n":3,"sw":1},"geometry":{"type":"LineString","coordinates":[[22.418189,39.630964],[22.418218,39.630958]]}},{"type":"Feature","properties":{"line":"15","mode":"bus","color":"#cf8a11","oi":-0.714,"n":3,"sw":1},"geometry":{"type":"LineString","coordinates":[[22.418211,39.630959],[22.418241,39.630953]]}},{"type":"Feature","properties":{"line":"15","mode":"bus","color":"#cf8a11","oi":-0.791,"n":3,"sw":1},"geometry":{"type":"LineString","coordinates":[[22.418234,39.630955],[22.418263,39.630949]]}},{"type":"Feature","properties":{"line":"15","mode":"bus","color":"#cf8a11","oi":-0.86,"n":3,"sw":1},"geometry":{"type":"LineString","coordinates":[[22.418257,39.63095],[22.418286,39.630944]]}},{"type":"Feature","properties":{"line":"15","mode":"bus","color":"#cf8a11","oi":-0.918,"n":3,"sw":1},"geometry":{"type":"LineString","coordinates":[[22.418279,39.630946],[22.418309,39.63094]]}},{"type":"Feature","properties":{"line":"15","mode":"bus","color":"#cf8a11","oi":-0.962,"n":3,"sw":1},"geometry":{"type":"LineString","coordinates":[[22.418302,39.630941],[22.418331,39.630935]]}},{"type":"Feature","properties":{"line":"15","mode":"bus","color":"#cf8a11","oi":-0.99,"n":3,"sw":1},"geometry":{"type":"LineString","coordinates":[[22.418324,39.630937],[22.418354,39.630931]]}},{"type":"Feature","properties":{"line":"15","mode":"bus","color":"#cf8a11","oi":-1,"n":3,"sw":1},"geometry":{"type":"LineString","coordinates":[[22.418347,39.630932],[22.418376,39.630926]]}},{"type":"Feature","properties":{"line":"15","mode":"bus","color":"#cf8a11","oi":-1,"n":3,"sw":1},"geometry":{"type":"LineString","coordinates":[[22.418856,39.630947],[22.418904,39.630956]]}},{"type":"Feature","properties":{"line":"15","mode":"bus","color":"#cf8a11","oi":-1.017,"n":3,"sw":1},"geometry":{"type":"LineString","coordinates":[[22.418897,39.630955],[22.418945,39.630963]]}},{"type":"Feature","properties":{"line":"15","mode":"bus","color":"#cf8a11","oi":-1.063,"n":3,"sw":1},"geometry":{"type":"LineString","coordinates":[[22.418938,39.630962],[22.418986,39.630971]]}},{"type":"Feature","properties":{"line":"15","mode":"bus","color":"#cf8a11","oi":-1.13,"n":3,"sw":1},"geometry":{"type":"LineString","coordinates":[[22.418979,39.630969],[22.419027,39.630978]]}},{"type":"Feature","properties":{"line":"15","mode":"bus","color":"#cf8a11","oi":-1.209,"n":3,"sw":1},"geometry":{"type":"LineString","coordinates":[[22.41902,39.630977],[22.419068,39.630985]]}},{"type":"Feature","properties":{"line":"15","mode":"bus","color":"#cf8a11","oi":-1.291,"n":3,"sw":1},"geometry":{"type":"LineString","coordinates":[[22.419061,39.630984],[22.419109,39.630992]]}},{"type":"Feature","properties":{"line":"15","mode":"bus","color":"#cf8a11","oi":-1.37,"n":3,"sw":1},"geometry":{"type":"LineString","coordinates":[[22.419102,39.630991],[22.41915,39.631]]}},{"type":"Feature","properties":{"line":"15","mode":"bus","color":"#cf8a11","oi":-1.437,"n":3,"sw":1},"geometry":{"type":"LineString","coordinates":[[22.419143,39.630999],[22.419191,39.631007]]}},{"type":"Feature","properties":{"line":"15","mode":"bus","color":"#cf8a11","oi":-1.483,"n":3,"sw":1},"geometry":{"type":"LineString","coordinates":[[22.419184,39.631006],[22.419231,39.631014]]}},{"type":"Feature","properties":{"line":"15","mode":"bus","color":"#cf8a11","oi":-1.5,"n":3,"sw":1},"geometry":{"type":"LineString","coordinates":[[22.419225,39.631013],[22.419269,39.631021]]}},{"type":"Feature","properties":{"line":"15","mode":"bus","color":"#cf8a11","oi":-1,"n":3},"geometry":{"type":"LineString","coordinates":[[22.416386,39.631289],[22.415595,39.63144]]}},{"type":"Feature","properties":{"line":"15","mode":"bus","color":"#cf8a11","oi":0,"n":3,"sw":1},"geometry":{"type":"LineString","coordinates":[[22.41678,39.631184],[22.416756,39.631194]]}},{"type":"Feature","properties":{"line":"15","mode":"bus","color":"#cf8a11","oi":-0.01,"n":3,"sw":1},"geometry":{"type":"LineString","coordinates":[[22.416763,39.631191],[22.416736,39.631202]]}},{"type":"Feature","properties":{"line":"15","mode":"bus","color":"#cf8a11","oi":-0.038,"n":3,"sw":1},"geometry":{"type":"LineString","coordinates":[[22.416742,39.6312],[22.416715,39.631211]]}},{"type":"Feature","properties":{"line":"15","mode":"bus","color":"#cf8a11","oi":-0.082,"n":3,"sw":1},"geometry":{"type":"LineString","coordinates":[[22.416721,39.631208],[22.416695,39.631219]]}},{"type":"Feature","properties":{"line":"15","mode":"bus","color":"#cf8a11","oi":-0.14,"n":3,"sw":1},"geometry":{"type":"LineString","coordinates":[[22.416701,39.631217],[22.416674,39.631228]]}},{"type":"Feature","properties":{"line":"15","mode":"bus","color":"#cf8a11","oi":-0.209,"n":3,"sw":1},"geometry":{"type":"LineString","coordinates":[[22.41668,39.631225],[22.416654,39.631236]]}},{"type":"Feature","properties":{"line":"15","mode":"bus","color":"#cf8a11","oi":-0.286,"n":3,"sw":1},"geometry":{"type":"LineString","coordinates":[[22.41666,39.631234],[22.416645,39.63124],[22.416632,39.631243]]}},{"type":"Feature","properties":{"line":"15","mode":"bus","color":"#cf8a11","oi":-0.369,"n":3,"sw":1},"geometry":{"type":"LineString","coordinates":[[22.416639,39.631241],[22.416609,39.631247]]}},{"type":"Feature","properties":{"line":"15","mode":"bus","color":"#cf8a11","oi":-0.456,"n":3,"sw":1},"geometry":{"type":"LineString","coordinates":[[22.416616,39.631246],[22.416586,39.631251]]}},{"type":"Feature","properties":{"line":"15","mode":"bus","color":"#cf8a11","oi":-0.544,"n":3,"sw":1},"geometry":{"type":"LineString","coordinates":[[22.416593,39.63125],[22.416564,39.631255]]}},{"type":"Feature","properties":{"line":"15","mode":"bus","color":"#cf8a11","oi":-0.631,"n":3,"sw":1},"geometry":{"type":"LineString","coordinates":[[22.416571,39.631254],[22.416541,39.63126]]}},{"type":"Feature","properties":{"line":"15","mode":"bus","color":"#cf8a11","oi":-0.714,"n":3,"sw":1},"geometry":{"type":"LineString","coordinates":[[22.416548,39.631258],[22.416519,39.631264]]}},{"type":"Feature","properties":{"line":"15","mode":"bus","color":"#cf8a11","oi":-0.791,"n":3,"sw":1},"geometry":{"type":"LineString","coordinates":[[22.416525,39.631263],[22.416496,39.631268]]}},{"type":"Feature","properties":{"line":"15","mode":"bus","color":"#cf8a11","oi":-0.86,"n":3,"sw":1},"geometry":{"type":"LineString","coordinates":[[22.416503,39.631267],[22.416473,39.631273]]}},{"type":"Feature","properties":{"line":"15","mode":"bus","color":"#cf8a11","oi":-0.918,"n":3,"sw":1},"geometry":{"type":"LineString","coordinates":[[22.41648,39.631271],[22.416451,39.631277]]}},{"type":"Feature","properties":{"line":"15","mode":"bus","color":"#cf8a11","oi":-0.962,"n":3,"sw":1},"geometry":{"type":"LineString","coordinates":[[22.416457,39.631276],[22.416428,39.631281]]}},{"type":"Feature","properties":{"line":"15","mode":"bus","color":"#cf8a11","oi":-0.99,"n":3,"sw":1},"geometry":{"type":"LineString","coordinates":[[22.416435,39.63128],[22.416405,39.631286]]}},{"type":"Feature","properties":{"line":"15","mode":"bus","color":"#cf8a11","oi":-1,"n":3,"sw":1},"geometry":{"type":"LineString","coordinates":[[22.416412,39.631284],[22.416383,39.63129]]}},{"type":"Feature","properties":{"line":"15","mode":"bus","color":"#cf8a11","oi":-1,"n":3,"sw":1},"geometry":{"type":"LineString","coordinates":[[22.415598,39.63144],[22.415569,39.631445]]}},{"type":"Feature","properties":{"line":"15","mode":"bus","color":"#cf8a11","oi":-0.99,"n":3,"sw":1},"geometry":{"type":"LineString","coordinates":[[22.415576,39.631444],[22.415546,39.63145]]}},{"type":"Feature","properties":{"line":"15","mode":"bus","color":"#cf8a11","oi":-0.962,"n":3,"sw":1},"geometry":{"type":"LineString","coordinates":[[22.415553,39.631448],[22.415523,39.631454]]}},{"type":"Feature","properties":{"line":"15","mode":"bus","color":"#cf8a11","oi":-0.918,"n":3,"sw":1},"geometry":{"type":"LineString","coordinates":[[22.41553,39.631453],[22.415501,39.631458]]}},{"type":"Feature","properties":{"line":"15","mode":"bus","color":"#cf8a11","oi":-0.86,"n":3,"sw":1},"geometry":{"type":"LineString","coordinates":[[22.415508,39.631457],[22.415478,39.631462]]}},{"type":"Feature","properties":{"line":"15","mode":"bus","color":"#cf8a11","oi":-0.791,"n":3,"sw":1},"geometry":{"type":"LineString","coordinates":[[22.415485,39.631461],[22.415455,39.631467]]}},{"type":"Feature","properties":{"line":"15","mode":"bus","color":"#cf8a11","oi":-0.714,"n":3,"sw":1},"geometry":{"type":"LineString","coordinates":[[22.415462,39.631466],[22.415433,39.631471]]}},{"type":"Feature","properties":{"line":"15","mode":"bus","color":"#cf8a11","oi":-0.631,"n":3,"sw":1},"geometry":{"type":"LineString","coordinates":[[22.41544,39.63147],[22.41541,39.631475]]}},{"type":"Feature","properties":{"line":"15","mode":"bus","color":"#cf8a11","oi":-0.544,"n":3,"sw":1},"geometry":{"type":"LineString","coordinates":[[22.415417,39.631474],[22.415388,39.63148]]}},{"type":"Feature","properties":{"line":"15","mode":"bus","color":"#cf8a11","oi":-0.456,"n":3,"sw":1},"geometry":{"type":"LineString","coordinates":[[22.415394,39.631478],[22.415365,39.631484]]}},{"type":"Feature","properties":{"line":"15","mode":"bus","color":"#cf8a11","oi":-0.369,"n":3,"sw":1},"geometry":{"type":"LineString","coordinates":[[22.415372,39.631483],[22.415342,39.631488]]}},{"type":"Feature","properties":{"line":"15","mode":"bus","color":"#cf8a11","oi":-0.286,"n":3,"sw":1},"geometry":{"type":"LineString","coordinates":[[22.415349,39.631487],[22.41532,39.631493]]}},{"type":"Feature","properties":{"line":"15","mode":"bus","color":"#cf8a11","oi":-0.209,"n":3,"sw":1},"geometry":{"type":"LineString","coordinates":[[22.415326,39.631491],[22.415297,39.631497]]}},{"type":"Feature","properties":{"line":"15","mode":"bus","color":"#cf8a11","oi":-0.14,"n":3,"sw":1},"geometry":{"type":"LineString","coordinates":[[22.415304,39.631496],[22.415274,39.631501]]}},{"type":"Feature","properties":{"line":"15","mode":"bus","color":"#cf8a11","oi":-0.082,"n":3,"sw":1},"geometry":{"type":"LineString","coordinates":[[22.415281,39.6315],[22.415252,39.631506]]}},{"type":"Feature","properties":{"line":"15","mode":"bus","color":"#cf8a11","oi":-0.038,"n":3,"sw":1},"geometry":{"type":"LineString","coordinates":[[22.415258,39.631504],[22.415229,39.63151]]}},{"type":"Feature","properties":{"line":"15","mode":"bus","color":"#cf8a11","oi":-0.01,"n":3,"sw":1},"geometry":{"type":"LineString","coordinates":[[22.415236,39.631509],[22.415206,39.631514]]}},{"type":"Feature","properties":{"line":"15","mode":"bus","color":"#cf8a11","oi":0,"n":3,"sw":1},"geometry":{"type":"LineString","coordinates":[[22.415213,39.631513],[22.415187,39.631518]]}},{"type":"Feature","properties":{"line":"6","mode":"bus","color":"#119efc","oi":1,"n":3},"geometry":{"type":"LineString","coordinates":[[22.439068,39.658958],[22.439251,39.659064],[22.439682,39.659839],[22.440067,39.660431],[22.440101,39.66055],[22.440076,39.660703],[22.440104,39.660762],[22.440187,39.660829],[22.440301,39.660855],[22.440401,39.660935],[22.440666,39.66137],[22.440934,39.661624],[22.441192,39.661951],[22.441352,39.662072]]}},{"type":"Feature","properties":{"line":"6","mode":"bus","color":"#119efc","oi":0,"n":3,"sw":1},"geometry":{"type":"LineString","coordinates":[[22.43866,39.658891],[22.438686,39.658895]]}},{"type":"Feature","properties":{"line":"6","mode":"bus","color":"#119efc","oi":0.01,"n":3,"sw":1},"geometry":{"type":"LineString","coordinates":[[22.43868,39.658894],[22.438709,39.658898]]}},{"type":"Feature","properties":{"line":"6","mode":"bus","color":"#119efc","oi":0.038,"n":3,"sw":1},"geometry":{"type":"LineString","coordinates":[[22.438703,39.658897],[22.438732,39.658901]]}},{"type":"Feature","properties":{"line":"6","mode":"bus","color":"#119efc","oi":0.082,"n":3,"sw":1},"geometry":{"type":"LineString","coordinates":[[22.438725,39.6589],[22.438755,39.658904]]}},{"type":"Feature","properties":{"line":"6","mode":"bus","color":"#119efc","oi":0.14,"n":3,"sw":1},"geometry":{"type":"LineString","coordinates":[[22.438748,39.658903],[22.438778,39.658907]]}},{"type":"Feature","properties":{"line":"6","mode":"bus","color":"#119efc","oi":0.209,"n":3,"sw":1},"geometry":{"type":"LineString","coordinates":[[22.438771,39.658906],[22.438801,39.658911]]}},{"type":"Feature","properties":{"line":"6","mode":"bus","color":"#119efc","oi":0.286,"n":3,"sw":1},"geometry":{"type":"LineString","coordinates":[[22.438794,39.65891],[22.438824,39.658914]]}},{"type":"Feature","properties":{"line":"6","mode":"bus","color":"#119efc","oi":0.369,"n":3,"sw":1},"geometry":{"type":"LineString","coordinates":[[22.438817,39.658913],[22.438847,39.658917]]}},{"type":"Feature","properties":{"line":"6","mode":"bus","color":"#119efc","oi":0.456,"n":3,"sw":1},"geometry":{"type":"LineString","coordinates":[[22.43884,39.658916],[22.43887,39.65892]]}},{"type":"Feature","properties":{"line":"6","mode":"bus","color":"#119efc","oi":0.544,"n":3,"sw":1},"geometry":{"type":"LineString","coordinates":[[22.438863,39.658919],[22.438893,39.658923]]}},{"type":"Feature","properties":{"line":"6","mode":"bus","color":"#119efc","oi":0.631,"n":3,"sw":1},"geometry":{"type":"LineString","coordinates":[[22.438886,39.658922],[22.438916,39.658926]]}},{"type":"Feature","properties":{"line":"6","mode":"bus","color":"#119efc","oi":0.714,"n":3,"sw":1},"geometry":{"type":"LineString","coordinates":[[22.438909,39.658925],[22.438939,39.65893]]}},{"type":"Feature","properties":{"line":"6","mode":"bus","color":"#119efc","oi":0.791,"n":3,"sw":1},"geometry":{"type":"LineString","coordinates":[[22.438932,39.658929],[22.438962,39.658933]]}},{"type":"Feature","properties":{"line":"6","mode":"bus","color":"#119efc","oi":0.86,"n":3,"sw":1},"geometry":{"type":"LineString","coordinates":[[22.438955,39.658932],[22.438985,39.658936]]}},{"type":"Feature","properties":{"line":"6","mode":"bus","color":"#119efc","oi":0.918,"n":3,"sw":1},"geometry":{"type":"LineString","coordinates":[[22.438978,39.658935],[22.439008,39.658939]]}},{"type":"Feature","properties":{"line":"6","mode":"bus","color":"#119efc","oi":0.962,"n":3,"sw":1},"geometry":{"type":"LineString","coordinates":[[22.439001,39.658938],[22.439031,39.658942]]}},{"type":"Feature","properties":{"line":"6","mode":"bus","color":"#119efc","oi":0.99,"n":3,"sw":1},"geometry":{"type":"LineString","coordinates":[[22.439024,39.658941],[22.439044,39.658944],[22.439052,39.658949]]}},{"type":"Feature","properties":{"line":"6","mode":"bus","color":"#119efc","oi":1,"n":3,"sw":1},"geometry":{"type":"LineString","coordinates":[[22.439047,39.658945],[22.439071,39.65896]]}},{"type":"Feature","properties":{"line":"6","mode":"bus","color":"#119efc","oi":1,"n":3},"geometry":{"type":"LineString","coordinates":[[22.449348,39.67046],[22.448577,39.669408],[22.448174,39.668915],[22.447902,39.668684],[22.44262,39.663473],[22.441899,39.662719],[22.441352,39.662072],[22.441267,39.661921],[22.44055,39.660933],[22.440512,39.660814],[22.440553,39.660675],[22.440539,39.660609],[22.440456,39.660522],[22.440275,39.660466],[22.440202,39.660386],[22.439903,39.659892],[22.439434,39.659027],[22.439245,39.658842],[22.439172,39.658804],[22.439047,39.658789],[22.438753,39.658845],[22.438523,39.658787]]}},{"type":"Feature","properties":{"line":"6","mode":"bus","color":"#119efc","oi":1,"n":3},"geometry":{"type":"LineString","coordinates":[[22.447902,39.668684],[22.448006,39.668863],[22.448457,39.669455],[22.449269,39.670628]]}},{"type":"Feature","properties":{"line":"6","mode":"bus","color":"#119efc","oi":0.5,"n":4},"geometry":{"type":"LineString","coordinates":[[22.428374,39.645985],[22.430594,39.647318],[22.431375,39.647844],[22.431582,39.648055],[22.432807,39.649996],[22.43538,39.653961],[22.435742,39.65455],[22.436337,39.655651],[22.437442,39.657558],[22.438523,39.658787],[22.43866,39.658891]]}},{"type":"Feature","properties":{"line":"6","mode":"bus","color":"#119efc","oi":0,"n":4,"sw":1},"geometry":{"type":"LineString","coordinates":[[22.428043,39.645786],[22.428079,39.645808]]}},{"type":"Feature","properties":{"line":"6","mode":"bus","color":"#119efc","oi":0.017,"n":4,"sw":1},"geometry":{"type":"LineString","coordinates":[[22.428073,39.645804],[22.428112,39.645827]]}},{"type":"Feature","properties":{"line":"6","mode":"bus","color":"#119efc","oi":0.063,"n":4,"sw":1},"geometry":{"type":"LineString","coordinates":[[22.428107,39.645824],[22.428145,39.645847]]}},{"type":"Feature","properties":{"line":"6","mode":"bus","color":"#119efc","oi":0.13,"n":4,"sw":1},"geometry":{"type":"LineString","coordinates":[[22.42814,39.645844],[22.428178,39.645867]]}},{"type":"Feature","properties":{"line":"6","mode":"bus","color":"#119efc","oi":0.209,"n":4,"sw":1},"geometry":{"type":"LineString","coordinates":[[22.428173,39.645864],[22.428211,39.645887]]}},{"type":"Feature","properties":{"line":"6","mode":"bus","color":"#119efc","oi":0.291,"n":4,"sw":1},"geometry":{"type":"LineString","coordinates":[[22.428206,39.645884],[22.428245,39.645907]]}},{"type":"Feature","properties":{"line":"6","mode":"bus","color":"#119efc","oi":0.37,"n":4,"sw":1},"geometry":{"type":"LineString","coordinates":[[22.428239,39.645904],[22.428278,39.645927]]}},{"type":"Feature","properties":{"line":"6","mode":"bus","color":"#119efc","oi":0.437,"n":4,"sw":1},"geometry":{"type":"LineString","coordinates":[[22.428272,39.645924],[22.428311,39.645947]]}},{"type":"Feature","properties":{"line":"6","mode":"bus","color":"#119efc","oi":0.483,"n":4,"sw":1},"geometry":{"type":"LineString","coordinates":[[22.428305,39.645944],[22.428344,39.645967]]}},{"type":"Feature","properties":{"line":"6","mode":"bus","color":"#119efc","oi":0.5,"n":4,"sw":1},"geometry":{"type":"LineString","coordinates":[[22.428339,39.645963],[22.428377,39.645987]]}},{"type":"Feature","properties":{"line":"6","mode":"bus","color":"#119efc","oi":-0.5,"n":4},"geometry":{"type":"LineString","coordinates":[[22.427433,39.645899],[22.427458,39.646085],[22.427503,39.646184],[22.427564,39.646231],[22.427594,39.646245],[22.427628,39.646249],[22.427698,39.646246],[22.427791,39.646186],[22.427845,39.646063]]}},{"type":"Feature","properties":{"line":"6","mode":"bus","color":"#119efc","oi":-0.5,"n":4,"sw":1},"geometry":{"type":"LineString","coordinates":[[22.427844,39.646066],[22.42786,39.64603]]}},{"type":"Feature","properties":{"line":"6","mode":"bus","color":"#119efc","oi":-0.483,"n":4,"sw":1},"geometry":{"type":"LineString","coordinates":[[22.427857,39.646035],[22.427873,39.645999]]}},{"type":"Feature","properties":{"line":"6","mode":"bus","color":"#119efc","oi":-0.437,"n":4,"sw":1},"geometry":{"type":"LineString","coordinates":[[22.427871,39.646004],[22.427887,39.645968]]}},{"type":"Feature","properties":{"line":"6","mode":"bus","color":"#119efc","oi":-0.37,"n":4,"sw":1},"geometry":{"type":"LineString","coordinates":[[22.427884,39.645974],[22.4279,39.645938]]}},{"type":"Feature","properties":{"line":"6","mode":"bus","color":"#119efc","oi":-0.291,"n":4,"sw":1},"geometry":{"type":"LineString","coordinates":[[22.427898,39.645943],[22.427914,39.645907]]}},{"type":"Feature","properties":{"line":"6","mode":"bus","color":"#119efc","oi":-0.209,"n":4,"sw":1},"geometry":{"type":"LineString","coordinates":[[22.427911,39.645912],[22.427926,39.645879],[22.427928,39.645877]]}},{"type":"Feature","properties":{"line":"6","mode":"bus","color":"#119efc","oi":-0.13,"n":4,"sw":1},"geometry":{"type":"LineString","coordinates":[[22.427925,39.645882],[22.427926,39.645879],[22.427958,39.645854]]}},{"type":"Feature","properties":{"line":"6","mode":"bus","color":"#119efc","oi":-0.063,"n":4,"sw":1},"geometry":{"type":"LineString","coordinates":[[22.427953,39.645858],[22.427987,39.645831]]}},{"type":"Feature","properties":{"line":"6","mode":"bus","color":"#119efc","oi":-0.017,"n":4,"sw":1},"geometry":{"type":"LineString","coordinates":[[22.427982,39.645834],[22.428016,39.645807]]}},{"type":"Feature","properties":{"line":"6","mode":"bus","color":"#119efc","oi":0,"n":4,"sw":1},"geometry":{"type":"LineString","coordinates":[[22.428011,39.645811],[22.428043,39.645786]]}},{"type":"Feature","properties":{"line":"6","mode":"bus","color":"#119efc","oi":-1,"n":3},"geometry":{"type":"LineString","coordinates":[[22.423375,39.642098],[22.424152,39.64284],[22.424585,39.643453],[22.42492,39.644062],[22.425209,39.644173],[22.425591,39.644383],[22.426477,39.644971],[22.427242,39.645615]]}},{"type":"Feature","properties":{"line":"6","mode":"bus","color":"#119efc","oi":-0.5,"n":3,"sw":1},"geometry":{"type":"LineString","coordinates":[[22.423111,39.641846],[22.42314,39.641873]]}},{"type":"Feature","properties":{"line":"6","mode":"bus","color":"#119efc","oi":-0.517,"n":3,"sw":1},"geometry":{"type":"LineString","coordinates":[[22.423135,39.641869],[22.423166,39.641899]]}},{"type":"Feature","properties":{"line":"6","mode":"bus","color":"#119efc","oi":-0.563,"n":3,"sw":1},"geometry":{"type":"LineString","coordinates":[[22.423162,39.641894],[22.423192,39.641924]]}},{"type":"Feature","properties":{"line":"6","mode":"bus","color":"#119efc","oi":-0.63,"n":3,"sw":1},"geometry":{"type":"LineString","coordinates":[[22.423188,39.64192],[22.423219,39.641949]]}},{"type":"Feature","properties":{"line":"6","mode":"bus","color":"#119efc","oi":-0.709,"n":3,"sw":1},"geometry":{"type":"LineString","coordinates":[[22.423214,39.641945],[22.423245,39.641974]]}},{"type":"Feature","properties":{"line":"6","mode":"bus","color":"#119efc","oi":-0.791,"n":3,"sw":1},"geometry":{"type":"LineString","coordinates":[[22.423241,39.64197],[22.423272,39.641999]]}},{"type":"Feature","properties":{"line":"6","mode":"bus","color":"#119efc","oi":-0.87,"n":3,"sw":1},"geometry":{"type":"LineString","coordinates":[[22.423267,39.641995],[22.423298,39.642025]]}},{"type":"Feature","properties":{"line":"6","mode":"bus","color":"#119efc","oi":-0.937,"n":3,"sw":1},"geometry":{"type":"LineString","coordinates":[[22.423294,39.64202],[22.423324,39.64205]]}},{"type":"Feature","properties":{"line":"6","mode":"bus","color":"#119efc","oi":-0.983,"n":3,"sw":1},"geometry":{"type":"LineString","coordinates":[[22.42332,39.642046],[22.423351,39.642075]]}},{"type":"Feature","properties":{"line":"6","mode":"bus","color":"#119efc","oi":-1,"n":3,"sw":1},"geometry":{"type":"LineString","coordinates":[[22.423346,39.642071],[22.423377,39.6421]]}},{"type":"Feature","properties":{"line":"6","mode":"bus","color":"#119efc","oi":-1,"n":3,"sw":1},"geometry":{"type":"LineString","coordinates":[[22.427239,39.645613],[22.427272,39.645641]]}},{"type":"Feature","properties":{"line":"6","mode":"bus","color":"#119efc","oi":-0.983,"n":3,"sw":1},"geometry":{"type":"LineString","coordinates":[[22.427268,39.645637],[22.427295,39.64566],[22.427299,39.645666]]}},{"type":"Feature","properties":{"line":"6","mode":"bus","color":"#119efc","oi":-0.937,"n":3,"sw":1},"geometry":{"type":"LineString","coordinates":[[22.427296,39.645661],[22.427321,39.645693]]}},{"type":"Feature","properties":{"line":"6","mode":"bus","color":"#119efc","oi":-0.87,"n":3,"sw":1},"geometry":{"type":"LineString","coordinates":[[22.427318,39.645689],[22.427343,39.645721]]}},{"type":"Feature","properties":{"line":"6","mode":"bus","color":"#119efc","oi":-0.791,"n":3,"sw":1},"geometry":{"type":"LineString","coordinates":[[22.427339,39.645716],[22.427365,39.645749]]}},{"type":"Feature","properties":{"line":"6","mode":"bus","color":"#119efc","oi":-0.709,"n":3,"sw":1},"geometry":{"type":"LineString","coordinates":[[22.427361,39.645744],[22.427369,39.645754],[22.42738,39.645779]]}},{"type":"Feature","properties":{"line":"6","mode":"bus","color":"#119efc","oi":-0.63,"n":3,"sw":1},"geometry":{"type":"LineString","coordinates":[[22.427378,39.645774],[22.427394,39.64581]]}},{"type":"Feature","properties":{"line":"6","mode":"bus","color":"#119efc","oi":-0.563,"n":3,"sw":1},"geometry":{"type":"LineString","coordinates":[[22.427391,39.645804],[22.427407,39.64584]]}},{"type":"Feature","properties":{"line":"6","mode":"bus","color":"#119efc","oi":-0.517,"n":3,"sw":1},"geometry":{"type":"LineString","coordinates":[[22.427405,39.645835],[22.427421,39.645871]]}},{"type":"Feature","properties":{"line":"6","mode":"bus","color":"#119efc","oi":-0.5,"n":3,"sw":1},"geometry":{"type":"LineString","coordinates":[[22.427418,39.645866],[22.427433,39.645899]]}},{"type":"Feature","properties":{"line":"6","mode":"bus","color":"#119efc","oi":-1,"n":3},"geometry":{"type":"LineString","coordinates":[[22.419805,39.639657],[22.419916,39.639733]]}},{"type":"Feature","properties":{"line":"6","mode":"bus","color":"#119efc","oi":-0.5,"n":3,"sw":1},"geometry":{"type":"LineString","coordinates":[[22.419694,39.63958],[22.419708,39.639589]]}},{"type":"Feature","properties":{"line":"6","mode":"bus","color":"#119efc","oi":-0.517,"n":3,"sw":1},"geometry":{"type":"LineString","coordinates":[[22.419702,39.639586],[22.419719,39.639597]]}},{"type":"Feature","properties":{"line":"6","mode":"bus","color":"#119efc","oi":-0.563,"n":3,"sw":1},"geometry":{"type":"LineString","coordinates":[[22.419714,39.639594],[22.41973,39.639605]]}},{"type":"Feature","properties":{"line":"6","mode":"bus","color":"#119efc","oi":-0.63,"n":3,"sw":1},"geometry":{"type":"LineString","coordinates":[[22.419725,39.639601],[22.419741,39.639612]]}},{"type":"Feature","properties":{"line":"6","mode":"bus","color":"#119efc","oi":-0.709,"n":3,"sw":1},"geometry":{"type":"LineString","coordinates":[[22.419736,39.639609],[22.419752,39.63962]]}},{"type":"Feature","properties":{"line":"6","mode":"bus","color":"#119efc","oi":-0.791,"n":3,"sw":1},"geometry":{"type":"LineString","coordinates":[[22.419747,39.639616],[22.419763,39.639628]]}},{"type":"Feature","properties":{"line":"6","mode":"bus","color":"#119efc","oi":-0.87,"n":3,"sw":1},"geometry":{"type":"LineString","coordinates":[[22.419758,39.639624],[22.419774,39.639635]]}},{"type":"Feature","properties":{"line":"6","mode":"bus","color":"#119efc","oi":-0.937,"n":3,"sw":1},"geometry":{"type":"LineString","coordinates":[[22.419769,39.639632],[22.419785,39.639643]]}},{"type":"Feature","properties":{"line":"6","mode":"bus","color":"#119efc","oi":-0.983,"n":3,"sw":1},"geometry":{"type":"LineString","coordinates":[[22.41978,39.639639],[22.419797,39.639651]]}},{"type":"Feature","properties":{"line":"6","mode":"bus","color":"#119efc","oi":-1,"n":3,"sw":1},"geometry":{"type":"LineString","coordinates":[[22.419791,39.639647],[22.419808,39.639658]]}},{"type":"Feature","properties":{"line":"6","mode":"bus","color":"#119efc","oi":-0.5,"n":4},"geometry":{"type":"LineString","coordinates":[[22.419463,39.639699],[22.419916,39.639733],[22.423111,39.641846]]}},{"type":"Feature","properties":{"line":"6","mode":"bus","color":"#119efc","oi":0,"n":4,"sw":1},"geometry":{"type":"LineString","coordinates":[[22.419405,39.639695],[22.419423,39.639696]]}},{"type":"Feature","properties":{"line":"6","mode":"bus","color":"#119efc","oi":-1.5,"n":4,"sw":1},"geometry":{"type":"LineString","coordinates":[[22.419416,39.639696],[22.419437,39.639697]]}},{"type":"Feature","properties":{"line":"6","mode":"bus","color":"#119efc","oi":-1.5,"n":4,"sw":1},"geometry":{"type":"LineString","coordinates":[[22.419431,39.639697],[22.419452,39.639698]]}},{"type":"Feature","properties":{"line":"6","mode":"bus","color":"#119efc","oi":-0.5,"n":4,"sw":1},"geometry":{"type":"LineString","coordinates":[[22.419445,39.639698],[22.419463,39.639699]]}},{"type":"Feature","properties":{"line":"6","mode":"bus","color":"#119efc","oi":-0.5,"n":4},"geometry":{"type":"LineString","coordinates":[[22.419682,39.639563],[22.419694,39.63958]]}},{"type":"Feature","properties":{"line":"6","mode":"bus","color":"#119efc","oi":0,"n":4,"sw":1},"geometry":{"type":"LineString","coordinates":[[22.419669,39.639545],[22.419677,39.639556]]}},{"type":"Feature","properties":{"line":"6","mode":"bus","color":"#119efc","oi":-0.5,"n":4,"sw":1},"geometry":{"type":"LineString","coordinates":[[22.419674,39.639551],[22.419683,39.639565]]}},{"type":"Feature","properties":{"line":"6","mode":"bus","color":"#119efc","oi":-0.5,"n":2},"geometry":{"type":"LineString","coordinates":[[22.427284,39.645525],[22.426675,39.645002],[22.425747,39.644369],[22.425202,39.644067],[22.424857,39.643924]]}},{"type":"Feature","properties":{"line":"6","mode":"bus","color":"#119efc","oi":0,"n":2,"sw":1},"geometry":{"type":"LineString","coordinates":[[22.427617,39.645713],[22.427574,39.645702]]}},{"type":"Feature","properties":{"line":"6","mode":"bus","color":"#119efc","oi":-0.017,"n":2,"sw":1},"geometry":{"type":"LineString","coordinates":[[22.42758,39.645704],[22.427534,39.645692]]}},{"type":"Feature","properties":{"line":"6","mode":"bus","color":"#119efc","oi":-0.063,"n":2,"sw":1},"geometry":{"type":"LineString","coordinates":[[22.427541,39.645694],[22.427515,39.645687],[22.427498,39.645676]]}},{"type":"Feature","properties":{"line":"6","mode":"bus","color":"#119efc","oi":-0.13,"n":2,"sw":1},"geometry":{"type":"LineString","coordinates":[[22.427503,39.64568],[22.427465,39.645656]]}},{"type":"Feature","properties":{"line":"6","mode":"bus","color":"#119efc","oi":-0.209,"n":2,"sw":1},"geometry":{"type":"LineString","coordinates":[[22.427471,39.645659],[22.427433,39.645635]]}},{"type":"Feature","properties":{"line":"6","mode":"bus","color":"#119efc","oi":-0.291,"n":2,"sw":1},"geometry":{"type":"LineString","coordinates":[[22.427438,39.645639],[22.4274,39.645615]]}},{"type":"Feature","properties":{"line":"6","mode":"bus","color":"#119efc","oi":-0.37,"n":2,"sw":1},"geometry":{"type":"LineString","coordinates":[[22.427405,39.645618],[22.427367,39.645595]]}},{"type":"Feature","properties":{"line":"6","mode":"bus","color":"#119efc","oi":-0.437,"n":2,"sw":1},"geometry":{"type":"LineString","coordinates":[[22.427373,39.645598],[22.427357,39.645588],[22.427338,39.645572]]}},{"type":"Feature","properties":{"line":"6","mode":"bus","color":"#119efc","oi":-0.483,"n":2,"sw":1},"geometry":{"type":"LineString","coordinates":[[22.427343,39.645576],[22.42731,39.645547]]}},{"type":"Feature","properties":{"line":"6","mode":"bus","color":"#119efc","oi":-0.5,"n":2,"sw":1},"geometry":{"type":"LineString","coordinates":[[22.427315,39.645552],[22.427282,39.645523]]}},{"type":"Feature","properties":{"line":"6","mode":"bus","color":"#119efc","oi":0,"n":3},"geometry":{"type":"LineString","coordinates":[[22.428043,39.645786],[22.428023,39.645724],[22.428004,39.645697],[22.42797,39.645681],[22.427878,39.645659],[22.427617,39.645713]]}},{"type":"Feature","properties":{"line":"6","mode":"bus","color":"#119efc","oi":0,"n":1},"geometry":{"type":"LineString","coordinates":[[22.468282,39.684317],[22.476674,39.678477],[22.477274,39.678104],[22.480092,39.676744],[22.480358,39.676572],[22.480426,39.676497],[22.480452,39.676457],[22.480456,39.676447],[22.480455,39.676439],[22.480449,39.676432],[22.480438,39.676426],[22.480291,39.676377],[22.478106,39.675368],[22.476253,39.674932],[22.476226,39.67493],[22.476207,39.674938],[22.476194,39.674956],[22.475747,39.676037],[22.475324,39.677199],[22.476155,39.678826]]}},{"type":"Feature","properties":{"line":"6","mode":"bus","color":"#119efc","oi":0,"n":1},"geometry":{"type":"LineString","coordinates":[[22.466398,39.683493],[22.466602,39.683716],[22.467766,39.684704],[22.467781,39.684714],[22.467797,39.684718],[22.467814,39.684715],[22.46783,39.684705],[22.468142,39.684462],[22.468254,39.684346],[22.468262,39.684338],[22.468265,39.684332],[22.468265,39.684329],[22.468261,39.684329],[22.468254,39.684331],[22.468243,39.684336],[22.468068,39.684422],[22.467808,39.684594],[22.467785,39.684604],[22.467763,39.684603],[22.467742,39.68459],[22.466663,39.683676],[22.466398,39.683493],[22.457594,39.676023],[22.456574,39.675183],[22.455634,39.674504],[22.451579,39.671743],[22.450577,39.67101],[22.450355,39.670821],[22.450096,39.670683],[22.449974,39.670662],[22.449847,39.670669],[22.449686,39.67064]]}},{"type":"Feature","properties":{"line":"6","mode":"bus","color":"#119efc","oi":0,"n":1,"sw":1},"geometry":{"type":"LineString","coordinates":[[22.449689,39.670641],[22.44966,39.670635]]}},{"type":"Feature","properties":{"line":"6","mode":"bus","color":"#119efc","oi":0.01,"n":1,"sw":1},"geometry":{"type":"LineString","coordinates":[[22.449666,39.670637],[22.449637,39.670631]]}},{"type":"Feature","properties":{"line":"6","mode":"bus","color":"#119efc","oi":0.038,"n":1,"sw":1},"geometry":{"type":"LineString","coordinates":[[22.449644,39.670633],[22.449614,39.670627]]}},{"type":"Feature","properties":{"line":"6","mode":"bus","color":"#119efc","oi":0.082,"n":1,"sw":1},"geometry":{"type":"LineString","coordinates":[[22.449621,39.670628],[22.449591,39.670623]]}},{"type":"Feature","properties":{"line":"6","mode":"bus","color":"#119efc","oi":0.14,"n":1,"sw":1},"geometry":{"type":"LineString","coordinates":[[22.449598,39.670624],[22.449585,39.670622],[22.449572,39.670613]]}},{"type":"Feature","properties":{"line":"6","mode":"bus","color":"#119efc","oi":0.209,"n":1,"sw":1},"geometry":{"type":"LineString","coordinates":[[22.449578,39.670617],[22.449555,39.670601]]}},{"type":"Feature","properties":{"line":"6","mode":"bus","color":"#119efc","oi":0.286,"n":1,"sw":1},"geometry":{"type":"LineString","coordinates":[[22.44956,39.670605],[22.449537,39.67059]]}},{"type":"Feature","properties":{"line":"6","mode":"bus","color":"#119efc","oi":0.369,"n":1,"sw":1},"geometry":{"type":"LineString","coordinates":[[22.449543,39.670593],[22.44952,39.670578]]}},{"type":"Feature","properties":{"line":"6","mode":"bus","color":"#119efc","oi":0.456,"n":1,"sw":1},"geometry":{"type":"LineString","coordinates":[[22.449525,39.670581],[22.449503,39.670566]]}},{"type":"Feature","properties":{"line":"6","mode":"bus","color":"#119efc","oi":0.544,"n":1,"sw":1},"geometry":{"type":"LineString","coordinates":[[22.449508,39.670569],[22.449485,39.670554]]}},{"type":"Feature","properties":{"line":"6","mode":"bus","color":"#119efc","oi":0.631,"n":1,"sw":1},"geometry":{"type":"LineString","coordinates":[[22.44949,39.670557],[22.449468,39.670542]]}},{"type":"Feature","properties":{"line":"6","mode":"bus","color":"#119efc","oi":0.714,"n":1,"sw":1},"geometry":{"type":"LineString","coordinates":[[22.449473,39.670545],[22.44945,39.67053]]}},{"type":"Feature","properties":{"line":"6","mode":"bus","color":"#119efc","oi":0.791,"n":1,"sw":1},"geometry":{"type":"LineString","coordinates":[[22.449455,39.670533],[22.449433,39.670518]]}},{"type":"Feature","properties":{"line":"6","mode":"bus","color":"#119efc","oi":0.86,"n":1,"sw":1},"geometry":{"type":"LineString","coordinates":[[22.449438,39.670521],[22.449415,39.670506]]}},{"type":"Feature","properties":{"line":"6","mode":"bus","color":"#119efc","oi":0.918,"n":1,"sw":1},"geometry":{"type":"LineString","coordinates":[[22.44942,39.67051],[22.449398,39.670494]]}},{"type":"Feature","properties":{"line":"6","mode":"bus","color":"#119efc","oi":0.962,"n":1,"sw":1},"geometry":{"type":"LineString","coordinates":[[22.449403,39.670498],[22.44938,39.670482]]}},{"type":"Feature","properties":{"line":"6","mode":"bus","color":"#119efc","oi":0.99,"n":1,"sw":1},"geometry":{"type":"LineString","coordinates":[[22.449386,39.670486],[22.449363,39.67047]]}},{"type":"Feature","properties":{"line":"6","mode":"bus","color":"#119efc","oi":1,"n":1,"sw":1},"geometry":{"type":"LineString","coordinates":[[22.449368,39.670474],[22.449348,39.67046]]}},{"type":"Feature","properties":{"line":"6","mode":"bus","color":"#119efc","oi":0,"n":1},"geometry":{"type":"LineString","coordinates":[[22.4496,39.670804],[22.44992,39.670715],[22.450075,39.670729],[22.450577,39.67101]]}},{"type":"Feature","properties":{"line":"6","mode":"bus","color":"#119efc","oi":1,"n":1,"sw":1},"geometry":{"type":"LineString","coordinates":[[22.449269,39.670628],[22.449289,39.670642]]}},{"type":"Feature","properties":{"line":"6","mode":"bus","color":"#119efc","oi":0.99,"n":1,"sw":1},"geometry":{"type":"LineString","coordinates":[[22.449284,39.670638],[22.449306,39.670654]]}},{"type":"Feature","properties":{"line":"6","mode":"bus","color":"#119efc","oi":0.962,"n":1,"sw":1},"geometry":{"type":"LineString","coordinates":[[22.449301,39.670651],[22.449323,39.670666]]}},{"type":"Feature","properties":{"line":"6","mode":"bus","color":"#119efc","oi":0.918,"n":1,"sw":1},"geometry":{"type":"LineString","coordinates":[[22.449318,39.670663],[22.44934,39.670679]]}},{"type":"Feature","properties":{"line":"6","mode":"bus","color":"#119efc","oi":0.86,"n":1,"sw":1},"geometry":{"type":"LineString","coordinates":[[22.449335,39.670675],[22.449357,39.670691]]}},{"type":"Feature","properties":{"line":"6","mode":"bus","color":"#119efc","oi":0.791,"n":1,"sw":1},"geometry":{"type":"LineString","coordinates":[[22.449352,39.670687],[22.449375,39.670703]]}},{"type":"Feature","properties":{"line":"6","mode":"bus","color":"#119efc","oi":0.714,"n":1,"sw":1},"geometry":{"type":"LineString","coordinates":[[22.44937,39.670699],[22.449392,39.670715]]}},{"type":"Feature","properties":{"line":"6","mode":"bus","color":"#119efc","oi":0.631,"n":1,"sw":1},"geometry":{"type":"LineString","coordinates":[[22.449387,39.670711],[22.449409,39.670727]]}},{"type":"Feature","properties":{"line":"6","mode":"bus","color":"#119efc","oi":0.544,"n":1,"sw":1},"geometry":{"type":"LineString","coordinates":[[22.449404,39.670724],[22.449426,39.670739]]}},{"type":"Feature","properties":{"line":"6","mode":"bus","color":"#119efc","oi":0.456,"n":1,"sw":1},"geometry":{"type":"LineString","coordinates":[[22.449421,39.670736],[22.449443,39.670752]]}},{"type":"Feature","properties":{"line":"6","mode":"bus","color":"#119efc","oi":0.369,"n":1,"sw":1},"geometry":{"type":"LineString","coordinates":[[22.449438,39.670748],[22.449461,39.670764]]}},{"type":"Feature","properties":{"line":"6","mode":"bus","color":"#119efc","oi":0.286,"n":1,"sw":1},"geometry":{"type":"LineString","coordinates":[[22.449455,39.67076],[22.449478,39.670776]]}},{"type":"Feature","properties":{"line":"6","mode":"bus","color":"#119efc","oi":0.209,"n":1,"sw":1},"geometry":{"type":"LineString","coordinates":[[22.449473,39.670772],[22.449495,39.670788]]}},{"type":"Feature","properties":{"line":"6","mode":"bus","color":"#119efc","oi":0.14,"n":1,"sw":1},"geometry":{"type":"LineString","coordinates":[[22.44949,39.670784],[22.449499,39.670791],[22.449516,39.670796]]}},{"type":"Feature","properties":{"line":"6","mode":"bus","color":"#119efc","oi":0.082,"n":1,"sw":1},"geometry":{"type":"LineString","coordinates":[[22.449509,39.670794],[22.449538,39.670802]]}},{"type":"Feature","properties":{"line":"6","mode":"bus","color":"#119efc","oi":0.038,"n":1,"sw":1},"geometry":{"type":"LineString","coordinates":[[22.449531,39.6708],[22.449559,39.670809]]}},{"type":"Feature","properties":{"line":"6","mode":"bus","color":"#119efc","oi":0.01,"n":1,"sw":1},"geometry":{"type":"LineString","coordinates":[[22.449553,39.670807],[22.449571,39.670812],[22.449581,39.670809]]}},{"type":"Feature","properties":{"line":"6","mode":"bus","color":"#119efc","oi":0,"n":1,"sw":1},"geometry":{"type":"LineString","coordinates":[[22.449575,39.670811],[22.449603,39.670803]]}},{"type":"Feature","properties":{"line":"6","mode":"bus","color":"#119efc","oi":0,"n":3,"sw":1},"geometry":{"type":"LineString","coordinates":[[22.418877,39.639014],[22.418873,39.639034]]}},{"type":"Feature","properties":{"line":"6","mode":"bus","color":"#119efc","oi":0.01,"n":3,"sw":1},"geometry":{"type":"LineString","coordinates":[[22.418874,39.639029],[22.41887,39.639052]]}},{"type":"Feature","properties":{"line":"6","mode":"bus","color":"#119efc","oi":0.038,"n":3,"sw":1},"geometry":{"type":"LineString","coordinates":[[22.418871,39.639047],[22.418867,39.63907]]}},{"type":"Feature","properties":{"line":"6","mode":"bus","color":"#119efc","oi":0.082,"n":3,"sw":1},"geometry":{"type":"LineString","coordinates":[[22.418868,39.639065],[22.418864,39.639088]]}},{"type":"Feature","properties":{"line":"6","mode":"bus","color":"#119efc","oi":0.14,"n":3,"sw":1},"geometry":{"type":"LineString","coordinates":[[22.418865,39.639083],[22.41886,39.639106]]}},{"type":"Feature","properties":{"line":"6","mode":"bus","color":"#119efc","oi":0.209,"n":3,"sw":1},"geometry":{"type":"LineString","coordinates":[[22.418861,39.6391],[22.418857,39.639124]]}},{"type":"Feature","properties":{"line":"6","mode":"bus","color":"#119efc","oi":0.286,"n":3,"sw":1},"geometry":{"type":"LineString","coordinates":[[22.418858,39.639118],[22.418854,39.639141]]}},{"type":"Feature","properties":{"line":"6","mode":"bus","color":"#119efc","oi":0.369,"n":3,"sw":1},"geometry":{"type":"LineString","coordinates":[[22.418855,39.639136],[22.418851,39.639159]]}},{"type":"Feature","properties":{"line":"6","mode":"bus","color":"#119efc","oi":0.456,"n":3,"sw":1},"geometry":{"type":"LineString","coordinates":[[22.418852,39.639154],[22.418847,39.639177]]}},{"type":"Feature","properties":{"line":"6","mode":"bus","color":"#119efc","oi":0.544,"n":3,"sw":1},"geometry":{"type":"LineString","coordinates":[[22.418848,39.639172],[22.418844,39.639195]]}},{"type":"Feature","properties":{"line":"6","mode":"bus","color":"#119efc","oi":0.631,"n":3,"sw":1},"geometry":{"type":"LineString","coordinates":[[22.418845,39.63919],[22.418841,39.639213]]}},{"type":"Feature","properties":{"line":"6","mode":"bus","color":"#119efc","oi":0.714,"n":3,"sw":1},"geometry":{"type":"LineString","coordinates":[[22.418842,39.639207],[22.418838,39.639231]]}},{"type":"Feature","properties":{"line":"6","mode":"bus","color":"#119efc","oi":0.791,"n":3,"sw":1},"geometry":{"type":"LineString","coordinates":[[22.418839,39.639225],[22.418835,39.639248]]}},{"type":"Feature","properties":{"line":"6","mode":"bus","color":"#119efc","oi":0.86,"n":3,"sw":1},"geometry":{"type":"LineString","coordinates":[[22.418836,39.639243],[22.418831,39.639266]]}},{"type":"Feature","properties":{"line":"6","mode":"bus","color":"#119efc","oi":0.918,"n":3,"sw":1},"geometry":{"type":"LineString","coordinates":[[22.418832,39.639261],[22.418828,39.639284]]}},{"type":"Feature","properties":{"line":"6","mode":"bus","color":"#119efc","oi":0.962,"n":3,"sw":1},"geometry":{"type":"LineString","coordinates":[[22.418829,39.639279],[22.418825,39.639302]]}},{"type":"Feature","properties":{"line":"6","mode":"bus","color":"#119efc","oi":0.99,"n":3,"sw":1},"geometry":{"type":"LineString","coordinates":[[22.418826,39.639297],[22.418822,39.63932]]}},{"type":"Feature","properties":{"line":"6","mode":"bus","color":"#119efc","oi":1,"n":3,"sw":1},"geometry":{"type":"LineString","coordinates":[[22.418823,39.639314],[22.418818,39.639338]]}},{"type":"Feature","properties":{"line":"6","mode":"bus","color":"#119efc","oi":1,"n":3,"sw":1},"geometry":{"type":"LineString","coordinates":[[22.418819,39.639336],[22.418814,39.639359]]}},{"type":"Feature","properties":{"line":"6","mode":"bus","color":"#119efc","oi":0.99,"n":3,"sw":1},"geometry":{"type":"LineString","coordinates":[[22.418815,39.639354],[22.418811,39.639377]]}},{"type":"Feature","properties":{"line":"6","mode":"bus","color":"#119efc","oi":0.962,"n":3,"sw":1},"geometry":{"type":"LineString","coordinates":[[22.418812,39.639372],[22.418808,39.639395]]}},{"type":"Feature","properties":{"line":"6","mode":"bus","color":"#119efc","oi":0.918,"n":3,"sw":1},"geometry":{"type":"LineString","coordinates":[[22.418809,39.63939],[22.418805,39.639413]]}},{"type":"Feature","properties":{"line":"6","mode":"bus","color":"#119efc","oi":0.86,"n":3,"sw":1},"geometry":{"type":"LineString","coordinates":[[22.418806,39.639408],[22.418802,39.639431]]}},{"type":"Feature","properties":{"line":"6","mode":"bus","color":"#119efc","oi":0.791,"n":3,"sw":1},"geometry":{"type":"LineString","coordinates":[[22.418803,39.639425],[22.418798,39.639448]]}},{"type":"Feature","properties":{"line":"6","mode":"bus","color":"#119efc","oi":0.714,"n":3,"sw":1},"geometry":{"type":"LineString","coordinates":[[22.418799,39.639443],[22.418795,39.639466]]}},{"type":"Feature","properties":{"line":"6","mode":"bus","color":"#119efc","oi":0.631,"n":3,"sw":1},"geometry":{"type":"LineString","coordinates":[[22.418796,39.639461],[22.418792,39.639484]]}},{"type":"Feature","properties":{"line":"6","mode":"bus","color":"#119efc","oi":0.544,"n":3,"sw":1},"geometry":{"type":"LineString","coordinates":[[22.418793,39.639479],[22.418789,39.639502]]}},{"type":"Feature","properties":{"line":"6","mode":"bus","color":"#119efc","oi":0.456,"n":3,"sw":1},"geometry":{"type":"LineString","coordinates":[[22.41879,39.639497],[22.418785,39.63952]]}},{"type":"Feature","properties":{"line":"6","mode":"bus","color":"#119efc","oi":0.369,"n":3,"sw":1},"geometry":{"type":"LineString","coordinates":[[22.418786,39.639514],[22.418782,39.639538]]}},{"type":"Feature","properties":{"line":"6","mode":"bus","color":"#119efc","oi":0.286,"n":3,"sw":1},"geometry":{"type":"LineString","coordinates":[[22.418783,39.639532],[22.41878,39.63955],[22.418783,39.639555]]}},{"type":"Feature","properties":{"line":"6","mode":"bus","color":"#119efc","oi":0.209,"n":3,"sw":1},"geometry":{"type":"LineString","coordinates":[[22.41878,39.63955],[22.418793,39.639571]]}},{"type":"Feature","properties":{"line":"6","mode":"bus","color":"#119efc","oi":0.14,"n":3,"sw":1},"geometry":{"type":"LineString","coordinates":[[22.41879,39.639566],[22.418802,39.639588]]}},{"type":"Feature","properties":{"line":"6","mode":"bus","color":"#119efc","oi":0.082,"n":3,"sw":1},"geometry":{"type":"LineString","coordinates":[[22.418799,39.639583],[22.418812,39.639604]]}},{"type":"Feature","properties":{"line":"6","mode":"bus","color":"#119efc","oi":0.038,"n":3,"sw":1},"geometry":{"type":"LineString","coordinates":[[22.418809,39.639599],[22.418821,39.639621]]}},{"type":"Feature","properties":{"line":"6","mode":"bus","color":"#119efc","oi":0.01,"n":3,"sw":1},"geometry":{"type":"LineString","coordinates":[[22.418818,39.639616],[22.418831,39.639637]]}},{"type":"Feature","properties":{"line":"6","mode":"bus","color":"#119efc","oi":0,"n":3,"sw":1},"geometry":{"type":"LineString","coordinates":[[22.418828,39.639632],[22.418839,39.639651]]}},{"type":"Feature","properties":{"line":"9","mode":"bus","color":"#9f5bcc","oi":1,"n":3},"geometry":{"type":"LineString","coordinates":[[22.384078,39.633675],[22.384211,39.633728],[22.384331,39.633724],[22.384435,39.633679],[22.384503,39.633603],[22.384728,39.633531],[22.385808,39.633401],[22.386936,39.633299],[22.386998,39.633266],[22.387008,39.633259],[22.387013,39.633253],[22.387012,39.633247],[22.387005,39.633242],[22.386993,39.633237],[22.38692,39.633216],[22.386487,39.633242],[22.384708,39.633429],[22.384538,39.63342],[22.384348,39.633341],[22.384246,39.63333],[22.384115,39.633363],[22.384017,39.633457]]}},{"type":"Feature","properties":{"line":"9","mode":"bus","color":"#9f5bcc","oi":1,"n":3},"geometry":{"type":"LineString","coordinates":[[22.387031,39.633248],[22.387963,39.633187],[22.394424,39.632575],[22.394981,39.632537],[22.395292,39.632538]]}},{"type":"Feature","properties":{"line":"9","mode":"bus","color":"#9f5bcc","oi":1,"n":3,"sw":1},"geometry":{"type":"LineString","coordinates":[[22.395288,39.632538],[22.395337,39.632538]]}},{"type":"Feature","properties":{"line":"9","mode":"bus","color":"#9f5bcc","oi":0.983,"n":3,"sw":1},"geometry":{"type":"LineString","coordinates":[[22.39533,39.632538],[22.395379,39.632539]]}},{"type":"Feature","properties":{"line":"9","mode":"bus","color":"#9f5bcc","oi":0.937,"n":3,"sw":1},"geometry":{"type":"LineString","coordinates":[[22.395372,39.632539],[22.395421,39.632539]]}},{"type":"Feature","properties":{"line":"9","mode":"bus","color":"#9f5bcc","oi":0.87,"n":3,"sw":1},"geometry":{"type":"LineString","coordinates":[[22.395414,39.632539],[22.395463,39.632539]]}},{"type":"Feature","properties":{"line":"9","mode":"bus","color":"#9f5bcc","oi":0.791,"n":3,"sw":1},"geometry":{"type":"LineString","coordinates":[[22.395456,39.632539],[22.395505,39.632539]]}},{"type":"Feature","properties":{"line":"9","mode":"bus","color":"#9f5bcc","oi":0.709,"n":3,"sw":1},"geometry":{"type":"LineString","coordinates":[[22.395498,39.632539],[22.395547,39.632539]]}},{"type":"Feature","properties":{"line":"9","mode":"bus","color":"#9f5bcc","oi":0.63,"n":3,"sw":1},"geometry":{"type":"LineString","coordinates":[[22.39554,39.632539],[22.395589,39.632539]]}},{"type":"Feature","properties":{"line":"9","mode":"bus","color":"#9f5bcc","oi":0.563,"n":3,"sw":1},"geometry":{"type":"LineString","coordinates":[[22.395582,39.632539],[22.395631,39.63254]]}},{"type":"Feature","properties":{"line":"9","mode":"bus","color":"#9f5bcc","oi":0.517,"n":3,"sw":1},"geometry":{"type":"LineString","coordinates":[[22.395624,39.63254],[22.395673,39.63254]]}},{"type":"Feature","properties":{"line":"9","mode":"bus","color":"#9f5bcc","oi":0.5,"n":3,"sw":1},"geometry":{"type":"LineString","coordinates":[[22.395666,39.63254],[22.395712,39.63254]]}},{"type":"Feature","properties":{"line":"9","mode":"bus","color":"#9f5bcc","oi":0,"n":2,"sw":1},"geometry":{"type":"LineString","coordinates":[[22.384078,39.633675],[22.384069,39.633662]]}},{"type":"Feature","properties":{"line":"9","mode":"bus","color":"#9f5bcc","oi":0.017,"n":2,"sw":1},"geometry":{"type":"LineString","coordinates":[[22.384072,39.633667],[22.384062,39.633652]]}},{"type":"Feature","properties":{"line":"9","mode":"bus","color":"#9f5bcc","oi":0.063,"n":2,"sw":1},"geometry":{"type":"LineString","coordinates":[[22.384065,39.633657],[22.384054,39.633642]]}},{"type":"Feature","properties":{"line":"9","mode":"bus","color":"#9f5bcc","oi":0.13,"n":2,"sw":1},"geometry":{"type":"LineString","coordinates":[[22.384058,39.633647],[22.384047,39.633632]]}},{"type":"Feature","properties":{"line":"9","mode":"bus","color":"#9f5bcc","oi":0.209,"n":2,"sw":1},"geometry":{"type":"LineString","coordinates":[[22.38405,39.633637],[22.384039,39.633622]]}},{"type":"Feature","properties":{"line":"9","mode":"bus","color":"#9f5bcc","oi":0.291,"n":2,"sw":1},"geometry":{"type":"LineString","coordinates":[[22.384043,39.633626],[22.384032,39.633612]]}},{"type":"Feature","properties":{"line":"9","mode":"bus","color":"#9f5bcc","oi":0.37,"n":2,"sw":1},"geometry":{"type":"LineString","coordinates":[[22.384035,39.633616],[22.384025,39.633601]]}},{"type":"Feature","properties":{"line":"9","mode":"bus","color":"#9f5bcc","oi":0.437,"n":2,"sw":1},"geometry":{"type":"LineString","coordinates":[[22.384028,39.633606],[22.384017,39.633591]]}},{"type":"Feature","properties":{"line":"9","mode":"bus","color":"#9f5bcc","oi":0.483,"n":2,"sw":1},"geometry":{"type":"LineString","coordinates":[[22.384021,39.633596],[22.38401,39.633581]]}},{"type":"Feature","properties":{"line":"9","mode":"bus","color":"#9f5bcc","oi":0.5,"n":2,"sw":1},"geometry":{"type":"LineString","coordinates":[[22.384013,39.633586],[22.384004,39.633573],[22.384004,39.633571]]}},{"type":"Feature","properties":{"line":"9","mode":"bus","color":"#9f5bcc","oi":0.5,"n":2,"sw":1},"geometry":{"type":"LineString","coordinates":[[22.384006,39.633576],[22.384004,39.633573],[22.384006,39.633559]]}},{"type":"Feature","properties":{"line":"9","mode":"bus","color":"#9f5bcc","oi":0.483,"n":2,"sw":1},"geometry":{"type":"LineString","coordinates":[[22.384005,39.633564],[22.384007,39.633547]]}},{"type":"Feature","properties":{"line":"9","mode":"bus","color":"#9f5bcc","oi":0.437,"n":2,"sw":1},"geometry":{"type":"LineString","coordinates":[[22.384006,39.633553],[22.384008,39.633536]]}},{"type":"Feature","properties":{"line":"9","mode":"bus","color":"#9f5bcc","oi":0.37,"n":2,"sw":1},"geometry":{"type":"LineString","coordinates":[[22.384008,39.633541],[22.384009,39.633524]]}},{"type":"Feature","properties":{"line":"9","mode":"bus","color":"#9f5bcc","oi":0.291,"n":2,"sw":1},"geometry":{"type":"LineString","coordinates":[[22.384009,39.633529],[22.384011,39.633512]]}},{"type":"Feature","properties":{"line":"9","mode":"bus","color":"#9f5bcc","oi":0.209,"n":2,"sw":1},"geometry":{"type":"LineString","coordinates":[[22.38401,39.633518],[22.384012,39.633501]]}},{"type":"Feature","properties":{"line":"9","mode":"bus","color":"#9f5bcc","oi":0.13,"n":2,"sw":1},"geometry":{"type":"LineString","coordinates":[[22.384011,39.633506],[22.384013,39.633489]]}},{"type":"Feature","properties":{"line":"9","mode":"bus","color":"#9f5bcc","oi":0.063,"n":2,"sw":1},"geometry":{"type":"LineString","coordinates":[[22.384013,39.633495],[22.384015,39.633478]]}},{"type":"Feature","properties":{"line":"9","mode":"bus","color":"#9f5bcc","oi":0.017,"n":2,"sw":1},"geometry":{"type":"LineString","coordinates":[[22.384014,39.633483],[22.384016,39.633466]]}},{"type":"Feature","properties":{"line":"9","mode":"bus","color":"#9f5bcc","oi":0,"n":2,"sw":1},"geometry":{"type":"LineString","coordinates":[[22.384015,39.633471],[22.384017,39.633457]]}},{"type":"Feature","properties":{"line":"9","mode":"bus","color":"#9f5bcc","oi":0.5,"n":2},"geometry":{"type":"LineString","coordinates":[[22.384503,39.633603],[22.38452,39.633515],[22.384452,39.633395]]}},{"type":"Feature","properties":{"line":"9","mode":"bus","color":"#9f5bcc","oi":0,"n":2,"sw":1},"geometry":{"type":"LineString","coordinates":[[22.384676,39.629683],[22.384665,39.629673]]}},{"type":"Feature","properties":{"line":"9","mode":"bus","color":"#9f5bcc","oi":0.017,"n":2,"sw":1},"geometry":{"type":"LineString","coordinates":[[22.38467,39.629677],[22.384656,39.629666]]}},{"type":"Feature","properties":{"line":"9","mode":"bus","color":"#9f5bcc","oi":0.063,"n":2,"sw":1},"geometry":{"type":"LineString","coordinates":[[22.384661,39.62967],[22.384648,39.629658]]}},{"type":"Feature","properties":{"line":"9","mode":"bus","color":"#9f5bcc","oi":0.13,"n":2,"sw":1},"geometry":{"type":"LineString","coordinates":[[22.384652,39.629662],[22.384639,39.629651]]}},{"type":"Feature","properties":{"line":"9","mode":"bus","color":"#9f5bcc","oi":0.209,"n":2,"sw":1},"geometry":{"type":"LineString","coordinates":[[22.384644,39.629655],[22.38463,39.629643]]}},{"type":"Feature","properties":{"line":"9","mode":"bus","color":"#9f5bcc","oi":0.291,"n":2,"sw":1},"geometry":{"type":"LineString","coordinates":[[22.384635,39.629647],[22.384622,39.629636]]}},{"type":"Feature","properties":{"line":"9","mode":"bus","color":"#9f5bcc","oi":0.37,"n":2,"sw":1},"geometry":{"type":"LineString","coordinates":[[22.384626,39.62964],[22.384613,39.629628]]}},{"type":"Feature","properties":{"line":"9","mode":"bus","color":"#9f5bcc","oi":0.437,"n":2,"sw":1},"geometry":{"type":"LineString","coordinates":[[22.384618,39.629632],[22.384605,39.629621]]}},{"type":"Feature","properties":{"line":"9","mode":"bus","color":"#9f5bcc","oi":0.483,"n":2,"sw":1},"geometry":{"type":"LineString","coordinates":[[22.384609,39.629625],[22.384596,39.629613]]}},{"type":"Feature","properties":{"line":"9","mode":"bus","color":"#9f5bcc","oi":0.5,"n":2,"sw":1},"geometry":{"type":"LineString","coordinates":[[22.384601,39.629617],[22.38459,39.629608],[22.384586,39.629607]]}},{"type":"Feature","properties":{"line":"9","mode":"bus","color":"#9f5bcc","oi":0.5,"n":2,"sw":1},"geometry":{"type":"LineString","coordinates":[[22.384592,39.62961],[22.38459,39.629608],[22.384574,39.629604]]}},{"type":"Feature","properties":{"line":"9","mode":"bus","color":"#9f5bcc","oi":0.483,"n":2,"sw":1},"geometry":{"type":"LineString","coordinates":[[22.38458,39.629605],[22.384561,39.6296]]}},{"type":"Feature","properties":{"line":"9","mode":"bus","color":"#9f5bcc","oi":0.437,"n":2,"sw":1},"geometry":{"type":"LineString","coordinates":[[22.384568,39.629602],[22.384549,39.629597]]}},{"type":"Feature","properties":{"line":"9","mode":"bus","color":"#9f5bcc","oi":0.37,"n":2,"sw":1},"geometry":{"type":"LineString","coordinates":[[22.384556,39.629599],[22.384537,39.629594]]}},{"type":"Feature","properties":{"line":"9","mode":"bus","color":"#9f5bcc","oi":0.291,"n":2,"sw":1},"geometry":{"type":"LineString","coordinates":[[22.384543,39.629596],[22.384524,39.629591]]}},{"type":"Feature","properties":{"line":"9","mode":"bus","color":"#9f5bcc","oi":0.209,"n":2,"sw":1},"geometry":{"type":"LineString","coordinates":[[22.384531,39.629592],[22.384512,39.629587]]}},{"type":"Feature","properties":{"line":"9","mode":"bus","color":"#9f5bcc","oi":0.13,"n":2,"sw":1},"geometry":{"type":"LineString","coordinates":[[22.384519,39.629589],[22.3845,39.629584]]}},{"type":"Feature","properties":{"line":"9","mode":"bus","color":"#9f5bcc","oi":0.063,"n":2,"sw":1},"geometry":{"type":"LineString","coordinates":[[22.384506,39.629586],[22.384487,39.629581]]}},{"type":"Feature","properties":{"line":"9","mode":"bus","color":"#9f5bcc","oi":0.017,"n":2,"sw":1},"geometry":{"type":"LineString","coordinates":[[22.384494,39.629582],[22.384475,39.629577]]}},{"type":"Feature","properties":{"line":"9","mode":"bus","color":"#9f5bcc","oi":0,"n":2,"sw":1},"geometry":{"type":"LineString","coordinates":[[22.384482,39.629579],[22.384466,39.629575]]}},{"type":"Feature","properties":{"line":"9","mode":"bus","color":"#9f5bcc","oi":0,"n":2,"sw":1},"geometry":{"type":"LineString","coordinates":[[22.413017,39.638522],[22.412999,39.638522]]}},{"type":"Feature","properties":{"line":"9","mode":"bus","color":"#9f5bcc","oi":0.017,"n":2,"sw":1},"geometry":{"type":"LineString","coordinates":[[22.413006,39.638522],[22.412984,39.638522]]}},{"type":"Feature","properties":{"line":"9","mode":"bus","color":"#9f5bcc","oi":0.063,"n":2,"sw":1},"geometry":{"type":"LineString","coordinates":[[22.412991,39.638522],[22.41297,39.638522]]}},{"type":"Feature","properties":{"line":"9","mode":"bus","color":"#9f5bcc","oi":0.13,"n":2,"sw":1},"geometry":{"type":"LineString","coordinates":[[22.412977,39.638522],[22.412955,39.638522]]}},{"type":"Feature","properties":{"line":"9","mode":"bus","color":"#9f5bcc","oi":0.209,"n":2,"sw":1},"geometry":{"type":"LineString","coordinates":[[22.412962,39.638522],[22.41294,39.638523]]}},{"type":"Feature","properties":{"line":"9","mode":"bus","color":"#9f5bcc","oi":0.291,"n":2,"sw":1},"geometry":{"type":"LineString","coordinates":[[22.412947,39.638522],[22.412926,39.638523]]}},{"type":"Feature","properties":{"line":"9","mode":"bus","color":"#9f5bcc","oi":0.37,"n":2,"sw":1},"geometry":{"type":"LineString","coordinates":[[22.412933,39.638523],[22.412911,39.638523]]}},{"type":"Feature","properties":{"line":"9","mode":"bus","color":"#9f5bcc","oi":0.437,"n":2,"sw":1},"geometry":{"type":"LineString","coordinates":[[22.412918,39.638523],[22.412896,39.638523]]}},{"type":"Feature","properties":{"line":"9","mode":"bus","color":"#9f5bcc","oi":0.483,"n":2,"sw":1},"geometry":{"type":"LineString","coordinates":[[22.412903,39.638523],[22.412882,39.638523]]}},{"type":"Feature","properties":{"line":"9","mode":"bus","color":"#9f5bcc","oi":0.5,"n":2,"sw":1},"geometry":{"type":"LineString","coordinates":[[22.412889,39.638523],[22.412867,39.638523]]}},{"type":"Feature","properties":{"line":"9","mode":"bus","color":"#9f5bcc","oi":0.5,"n":2,"sw":1},"geometry":{"type":"LineString","coordinates":[[22.412874,39.638523],[22.412852,39.638523]]}},{"type":"Feature","properties":{"line":"9","mode":"bus","color":"#9f5bcc","oi":0.517,"n":2,"sw":1},"geometry":{"type":"LineString","coordinates":[[22.412859,39.638523],[22.412838,39.638523]]}},{"type":"Feature","properties":{"line":"9","mode":"bus","color":"#9f5bcc","oi":0.563,"n":2,"sw":1},"geometry":{"type":"LineString","coordinates":[[22.412845,39.638523],[22.412823,39.638523]]}},{"type":"Feature","properties":{"line":"9","mode":"bus","color":"#9f5bcc","oi":0.63,"n":2,"sw":1},"geometry":{"type":"LineString","coordinates":[[22.41283,39.638523],[22.412808,39.638523]]}},{"type":"Feature","properties":{"line":"9","mode":"bus","color":"#9f5bcc","oi":0.709,"n":2,"sw":1},"geometry":{"type":"LineString","coordinates":[[22.412815,39.638523],[22.412794,39.638524]]}},{"type":"Feature","properties":{"line":"9","mode":"bus","color":"#9f5bcc","oi":0.791,"n":2,"sw":1},"geometry":{"type":"LineString","coordinates":[[22.412801,39.638523],[22.412779,39.638524]]}},{"type":"Feature","properties":{"line":"9","mode":"bus","color":"#9f5bcc","oi":0.87,"n":2,"sw":1},"geometry":{"type":"LineString","coordinates":[[22.412786,39.638524],[22.412764,39.638524]]}},{"type":"Feature","properties":{"line":"9","mode":"bus","color":"#9f5bcc","oi":0.937,"n":2,"sw":1},"geometry":{"type":"LineString","coordinates":[[22.412771,39.638524],[22.41275,39.638524]]}},{"type":"Feature","properties":{"line":"9","mode":"bus","color":"#9f5bcc","oi":0.983,"n":2,"sw":1},"geometry":{"type":"LineString","coordinates":[[22.412757,39.638524],[22.412735,39.638524]]}},{"type":"Feature","properties":{"line":"9","mode":"bus","color":"#9f5bcc","oi":1,"n":2,"sw":1},"geometry":{"type":"LineString","coordinates":[[22.412742,39.638524],[22.412724,39.638524]]}},{"type":"Feature","properties":{"line":"9","mode":"bus","color":"#9f5bcc","oi":0.5,"n":2},"geometry":{"type":"LineString","coordinates":[[22.384184,39.633013],[22.384129,39.63325],[22.384063,39.633398]]}},{"type":"Feature","properties":{"line":"9","mode":"bus","color":"#9f5bcc","oi":0.5,"n":2},"geometry":{"type":"LineString","coordinates":[[22.384241,39.630036],[22.384176,39.630189]]}},{"type":"Feature","properties":{"line":"9","mode":"bus","color":"#9f5bcc","oi":1,"n":2,"sw":1},"geometry":{"type":"LineString","coordinates":[[22.384233,39.629877],[22.384235,39.629896]]}},{"type":"Feature","properties":{"line":"9","mode":"bus","color":"#9f5bcc","oi":0.983,"n":2,"sw":1},"geometry":{"type":"LineString","coordinates":[[22.384234,39.62989],[22.384236,39.629912]]}},{"type":"Feature","properties":{"line":"9","mode":"bus","color":"#9f5bcc","oi":0.937,"n":2,"sw":1},"geometry":{"type":"LineString","coordinates":[[22.384236,39.629906],[22.384237,39.629928]]}},{"type":"Feature","properties":{"line":"9","mode":"bus","color":"#9f5bcc","oi":0.87,"n":2,"sw":1},"geometry":{"type":"LineString","coordinates":[[22.384237,39.629922],[22.384239,39.629944]]}},{"type":"Feature","properties":{"line":"9","mode":"bus","color":"#9f5bcc","oi":0.791,"n":2,"sw":1},"geometry":{"type":"LineString","coordinates":[[22.384238,39.629938],[22.38424,39.62996]]}},{"type":"Feature","properties":{"line":"9","mode":"bus","color":"#9f5bcc","oi":0.709,"n":2,"sw":1},"geometry":{"type":"LineString","coordinates":[[22.38424,39.629954],[22.384242,39.629976]]}},{"type":"Feature","properties":{"line":"9","mode":"bus","color":"#9f5bcc","oi":0.63,"n":2,"sw":1},"geometry":{"type":"LineString","coordinates":[[22.384241,39.62997],[22.384243,39.629992]]}},{"type":"Feature","properties":{"line":"9","mode":"bus","color":"#9f5bcc","oi":0.563,"n":2,"sw":1},"geometry":{"type":"LineString","coordinates":[[22.384243,39.629986],[22.384245,39.630008]]}},{"type":"Feature","properties":{"line":"9","mode":"bus","color":"#9f5bcc","oi":0.517,"n":2,"sw":1},"geometry":{"type":"LineString","coordinates":[[22.384244,39.630002],[22.384246,39.630024]]}},{"type":"Feature","properties":{"line":"9","mode":"bus","color":"#9f5bcc","oi":0.5,"n":2,"sw":1},"geometry":{"type":"LineString","coordinates":[[22.384246,39.630018],[22.384246,39.630024],[22.38424,39.630039]]}},{"type":"Feature","properties":{"line":"9","mode":"bus","color":"#9f5bcc","oi":0.5,"n":2},"geometry":{"type":"LineString","coordinates":[[22.384379,39.633352],[22.384278,39.633229],[22.384184,39.633013],[22.383967,39.631868],[22.383919,39.631167],[22.383983,39.630686],[22.384141,39.630261],[22.384191,39.630189]]}},{"type":"Feature","properties":{"line":"9","mode":"bus","color":"#9f5bcc","oi":0.5,"n":2,"sw":1},"geometry":{"type":"LineString","coordinates":[[22.384189,39.630191],[22.384213,39.630158]]}},{"type":"Feature","properties":{"line":"9","mode":"bus","color":"#9f5bcc","oi":0.517,"n":2,"sw":1},"geometry":{"type":"LineString","coordinates":[[22.384209,39.630162],[22.384232,39.630129]]}},{"type":"Feature","properties":{"line":"9","mode":"bus","color":"#9f5bcc","oi":0.563,"n":2,"sw":1},"geometry":{"type":"LineString","coordinates":[[22.384229,39.630134],[22.384242,39.630115],[22.384259,39.630105]]}},{"type":"Feature","properties":{"line":"9","mode":"bus","color":"#9f5bcc","oi":0.63,"n":2,"sw":1},"geometry":{"type":"LineString","coordinates":[[22.384253,39.630108],[22.384292,39.630084]]}},{"type":"Feature","properties":{"line":"9","mode":"bus","color":"#9f5bcc","oi":0.709,"n":2,"sw":1},"geometry":{"type":"LineString","coordinates":[[22.384286,39.630088],[22.384324,39.630064]]}},{"type":"Feature","properties":{"line":"9","mode":"bus","color":"#9f5bcc","oi":0.791,"n":2,"sw":1},"geometry":{"type":"LineString","coordinates":[[22.384319,39.630068],[22.384357,39.630044]]}},{"type":"Feature","properties":{"line":"9","mode":"bus","color":"#9f5bcc","oi":0.87,"n":2,"sw":1},"geometry":{"type":"LineString","coordinates":[[22.384352,39.630047],[22.38439,39.630024]]}},{"type":"Feature","properties":{"line":"9","mode":"bus","color":"#9f5bcc","oi":0.937,"n":2,"sw":1},"geometry":{"type":"LineString","coordinates":[[22.384385,39.630027],[22.384423,39.630004]]}},{"type":"Feature","properties":{"line":"9","mode":"bus","color":"#9f5bcc","oi":0.983,"n":2,"sw":1},"geometry":{"type":"LineString","coordinates":[[22.384418,39.630007],[22.384456,39.629984]]}},{"type":"Feature","properties":{"line":"9","mode":"bus","color":"#9f5bcc","oi":1,"n":2,"sw":1},"geometry":{"type":"LineString","coordinates":[[22.38445,39.629987],[22.384486,39.629965]]}},{"type":"Feature","properties":{"line":"9","mode":"bus","color":"#9f5bcc","oi":0.5,"n":2},"geometry":{"type":"LineString","coordinates":[[22.411702,39.63814],[22.411719,39.634426]]}},{"type":"Feature","properties":{"line":"9","mode":"bus","color":"#9f5bcc","oi":0,"n":2,"sw":1},"geometry":{"type":"LineString","coordinates":[[22.411701,39.638464],[22.411701,39.638429]]}},{"type":"Feature","properties":{"line":"9","mode":"bus","color":"#9f5bcc","oi":0.017,"n":2,"sw":1},"geometry":{"type":"LineString","coordinates":[[22.411701,39.638434],[22.411701,39.638397]]}},{"type":"Feature","properties":{"line":"9","mode":"bus","color":"#9f5bcc","oi":0.063,"n":2,"sw":1},"geometry":{"type":"LineString","coordinates":[[22.411701,39.638402],[22.411701,39.638364]]}},{"type":"Feature","properties":{"line":"9","mode":"bus","color":"#9f5bcc","oi":0.13,"n":2,"sw":1},"geometry":{"type":"LineString","coordinates":[[22.411701,39.63837],[22.411702,39.638332]]}},{"type":"Feature","properties":{"line":"9","mode":"bus","color":"#9f5bcc","oi":0.209,"n":2,"sw":1},"geometry":{"type":"LineString","coordinates":[[22.411702,39.638337],[22.411702,39.638299]]}},{"type":"Feature","properties":{"line":"9","mode":"bus","color":"#9f5bcc","oi":0.291,"n":2,"sw":1},"geometry":{"type":"LineString","coordinates":[[22.411702,39.638305],[22.411702,39.638267]]}},{"type":"Feature","properties":{"line":"9","mode":"bus","color":"#9f5bcc","oi":0.37,"n":2,"sw":1},"geometry":{"type":"LineString","coordinates":[[22.411702,39.638272],[22.411702,39.638235]]}},{"type":"Feature","properties":{"line":"9","mode":"bus","color":"#9f5bcc","oi":0.437,"n":2,"sw":1},"geometry":{"type":"LineString","coordinates":[[22.411702,39.63824],[22.411702,39.638202]]}},{"type":"Feature","properties":{"line":"9","mode":"bus","color":"#9f5bcc","oi":0.483,"n":2,"sw":1},"geometry":{"type":"LineString","coordinates":[[22.411702,39.638208],[22.411702,39.63817]]}},{"type":"Feature","properties":{"line":"9","mode":"bus","color":"#9f5bcc","oi":0.5,"n":2,"sw":1},"geometry":{"type":"LineString","coordinates":[[22.411702,39.638175],[22.411702,39.638137]]}},{"type":"Feature","properties":{"line":"9","mode":"bus","color":"#9f5bcc","oi":0.5,"n":2,"sw":1},"geometry":{"type":"LineString","coordinates":[[22.411719,39.634429],[22.411719,39.634391]]}},{"type":"Feature","properties":{"line":"9","mode":"bus","color":"#9f5bcc","oi":0.483,"n":2,"sw":1},"geometry":{"type":"LineString","coordinates":[[22.411719,39.634396],[22.411719,39.634358]]}},{"type":"Feature","properties":{"line":"9","mode":"bus","color":"#9f5bcc","oi":0.437,"n":2,"sw":1},"geometry":{"type":"LineString","coordinates":[[22.411719,39.634364],[22.411719,39.634326]]}},{"type":"Feature","properties":{"line":"9","mode":"bus","color":"#9f5bcc","oi":0.37,"n":2,"sw":1},"geometry":{"type":"LineString","coordinates":[[22.411719,39.634331],[22.411719,39.634294]]}},{"type":"Feature","properties":{"line":"9","mode":"bus","color":"#9f5bcc","oi":0.291,"n":2,"sw":1},"geometry":{"type":"LineString","coordinates":[[22.411719,39.634299],[22.411719,39.634261]]}},{"type":"Feature","properties":{"line":"9","mode":"bus","color":"#9f5bcc","oi":0.209,"n":2,"sw":1},"geometry":{"type":"LineString","coordinates":[[22.411719,39.634267],[22.411719,39.634229]]}},{"type":"Feature","properties":{"line":"9","mode":"bus","color":"#9f5bcc","oi":0.13,"n":2,"sw":1},"geometry":{"type":"LineString","coordinates":[[22.411719,39.634234],[22.41172,39.634196]]}},{"type":"Feature","properties":{"line":"9","mode":"bus","color":"#9f5bcc","oi":0.063,"n":2,"sw":1},"geometry":{"type":"LineString","coordinates":[[22.41172,39.634202],[22.41172,39.634164]]}},{"type":"Feature","properties":{"line":"9","mode":"bus","color":"#9f5bcc","oi":0.017,"n":2,"sw":1},"geometry":{"type":"LineString","coordinates":[[22.41172,39.634169],[22.41172,39.634132]]}},{"type":"Feature","properties":{"line":"9","mode":"bus","color":"#9f5bcc","oi":0,"n":2,"sw":1},"geometry":{"type":"LineString","coordinates":[[22.41172,39.634137],[22.41172,39.634102]]}},{"type":"Feature","properties":{"line":"9","mode":"bus","color":"#9f5bcc","oi":1,"n":3},"geometry":{"type":"LineString","coordinates":[[22.383962,39.629484],[22.384111,39.629617],[22.384197,39.629734],[22.384197,39.629808],[22.384233,39.629877]]}},{"type":"Feature","properties":{"line":"9","mode":"bus","color":"#9f5bcc","oi":1,"n":3},"geometry":{"type":"LineString","coordinates":[[22.384466,39.629575],[22.384339,39.629593],[22.384166,39.629562],[22.383962,39.629484],[22.382181,39.628622],[22.381797,39.628421]]}},{"type":"Feature","properties":{"line":"9","mode":"bus","color":"#9f5bcc","oi":1,"n":3,"sw":1},"geometry":{"type":"LineString","coordinates":[[22.3818,39.628422],[22.381775,39.628409]]}},{"type":"Feature","properties":{"line":"9","mode":"bus","color":"#9f5bcc","oi":0.99,"n":3,"sw":1},"geometry":{"type":"LineString","coordinates":[[22.381781,39.628412],[22.381756,39.628399]]}},{"type":"Feature","properties":{"line":"9","mode":"bus","color":"#9f5bcc","oi":0.962,"n":3,"sw":1},"geometry":{"type":"LineString","coordinates":[[22.381762,39.628402],[22.381737,39.628389]]}},{"type":"Feature","properties":{"line":"9","mode":"bus","color":"#9f5bcc","oi":0.918,"n":3,"sw":1},"geometry":{"type":"LineString","coordinates":[[22.381742,39.628392],[22.381734,39.628388],[22.381725,39.628381],[22.381723,39.628375]]}},{"type":"Feature","properties":{"line":"9","mode":"bus","color":"#9f5bcc","oi":0.86,"n":3,"sw":1},"geometry":{"type":"LineString","coordinates":[[22.381725,39.62838],[22.381722,39.628372],[22.381726,39.628363],[22.381729,39.628358]]}},{"type":"Feature","properties":{"line":"9","mode":"bus","color":"#9f5bcc","oi":0.791,"n":3,"sw":1},"geometry":{"type":"LineString","coordinates":[[22.381726,39.628363],[22.381726,39.628363],[22.381734,39.628349],[22.381737,39.628341]]}},{"type":"Feature","properties":{"line":"9","mode":"bus","color":"#9f5bcc","oi":0.714,"n":3,"sw":1},"geometry":{"type":"LineString","coordinates":[[22.381735,39.628346],[22.381739,39.628334],[22.381736,39.628323]]}},{"type":"Feature","properties":{"line":"9","mode":"bus","color":"#9f5bcc","oi":0.631,"n":3,"sw":1},"geometry":{"type":"LineString","coordinates":[[22.381737,39.628329],[22.381734,39.628319],[22.381727,39.628307]]}},{"type":"Feature","properties":{"line":"9","mode":"bus","color":"#9f5bcc","oi":0.544,"n":3,"sw":1},"geometry":{"type":"LineString","coordinates":[[22.38173,39.628312],[22.381716,39.628291]]}},{"type":"Feature","properties":{"line":"9","mode":"bus","color":"#9f5bcc","oi":0.456,"n":3,"sw":1},"geometry":{"type":"LineString","coordinates":[[22.381719,39.628296],[22.381706,39.628275]]}},{"type":"Feature","properties":{"line":"9","mode":"bus","color":"#9f5bcc","oi":0.369,"n":3,"sw":1},"geometry":{"type":"LineString","coordinates":[[22.381709,39.62828],[22.381696,39.628259]]}},{"type":"Feature","properties":{"line":"9","mode":"bus","color":"#9f5bcc","oi":0.286,"n":3,"sw":1},"geometry":{"type":"LineString","coordinates":[[22.381699,39.628263],[22.381685,39.628242]]}},{"type":"Feature","properties":{"line":"9","mode":"bus","color":"#9f5bcc","oi":0.209,"n":3,"sw":1},"geometry":{"type":"LineString","coordinates":[[22.381689,39.628247],[22.381675,39.628226]]}},{"type":"Feature","properties":{"line":"9","mode":"bus","color":"#9f5bcc","oi":0.14,"n":3,"sw":1},"geometry":{"type":"LineString","coordinates":[[22.381678,39.628231],[22.381665,39.62821]]}},{"type":"Feature","properties":{"line":"9","mode":"bus","color":"#9f5bcc","oi":0.082,"n":3,"sw":1},"geometry":{"type":"LineString","coordinates":[[22.381668,39.628215],[22.381654,39.628194]]}},{"type":"Feature","properties":{"line":"9","mode":"bus","color":"#9f5bcc","oi":0.038,"n":3,"sw":1},"geometry":{"type":"LineString","coordinates":[[22.381658,39.628199],[22.381644,39.628178]]}},{"type":"Feature","properties":{"line":"9","mode":"bus","color":"#9f5bcc","oi":0.01,"n":3,"sw":1},"geometry":{"type":"LineString","coordinates":[[22.381647,39.628183],[22.381634,39.628162]]}},{"type":"Feature","properties":{"line":"9","mode":"bus","color":"#9f5bcc","oi":0,"n":3,"sw":1},"geometry":{"type":"LineString","coordinates":[[22.381637,39.628167],[22.381625,39.628148]]}},{"type":"Feature","properties":{"line":"9","mode":"bus","color":"#9f5bcc","oi":1,"n":3},"geometry":{"type":"LineString","coordinates":[[22.384486,39.629965],[22.384596,39.62993],[22.384674,39.629861],[22.384702,39.629773],[22.384676,39.629683]]}},{"type":"Feature","properties":{"line":"9","mode":"bus","color":"#9f5bcc","oi":1,"n":3},"geometry":{"type":"LineString","coordinates":[[22.381268,39.627978],[22.380884,39.627795],[22.380839,39.627733],[22.380848,39.627688],[22.380976,39.627525],[22.381031,39.627509],[22.38106,39.627505],[22.381088,39.627512],[22.381554,39.627723],[22.381693,39.627816],[22.381712,39.627857]]}},{"type":"Feature","properties":{"line":"9","mode":"bus","color":"#9f5bcc","oi":0,"n":3,"sw":1},"geometry":{"type":"LineString","coordinates":[[22.381625,39.628148],[22.381602,39.628137]]}},{"type":"Feature","properties":{"line":"9","mode":"bus","color":"#9f5bcc","oi":0.01,"n":3,"sw":1},"geometry":{"type":"LineString","coordinates":[[22.381608,39.62814],[22.381582,39.628128]]}},{"type":"Feature","properties":{"line":"9","mode":"bus","color":"#9f5bcc","oi":0.038,"n":3,"sw":1},"geometry":{"type":"LineString","coordinates":[[22.381588,39.628131],[22.381562,39.628118]]}},{"type":"Feature","properties":{"line":"9","mode":"bus","color":"#9f5bcc","oi":0.082,"n":3,"sw":1},"geometry":{"type":"LineString","coordinates":[[22.381568,39.628121],[22.381543,39.628109]]}},{"type":"Feature","properties":{"line":"9","mode":"bus","color":"#9f5bcc","oi":0.14,"n":3,"sw":1},"geometry":{"type":"LineString","coordinates":[[22.381549,39.628112],[22.381523,39.628099]]}},{"type":"Feature","properties":{"line":"9","mode":"bus","color":"#9f5bcc","oi":0.209,"n":3,"sw":1},"geometry":{"type":"LineString","coordinates":[[22.381529,39.628102],[22.381503,39.62809]]}},{"type":"Feature","properties":{"line":"9","mode":"bus","color":"#9f5bcc","oi":0.286,"n":3,"sw":1},"geometry":{"type":"LineString","coordinates":[[22.381509,39.628093],[22.381483,39.62808]]}},{"type":"Feature","properties":{"line":"9","mode":"bus","color":"#9f5bcc","oi":0.369,"n":3,"sw":1},"geometry":{"type":"LineString","coordinates":[[22.381489,39.628083],[22.381463,39.628071]]}},{"type":"Feature","properties":{"line":"9","mode":"bus","color":"#9f5bcc","oi":0.456,"n":3,"sw":1},"geometry":{"type":"LineString","coordinates":[[22.381469,39.628074],[22.381443,39.628061]]}},{"type":"Feature","properties":{"line":"9","mode":"bus","color":"#9f5bcc","oi":0.544,"n":3,"sw":1},"geometry":{"type":"LineString","coordinates":[[22.381449,39.628064],[22.381423,39.628052]]}},{"type":"Feature","properties":{"line":"9","mode":"bus","color":"#9f5bcc","oi":0.631,"n":3,"sw":1},"geometry":{"type":"LineString","coordinates":[[22.381429,39.628055],[22.381404,39.628043]]}},{"type":"Feature","properties":{"line":"9","mode":"bus","color":"#9f5bcc","oi":0.714,"n":3,"sw":1},"geometry":{"type":"LineString","coordinates":[[22.38141,39.628045],[22.381384,39.628033]]}},{"type":"Feature","properties":{"line":"9","mode":"bus","color":"#9f5bcc","oi":0.791,"n":3,"sw":1},"geometry":{"type":"LineString","coordinates":[[22.38139,39.628036],[22.381364,39.628024]]}},{"type":"Feature","properties":{"line":"9","mode":"bus","color":"#9f5bcc","oi":0.86,"n":3,"sw":1},"geometry":{"type":"LineString","coordinates":[[22.38137,39.628026],[22.381344,39.628014]]}},{"type":"Feature","properties":{"line":"9","mode":"bus","color":"#9f5bcc","oi":0.918,"n":3,"sw":1},"geometry":{"type":"LineString","coordinates":[[22.38135,39.628017],[22.381324,39.628005]]}},{"type":"Feature","properties":{"line":"9","mode":"bus","color":"#9f5bcc","oi":0.962,"n":3,"sw":1},"geometry":{"type":"LineString","coordinates":[[22.38133,39.628008],[22.381304,39.627995]]}},{"type":"Feature","properties":{"line":"9","mode":"bus","color":"#9f5bcc","oi":0.99,"n":3,"sw":1},"geometry":{"type":"LineString","coordinates":[[22.38131,39.627998],[22.381284,39.627986]]}},{"type":"Feature","properties":{"line":"9","mode":"bus","color":"#9f5bcc","oi":1,"n":3,"sw":1},"geometry":{"type":"LineString","coordinates":[[22.38129,39.627989],[22.381265,39.627976]]}},{"type":"Feature","properties":{"line":"9","mode":"bus","color":"#9f5bcc","oi":1,"n":3,"sw":1},"geometry":{"type":"LineString","coordinates":[[22.381711,39.627854],[22.381722,39.627876]]}},{"type":"Feature","properties":{"line":"9","mode":"bus","color":"#9f5bcc","oi":0.99,"n":3,"sw":1},"geometry":{"type":"LineString","coordinates":[[22.381719,39.627871],[22.38173,39.627893]]}},{"type":"Feature","properties":{"line":"9","mode":"bus","color":"#9f5bcc","oi":0.962,"n":3,"sw":1},"geometry":{"type":"LineString","coordinates":[[22.381727,39.627888],[22.381738,39.62791]]}},{"type":"Feature","properties":{"line":"9","mode":"bus","color":"#9f5bcc","oi":0.918,"n":3,"sw":1},"geometry":{"type":"LineString","coordinates":[[22.381735,39.627905],[22.381746,39.627927]]}},{"type":"Feature","properties":{"line":"9","mode":"bus","color":"#9f5bcc","oi":0.86,"n":3,"sw":1},"geometry":{"type":"LineString","coordinates":[[22.381743,39.627922],[22.381749,39.627934],[22.381749,39.627944]]}},{"type":"Feature","properties":{"line":"9","mode":"bus","color":"#9f5bcc","oi":0.791,"n":3,"sw":1},"geometry":{"type":"LineString","coordinates":[[22.381749,39.627939],[22.381749,39.627962]]}},{"type":"Feature","properties":{"line":"9","mode":"bus","color":"#9f5bcc","oi":0.714,"n":3,"sw":1},"geometry":{"type":"LineString","coordinates":[[22.381749,39.627957],[22.381748,39.62798]]}},{"type":"Feature","properties":{"line":"9","mode":"bus","color":"#9f5bcc","oi":0.631,"n":3,"sw":1},"geometry":{"type":"LineString","coordinates":[[22.381748,39.627975],[22.381748,39.627998]]}},{"type":"Feature","properties":{"line":"9","mode":"bus","color":"#9f5bcc","oi":0.544,"n":3,"sw":1},"geometry":{"type":"LineString","coordinates":[[22.381748,39.627993],[22.381748,39.627999],[22.381736,39.628014]]}},{"type":"Feature","properties":{"line":"9","mode":"bus","color":"#9f5bcc","oi":0.456,"n":3,"sw":1},"geometry":{"type":"LineString","coordinates":[[22.38174,39.628009],[22.381723,39.628029]]}},{"type":"Feature","properties":{"line":"9","mode":"bus","color":"#9f5bcc","oi":0.369,"n":3,"sw":1},"geometry":{"type":"LineString","coordinates":[[22.381727,39.628024],[22.381711,39.628044]]}},{"type":"Feature","properties":{"line":"9","mode":"bus","color":"#9f5bcc","oi":0.286,"n":3,"sw":1},"geometry":{"type":"LineString","coordinates":[[22.381715,39.628039],[22.381698,39.628059]]}},{"type":"Feature","properties":{"line":"9","mode":"bus","color":"#9f5bcc","oi":0.209,"n":3,"sw":1},"geometry":{"type":"LineString","coordinates":[[22.381702,39.628055],[22.381686,39.628074]]}},{"type":"Feature","properties":{"line":"9","mode":"bus","color":"#9f5bcc","oi":0.14,"n":3,"sw":1},"geometry":{"type":"LineString","coordinates":[[22.38169,39.62807],[22.381673,39.62809]]}},{"type":"Feature","properties":{"line":"9","mode":"bus","color":"#9f5bcc","oi":0.082,"n":3,"sw":1},"geometry":{"type":"LineString","coordinates":[[22.381677,39.628085],[22.381661,39.628105]]}},{"type":"Feature","properties":{"line":"9","mode":"bus","color":"#9f5bcc","oi":0.038,"n":3,"sw":1},"geometry":{"type":"LineString","coordinates":[[22.381664,39.6281],[22.381648,39.62812]]}},{"type":"Feature","properties":{"line":"9","mode":"bus","color":"#9f5bcc","oi":0.01,"n":3,"sw":1},"geometry":{"type":"LineString","coordinates":[[22.381652,39.628115],[22.381636,39.628135]]}},{"type":"Feature","properties":{"line":"9","mode":"bus","color":"#9f5bcc","oi":0,"n":3,"sw":1},"geometry":{"type":"LineString","coordinates":[[22.381639,39.628131],[22.381625,39.628148]]}},{"type":"Feature","properties":{"line":"9","mode":"bus","color":"#9f5bcc","oi":0.5,"n":4},"geometry":{"type":"LineString","coordinates":[[22.395712,39.63254],[22.396628,39.632554]]}},{"type":"Feature","properties":{"line":"9","mode":"bus","color":"#9f5bcc","oi":0.5,"n":4,"sw":1},"geometry":{"type":"LineString","coordinates":[[22.396624,39.632554],[22.396673,39.632554]]}},{"type":"Feature","properties":{"line":"9","mode":"bus","color":"#9f5bcc","oi":0.483,"n":4,"sw":1},"geometry":{"type":"LineString","coordinates":[[22.396666,39.632554],[22.396715,39.632555]]}},{"type":"Feature","properties":{"line":"9","mode":"bus","color":"#9f5bcc","oi":0.437,"n":4,"sw":1},"geometry":{"type":"LineString","coordinates":[[22.396708,39.632555],[22.396757,39.632556]]}},{"type":"Feature","properties":{"line":"9","mode":"bus","color":"#9f5bcc","oi":0.37,"n":4,"sw":1},"geometry":{"type":"LineString","coordinates":[[22.39675,39.632556],[22.396799,39.632556]]}},{"type":"Feature","properties":{"line":"9","mode":"bus","color":"#9f5bcc","oi":0.291,"n":4,"sw":1},"geometry":{"type":"LineString","coordinates":[[22.396792,39.632556],[22.396841,39.632557]]}},{"type":"Feature","properties":{"line":"9","mode":"bus","color":"#9f5bcc","oi":0.209,"n":4,"sw":1},"geometry":{"type":"LineString","coordinates":[[22.396834,39.632557],[22.396883,39.632558]]}},{"type":"Feature","properties":{"line":"9","mode":"bus","color":"#9f5bcc","oi":0.13,"n":4,"sw":1},"geometry":{"type":"LineString","coordinates":[[22.396876,39.632557],[22.396925,39.632558]]}},{"type":"Feature","properties":{"line":"9","mode":"bus","color":"#9f5bcc","oi":0.063,"n":4,"sw":1},"geometry":{"type":"LineString","coordinates":[[22.396918,39.632558],[22.396967,39.632559]]}},{"type":"Feature","properties":{"line":"9","mode":"bus","color":"#9f5bcc","oi":0.017,"n":4,"sw":1},"geometry":{"type":"LineString","coordinates":[[22.39696,39.632559],[22.397009,39.632559]]}},{"type":"Feature","properties":{"line":"9","mode":"bus","color":"#9f5bcc","oi":0,"n":4,"sw":1},"geometry":{"type":"LineString","coordinates":[[22.397002,39.632559],[22.397048,39.63256]]}},{"type":"Feature","properties":{"line":"9","mode":"bus","color":"#9f5bcc","oi":0,"n":3},"geometry":{"type":"LineString","coordinates":[[22.41172,39.634102],[22.407626,39.634145],[22.407598,39.634141],[22.407578,39.63413],[22.407564,39.634111],[22.407144,39.633145]]}},{"type":"Feature","properties":{"line":"9","mode":"bus","color":"#9f5bcc","oi":1,"n":3},"geometry":{"type":"LineString","coordinates":[[22.412724,39.638524],[22.411701,39.638464]]}},{"type":"Feature","properties":{"line":"9","mode":"bus","color":"#9f5bcc","oi":0.5,"n":2},"geometry":{"type":"LineString","coordinates":[[22.414282,39.638395],[22.413681,39.637784],[22.413597,39.637734],[22.413293,39.63664],[22.413283,39.636622],[22.413266,39.636612],[22.413242,39.63661],[22.413164,39.636613]]}},{"type":"Feature","properties":{"line":"9","mode":"bus","color":"#9f5bcc","oi":0,"n":2,"sw":1},"geometry":{"type":"LineString","coordinates":[[22.414536,39.638653],[22.414508,39.638625]]}},{"type":"Feature","properties":{"line":"9","mode":"bus","color":"#9f5bcc","oi":0.017,"n":2,"sw":1},"geometry":{"type":"LineString","coordinates":[[22.414513,39.638629],[22.414483,39.638599]]}},{"type":"Feature","properties":{"line":"9","mode":"bus","color":"#9f5bcc","oi":0.063,"n":2,"sw":1},"geometry":{"type":"LineString","coordinates":[[22.414487,39.638604],[22.414458,39.638573]]}},{"type":"Feature","properties":{"line":"9","mode":"bus","color":"#9f5bcc","oi":0.13,"n":2,"sw":1},"geometry":{"type":"LineString","coordinates":[[22.414462,39.638578],[22.414432,39.638548]]}},{"type":"Feature","properties":{"line":"9","mode":"bus","color":"#9f5bcc","oi":0.209,"n":2,"sw":1},"geometry":{"type":"LineString","coordinates":[[22.414437,39.638552],[22.414407,39.638522]]}},{"type":"Feature","properties":{"line":"9","mode":"bus","color":"#9f5bcc","oi":0.291,"n":2,"sw":1},"geometry":{"type":"LineString","coordinates":[[22.414411,39.638526],[22.414382,39.638496]]}},{"type":"Feature","properties":{"line":"9","mode":"bus","color":"#9f5bcc","oi":0.37,"n":2,"sw":1},"geometry":{"type":"LineString","coordinates":[[22.414386,39.6385],[22.414356,39.63847]]}},{"type":"Feature","properties":{"line":"9","mode":"bus","color":"#9f5bcc","oi":0.437,"n":2,"sw":1},"geometry":{"type":"LineString","coordinates":[[22.41436,39.638474],[22.414331,39.638444]]}},{"type":"Feature","properties":{"line":"9","mode":"bus","color":"#9f5bcc","oi":0.483,"n":2,"sw":1},"geometry":{"type":"LineString","coordinates":[[22.414335,39.638449],[22.414305,39.638419]]}},{"type":"Feature","properties":{"line":"9","mode":"bus","color":"#9f5bcc","oi":0.5,"n":2,"sw":1},"geometry":{"type":"LineString","coordinates":[[22.41431,39.638423],[22.41428,39.638393]]}},{"type":"Feature","properties":{"line":"16","mode":"bus","color":"#f57145","oi":0,"n":3},"geometry":{"type":"LineString","coordinates":[[22.384078,39.633675],[22.384211,39.633728],[22.384331,39.633724],[22.384435,39.633679],[22.384503,39.633603],[22.384728,39.633531],[22.385808,39.633401],[22.386936,39.633299],[22.386998,39.633266],[22.387008,39.633259],[22.387013,39.633253],[22.387012,39.633247],[22.387005,39.633242],[22.386993,39.633237],[22.38692,39.633216],[22.386487,39.633242],[22.384708,39.633429],[22.384538,39.63342],[22.384348,39.633341],[22.384246,39.63333],[22.384115,39.633363],[22.384017,39.633457]]}},{"type":"Feature","properties":{"line":"16","mode":"bus","color":"#f57145","oi":0,"n":3},"geometry":{"type":"LineString","coordinates":[[22.387031,39.633248],[22.387963,39.633187],[22.394424,39.632575],[22.394981,39.632537],[22.395292,39.632538]]}},{"type":"Feature","properties":{"line":"16","mode":"bus","color":"#f57145","oi":0,"n":3,"sw":1},"geometry":{"type":"LineString","coordinates":[[22.395288,39.632538],[22.395337,39.632538]]}},{"type":"Feature","properties":{"line":"16","mode":"bus","color":"#f57145","oi":-0.017,"n":3,"sw":1},"geometry":{"type":"LineString","coordinates":[[22.39533,39.632538],[22.395379,39.632539]]}},{"type":"Feature","properties":{"line":"16","mode":"bus","color":"#f57145","oi":-0.063,"n":3,"sw":1},"geometry":{"type":"LineString","coordinates":[[22.395372,39.632539],[22.395421,39.632539]]}},{"type":"Feature","properties":{"line":"16","mode":"bus","color":"#f57145","oi":-0.13,"n":3,"sw":1},"geometry":{"type":"LineString","coordinates":[[22.395414,39.632539],[22.395463,39.632539]]}},{"type":"Feature","properties":{"line":"16","mode":"bus","color":"#f57145","oi":-0.209,"n":3,"sw":1},"geometry":{"type":"LineString","coordinates":[[22.395456,39.632539],[22.395505,39.632539]]}},{"type":"Feature","properties":{"line":"16","mode":"bus","color":"#f57145","oi":-0.291,"n":3,"sw":1},"geometry":{"type":"LineString","coordinates":[[22.395498,39.632539],[22.395547,39.632539]]}},{"type":"Feature","properties":{"line":"16","mode":"bus","color":"#f57145","oi":-0.37,"n":3,"sw":1},"geometry":{"type":"LineString","coordinates":[[22.39554,39.632539],[22.395589,39.632539]]}},{"type":"Feature","properties":{"line":"16","mode":"bus","color":"#f57145","oi":-0.437,"n":3,"sw":1},"geometry":{"type":"LineString","coordinates":[[22.395582,39.632539],[22.395631,39.63254]]}},{"type":"Feature","properties":{"line":"16","mode":"bus","color":"#f57145","oi":-0.483,"n":3,"sw":1},"geometry":{"type":"LineString","coordinates":[[22.395624,39.63254],[22.395673,39.63254]]}},{"type":"Feature","properties":{"line":"16","mode":"bus","color":"#f57145","oi":-0.5,"n":3,"sw":1},"geometry":{"type":"LineString","coordinates":[[22.395666,39.63254],[22.395712,39.63254]]}},{"type":"Feature","properties":{"line":"16","mode":"bus","color":"#f57145","oi":0,"n":3},"geometry":{"type":"LineString","coordinates":[[22.412313,39.641179],[22.412345,39.641249],[22.412425,39.64129]]}},{"type":"Feature","properties":{"line":"16","mode":"bus","color":"#f57145","oi":0,"n":3},"geometry":{"type":"LineString","coordinates":[[22.418839,39.639651],[22.418743,39.639721],[22.418654,39.640346],[22.418699,39.640564],[22.418925,39.642705],[22.418924,39.64272],[22.418917,39.642731],[22.418903,39.642735],[22.418883,39.642735],[22.418046,39.642625],[22.416804,39.642619],[22.416274,39.642597],[22.41313,39.6421],[22.412964,39.642034],[22.412876,39.641952],[22.412483,39.641293]]}},{"type":"Feature","properties":{"line":"16","mode":"bus","color":"#f57145","oi":-0.5,"n":4},"geometry":{"type":"LineString","coordinates":[[22.395712,39.63254],[22.396628,39.632554]]}},{"type":"Feature","properties":{"line":"16","mode":"bus","color":"#f57145","oi":-0.5,"n":4,"sw":1},"geometry":{"type":"LineString","coordinates":[[22.396624,39.632554],[22.396673,39.632554]]}},{"type":"Feature","properties":{"line":"16","mode":"bus","color":"#f57145","oi":-0.483,"n":4,"sw":1},"geometry":{"type":"LineString","coordinates":[[22.396666,39.632554],[22.396715,39.632555]]}},{"type":"Feature","properties":{"line":"16","mode":"bus","color":"#f57145","oi":-0.437,"n":4,"sw":1},"geometry":{"type":"LineString","coordinates":[[22.396708,39.632555],[22.396757,39.632556]]}},{"type":"Feature","properties":{"line":"16","mode":"bus","color":"#f57145","oi":-0.37,"n":4,"sw":1},"geometry":{"type":"LineString","coordinates":[[22.39675,39.632556],[22.396799,39.632556]]}},{"type":"Feature","properties":{"line":"16","mode":"bus","color":"#f57145","oi":-0.291,"n":4,"sw":1},"geometry":{"type":"LineString","coordinates":[[22.396792,39.632556],[22.396841,39.632557]]}},{"type":"Feature","properties":{"line":"16","mode":"bus","color":"#f57145","oi":-0.209,"n":4,"sw":1},"geometry":{"type":"LineString","coordinates":[[22.396834,39.632557],[22.396883,39.632558]]}},{"type":"Feature","properties":{"line":"16","mode":"bus","color":"#f57145","oi":-0.13,"n":4,"sw":1},"geometry":{"type":"LineString","coordinates":[[22.396876,39.632557],[22.396925,39.632558]]}},{"type":"Feature","properties":{"line":"16","mode":"bus","color":"#f57145","oi":-0.063,"n":4,"sw":1},"geometry":{"type":"LineString","coordinates":[[22.396918,39.632558],[22.396967,39.632559]]}},{"type":"Feature","properties":{"line":"16","mode":"bus","color":"#f57145","oi":-0.017,"n":4,"sw":1},"geometry":{"type":"LineString","coordinates":[[22.39696,39.632559],[22.397009,39.632559]]}},{"type":"Feature","properties":{"line":"16","mode":"bus","color":"#f57145","oi":0,"n":4,"sw":1},"geometry":{"type":"LineString","coordinates":[[22.397002,39.632559],[22.397048,39.63256]]}},{"type":"Feature","properties":{"line":"16","mode":"bus","color":"#f57145","oi":-1,"n":3},"geometry":{"type":"LineString","coordinates":[[22.412792,39.631883],[22.411592,39.632114],[22.407943,39.632862],[22.406986,39.632783],[22.406725,39.63278]]}},{"type":"Feature","properties":{"line":"16","mode":"bus","color":"#f57145","oi":0,"n":3,"sw":1},"geometry":{"type":"LineString","coordinates":[[22.4132,39.631805],[22.413174,39.63181]]}},{"type":"Feature","properties":{"line":"16","mode":"bus","color":"#f57145","oi":-0.01,"n":3,"sw":1},"geometry":{"type":"LineString","coordinates":[[22.413181,39.631809],[22.413151,39.631814]]}},{"type":"Feature","properties":{"line":"16","mode":"bus","color":"#f57145","oi":-0.038,"n":3,"sw":1},"geometry":{"type":"LineString","coordinates":[[22.413158,39.631813],[22.413129,39.631819]]}},{"type":"Feature","properties":{"line":"16","mode":"bus","color":"#f57145","oi":-0.082,"n":3,"sw":1},"geometry":{"type":"LineString","coordinates":[[22.413135,39.631817],[22.413106,39.631823]]}},{"type":"Feature","properties":{"line":"16","mode":"bus","color":"#f57145","oi":-0.14,"n":3,"sw":1},"geometry":{"type":"LineString","coordinates":[[22.413113,39.631822],[22.413083,39.631827]]}},{"type":"Feature","properties":{"line":"16","mode":"bus","color":"#f57145","oi":-0.209,"n":3,"sw":1},"geometry":{"type":"LineString","coordinates":[[22.41309,39.631826],[22.413061,39.631832]]}},{"type":"Feature","properties":{"line":"16","mode":"bus","color":"#f57145","oi":-0.286,"n":3,"sw":1},"geometry":{"type":"LineString","coordinates":[[22.413068,39.63183],[22.413038,39.631836]]}},{"type":"Feature","properties":{"line":"16","mode":"bus","color":"#f57145","oi":-0.369,"n":3,"sw":1},"geometry":{"type":"LineString","coordinates":[[22.413045,39.631835],[22.413015,39.63184]]}},{"type":"Feature","properties":{"line":"16","mode":"bus","color":"#f57145","oi":-0.456,"n":3,"sw":1},"geometry":{"type":"LineString","coordinates":[[22.413022,39.631839],[22.412993,39.631845]]}},{"type":"Feature","properties":{"line":"16","mode":"bus","color":"#f57145","oi":-0.544,"n":3,"sw":1},"geometry":{"type":"LineString","coordinates":[[22.413,39.631844],[22.41297,39.631849]]}},{"type":"Feature","properties":{"line":"16","mode":"bus","color":"#f57145","oi":-0.631,"n":3,"sw":1},"geometry":{"type":"LineString","coordinates":[[22.412977,39.631848],[22.412947,39.631854]]}},{"type":"Feature","properties":{"line":"16","mode":"bus","color":"#f57145","oi":-0.714,"n":3,"sw":1},"geometry":{"type":"LineString","coordinates":[[22.412954,39.631852],[22.412925,39.631858]]}},{"type":"Feature","properties":{"line":"16","mode":"bus","color":"#f57145","oi":-0.791,"n":3,"sw":1},"geometry":{"type":"LineString","coordinates":[[22.412932,39.631857],[22.412902,39.631862]]}},{"type":"Feature","properties":{"line":"16","mode":"bus","color":"#f57145","oi":-0.86,"n":3,"sw":1},"geometry":{"type":"LineString","coordinates":[[22.412909,39.631861],[22.41288,39.631867]]}},{"type":"Feature","properties":{"line":"16","mode":"bus","color":"#f57145","oi":-0.918,"n":3,"sw":1},"geometry":{"type":"LineString","coordinates":[[22.412886,39.631865],[22.412857,39.631871]]}},{"type":"Feature","properties":{"line":"16","mode":"bus","color":"#f57145","oi":-0.962,"n":3,"sw":1},"geometry":{"type":"LineString","coordinates":[[22.412864,39.63187],[22.412834,39.631875]]}},{"type":"Feature","properties":{"line":"16","mode":"bus","color":"#f57145","oi":-0.99,"n":3,"sw":1},"geometry":{"type":"LineString","coordinates":[[22.412841,39.631874],[22.412812,39.63188]]}},{"type":"Feature","properties":{"line":"16","mode":"bus","color":"#f57145","oi":-1,"n":3,"sw":1},"geometry":{"type":"LineString","coordinates":[[22.412818,39.631878],[22.412789,39.631884]]}},{"type":"Feature","properties":{"line":"16","mode":"bus","color":"#f57145","oi":-1.5,"n":4},"geometry":{"type":"LineString","coordinates":[[22.4132,39.631844],[22.4132,39.631805]]}},{"type":"Feature","properties":{"line":"16","mode":"bus","color":"#f57145","oi":0,"n":4,"sw":1},"geometry":{"type":"LineString","coordinates":[[22.413199,39.631883],[22.413199,39.631871]]}},{"type":"Feature","properties":{"line":"16","mode":"bus","color":"#f57145","oi":-0.389,"n":4,"sw":1},"geometry":{"type":"LineString","coordinates":[[22.413199,39.631876],[22.413199,39.631861]]}},{"type":"Feature","properties":{"line":"16","mode":"bus","color":"#f57145","oi":-1.111,"n":4,"sw":1},"geometry":{"type":"LineString","coordinates":[[22.413199,39.631866],[22.413199,39.631851]]}},{"type":"Feature","properties":{"line":"16","mode":"bus","color":"#f57145","oi":-1.5,"n":4,"sw":1},"geometry":{"type":"LineString","coordinates":[[22.413199,39.631856],[22.4132,39.631841]]}},{"type":"Feature","properties":{"line":"16","mode":"bus","color":"#f57145","oi":0,"n":3,"sw":1},"geometry":{"type":"LineString","coordinates":[[22.418877,39.639014],[22.418873,39.639034]]}},{"type":"Feature","properties":{"line":"16","mode":"bus","color":"#f57145","oi":-0.01,"n":3,"sw":1},"geometry":{"type":"LineString","coordinates":[[22.418874,39.639029],[22.41887,39.639052]]}},{"type":"Feature","properties":{"line":"16","mode":"bus","color":"#f57145","oi":-0.038,"n":3,"sw":1},"geometry":{"type":"LineString","coordinates":[[22.418871,39.639047],[22.418867,39.63907]]}},{"type":"Feature","properties":{"line":"16","mode":"bus","color":"#f57145","oi":-0.082,"n":3,"sw":1},"geometry":{"type":"LineString","coordinates":[[22.418868,39.639065],[22.418864,39.639088]]}},{"type":"Feature","properties":{"line":"16","mode":"bus","color":"#f57145","oi":-0.14,"n":3,"sw":1},"geometry":{"type":"LineString","coordinates":[[22.418865,39.639083],[22.41886,39.639106]]}},{"type":"Feature","properties":{"line":"16","mode":"bus","color":"#f57145","oi":-0.209,"n":3,"sw":1},"geometry":{"type":"LineString","coordinates":[[22.418861,39.6391],[22.418857,39.639124]]}},{"type":"Feature","properties":{"line":"16","mode":"bus","color":"#f57145","oi":-0.286,"n":3,"sw":1},"geometry":{"type":"LineString","coordinates":[[22.418858,39.639118],[22.418854,39.639141]]}},{"type":"Feature","properties":{"line":"16","mode":"bus","color":"#f57145","oi":-0.369,"n":3,"sw":1},"geometry":{"type":"LineString","coordinates":[[22.418855,39.639136],[22.418851,39.639159]]}},{"type":"Feature","properties":{"line":"16","mode":"bus","color":"#f57145","oi":-0.456,"n":3,"sw":1},"geometry":{"type":"LineString","coordinates":[[22.418852,39.639154],[22.418847,39.639177]]}},{"type":"Feature","properties":{"line":"16","mode":"bus","color":"#f57145","oi":-0.544,"n":3,"sw":1},"geometry":{"type":"LineString","coordinates":[[22.418848,39.639172],[22.418844,39.639195]]}},{"type":"Feature","properties":{"line":"16","mode":"bus","color":"#f57145","oi":-0.631,"n":3,"sw":1},"geometry":{"type":"LineString","coordinates":[[22.418845,39.63919],[22.418841,39.639213]]}},{"type":"Feature","properties":{"line":"16","mode":"bus","color":"#f57145","oi":-0.714,"n":3,"sw":1},"geometry":{"type":"LineString","coordinates":[[22.418842,39.639207],[22.418838,39.639231]]}},{"type":"Feature","properties":{"line":"16","mode":"bus","color":"#f57145","oi":-0.791,"n":3,"sw":1},"geometry":{"type":"LineString","coordinates":[[22.418839,39.639225],[22.418835,39.639248]]}},{"type":"Feature","properties":{"line":"16","mode":"bus","color":"#f57145","oi":-0.86,"n":3,"sw":1},"geometry":{"type":"LineString","coordinates":[[22.418836,39.639243],[22.418831,39.639266]]}},{"type":"Feature","properties":{"line":"16","mode":"bus","color":"#f57145","oi":-0.918,"n":3,"sw":1},"geometry":{"type":"LineString","coordinates":[[22.418832,39.639261],[22.418828,39.639284]]}},{"type":"Feature","properties":{"line":"16","mode":"bus","color":"#f57145","oi":-0.962,"n":3,"sw":1},"geometry":{"type":"LineString","coordinates":[[22.418829,39.639279],[22.418825,39.639302]]}},{"type":"Feature","properties":{"line":"16","mode":"bus","color":"#f57145","oi":-0.99,"n":3,"sw":1},"geometry":{"type":"LineString","coordinates":[[22.418826,39.639297],[22.418822,39.63932]]}},{"type":"Feature","properties":{"line":"16","mode":"bus","color":"#f57145","oi":-1,"n":3,"sw":1},"geometry":{"type":"LineString","coordinates":[[22.418823,39.639314],[22.418818,39.639338]]}},{"type":"Feature","properties":{"line":"16","mode":"bus","color":"#f57145","oi":-1,"n":3,"sw":1},"geometry":{"type":"LineString","coordinates":[[22.418819,39.639336],[22.418814,39.639359]]}},{"type":"Feature","properties":{"line":"16","mode":"bus","color":"#f57145","oi":-0.99,"n":3,"sw":1},"geometry":{"type":"LineString","coordinates":[[22.418815,39.639354],[22.418811,39.639377]]}},{"type":"Feature","properties":{"line":"16","mode":"bus","color":"#f57145","oi":-0.962,"n":3,"sw":1},"geometry":{"type":"LineString","coordinates":[[22.418812,39.639372],[22.418808,39.639395]]}},{"type":"Feature","properties":{"line":"16","mode":"bus","color":"#f57145","oi":-0.918,"n":3,"sw":1},"geometry":{"type":"LineString","coordinates":[[22.418809,39.63939],[22.418805,39.639413]]}},{"type":"Feature","properties":{"line":"16","mode":"bus","color":"#f57145","oi":-0.86,"n":3,"sw":1},"geometry":{"type":"LineString","coordinates":[[22.418806,39.639408],[22.418802,39.639431]]}},{"type":"Feature","properties":{"line":"16","mode":"bus","color":"#f57145","oi":-0.791,"n":3,"sw":1},"geometry":{"type":"LineString","coordinates":[[22.418803,39.639425],[22.418798,39.639448]]}},{"type":"Feature","properties":{"line":"16","mode":"bus","color":"#f57145","oi":-0.714,"n":3,"sw":1},"geometry":{"type":"LineString","coordinates":[[22.418799,39.639443],[22.418795,39.639466]]}},{"type":"Feature","properties":{"line":"16","mode":"bus","color":"#f57145","oi":-0.631,"n":3,"sw":1},"geometry":{"type":"LineString","coordinates":[[22.418796,39.639461],[22.418792,39.639484]]}},{"type":"Feature","properties":{"line":"16","mode":"bus","color":"#f57145","oi":-0.544,"n":3,"sw":1},"geometry":{"type":"LineString","coordinates":[[22.418793,39.639479],[22.418789,39.639502]]}},{"type":"Feature","properties":{"line":"16","mode":"bus","color":"#f57145","oi":-0.456,"n":3,"sw":1},"geometry":{"type":"LineString","coordinates":[[22.41879,39.639497],[22.418785,39.63952]]}},{"type":"Feature","properties":{"line":"16","mode":"bus","color":"#f57145","oi":-0.369,"n":3,"sw":1},"geometry":{"type":"LineString","coordinates":[[22.418786,39.639514],[22.418782,39.639538]]}},{"type":"Feature","properties":{"line":"16","mode":"bus","color":"#f57145","oi":-0.286,"n":3,"sw":1},"geometry":{"type":"LineString","coordinates":[[22.418783,39.639532],[22.41878,39.63955],[22.418783,39.639555]]}},{"type":"Feature","properties":{"line":"16","mode":"bus","color":"#f57145","oi":-0.209,"n":3,"sw":1},"geometry":{"type":"LineString","coordinates":[[22.41878,39.63955],[22.418793,39.639571]]}},{"type":"Feature","properties":{"line":"16","mode":"bus","color":"#f57145","oi":-0.14,"n":3,"sw":1},"geometry":{"type":"LineString","coordinates":[[22.41879,39.639566],[22.418802,39.639588]]}},{"type":"Feature","properties":{"line":"16","mode":"bus","color":"#f57145","oi":-0.082,"n":3,"sw":1},"geometry":{"type":"LineString","coordinates":[[22.418799,39.639583],[22.418812,39.639604]]}},{"type":"Feature","properties":{"line":"16","mode":"bus","color":"#f57145","oi":-0.038,"n":3,"sw":1},"geometry":{"type":"LineString","coordinates":[[22.418809,39.639599],[22.418821,39.639621]]}},{"type":"Feature","properties":{"line":"16","mode":"bus","color":"#f57145","oi":-0.01,"n":3,"sw":1},"geometry":{"type":"LineString","coordinates":[[22.418818,39.639616],[22.418831,39.639637]]}},{"type":"Feature","properties":{"line":"16","mode":"bus","color":"#f57145","oi":0,"n":3,"sw":1},"geometry":{"type":"LineString","coordinates":[[22.418828,39.639632],[22.418839,39.639651]]}},{"type":"Feature","properties":{"line":"16","mode":"bus","color":"#f57145","oi":-0.5,"n":2},"geometry":{"type":"LineString","coordinates":[[22.414282,39.638395],[22.413681,39.637784],[22.413597,39.637734],[22.413293,39.63664],[22.413283,39.636622],[22.413266,39.636612],[22.413242,39.63661],[22.413164,39.636613]]}},{"type":"Feature","properties":{"line":"16","mode":"bus","color":"#f57145","oi":0,"n":2,"sw":1},"geometry":{"type":"LineString","coordinates":[[22.414536,39.638653],[22.414508,39.638625]]}},{"type":"Feature","properties":{"line":"16","mode":"bus","color":"#f57145","oi":-0.017,"n":2,"sw":1},"geometry":{"type":"LineString","coordinates":[[22.414513,39.638629],[22.414483,39.638599]]}},{"type":"Feature","properties":{"line":"16","mode":"bus","color":"#f57145","oi":-0.063,"n":2,"sw":1},"geometry":{"type":"LineString","coordinates":[[22.414487,39.638604],[22.414458,39.638573]]}},{"type":"Feature","properties":{"line":"16","mode":"bus","color":"#f57145","oi":-0.13,"n":2,"sw":1},"geometry":{"type":"LineString","coordinates":[[22.414462,39.638578],[22.414432,39.638548]]}},{"type":"Feature","properties":{"line":"16","mode":"bus","color":"#f57145","oi":-0.209,"n":2,"sw":1},"geometry":{"type":"LineString","coordinates":[[22.414437,39.638552],[22.414407,39.638522]]}},{"type":"Feature","properties":{"line":"16","mode":"bus","color":"#f57145","oi":-0.291,"n":2,"sw":1},"geometry":{"type":"LineString","coordinates":[[22.414411,39.638526],[22.414382,39.638496]]}},{"type":"Feature","properties":{"line":"16","mode":"bus","color":"#f57145","oi":-0.37,"n":2,"sw":1},"geometry":{"type":"LineString","coordinates":[[22.414386,39.6385],[22.414356,39.63847]]}},{"type":"Feature","properties":{"line":"16","mode":"bus","color":"#f57145","oi":-0.437,"n":2,"sw":1},"geometry":{"type":"LineString","coordinates":[[22.41436,39.638474],[22.414331,39.638444]]}},{"type":"Feature","properties":{"line":"16","mode":"bus","color":"#f57145","oi":-0.483,"n":2,"sw":1},"geometry":{"type":"LineString","coordinates":[[22.414335,39.638449],[22.414305,39.638419]]}},{"type":"Feature","properties":{"line":"16","mode":"bus","color":"#f57145","oi":-0.5,"n":2,"sw":1},"geometry":{"type":"LineString","coordinates":[[22.41431,39.638423],[22.41428,39.638393]]}},{"type":"Feature","properties":{"line":"16","mode":"bus","color":"#f57145","oi":0.5,"n":2},"geometry":{"type":"LineString","coordinates":[[22.355128,39.631166],[22.361266,39.631137],[22.362129,39.631164],[22.362962,39.631234],[22.363751,39.631337],[22.364706,39.631511],[22.37673,39.633855],[22.377864,39.634018],[22.378457,39.634048],[22.379234,39.634034],[22.382136,39.633812],[22.383665,39.633644]]}},{"type":"Feature","properties":{"line":"16","mode":"bus","color":"#f57145","oi":0.5,"n":2,"sw":1},"geometry":{"type":"LineString","coordinates":[[22.383662,39.633644],[22.38371,39.633639],[22.38371,39.633639]]}},{"type":"Feature","properties":{"line":"16","mode":"bus","color":"#f57145","oi":0.483,"n":2,"sw":1},"geometry":{"type":"LineString","coordinates":[[22.383704,39.63364],[22.38371,39.633639],[22.383752,39.633638]]}},{"type":"Feature","properties":{"line":"16","mode":"bus","color":"#f57145","oi":0.437,"n":2,"sw":1},"geometry":{"type":"LineString","coordinates":[[22.383745,39.633638],[22.383794,39.633638]]}},{"type":"Feature","properties":{"line":"16","mode":"bus","color":"#f57145","oi":0.37,"n":2,"sw":1},"geometry":{"type":"LineString","coordinates":[[22.383787,39.633638],[22.383836,39.633637]]}},{"type":"Feature","properties":{"line":"16","mode":"bus","color":"#f57145","oi":0.291,"n":2,"sw":1},"geometry":{"type":"LineString","coordinates":[[22.383829,39.633637],[22.383878,39.633636]]}},{"type":"Feature","properties":{"line":"16","mode":"bus","color":"#f57145","oi":0.209,"n":2,"sw":1},"geometry":{"type":"LineString","coordinates":[[22.383871,39.633636],[22.383899,39.633636],[22.38392,39.633641]]}},{"type":"Feature","properties":{"line":"16","mode":"bus","color":"#f57145","oi":0.13,"n":2,"sw":1},"geometry":{"type":"LineString","coordinates":[[22.383913,39.633639],[22.38396,39.633649]]}},{"type":"Feature","properties":{"line":"16","mode":"bus","color":"#f57145","oi":0.063,"n":2,"sw":1},"geometry":{"type":"LineString","coordinates":[[22.383953,39.633648],[22.384001,39.633658]]}},{"type":"Feature","properties":{"line":"16","mode":"bus","color":"#f57145","oi":0.017,"n":2,"sw":1},"geometry":{"type":"LineString","coordinates":[[22.383994,39.633657],[22.384041,39.633667]]}},{"type":"Feature","properties":{"line":"16","mode":"bus","color":"#f57145","oi":0,"n":2,"sw":1},"geometry":{"type":"LineString","coordinates":[[22.384034,39.633665],[22.384078,39.633675]]}},{"type":"Feature","properties":{"line":"16","mode":"bus","color":"#f57145","oi":0.5,"n":2},"geometry":{"type":"LineString","coordinates":[[22.383625,39.63356],[22.383624,39.63356],[22.381874,39.633738],[22.380068,39.633888],[22.379057,39.633957],[22.378461,39.633964],[22.377877,39.633934],[22.377356,39.633874],[22.376756,39.633773],[22.369735,39.632387],[22.36473,39.631428],[22.363777,39.631256],[22.363079,39.631161],[22.362145,39.63108],[22.361267,39.631053],[22.355596,39.631066]]}},{"type":"Feature","properties":{"line":"16","mode":"bus","color":"#f57145","oi":0,"n":2,"sw":1},"geometry":{"type":"LineString","coordinates":[[22.384017,39.633457],[22.383978,39.633476]]}},{"type":"Feature","properties":{"line":"16","mode":"bus","color":"#f57145","oi":0.017,"n":2,"sw":1},"geometry":{"type":"LineString","coordinates":[[22.383984,39.633473],[22.383943,39.633493]]}},{"type":"Feature","properties":{"line":"16","mode":"bus","color":"#f57145","oi":0.063,"n":2,"sw":1},"geometry":{"type":"LineString","coordinates":[[22.383949,39.63349],[22.383907,39.63351]]}},{"type":"Feature","properties":{"line":"16","mode":"bus","color":"#f57145","oi":0.13,"n":2,"sw":1},"geometry":{"type":"LineString","coordinates":[[22.383913,39.633507],[22.383892,39.633517],[22.383868,39.633521]]}},{"type":"Feature","properties":{"line":"16","mode":"bus","color":"#f57145","oi":0.209,"n":2,"sw":1},"geometry":{"type":"LineString","coordinates":[[22.383875,39.63352],[22.383827,39.633527]]}},{"type":"Feature","properties":{"line":"16","mode":"bus","color":"#f57145","oi":0.291,"n":2,"sw":1},"geometry":{"type":"LineString","coordinates":[[22.383834,39.633526],[22.383786,39.633534]]}},{"type":"Feature","properties":{"line":"16","mode":"bus","color":"#f57145","oi":0.37,"n":2,"sw":1},"geometry":{"type":"LineString","coordinates":[[22.383793,39.633533],[22.383745,39.633541]]}},{"type":"Feature","properties":{"line":"16","mode":"bus","color":"#f57145","oi":0.437,"n":2,"sw":1},"geometry":{"type":"LineString","coordinates":[[22.383752,39.63354],[22.383704,39.633547]]}},{"type":"Feature","properties":{"line":"16","mode":"bus","color":"#f57145","oi":0.483,"n":2,"sw":1},"geometry":{"type":"LineString","coordinates":[[22.383711,39.633546],[22.383663,39.633554]]}},{"type":"Feature","properties":{"line":"16","mode":"bus","color":"#f57145","oi":0.5,"n":2,"sw":1},"geometry":{"type":"LineString","coordinates":[[22.383669,39.633553],[22.383624,39.63356],[22.383621,39.63356]]}},{"type":"Feature","properties":{"line":"16","mode":"bus","color":"#f57145","oi":0,"n":1},"geometry":{"type":"LineString","coordinates":[[22.353026,39.631127],[22.353346,39.63117],[22.354708,39.631167]]}},{"type":"Feature","properties":{"line":"16","mode":"bus","color":"#f57145","oi":0,"n":1,"sw":1},"geometry":{"type":"LineString","coordinates":[[22.354704,39.631167],[22.354753,39.631167]]}},{"type":"Feature","properties":{"line":"16","mode":"bus","color":"#f57145","oi":0.017,"n":1,"sw":1},"geometry":{"type":"LineString","coordinates":[[22.354746,39.631167],[22.354795,39.631167]]}},{"type":"Feature","properties":{"line":"16","mode":"bus","color":"#f57145","oi":0.063,"n":1,"sw":1},"geometry":{"type":"LineString","coordinates":[[22.354788,39.631167],[22.354837,39.631167]]}},{"type":"Feature","properties":{"line":"16","mode":"bus","color":"#f57145","oi":0.13,"n":1,"sw":1},"geometry":{"type":"LineString","coordinates":[[22.35483,39.631167],[22.354879,39.631167]]}},{"type":"Feature","properties":{"line":"16","mode":"bus","color":"#f57145","oi":0.209,"n":1,"sw":1},"geometry":{"type":"LineString","coordinates":[[22.354872,39.631167],[22.354921,39.631166]]}},{"type":"Feature","properties":{"line":"16","mode":"bus","color":"#f57145","oi":0.291,"n":1,"sw":1},"geometry":{"type":"LineString","coordinates":[[22.354914,39.631166],[22.354963,39.631166]]}},{"type":"Feature","properties":{"line":"16","mode":"bus","color":"#f57145","oi":0.37,"n":1,"sw":1},"geometry":{"type":"LineString","coordinates":[[22.354956,39.631166],[22.355005,39.631166]]}},{"type":"Feature","properties":{"line":"16","mode":"bus","color":"#f57145","oi":0.437,"n":1,"sw":1},"geometry":{"type":"LineString","coordinates":[[22.354998,39.631166],[22.355047,39.631166]]}},{"type":"Feature","properties":{"line":"16","mode":"bus","color":"#f57145","oi":0.483,"n":1,"sw":1},"geometry":{"type":"LineString","coordinates":[[22.35504,39.631166],[22.355089,39.631166]]}},{"type":"Feature","properties":{"line":"16","mode":"bus","color":"#f57145","oi":0.5,"n":1,"sw":1},"geometry":{"type":"LineString","coordinates":[[22.355082,39.631166],[22.355128,39.631166]]}},{"type":"Feature","properties":{"line":"16","mode":"bus","color":"#f57145","oi":0,"n":1},"geometry":{"type":"LineString","coordinates":[[22.294363,39.626231],[22.293467,39.625686],[22.29203,39.624759],[22.290385,39.623612],[22.2901,39.623545],[22.289851,39.623517],[22.289633,39.623561],[22.289486,39.623637],[22.289272,39.623886],[22.289304,39.624132],[22.289395,39.624278],[22.289518,39.624342],[22.289603,39.62436],[22.289836,39.624323],[22.289972,39.624176],[22.290099,39.624089],[22.290869,39.623258],[22.291013,39.623047],[22.291048,39.622945],[22.291066,39.622727],[22.290959,39.622431],[22.290757,39.622195],[22.290291,39.621958],[22.290272,39.621951],[22.290255,39.621951],[22.29024,39.621956],[22.290227,39.621968],[22.289955,39.622297],[22.28985,39.622505],[22.289822,39.622671],[22.289881,39.622957],[22.289984,39.623117],[22.290437,39.623535],[22.293541,39.625622],[22.294363,39.626231],[22.295024,39.626673],[22.295619,39.627039],[22.29595,39.627195],[22.296301,39.627332],[22.296862,39.627496],[22.297558,39.627618],[22.29943,39.627763],[22.300279,39.627865],[22.300735,39.627954],[22.301387,39.628122],[22.302635,39.62851],[22.304907,39.629262],[22.305851,39.629459],[22.307711,39.629632],[22.308165,39.629701],[22.308578,39.629794],[22.310905,39.630521],[22.31158,39.630649],[22.311929,39.630678],[22.31243,39.630678],[22.313196,39.630569],[22.315386,39.630017],[22.317384,39.629485],[22.317654,39.629428],[22.31796,39.629393],[22.318592,39.62939],[22.319081,39.629438],[22.323609,39.630069],[22.324069,39.630196],[22.324559,39.630399],[22.32603,39.631182],[22.326451,39.631376],[22.326968,39.631546],[22.327446,39.631654],[22.32824,39.631807],[22.32865,39.631859],[22.329228,39.631882],[22.330162,39.631816]]}},{"type":"Feature","properties":{"line":"16","mode":"bus","color":"#f57145","oi":0,"n":1},"geometry":{"type":"LineString","coordinates":[[22.355176,39.63107],[22.353346,39.631085],[22.353026,39.631127],[22.337721,39.631314]]}},{"type":"Feature","properties":{"line":"16","mode":"bus","color":"#f57145","oi":0.5,"n":1,"sw":1},"geometry":{"type":"LineString","coordinates":[[22.355596,39.631066],[22.35555,39.631066]]}},{"type":"Feature","properties":{"line":"16","mode":"bus","color":"#f57145","oi":0.483,"n":1,"sw":1},"geometry":{"type":"LineString","coordinates":[[22.355557,39.631066],[22.355508,39.631067]]}},{"type":"Feature","properties":{"line":"16","mode":"bus","color":"#f57145","oi":0.437,"n":1,"sw":1},"geometry":{"type":"LineString","coordinates":[[22.355515,39.631067],[22.355466,39.631067]]}},{"type":"Feature","properties":{"line":"16","mode":"bus","color":"#f57145","oi":0.37,"n":1,"sw":1},"geometry":{"type":"LineString","coordinates":[[22.355473,39.631067],[22.355424,39.631067]]}},{"type":"Feature","properties":{"line":"16","mode":"bus","color":"#f57145","oi":0.291,"n":1,"sw":1},"geometry":{"type":"LineString","coordinates":[[22.355431,39.631067],[22.355382,39.631068]]}},{"type":"Feature","properties":{"line":"16","mode":"bus","color":"#f57145","oi":0.209,"n":1,"sw":1},"geometry":{"type":"LineString","coordinates":[[22.355389,39.631068],[22.35534,39.631068]]}},{"type":"Feature","properties":{"line":"16","mode":"bus","color":"#f57145","oi":0.13,"n":1,"sw":1},"geometry":{"type":"LineString","coordinates":[[22.355347,39.631068],[22.355298,39.631069]]}},{"type":"Feature","properties":{"line":"16","mode":"bus","color":"#f57145","oi":0.063,"n":1,"sw":1},"geometry":{"type":"LineString","coordinates":[[22.355305,39.631068],[22.355256,39.631069]]}},{"type":"Feature","properties":{"line":"16","mode":"bus","color":"#f57145","oi":0.017,"n":1,"sw":1},"geometry":{"type":"LineString","coordinates":[[22.355263,39.631069],[22.355214,39.631069]]}},{"type":"Feature","properties":{"line":"16","mode":"bus","color":"#f57145","oi":0,"n":1,"sw":1},"geometry":{"type":"LineString","coordinates":[[22.355221,39.631069],[22.355172,39.63107]]}},{"type":"Feature","properties":{"line":"16","mode":"bus","color":"#f57145","oi":0,"n":1},"geometry":{"type":"LineString","coordinates":[[22.337721,39.631314],[22.330209,39.631813],[22.330196,39.631814],[22.330188,39.631814],[22.330185,39.631814],[22.330188,39.631814],[22.330195,39.631813],[22.330208,39.631811],[22.331944,39.631641],[22.33436,39.631465],[22.336483,39.631336],[22.33727,39.631308],[22.337721,39.631314]]}},{"type":"Feature","properties":{"line":"16","mode":"bus","color":"#f57145","oi":0,"n":1},"geometry":{"type":"LineString","coordinates":[[22.313381,39.630382],[22.31331,39.630487],[22.313138,39.630578]]}},{"type":"Feature","properties":{"line":"16","mode":"bus","color":"#f57145","oi":0,"n":1},"geometry":{"type":"LineString","coordinates":[[22.313652,39.630455],[22.313478,39.630436],[22.313415,39.630401],[22.313389,39.630379],[22.313379,39.63035],[22.313352,39.629862],[22.313277,39.629521],[22.313118,39.629319],[22.312764,39.629071]]}},{"type":"Feature","properties":{"line":"16","mode":"bus","color":"#f57145","oi":0,"n":1},"geometry":{"type":"LineString","coordinates":[[22.313211,39.629284],[22.312981,39.629093]]}},{"type":"Feature","properties":{"line":"16","mode":"bus","color":"#f57145","oi":0,"n":1},"geometry":{"type":"LineString","coordinates":[[22.313233,39.629455],[22.313269,39.629414],[22.313278,39.629399],[22.313278,39.629384],[22.313271,39.629369],[22.313233,39.629316],[22.313225,39.629295],[22.313228,39.629276],[22.313244,39.629259],[22.313438,39.629114]]}},{"type":"Feature","properties":{"line":"16","mode":"bus","color":"#f57145","oi":0,"n":1},"geometry":{"type":"LineString","coordinates":[[22.390715,39.632923],[22.390633,39.632878],[22.390569,39.632883],[22.390543,39.63289],[22.390525,39.632906],[22.390498,39.632944]]}},{"type":"Feature","properties":{"line":"16","mode":"bus","color":"#f57145","oi":0,"n":1},"geometry":{"type":"LineString","coordinates":[[22.356199,39.631161],[22.356432,39.631215],[22.36199,39.63122],[22.363751,39.631337]]}},{"type":"Feature","properties":{"line":"16","mode":"bus","color":"#f57145","oi":0,"n":1},"geometry":{"type":"LineString","coordinates":[[22.355194,39.631452],[22.355236,39.631389],[22.355235,39.631344],[22.355242,39.631323],[22.355261,39.631306],[22.355533,39.631163]]}},{"type":"Feature","properties":{"line":"16","mode":"bus","color":"#f57145","oi":0,"n":1},"geometry":{"type":"LineString","coordinates":[[22.354779,39.63117],[22.355112,39.631321],[22.355131,39.631335],[22.355139,39.631353],[22.355145,39.631392],[22.355194,39.631452],[22.355209,39.631691],[22.355207,39.631707],[22.355199,39.631718],[22.355185,39.631725],[22.355164,39.631728],[22.354957,39.63173],[22.354747,39.6317],[22.354574,39.63161],[22.354272,39.631365]]}},{"type":"Feature","properties":{"line":"16","mode":"bus","color":"#f57145","oi":0,"n":1},"geometry":{"type":"LineString","coordinates":[[22.334357,39.631539],[22.334353,39.631585],[22.334354,39.631595],[22.334359,39.631602],[22.334369,39.631606],[22.334383,39.631606],[22.335918,39.63146],[22.336673,39.631412],[22.339247,39.631339],[22.34789,39.631219],[22.350393,39.631213],[22.35063,39.631157]]}},{"type":"Feature","properties":{"line":"16","mode":"bus","color":"#f57145","oi":0,"n":1},"geometry":{"type":"LineString","coordinates":[[22.387635,39.633213],[22.387643,39.633097]]}},{"type":"Feature","properties":{"line":"16","mode":"bus","color":"#f57145","oi":0,"n":1},"geometry":{"type":"LineString","coordinates":[[22.413181,39.63257],[22.415192,39.632573]]}},{"type":"Feature","properties":{"line":"16","mode":"bus","color":"#f57145","oi":0,"n":1},"geometry":{"type":"LineString","coordinates":[[22.414122,39.632571],[22.41412,39.632387]]}},{"type":"Feature","properties":{"line":"18","mode":"bus","color":"#11a2e3","oi":-1,"n":3},"geometry":{"type":"LineString","coordinates":[[22.384453,39.633659],[22.384503,39.633603],[22.384728,39.633531],[22.385808,39.633401],[22.386936,39.633299],[22.386998,39.633266],[22.387008,39.633259],[22.387013,39.633253],[22.387012,39.633247],[22.387005,39.633242],[22.386993,39.633237],[22.38692,39.633216],[22.386487,39.633242],[22.384708,39.633429],[22.384538,39.63342],[22.384368,39.633349]]}},{"type":"Feature","properties":{"line":"18","mode":"bus","color":"#11a2e3","oi":0,"n":3,"sw":1},"geometry":{"type":"LineString","coordinates":[[22.384078,39.633675],[22.384102,39.633685]]}},{"type":"Feature","properties":{"line":"18","mode":"bus","color":"#11a2e3","oi":-0.01,"n":3,"sw":1},"geometry":{"type":"LineString","coordinates":[[22.384096,39.633682],[22.384123,39.633693]]}},{"type":"Feature","properties":{"line":"18","mode":"bus","color":"#11a2e3","oi":-0.038,"n":3,"sw":1},"geometry":{"type":"LineString","coordinates":[[22.384116,39.63369],[22.384143,39.633701]]}},{"type":"Feature","properties":{"line":"18","mode":"bus","color":"#11a2e3","oi":-0.082,"n":3,"sw":1},"geometry":{"type":"LineString","coordinates":[[22.384137,39.633699],[22.384164,39.633709]]}},{"type":"Feature","properties":{"line":"18","mode":"bus","color":"#11a2e3","oi":-0.14,"n":3,"sw":1},"geometry":{"type":"LineString","coordinates":[[22.384158,39.633707],[22.384185,39.633718]]}},{"type":"Feature","properties":{"line":"18","mode":"bus","color":"#11a2e3","oi":-0.209,"n":3,"sw":1},"geometry":{"type":"LineString","coordinates":[[22.384179,39.633715],[22.384206,39.633726]]}},{"type":"Feature","properties":{"line":"18","mode":"bus","color":"#11a2e3","oi":-0.286,"n":3,"sw":1},"geometry":{"type":"LineString","coordinates":[[22.384199,39.633723],[22.384211,39.633728],[22.384228,39.633727]]}},{"type":"Feature","properties":{"line":"18","mode":"bus","color":"#11a2e3","oi":-0.369,"n":3,"sw":1},"geometry":{"type":"LineString","coordinates":[[22.384221,39.633728],[22.384251,39.633727]]}},{"type":"Feature","properties":{"line":"18","mode":"bus","color":"#11a2e3","oi":-0.456,"n":3,"sw":1},"geometry":{"type":"LineString","coordinates":[[22.384244,39.633727],[22.384275,39.633726]]}},{"type":"Feature","properties":{"line":"18","mode":"bus","color":"#11a2e3","oi":-0.544,"n":3,"sw":1},"geometry":{"type":"LineString","coordinates":[[22.384268,39.633726],[22.384298,39.633725]]}},{"type":"Feature","properties":{"line":"18","mode":"bus","color":"#11a2e3","oi":-0.631,"n":3,"sw":1},"geometry":{"type":"LineString","coordinates":[[22.384291,39.633725],[22.384321,39.633724]]}},{"type":"Feature","properties":{"line":"18","mode":"bus","color":"#11a2e3","oi":-0.714,"n":3,"sw":1},"geometry":{"type":"LineString","coordinates":[[22.384314,39.633725],[22.384331,39.633724],[22.384343,39.633719]]}},{"type":"Feature","properties":{"line":"18","mode":"bus","color":"#11a2e3","oi":-0.791,"n":3,"sw":1},"geometry":{"type":"LineString","coordinates":[[22.384337,39.633721],[22.384363,39.63371]]}},{"type":"Feature","properties":{"line":"18","mode":"bus","color":"#11a2e3","oi":-0.86,"n":3,"sw":1},"geometry":{"type":"LineString","coordinates":[[22.384357,39.633713],[22.384384,39.633701]]}},{"type":"Feature","properties":{"line":"18","mode":"bus","color":"#11a2e3","oi":-0.918,"n":3,"sw":1},"geometry":{"type":"LineString","coordinates":[[22.384378,39.633704],[22.384404,39.633692]]}},{"type":"Feature","properties":{"line":"18","mode":"bus","color":"#11a2e3","oi":-0.962,"n":3,"sw":1},"geometry":{"type":"LineString","coordinates":[[22.384398,39.633695],[22.384424,39.633684]]}},{"type":"Feature","properties":{"line":"18","mode":"bus","color":"#11a2e3","oi":-0.99,"n":3,"sw":1},"geometry":{"type":"LineString","coordinates":[[22.384418,39.633686],[22.384435,39.633679],[22.384441,39.633672]]}},{"type":"Feature","properties":{"line":"18","mode":"bus","color":"#11a2e3","oi":-1,"n":3,"sw":1},"geometry":{"type":"LineString","coordinates":[[22.384437,39.633676],[22.384455,39.633657]]}},{"type":"Feature","properties":{"line":"18","mode":"bus","color":"#11a2e3","oi":-1,"n":3,"sw":1},"geometry":{"type":"LineString","coordinates":[[22.384371,39.633351],[22.384348,39.633341],[22.384344,39.633341]]}},{"type":"Feature","properties":{"line":"18","mode":"bus","color":"#11a2e3","oi":-0.99,"n":3,"sw":1},"geometry":{"type":"LineString","coordinates":[[22.384351,39.633342],[22.384348,39.633341],[22.384321,39.633338]]}},{"type":"Feature","properties":{"line":"18","mode":"bus","color":"#11a2e3","oi":-0.962,"n":3,"sw":1},"geometry":{"type":"LineString","coordinates":[[22.384328,39.633339],[22.384298,39.633336]]}},{"type":"Feature","properties":{"line":"18","mode":"bus","color":"#11a2e3","oi":-0.918,"n":3,"sw":1},"geometry":{"type":"LineString","coordinates":[[22.384305,39.633336],[22.384275,39.633333]]}},{"type":"Feature","properties":{"line":"18","mode":"bus","color":"#11a2e3","oi":-0.86,"n":3,"sw":1},"geometry":{"type":"LineString","coordinates":[[22.384282,39.633334],[22.384252,39.633331]]}},{"type":"Feature","properties":{"line":"18","mode":"bus","color":"#11a2e3","oi":-0.791,"n":3,"sw":1},"geometry":{"type":"LineString","coordinates":[[22.384259,39.633331],[22.384246,39.63333],[22.384229,39.633334]]}},{"type":"Feature","properties":{"line":"18","mode":"bus","color":"#11a2e3","oi":-0.714,"n":3,"sw":1},"geometry":{"type":"LineString","coordinates":[[22.384236,39.633333],[22.384207,39.63334]]}},{"type":"Feature","properties":{"line":"18","mode":"bus","color":"#11a2e3","oi":-0.631,"n":3,"sw":1},"geometry":{"type":"LineString","coordinates":[[22.384214,39.633338],[22.384185,39.633345]]}},{"type":"Feature","properties":{"line":"18","mode":"bus","color":"#11a2e3","oi":-0.544,"n":3,"sw":1},"geometry":{"type":"LineString","coordinates":[[22.384192,39.633344],[22.384163,39.633351]]}},{"type":"Feature","properties":{"line":"18","mode":"bus","color":"#11a2e3","oi":-0.456,"n":3,"sw":1},"geometry":{"type":"LineString","coordinates":[[22.384169,39.633349],[22.38414,39.633357]]}},{"type":"Feature","properties":{"line":"18","mode":"bus","color":"#11a2e3","oi":-0.369,"n":3,"sw":1},"geometry":{"type":"LineString","coordinates":[[22.384147,39.633355],[22.384118,39.633362]]}},{"type":"Feature","properties":{"line":"18","mode":"bus","color":"#11a2e3","oi":-0.286,"n":3,"sw":1},"geometry":{"type":"LineString","coordinates":[[22.384125,39.63336],[22.384115,39.633363],[22.384103,39.633375]]}},{"type":"Feature","properties":{"line":"18","mode":"bus","color":"#11a2e3","oi":-0.209,"n":3,"sw":1},"geometry":{"type":"LineString","coordinates":[[22.384107,39.633371],[22.384088,39.633389]]}},{"type":"Feature","properties":{"line":"18","mode":"bus","color":"#11a2e3","oi":-0.14,"n":3,"sw":1},"geometry":{"type":"LineString","coordinates":[[22.384092,39.633385],[22.384073,39.633403]]}},{"type":"Feature","properties":{"line":"18","mode":"bus","color":"#11a2e3","oi":-0.082,"n":3,"sw":1},"geometry":{"type":"LineString","coordinates":[[22.384078,39.633399],[22.384059,39.633417]]}},{"type":"Feature","properties":{"line":"18","mode":"bus","color":"#11a2e3","oi":-0.038,"n":3,"sw":1},"geometry":{"type":"LineString","coordinates":[[22.384063,39.633413],[22.384044,39.633431]]}},{"type":"Feature","properties":{"line":"18","mode":"bus","color":"#11a2e3","oi":-0.01,"n":3,"sw":1},"geometry":{"type":"LineString","coordinates":[[22.384048,39.633427],[22.384029,39.633445]]}},{"type":"Feature","properties":{"line":"18","mode":"bus","color":"#11a2e3","oi":0,"n":3,"sw":1},"geometry":{"type":"LineString","coordinates":[[22.384034,39.633441],[22.384017,39.633457]]}},{"type":"Feature","properties":{"line":"18","mode":"bus","color":"#11a2e3","oi":-1,"n":3},"geometry":{"type":"LineString","coordinates":[[22.387031,39.633248],[22.387963,39.633187],[22.394424,39.632575],[22.394981,39.632537],[22.395292,39.632538]]}},{"type":"Feature","properties":{"line":"18","mode":"bus","color":"#11a2e3","oi":-1,"n":3,"sw":1},"geometry":{"type":"LineString","coordinates":[[22.395288,39.632538],[22.395337,39.632538]]}},{"type":"Feature","properties":{"line":"18","mode":"bus","color":"#11a2e3","oi":-1.017,"n":3,"sw":1},"geometry":{"type":"LineString","coordinates":[[22.39533,39.632538],[22.395379,39.632539]]}},{"type":"Feature","properties":{"line":"18","mode":"bus","color":"#11a2e3","oi":-1.063,"n":3,"sw":1},"geometry":{"type":"LineString","coordinates":[[22.395372,39.632539],[22.395421,39.632539]]}},{"type":"Feature","properties":{"line":"18","mode":"bus","color":"#11a2e3","oi":-1.13,"n":3,"sw":1},"geometry":{"type":"LineString","coordinates":[[22.395414,39.632539],[22.395463,39.632539]]}},{"type":"Feature","properties":{"line":"18","mode":"bus","color":"#11a2e3","oi":-1.209,"n":3,"sw":1},"geometry":{"type":"LineString","coordinates":[[22.395456,39.632539],[22.395505,39.632539]]}},{"type":"Feature","properties":{"line":"18","mode":"bus","color":"#11a2e3","oi":-1.291,"n":3,"sw":1},"geometry":{"type":"LineString","coordinates":[[22.395498,39.632539],[22.395547,39.632539]]}},{"type":"Feature","properties":{"line":"18","mode":"bus","color":"#11a2e3","oi":-1.37,"n":3,"sw":1},"geometry":{"type":"LineString","coordinates":[[22.39554,39.632539],[22.395589,39.632539]]}},{"type":"Feature","properties":{"line":"18","mode":"bus","color":"#11a2e3","oi":-1.437,"n":3,"sw":1},"geometry":{"type":"LineString","coordinates":[[22.395582,39.632539],[22.395631,39.63254]]}},{"type":"Feature","properties":{"line":"18","mode":"bus","color":"#11a2e3","oi":-1.483,"n":3,"sw":1},"geometry":{"type":"LineString","coordinates":[[22.395624,39.63254],[22.395673,39.63254]]}},{"type":"Feature","properties":{"line":"18","mode":"bus","color":"#11a2e3","oi":-1.5,"n":3,"sw":1},"geometry":{"type":"LineString","coordinates":[[22.395666,39.63254],[22.395712,39.63254]]}},{"type":"Feature","properties":{"line":"18","mode":"bus","color":"#11a2e3","oi":0,"n":2,"sw":1},"geometry":{"type":"LineString","coordinates":[[22.384078,39.633675],[22.384069,39.633662]]}},{"type":"Feature","properties":{"line":"18","mode":"bus","color":"#11a2e3","oi":-0.017,"n":2,"sw":1},"geometry":{"type":"LineString","coordinates":[[22.384072,39.633667],[22.384062,39.633652]]}},{"type":"Feature","properties":{"line":"18","mode":"bus","color":"#11a2e3","oi":-0.063,"n":2,"sw":1},"geometry":{"type":"LineString","coordinates":[[22.384065,39.633657],[22.384054,39.633642]]}},{"type":"Feature","properties":{"line":"18","mode":"bus","color":"#11a2e3","oi":-0.13,"n":2,"sw":1},"geometry":{"type":"LineString","coordinates":[[22.384058,39.633647],[22.384047,39.633632]]}},{"type":"Feature","properties":{"line":"18","mode":"bus","color":"#11a2e3","oi":-0.209,"n":2,"sw":1},"geometry":{"type":"LineString","coordinates":[[22.38405,39.633637],[22.384039,39.633622]]}},{"type":"Feature","properties":{"line":"18","mode":"bus","color":"#11a2e3","oi":-0.291,"n":2,"sw":1},"geometry":{"type":"LineString","coordinates":[[22.384043,39.633626],[22.384032,39.633612]]}},{"type":"Feature","properties":{"line":"18","mode":"bus","color":"#11a2e3","oi":-0.37,"n":2,"sw":1},"geometry":{"type":"LineString","coordinates":[[22.384035,39.633616],[22.384025,39.633601]]}},{"type":"Feature","properties":{"line":"18","mode":"bus","color":"#11a2e3","oi":-0.437,"n":2,"sw":1},"geometry":{"type":"LineString","coordinates":[[22.384028,39.633606],[22.384017,39.633591]]}},{"type":"Feature","properties":{"line":"18","mode":"bus","color":"#11a2e3","oi":-0.483,"n":2,"sw":1},"geometry":{"type":"LineString","coordinates":[[22.384021,39.633596],[22.38401,39.633581]]}},{"type":"Feature","properties":{"line":"18","mode":"bus","color":"#11a2e3","oi":-0.5,"n":2,"sw":1},"geometry":{"type":"LineString","coordinates":[[22.384013,39.633586],[22.384004,39.633573],[22.384004,39.633571]]}},{"type":"Feature","properties":{"line":"18","mode":"bus","color":"#11a2e3","oi":-0.5,"n":2,"sw":1},"geometry":{"type":"LineString","coordinates":[[22.384006,39.633576],[22.384004,39.633573],[22.384006,39.633559]]}},{"type":"Feature","properties":{"line":"18","mode":"bus","color":"#11a2e3","oi":-0.483,"n":2,"sw":1},"geometry":{"type":"LineString","coordinates":[[22.384005,39.633564],[22.384007,39.633547]]}},{"type":"Feature","properties":{"line":"18","mode":"bus","color":"#11a2e3","oi":-0.437,"n":2,"sw":1},"geometry":{"type":"LineString","coordinates":[[22.384006,39.633553],[22.384008,39.633536]]}},{"type":"Feature","properties":{"line":"18","mode":"bus","color":"#11a2e3","oi":-0.37,"n":2,"sw":1},"geometry":{"type":"LineString","coordinates":[[22.384008,39.633541],[22.384009,39.633524]]}},{"type":"Feature","properties":{"line":"18","mode":"bus","color":"#11a2e3","oi":-0.291,"n":2,"sw":1},"geometry":{"type":"LineString","coordinates":[[22.384009,39.633529],[22.384011,39.633512]]}},{"type":"Feature","properties":{"line":"18","mode":"bus","color":"#11a2e3","oi":-0.209,"n":2,"sw":1},"geometry":{"type":"LineString","coordinates":[[22.38401,39.633518],[22.384012,39.633501]]}},{"type":"Feature","properties":{"line":"18","mode":"bus","color":"#11a2e3","oi":-0.13,"n":2,"sw":1},"geometry":{"type":"LineString","coordinates":[[22.384011,39.633506],[22.384013,39.633489]]}},{"type":"Feature","properties":{"line":"18","mode":"bus","color":"#11a2e3","oi":-0.063,"n":2,"sw":1},"geometry":{"type":"LineString","coordinates":[[22.384013,39.633495],[22.384015,39.633478]]}},{"type":"Feature","properties":{"line":"18","mode":"bus","color":"#11a2e3","oi":-0.017,"n":2,"sw":1},"geometry":{"type":"LineString","coordinates":[[22.384014,39.633483],[22.384016,39.633466]]}},{"type":"Feature","properties":{"line":"18","mode":"bus","color":"#11a2e3","oi":0,"n":2,"sw":1},"geometry":{"type":"LineString","coordinates":[[22.384015,39.633471],[22.384017,39.633457]]}},{"type":"Feature","properties":{"line":"18","mode":"bus","color":"#11a2e3","oi":-0.5,"n":2},"geometry":{"type":"LineString","coordinates":[[22.384503,39.633603],[22.38452,39.633515],[22.384452,39.633395]]}},{"type":"Feature","properties":{"line":"18","mode":"bus","color":"#11a2e3","oi":0,"n":2,"sw":1},"geometry":{"type":"LineString","coordinates":[[22.384676,39.629683],[22.384665,39.629673]]}},{"type":"Feature","properties":{"line":"18","mode":"bus","color":"#11a2e3","oi":-0.017,"n":2,"sw":1},"geometry":{"type":"LineString","coordinates":[[22.38467,39.629677],[22.384656,39.629666]]}},{"type":"Feature","properties":{"line":"18","mode":"bus","color":"#11a2e3","oi":-0.063,"n":2,"sw":1},"geometry":{"type":"LineString","coordinates":[[22.384661,39.62967],[22.384648,39.629658]]}},{"type":"Feature","properties":{"line":"18","mode":"bus","color":"#11a2e3","oi":-0.13,"n":2,"sw":1},"geometry":{"type":"LineString","coordinates":[[22.384652,39.629662],[22.384639,39.629651]]}},{"type":"Feature","properties":{"line":"18","mode":"bus","color":"#11a2e3","oi":-0.209,"n":2,"sw":1},"geometry":{"type":"LineString","coordinates":[[22.384644,39.629655],[22.38463,39.629643]]}},{"type":"Feature","properties":{"line":"18","mode":"bus","color":"#11a2e3","oi":-0.291,"n":2,"sw":1},"geometry":{"type":"LineString","coordinates":[[22.384635,39.629647],[22.384622,39.629636]]}},{"type":"Feature","properties":{"line":"18","mode":"bus","color":"#11a2e3","oi":-0.37,"n":2,"sw":1},"geometry":{"type":"LineString","coordinates":[[22.384626,39.62964],[22.384613,39.629628]]}},{"type":"Feature","properties":{"line":"18","mode":"bus","color":"#11a2e3","oi":-0.437,"n":2,"sw":1},"geometry":{"type":"LineString","coordinates":[[22.384618,39.629632],[22.384605,39.629621]]}},{"type":"Feature","properties":{"line":"18","mode":"bus","color":"#11a2e3","oi":-0.483,"n":2,"sw":1},"geometry":{"type":"LineString","coordinates":[[22.384609,39.629625],[22.384596,39.629613]]}},{"type":"Feature","properties":{"line":"18","mode":"bus","color":"#11a2e3","oi":-0.5,"n":2,"sw":1},"geometry":{"type":"LineString","coordinates":[[22.384601,39.629617],[22.38459,39.629608],[22.384586,39.629607]]}},{"type":"Feature","properties":{"line":"18","mode":"bus","color":"#11a2e3","oi":-0.5,"n":2,"sw":1},"geometry":{"type":"LineString","coordinates":[[22.384592,39.62961],[22.38459,39.629608],[22.384574,39.629604]]}},{"type":"Feature","properties":{"line":"18","mode":"bus","color":"#11a2e3","oi":-0.483,"n":2,"sw":1},"geometry":{"type":"LineString","coordinates":[[22.38458,39.629605],[22.384561,39.6296]]}},{"type":"Feature","properties":{"line":"18","mode":"bus","color":"#11a2e3","oi":-0.437,"n":2,"sw":1},"geometry":{"type":"LineString","coordinates":[[22.384568,39.629602],[22.384549,39.629597]]}},{"type":"Feature","properties":{"line":"18","mode":"bus","color":"#11a2e3","oi":-0.37,"n":2,"sw":1},"geometry":{"type":"LineString","coordinates":[[22.384556,39.629599],[22.384537,39.629594]]}},{"type":"Feature","properties":{"line":"18","mode":"bus","color":"#11a2e3","oi":-0.291,"n":2,"sw":1},"geometry":{"type":"LineString","coordinates":[[22.384543,39.629596],[22.384524,39.629591]]}},{"type":"Feature","properties":{"line":"18","mode":"bus","color":"#11a2e3","oi":-0.209,"n":2,"sw":1},"geometry":{"type":"LineString","coordinates":[[22.384531,39.629592],[22.384512,39.629587]]}},{"type":"Feature","properties":{"line":"18","mode":"bus","color":"#11a2e3","oi":-0.13,"n":2,"sw":1},"geometry":{"type":"LineString","coordinates":[[22.384519,39.629589],[22.3845,39.629584]]}},{"type":"Feature","properties":{"line":"18","mode":"bus","color":"#11a2e3","oi":-0.063,"n":2,"sw":1},"geometry":{"type":"LineString","coordinates":[[22.384506,39.629586],[22.384487,39.629581]]}},{"type":"Feature","properties":{"line":"18","mode":"bus","color":"#11a2e3","oi":-0.017,"n":2,"sw":1},"geometry":{"type":"LineString","coordinates":[[22.384494,39.629582],[22.384475,39.629577]]}},{"type":"Feature","properties":{"line":"18","mode":"bus","color":"#11a2e3","oi":0,"n":2,"sw":1},"geometry":{"type":"LineString","coordinates":[[22.384482,39.629579],[22.384466,39.629575]]}},{"type":"Feature","properties":{"line":"18","mode":"bus","color":"#11a2e3","oi":0,"n":2,"sw":1},"geometry":{"type":"LineString","coordinates":[[22.413017,39.638522],[22.412999,39.638522]]}},{"type":"Feature","properties":{"line":"18","mode":"bus","color":"#11a2e3","oi":-0.017,"n":2,"sw":1},"geometry":{"type":"LineString","coordinates":[[22.413006,39.638522],[22.412984,39.638522]]}},{"type":"Feature","properties":{"line":"18","mode":"bus","color":"#11a2e3","oi":-0.063,"n":2,"sw":1},"geometry":{"type":"LineString","coordinates":[[22.412991,39.638522],[22.41297,39.638522]]}},{"type":"Feature","properties":{"line":"18","mode":"bus","color":"#11a2e3","oi":-0.13,"n":2,"sw":1},"geometry":{"type":"LineString","coordinates":[[22.412977,39.638522],[22.412955,39.638522]]}},{"type":"Feature","properties":{"line":"18","mode":"bus","color":"#11a2e3","oi":-0.209,"n":2,"sw":1},"geometry":{"type":"LineString","coordinates":[[22.412962,39.638522],[22.41294,39.638523]]}},{"type":"Feature","properties":{"line":"18","mode":"bus","color":"#11a2e3","oi":-0.291,"n":2,"sw":1},"geometry":{"type":"LineString","coordinates":[[22.412947,39.638522],[22.412926,39.638523]]}},{"type":"Feature","properties":{"line":"18","mode":"bus","color":"#11a2e3","oi":-0.37,"n":2,"sw":1},"geometry":{"type":"LineString","coordinates":[[22.412933,39.638523],[22.412911,39.638523]]}},{"type":"Feature","properties":{"line":"18","mode":"bus","color":"#11a2e3","oi":-0.437,"n":2,"sw":1},"geometry":{"type":"LineString","coordinates":[[22.412918,39.638523],[22.412896,39.638523]]}},{"type":"Feature","properties":{"line":"18","mode":"bus","color":"#11a2e3","oi":-0.483,"n":2,"sw":1},"geometry":{"type":"LineString","coordinates":[[22.412903,39.638523],[22.412882,39.638523]]}},{"type":"Feature","properties":{"line":"18","mode":"bus","color":"#11a2e3","oi":-0.5,"n":2,"sw":1},"geometry":{"type":"LineString","coordinates":[[22.412889,39.638523],[22.412867,39.638523]]}},{"type":"Feature","properties":{"line":"18","mode":"bus","color":"#11a2e3","oi":-0.5,"n":2,"sw":1},"geometry":{"type":"LineString","coordinates":[[22.412874,39.638523],[22.412852,39.638523]]}},{"type":"Feature","properties":{"line":"18","mode":"bus","color":"#11a2e3","oi":-0.517,"n":2,"sw":1},"geometry":{"type":"LineString","coordinates":[[22.412859,39.638523],[22.412838,39.638523]]}},{"type":"Feature","properties":{"line":"18","mode":"bus","color":"#11a2e3","oi":-0.563,"n":2,"sw":1},"geometry":{"type":"LineString","coordinates":[[22.412845,39.638523],[22.412823,39.638523]]}},{"type":"Feature","properties":{"line":"18","mode":"bus","color":"#11a2e3","oi":-0.63,"n":2,"sw":1},"geometry":{"type":"LineString","coordinates":[[22.41283,39.638523],[22.412808,39.638523]]}},{"type":"Feature","properties":{"line":"18","mode":"bus","color":"#11a2e3","oi":-0.709,"n":2,"sw":1},"geometry":{"type":"LineString","coordinates":[[22.412815,39.638523],[22.412794,39.638524]]}},{"type":"Feature","properties":{"line":"18","mode":"bus","color":"#11a2e3","oi":-0.791,"n":2,"sw":1},"geometry":{"type":"LineString","coordinates":[[22.412801,39.638523],[22.412779,39.638524]]}},{"type":"Feature","properties":{"line":"18","mode":"bus","color":"#11a2e3","oi":-0.87,"n":2,"sw":1},"geometry":{"type":"LineString","coordinates":[[22.412786,39.638524],[22.412764,39.638524]]}},{"type":"Feature","properties":{"line":"18","mode":"bus","color":"#11a2e3","oi":-0.937,"n":2,"sw":1},"geometry":{"type":"LineString","coordinates":[[22.412771,39.638524],[22.41275,39.638524]]}},{"type":"Feature","properties":{"line":"18","mode":"bus","color":"#11a2e3","oi":-0.983,"n":2,"sw":1},"geometry":{"type":"LineString","coordinates":[[22.412757,39.638524],[22.412735,39.638524]]}},{"type":"Feature","properties":{"line":"18","mode":"bus","color":"#11a2e3","oi":-1,"n":2,"sw":1},"geometry":{"type":"LineString","coordinates":[[22.412742,39.638524],[22.412724,39.638524]]}},{"type":"Feature","properties":{"line":"18","mode":"bus","color":"#11a2e3","oi":-0.5,"n":2},"geometry":{"type":"LineString","coordinates":[[22.384184,39.633013],[22.384129,39.63325],[22.384063,39.633398]]}},{"type":"Feature","properties":{"line":"18","mode":"bus","color":"#11a2e3","oi":-0.5,"n":2},"geometry":{"type":"LineString","coordinates":[[22.384241,39.630036],[22.384176,39.630189]]}},{"type":"Feature","properties":{"line":"18","mode":"bus","color":"#11a2e3","oi":-1,"n":2,"sw":1},"geometry":{"type":"LineString","coordinates":[[22.384233,39.629877],[22.384235,39.629896]]}},{"type":"Feature","properties":{"line":"18","mode":"bus","color":"#11a2e3","oi":-0.983,"n":2,"sw":1},"geometry":{"type":"LineString","coordinates":[[22.384234,39.62989],[22.384236,39.629912]]}},{"type":"Feature","properties":{"line":"18","mode":"bus","color":"#11a2e3","oi":-0.937,"n":2,"sw":1},"geometry":{"type":"LineString","coordinates":[[22.384236,39.629906],[22.384237,39.629928]]}},{"type":"Feature","properties":{"line":"18","mode":"bus","color":"#11a2e3","oi":-0.87,"n":2,"sw":1},"geometry":{"type":"LineString","coordinates":[[22.384237,39.629922],[22.384239,39.629944]]}},{"type":"Feature","properties":{"line":"18","mode":"bus","color":"#11a2e3","oi":-0.791,"n":2,"sw":1},"geometry":{"type":"LineString","coordinates":[[22.384238,39.629938],[22.38424,39.62996]]}},{"type":"Feature","properties":{"line":"18","mode":"bus","color":"#11a2e3","oi":-0.709,"n":2,"sw":1},"geometry":{"type":"LineString","coordinates":[[22.38424,39.629954],[22.384242,39.629976]]}},{"type":"Feature","properties":{"line":"18","mode":"bus","color":"#11a2e3","oi":-0.63,"n":2,"sw":1},"geometry":{"type":"LineString","coordinates":[[22.384241,39.62997],[22.384243,39.629992]]}},{"type":"Feature","properties":{"line":"18","mode":"bus","color":"#11a2e3","oi":-0.563,"n":2,"sw":1},"geometry":{"type":"LineString","coordinates":[[22.384243,39.629986],[22.384245,39.630008]]}},{"type":"Feature","properties":{"line":"18","mode":"bus","color":"#11a2e3","oi":-0.517,"n":2,"sw":1},"geometry":{"type":"LineString","coordinates":[[22.384244,39.630002],[22.384246,39.630024]]}},{"type":"Feature","properties":{"line":"18","mode":"bus","color":"#11a2e3","oi":-0.5,"n":2,"sw":1},"geometry":{"type":"LineString","coordinates":[[22.384246,39.630018],[22.384246,39.630024],[22.38424,39.630039]]}},{"type":"Feature","properties":{"line":"18","mode":"bus","color":"#11a2e3","oi":-0.5,"n":2},"geometry":{"type":"LineString","coordinates":[[22.384379,39.633352],[22.384278,39.633229],[22.384184,39.633013],[22.383967,39.631868],[22.383919,39.631167],[22.383983,39.630686],[22.384141,39.630261],[22.384191,39.630189]]}},{"type":"Feature","properties":{"line":"18","mode":"bus","color":"#11a2e3","oi":-0.5,"n":2,"sw":1},"geometry":{"type":"LineString","coordinates":[[22.384189,39.630191],[22.384213,39.630158]]}},{"type":"Feature","properties":{"line":"18","mode":"bus","color":"#11a2e3","oi":-0.517,"n":2,"sw":1},"geometry":{"type":"LineString","coordinates":[[22.384209,39.630162],[22.384232,39.630129]]}},{"type":"Feature","properties":{"line":"18","mode":"bus","color":"#11a2e3","oi":-0.563,"n":2,"sw":1},"geometry":{"type":"LineString","coordinates":[[22.384229,39.630134],[22.384242,39.630115],[22.384259,39.630105]]}},{"type":"Feature","properties":{"line":"18","mode":"bus","color":"#11a2e3","oi":-0.63,"n":2,"sw":1},"geometry":{"type":"LineString","coordinates":[[22.384253,39.630108],[22.384292,39.630084]]}},{"type":"Feature","properties":{"line":"18","mode":"bus","color":"#11a2e3","oi":-0.709,"n":2,"sw":1},"geometry":{"type":"LineString","coordinates":[[22.384286,39.630088],[22.384324,39.630064]]}},{"type":"Feature","properties":{"line":"18","mode":"bus","color":"#11a2e3","oi":-0.791,"n":2,"sw":1},"geometry":{"type":"LineString","coordinates":[[22.384319,39.630068],[22.384357,39.630044]]}},{"type":"Feature","properties":{"line":"18","mode":"bus","color":"#11a2e3","oi":-0.87,"n":2,"sw":1},"geometry":{"type":"LineString","coordinates":[[22.384352,39.630047],[22.38439,39.630024]]}},{"type":"Feature","properties":{"line":"18","mode":"bus","color":"#11a2e3","oi":-0.937,"n":2,"sw":1},"geometry":{"type":"LineString","coordinates":[[22.384385,39.630027],[22.384423,39.630004]]}},{"type":"Feature","properties":{"line":"18","mode":"bus","color":"#11a2e3","oi":-0.983,"n":2,"sw":1},"geometry":{"type":"LineString","coordinates":[[22.384418,39.630007],[22.384456,39.629984]]}},{"type":"Feature","properties":{"line":"18","mode":"bus","color":"#11a2e3","oi":-1,"n":2,"sw":1},"geometry":{"type":"LineString","coordinates":[[22.38445,39.629987],[22.384486,39.629965]]}},{"type":"Feature","properties":{"line":"18","mode":"bus","color":"#11a2e3","oi":-0.5,"n":2},"geometry":{"type":"LineString","coordinates":[[22.411702,39.63814],[22.411719,39.634426]]}},{"type":"Feature","properties":{"line":"18","mode":"bus","color":"#11a2e3","oi":0,"n":2,"sw":1},"geometry":{"type":"LineString","coordinates":[[22.411701,39.638464],[22.411701,39.638429]]}},{"type":"Feature","properties":{"line":"18","mode":"bus","color":"#11a2e3","oi":-0.017,"n":2,"sw":1},"geometry":{"type":"LineString","coordinates":[[22.411701,39.638434],[22.411701,39.638397]]}},{"type":"Feature","properties":{"line":"18","mode":"bus","color":"#11a2e3","oi":-0.063,"n":2,"sw":1},"geometry":{"type":"LineString","coordinates":[[22.411701,39.638402],[22.411701,39.638364]]}},{"type":"Feature","properties":{"line":"18","mode":"bus","color":"#11a2e3","oi":-0.13,"n":2,"sw":1},"geometry":{"type":"LineString","coordinates":[[22.411701,39.63837],[22.411702,39.638332]]}},{"type":"Feature","properties":{"line":"18","mode":"bus","color":"#11a2e3","oi":-0.209,"n":2,"sw":1},"geometry":{"type":"LineString","coordinates":[[22.411702,39.638337],[22.411702,39.638299]]}},{"type":"Feature","properties":{"line":"18","mode":"bus","color":"#11a2e3","oi":-0.291,"n":2,"sw":1},"geometry":{"type":"LineString","coordinates":[[22.411702,39.638305],[22.411702,39.638267]]}},{"type":"Feature","properties":{"line":"18","mode":"bus","color":"#11a2e3","oi":-0.37,"n":2,"sw":1},"geometry":{"type":"LineString","coordinates":[[22.411702,39.638272],[22.411702,39.638235]]}},{"type":"Feature","properties":{"line":"18","mode":"bus","color":"#11a2e3","oi":-0.437,"n":2,"sw":1},"geometry":{"type":"LineString","coordinates":[[22.411702,39.63824],[22.411702,39.638202]]}},{"type":"Feature","properties":{"line":"18","mode":"bus","color":"#11a2e3","oi":-0.483,"n":2,"sw":1},"geometry":{"type":"LineString","coordinates":[[22.411702,39.638208],[22.411702,39.63817]]}},{"type":"Feature","properties":{"line":"18","mode":"bus","color":"#11a2e3","oi":-0.5,"n":2,"sw":1},"geometry":{"type":"LineString","coordinates":[[22.411702,39.638175],[22.411702,39.638137]]}},{"type":"Feature","properties":{"line":"18","mode":"bus","color":"#11a2e3","oi":-0.5,"n":2,"sw":1},"geometry":{"type":"LineString","coordinates":[[22.411719,39.634429],[22.411719,39.634391]]}},{"type":"Feature","properties":{"line":"18","mode":"bus","color":"#11a2e3","oi":-0.483,"n":2,"sw":1},"geometry":{"type":"LineString","coordinates":[[22.411719,39.634396],[22.411719,39.634358]]}},{"type":"Feature","properties":{"line":"18","mode":"bus","color":"#11a2e3","oi":-0.437,"n":2,"sw":1},"geometry":{"type":"LineString","coordinates":[[22.411719,39.634364],[22.411719,39.634326]]}},{"type":"Feature","properties":{"line":"18","mode":"bus","color":"#11a2e3","oi":-0.37,"n":2,"sw":1},"geometry":{"type":"LineString","coordinates":[[22.411719,39.634331],[22.411719,39.634294]]}},{"type":"Feature","properties":{"line":"18","mode":"bus","color":"#11a2e3","oi":-0.291,"n":2,"sw":1},"geometry":{"type":"LineString","coordinates":[[22.411719,39.634299],[22.411719,39.634261]]}},{"type":"Feature","properties":{"line":"18","mode":"bus","color":"#11a2e3","oi":-0.209,"n":2,"sw":1},"geometry":{"type":"LineString","coordinates":[[22.411719,39.634267],[22.411719,39.634229]]}},{"type":"Feature","properties":{"line":"18","mode":"bus","color":"#11a2e3","oi":-0.13,"n":2,"sw":1},"geometry":{"type":"LineString","coordinates":[[22.411719,39.634234],[22.41172,39.634196]]}},{"type":"Feature","properties":{"line":"18","mode":"bus","color":"#11a2e3","oi":-0.063,"n":2,"sw":1},"geometry":{"type":"LineString","coordinates":[[22.41172,39.634202],[22.41172,39.634164]]}},{"type":"Feature","properties":{"line":"18","mode":"bus","color":"#11a2e3","oi":-0.017,"n":2,"sw":1},"geometry":{"type":"LineString","coordinates":[[22.41172,39.634169],[22.41172,39.634132]]}},{"type":"Feature","properties":{"line":"18","mode":"bus","color":"#11a2e3","oi":0,"n":2,"sw":1},"geometry":{"type":"LineString","coordinates":[[22.41172,39.634137],[22.41172,39.634102]]}},{"type":"Feature","properties":{"line":"18","mode":"bus","color":"#11a2e3","oi":-1,"n":3},"geometry":{"type":"LineString","coordinates":[[22.383962,39.629484],[22.384111,39.629617],[22.384197,39.629734],[22.384197,39.629808],[22.384233,39.629877]]}},{"type":"Feature","properties":{"line":"18","mode":"bus","color":"#11a2e3","oi":-1,"n":3},"geometry":{"type":"LineString","coordinates":[[22.384466,39.629575],[22.384339,39.629593],[22.384166,39.629562],[22.383962,39.629484],[22.382181,39.628622],[22.381797,39.628421]]}},{"type":"Feature","properties":{"line":"18","mode":"bus","color":"#11a2e3","oi":-1,"n":3,"sw":1},"geometry":{"type":"LineString","coordinates":[[22.3818,39.628422],[22.381775,39.628409]]}},{"type":"Feature","properties":{"line":"18","mode":"bus","color":"#11a2e3","oi":-0.99,"n":3,"sw":1},"geometry":{"type":"LineString","coordinates":[[22.381781,39.628412],[22.381756,39.628399]]}},{"type":"Feature","properties":{"line":"18","mode":"bus","color":"#11a2e3","oi":-0.962,"n":3,"sw":1},"geometry":{"type":"LineString","coordinates":[[22.381762,39.628402],[22.381737,39.628389]]}},{"type":"Feature","properties":{"line":"18","mode":"bus","color":"#11a2e3","oi":-0.918,"n":3,"sw":1},"geometry":{"type":"LineString","coordinates":[[22.381742,39.628392],[22.381734,39.628388],[22.381725,39.628381],[22.381723,39.628375]]}},{"type":"Feature","properties":{"line":"18","mode":"bus","color":"#11a2e3","oi":-0.86,"n":3,"sw":1},"geometry":{"type":"LineString","coordinates":[[22.381725,39.62838],[22.381722,39.628372],[22.381726,39.628363],[22.381729,39.628358]]}},{"type":"Feature","properties":{"line":"18","mode":"bus","color":"#11a2e3","oi":-0.791,"n":3,"sw":1},"geometry":{"type":"LineString","coordinates":[[22.381726,39.628363],[22.381726,39.628363],[22.381734,39.628349],[22.381737,39.628341]]}},{"type":"Feature","properties":{"line":"18","mode":"bus","color":"#11a2e3","oi":-0.714,"n":3,"sw":1},"geometry":{"type":"LineString","coordinates":[[22.381735,39.628346],[22.381739,39.628334],[22.381736,39.628323]]}},{"type":"Feature","properties":{"line":"18","mode":"bus","color":"#11a2e3","oi":-0.631,"n":3,"sw":1},"geometry":{"type":"LineString","coordinates":[[22.381737,39.628329],[22.381734,39.628319],[22.381727,39.628307]]}},{"type":"Feature","properties":{"line":"18","mode":"bus","color":"#11a2e3","oi":-0.544,"n":3,"sw":1},"geometry":{"type":"LineString","coordinates":[[22.38173,39.628312],[22.381716,39.628291]]}},{"type":"Feature","properties":{"line":"18","mode":"bus","color":"#11a2e3","oi":-0.456,"n":3,"sw":1},"geometry":{"type":"LineString","coordinates":[[22.381719,39.628296],[22.381706,39.628275]]}},{"type":"Feature","properties":{"line":"18","mode":"bus","color":"#11a2e3","oi":-0.369,"n":3,"sw":1},"geometry":{"type":"LineString","coordinates":[[22.381709,39.62828],[22.381696,39.628259]]}},{"type":"Feature","properties":{"line":"18","mode":"bus","color":"#11a2e3","oi":-0.286,"n":3,"sw":1},"geometry":{"type":"LineString","coordinates":[[22.381699,39.628263],[22.381685,39.628242]]}},{"type":"Feature","properties":{"line":"18","mode":"bus","color":"#11a2e3","oi":-0.209,"n":3,"sw":1},"geometry":{"type":"LineString","coordinates":[[22.381689,39.628247],[22.381675,39.628226]]}},{"type":"Feature","properties":{"line":"18","mode":"bus","color":"#11a2e3","oi":-0.14,"n":3,"sw":1},"geometry":{"type":"LineString","coordinates":[[22.381678,39.628231],[22.381665,39.62821]]}},{"type":"Feature","properties":{"line":"18","mode":"bus","color":"#11a2e3","oi":-0.082,"n":3,"sw":1},"geometry":{"type":"LineString","coordinates":[[22.381668,39.628215],[22.381654,39.628194]]}},{"type":"Feature","properties":{"line":"18","mode":"bus","color":"#11a2e3","oi":-0.038,"n":3,"sw":1},"geometry":{"type":"LineString","coordinates":[[22.381658,39.628199],[22.381644,39.628178]]}},{"type":"Feature","properties":{"line":"18","mode":"bus","color":"#11a2e3","oi":-0.01,"n":3,"sw":1},"geometry":{"type":"LineString","coordinates":[[22.381647,39.628183],[22.381634,39.628162]]}},{"type":"Feature","properties":{"line":"18","mode":"bus","color":"#11a2e3","oi":0,"n":3,"sw":1},"geometry":{"type":"LineString","coordinates":[[22.381637,39.628167],[22.381625,39.628148]]}},{"type":"Feature","properties":{"line":"18","mode":"bus","color":"#11a2e3","oi":-1,"n":3},"geometry":{"type":"LineString","coordinates":[[22.384486,39.629965],[22.384596,39.62993],[22.384674,39.629861],[22.384702,39.629773],[22.384676,39.629683]]}},{"type":"Feature","properties":{"line":"18","mode":"bus","color":"#11a2e3","oi":-1,"n":3},"geometry":{"type":"LineString","coordinates":[[22.381268,39.627978],[22.380884,39.627795],[22.380839,39.627733],[22.380848,39.627688],[22.380976,39.627525],[22.381031,39.627509],[22.38106,39.627505],[22.381088,39.627512],[22.381554,39.627723],[22.381693,39.627816],[22.381712,39.627857]]}},{"type":"Feature","properties":{"line":"18","mode":"bus","color":"#11a2e3","oi":0,"n":3,"sw":1},"geometry":{"type":"LineString","coordinates":[[22.381625,39.628148],[22.381602,39.628137]]}},{"type":"Feature","properties":{"line":"18","mode":"bus","color":"#11a2e3","oi":-0.01,"n":3,"sw":1},"geometry":{"type":"LineString","coordinates":[[22.381608,39.62814],[22.381582,39.628128]]}},{"type":"Feature","properties":{"line":"18","mode":"bus","color":"#11a2e3","oi":-0.038,"n":3,"sw":1},"geometry":{"type":"LineString","coordinates":[[22.381588,39.628131],[22.381562,39.628118]]}},{"type":"Feature","properties":{"line":"18","mode":"bus","color":"#11a2e3","oi":-0.082,"n":3,"sw":1},"geometry":{"type":"LineString","coordinates":[[22.381568,39.628121],[22.381543,39.628109]]}},{"type":"Feature","properties":{"line":"18","mode":"bus","color":"#11a2e3","oi":-0.14,"n":3,"sw":1},"geometry":{"type":"LineString","coordinates":[[22.381549,39.628112],[22.381523,39.628099]]}},{"type":"Feature","properties":{"line":"18","mode":"bus","color":"#11a2e3","oi":-0.209,"n":3,"sw":1},"geometry":{"type":"LineString","coordinates":[[22.381529,39.628102],[22.381503,39.62809]]}},{"type":"Feature","properties":{"line":"18","mode":"bus","color":"#11a2e3","oi":-0.286,"n":3,"sw":1},"geometry":{"type":"LineString","coordinates":[[22.381509,39.628093],[22.381483,39.62808]]}},{"type":"Feature","properties":{"line":"18","mode":"bus","color":"#11a2e3","oi":-0.369,"n":3,"sw":1},"geometry":{"type":"LineString","coordinates":[[22.381489,39.628083],[22.381463,39.628071]]}},{"type":"Feature","properties":{"line":"18","mode":"bus","color":"#11a2e3","oi":-0.456,"n":3,"sw":1},"geometry":{"type":"LineString","coordinates":[[22.381469,39.628074],[22.381443,39.628061]]}},{"type":"Feature","properties":{"line":"18","mode":"bus","color":"#11a2e3","oi":-0.544,"n":3,"sw":1},"geometry":{"type":"LineString","coordinates":[[22.381449,39.628064],[22.381423,39.628052]]}},{"type":"Feature","properties":{"line":"18","mode":"bus","color":"#11a2e3","oi":-0.631,"n":3,"sw":1},"geometry":{"type":"LineString","coordinates":[[22.381429,39.628055],[22.381404,39.628043]]}},{"type":"Feature","properties":{"line":"18","mode":"bus","color":"#11a2e3","oi":-0.714,"n":3,"sw":1},"geometry":{"type":"LineString","coordinates":[[22.38141,39.628045],[22.381384,39.628033]]}},{"type":"Feature","properties":{"line":"18","mode":"bus","color":"#11a2e3","oi":-0.791,"n":3,"sw":1},"geometry":{"type":"LineString","coordinates":[[22.38139,39.628036],[22.381364,39.628024]]}},{"type":"Feature","properties":{"line":"18","mode":"bus","color":"#11a2e3","oi":-0.86,"n":3,"sw":1},"geometry":{"type":"LineString","coordinates":[[22.38137,39.628026],[22.381344,39.628014]]}},{"type":"Feature","properties":{"line":"18","mode":"bus","color":"#11a2e3","oi":-0.918,"n":3,"sw":1},"geometry":{"type":"LineString","coordinates":[[22.38135,39.628017],[22.381324,39.628005]]}},{"type":"Feature","properties":{"line":"18","mode":"bus","color":"#11a2e3","oi":-0.962,"n":3,"sw":1},"geometry":{"type":"LineString","coordinates":[[22.38133,39.628008],[22.381304,39.627995]]}},{"type":"Feature","properties":{"line":"18","mode":"bus","color":"#11a2e3","oi":-0.99,"n":3,"sw":1},"geometry":{"type":"LineString","coordinates":[[22.38131,39.627998],[22.381284,39.627986]]}},{"type":"Feature","properties":{"line":"18","mode":"bus","color":"#11a2e3","oi":-1,"n":3,"sw":1},"geometry":{"type":"LineString","coordinates":[[22.38129,39.627989],[22.381265,39.627976]]}},{"type":"Feature","properties":{"line":"18","mode":"bus","color":"#11a2e3","oi":-1,"n":3,"sw":1},"geometry":{"type":"LineString","coordinates":[[22.381711,39.627854],[22.381722,39.627876]]}},{"type":"Feature","properties":{"line":"18","mode":"bus","color":"#11a2e3","oi":-0.99,"n":3,"sw":1},"geometry":{"type":"LineString","coordinates":[[22.381719,39.627871],[22.38173,39.627893]]}},{"type":"Feature","properties":{"line":"18","mode":"bus","color":"#11a2e3","oi":-0.962,"n":3,"sw":1},"geometry":{"type":"LineString","coordinates":[[22.381727,39.627888],[22.381738,39.62791]]}},{"type":"Feature","properties":{"line":"18","mode":"bus","color":"#11a2e3","oi":-0.918,"n":3,"sw":1},"geometry":{"type":"LineString","coordinates":[[22.381735,39.627905],[22.381746,39.627927]]}},{"type":"Feature","properties":{"line":"18","mode":"bus","color":"#11a2e3","oi":-0.86,"n":3,"sw":1},"geometry":{"type":"LineString","coordinates":[[22.381743,39.627922],[22.381749,39.627934],[22.381749,39.627944]]}},{"type":"Feature","properties":{"line":"18","mode":"bus","color":"#11a2e3","oi":-0.791,"n":3,"sw":1},"geometry":{"type":"LineString","coordinates":[[22.381749,39.627939],[22.381749,39.627962]]}},{"type":"Feature","properties":{"line":"18","mode":"bus","color":"#11a2e3","oi":-0.714,"n":3,"sw":1},"geometry":{"type":"LineString","coordinates":[[22.381749,39.627957],[22.381748,39.62798]]}},{"type":"Feature","properties":{"line":"18","mode":"bus","color":"#11a2e3","oi":-0.631,"n":3,"sw":1},"geometry":{"type":"LineString","coordinates":[[22.381748,39.627975],[22.381748,39.627998]]}},{"type":"Feature","properties":{"line":"18","mode":"bus","color":"#11a2e3","oi":-0.544,"n":3,"sw":1},"geometry":{"type":"LineString","coordinates":[[22.381748,39.627993],[22.381748,39.627999],[22.381736,39.628014]]}},{"type":"Feature","properties":{"line":"18","mode":"bus","color":"#11a2e3","oi":-0.456,"n":3,"sw":1},"geometry":{"type":"LineString","coordinates":[[22.38174,39.628009],[22.381723,39.628029]]}},{"type":"Feature","properties":{"line":"18","mode":"bus","color":"#11a2e3","oi":-0.369,"n":3,"sw":1},"geometry":{"type":"LineString","coordinates":[[22.381727,39.628024],[22.381711,39.628044]]}},{"type":"Feature","properties":{"line":"18","mode":"bus","color":"#11a2e3","oi":-0.286,"n":3,"sw":1},"geometry":{"type":"LineString","coordinates":[[22.381715,39.628039],[22.381698,39.628059]]}},{"type":"Feature","properties":{"line":"18","mode":"bus","color":"#11a2e3","oi":-0.209,"n":3,"sw":1},"geometry":{"type":"LineString","coordinates":[[22.381702,39.628055],[22.381686,39.628074]]}},{"type":"Feature","properties":{"line":"18","mode":"bus","color":"#11a2e3","oi":-0.14,"n":3,"sw":1},"geometry":{"type":"LineString","coordinates":[[22.38169,39.62807],[22.381673,39.62809]]}},{"type":"Feature","properties":{"line":"18","mode":"bus","color":"#11a2e3","oi":-0.082,"n":3,"sw":1},"geometry":{"type":"LineString","coordinates":[[22.381677,39.628085],[22.381661,39.628105]]}},{"type":"Feature","properties":{"line":"18","mode":"bus","color":"#11a2e3","oi":-0.038,"n":3,"sw":1},"geometry":{"type":"LineString","coordinates":[[22.381664,39.6281],[22.381648,39.62812]]}},{"type":"Feature","properties":{"line":"18","mode":"bus","color":"#11a2e3","oi":-0.01,"n":3,"sw":1},"geometry":{"type":"LineString","coordinates":[[22.381652,39.628115],[22.381636,39.628135]]}},{"type":"Feature","properties":{"line":"18","mode":"bus","color":"#11a2e3","oi":0,"n":3,"sw":1},"geometry":{"type":"LineString","coordinates":[[22.381639,39.628131],[22.381625,39.628148]]}},{"type":"Feature","properties":{"line":"18","mode":"bus","color":"#11a2e3","oi":0,"n":1},"geometry":{"type":"LineString","coordinates":[[22.384339,39.629593],[22.384246,39.629651],[22.384197,39.629734]]}},{"type":"Feature","properties":{"line":"18","mode":"bus","color":"#11a2e3","oi":0,"n":1},"geometry":{"type":"LineString","coordinates":[[22.355035,39.630721],[22.355051,39.630854],[22.355118,39.630993],[22.355128,39.631166]]}},{"type":"Feature","properties":{"line":"18","mode":"bus","color":"#11a2e3","oi":0,"n":1},"geometry":{"type":"LineString","coordinates":[[22.351323,39.61958],[22.35114,39.619121],[22.350942,39.618819],[22.350192,39.618335],[22.349702,39.618084],[22.348259,39.61753],[22.347849,39.617398],[22.347832,39.61739],[22.347822,39.617379],[22.347821,39.617367],[22.347827,39.617352],[22.347917,39.617218],[22.348394,39.616774],[22.348887,39.616379],[22.348902,39.616369],[22.348917,39.616367],[22.348932,39.616371],[22.348945,39.616383],[22.349287,39.61677],[22.349803,39.617232],[22.350482,39.617496],[22.35125,39.61786]]}},{"type":"Feature","properties":{"line":"18","mode":"bus","color":"#11a2e3","oi":0,"n":1},"geometry":{"type":"LineString","coordinates":[[22.355596,39.631066],[22.355323,39.630966],[22.355147,39.630839],[22.355035,39.630721],[22.354723,39.629976]]}},{"type":"Feature","properties":{"line":"18","mode":"bus","color":"#11a2e3","oi":0,"n":1},"geometry":{"type":"LineString","coordinates":[[22.354723,39.629976],[22.354625,39.629862],[22.353315,39.626491],[22.352179,39.623814],[22.35161,39.621853],[22.351441,39.620741],[22.351311,39.619705],[22.35132,39.619616],[22.351322,39.619604],[22.351325,39.619598],[22.351331,39.619597],[22.351338,39.619601],[22.351346,39.619611],[22.351421,39.619712],[22.351642,39.621249],[22.352764,39.624843],[22.353429,39.626476],[22.354737,39.629835],[22.354723,39.629976]]}},{"type":"Feature","properties":{"line":"18","mode":"bus","color":"#11a2e3","oi":0,"n":1},"geometry":{"type":"LineString","coordinates":[[22.350942,39.618819],[22.351213,39.617967],[22.351279,39.617831]]}},{"type":"Feature","properties":{"line":"18","mode":"bus","color":"#11a2e3","oi":-1.5,"n":4},"geometry":{"type":"LineString","coordinates":[[22.395712,39.63254],[22.396628,39.632554]]}},{"type":"Feature","properties":{"line":"18","mode":"bus","color":"#11a2e3","oi":-1.5,"n":4,"sw":1},"geometry":{"type":"LineString","coordinates":[[22.396624,39.632554],[22.396648,39.632554]]}},{"type":"Feature","properties":{"line":"18","mode":"bus","color":"#11a2e3","oi":-1.493,"n":4,"sw":1},"geometry":{"type":"LineString","coordinates":[[22.396641,39.632554],[22.396664,39.632554]]}},{"type":"Feature","properties":{"line":"18","mode":"bus","color":"#11a2e3","oi":-1.473,"n":4,"sw":1},"geometry":{"type":"LineString","coordinates":[[22.396657,39.632554],[22.39668,39.632554]]}},{"type":"Feature","properties":{"line":"18","mode":"bus","color":"#11a2e3","oi":-1.44,"n":4,"sw":1},"geometry":{"type":"LineString","coordinates":[[22.396673,39.632554],[22.396696,39.632555]]}},{"type":"Feature","properties":{"line":"18","mode":"bus","color":"#11a2e3","oi":-1.397,"n":4,"sw":1},"geometry":{"type":"LineString","coordinates":[[22.396689,39.632555],[22.396712,39.632555]]}},{"type":"Feature","properties":{"line":"18","mode":"bus","color":"#11a2e3","oi":-1.344,"n":4,"sw":1},"geometry":{"type":"LineString","coordinates":[[22.396705,39.632555],[22.396728,39.632555]]}},{"type":"Feature","properties":{"line":"18","mode":"bus","color":"#11a2e3","oi":-1.282,"n":4,"sw":1},"geometry":{"type":"LineString","coordinates":[[22.396721,39.632555],[22.396745,39.632555]]}},{"type":"Feature","properties":{"line":"18","mode":"bus","color":"#11a2e3","oi":-1.213,"n":4,"sw":1},"geometry":{"type":"LineString","coordinates":[[22.396738,39.632555],[22.396761,39.632556]]}},{"type":"Feature","properties":{"line":"18","mode":"bus","color":"#11a2e3","oi":-1.138,"n":4,"sw":1},"geometry":{"type":"LineString","coordinates":[[22.396754,39.632556],[22.396777,39.632556]]}},{"type":"Feature","properties":{"line":"18","mode":"bus","color":"#11a2e3","oi":-1.057,"n":4,"sw":1},"geometry":{"type":"LineString","coordinates":[[22.39677,39.632556],[22.396793,39.632556]]}},{"type":"Feature","properties":{"line":"18","mode":"bus","color":"#11a2e3","oi":-0.972,"n":4,"sw":1},"geometry":{"type":"LineString","coordinates":[[22.396786,39.632556],[22.396809,39.632556]]}},{"type":"Feature","properties":{"line":"18","mode":"bus","color":"#11a2e3","oi":-0.884,"n":4,"sw":1},"geometry":{"type":"LineString","coordinates":[[22.396802,39.632556],[22.396825,39.632557]]}},{"type":"Feature","properties":{"line":"18","mode":"bus","color":"#11a2e3","oi":-0.795,"n":4,"sw":1},"geometry":{"type":"LineString","coordinates":[[22.396818,39.632557],[22.396841,39.632557]]}},{"type":"Feature","properties":{"line":"18","mode":"bus","color":"#11a2e3","oi":-0.705,"n":4,"sw":1},"geometry":{"type":"LineString","coordinates":[[22.396834,39.632557],[22.396858,39.632557]]}},{"type":"Feature","properties":{"line":"18","mode":"bus","color":"#11a2e3","oi":-0.616,"n":4,"sw":1},"geometry":{"type":"LineString","coordinates":[[22.396851,39.632557],[22.396874,39.632557]]}},{"type":"Feature","properties":{"line":"18","mode":"bus","color":"#11a2e3","oi":-0.528,"n":4,"sw":1},"geometry":{"type":"LineString","coordinates":[[22.396867,39.632557],[22.39689,39.632558]]}},{"type":"Feature","properties":{"line":"18","mode":"bus","color":"#11a2e3","oi":-0.443,"n":4,"sw":1},"geometry":{"type":"LineString","coordinates":[[22.396883,39.632558],[22.396906,39.632558]]}},{"type":"Feature","properties":{"line":"18","mode":"bus","color":"#11a2e3","oi":-0.362,"n":4,"sw":1},"geometry":{"type":"LineString","coordinates":[[22.396899,39.632558],[22.396922,39.632558]]}},{"type":"Feature","properties":{"line":"18","mode":"bus","color":"#11a2e3","oi":-0.287,"n":4,"sw":1},"geometry":{"type":"LineString","coordinates":[[22.396915,39.632558],[22.396938,39.632558]]}},{"type":"Feature","properties":{"line":"18","mode":"bus","color":"#11a2e3","oi":-0.218,"n":4,"sw":1},"geometry":{"type":"LineString","coordinates":[[22.396931,39.632558],[22.396955,39.632559]]}},{"type":"Feature","properties":{"line":"18","mode":"bus","color":"#11a2e3","oi":-0.156,"n":4,"sw":1},"geometry":{"type":"LineString","coordinates":[[22.396948,39.632558],[22.396971,39.632559]]}},{"type":"Feature","properties":{"line":"18","mode":"bus","color":"#11a2e3","oi":-0.103,"n":4,"sw":1},"geometry":{"type":"LineString","coordinates":[[22.396964,39.632559],[22.396987,39.632559]]}},{"type":"Feature","properties":{"line":"18","mode":"bus","color":"#11a2e3","oi":-0.06,"n":4,"sw":1},"geometry":{"type":"LineString","coordinates":[[22.39698,39.632559],[22.397003,39.632559]]}},{"type":"Feature","properties":{"line":"18","mode":"bus","color":"#11a2e3","oi":-0.027,"n":4,"sw":1},"geometry":{"type":"LineString","coordinates":[[22.396996,39.632559],[22.397019,39.63256]]}},{"type":"Feature","properties":{"line":"18","mode":"bus","color":"#11a2e3","oi":-0.007,"n":4,"sw":1},"geometry":{"type":"LineString","coordinates":[[22.397012,39.632559],[22.397035,39.63256]]}},{"type":"Feature","properties":{"line":"18","mode":"bus","color":"#11a2e3","oi":0,"n":4,"sw":1},"geometry":{"type":"LineString","coordinates":[[22.397028,39.63256],[22.397048,39.63256]]}},{"type":"Feature","properties":{"line":"18","mode":"bus","color":"#11a2e3","oi":-1,"n":3},"geometry":{"type":"LineString","coordinates":[[22.41172,39.634102],[22.407626,39.634145],[22.407598,39.634141],[22.407578,39.63413],[22.407564,39.634111],[22.407144,39.633145]]}},{"type":"Feature","properties":{"line":"18","mode":"bus","color":"#11a2e3","oi":-1,"n":3},"geometry":{"type":"LineString","coordinates":[[22.412724,39.638524],[22.411701,39.638464]]}},{"type":"Feature","properties":{"line":"18","mode":"bus","color":"#11a2e3","oi":-0.5,"n":2},"geometry":{"type":"LineString","coordinates":[[22.355128,39.631166],[22.361266,39.631137],[22.362129,39.631164],[22.362962,39.631234],[22.363751,39.631337],[22.364706,39.631511],[22.37673,39.633855],[22.377864,39.634018],[22.378457,39.634048],[22.379234,39.634034],[22.382136,39.633812],[22.383665,39.633644]]}},{"type":"Feature","properties":{"line":"18","mode":"bus","color":"#11a2e3","oi":-0.5,"n":2,"sw":1},"geometry":{"type":"LineString","coordinates":[[22.383662,39.633644],[22.38371,39.633639],[22.38371,39.633639]]}},{"type":"Feature","properties":{"line":"18","mode":"bus","color":"#11a2e3","oi":-0.483,"n":2,"sw":1},"geometry":{"type":"LineString","coordinates":[[22.383704,39.63364],[22.38371,39.633639],[22.383752,39.633638]]}},{"type":"Feature","properties":{"line":"18","mode":"bus","color":"#11a2e3","oi":-0.437,"n":2,"sw":1},"geometry":{"type":"LineString","coordinates":[[22.383745,39.633638],[22.383794,39.633638]]}},{"type":"Feature","properties":{"line":"18","mode":"bus","color":"#11a2e3","oi":-0.37,"n":2,"sw":1},"geometry":{"type":"LineString","coordinates":[[22.383787,39.633638],[22.383836,39.633637]]}},{"type":"Feature","properties":{"line":"18","mode":"bus","color":"#11a2e3","oi":-0.291,"n":2,"sw":1},"geometry":{"type":"LineString","coordinates":[[22.383829,39.633637],[22.383878,39.633636]]}},{"type":"Feature","properties":{"line":"18","mode":"bus","color":"#11a2e3","oi":-0.209,"n":2,"sw":1},"geometry":{"type":"LineString","coordinates":[[22.383871,39.633636],[22.383899,39.633636],[22.38392,39.633641]]}},{"type":"Feature","properties":{"line":"18","mode":"bus","color":"#11a2e3","oi":-0.13,"n":2,"sw":1},"geometry":{"type":"LineString","coordinates":[[22.383913,39.633639],[22.38396,39.633649]]}},{"type":"Feature","properties":{"line":"18","mode":"bus","color":"#11a2e3","oi":-0.063,"n":2,"sw":1},"geometry":{"type":"LineString","coordinates":[[22.383953,39.633648],[22.384001,39.633658]]}},{"type":"Feature","properties":{"line":"18","mode":"bus","color":"#11a2e3","oi":-0.017,"n":2,"sw":1},"geometry":{"type":"LineString","coordinates":[[22.383994,39.633657],[22.384041,39.633667]]}},{"type":"Feature","properties":{"line":"18","mode":"bus","color":"#11a2e3","oi":0,"n":2,"sw":1},"geometry":{"type":"LineString","coordinates":[[22.384034,39.633665],[22.384078,39.633675]]}},{"type":"Feature","properties":{"line":"18","mode":"bus","color":"#11a2e3","oi":-0.5,"n":2},"geometry":{"type":"LineString","coordinates":[[22.383625,39.63356],[22.383624,39.63356],[22.381874,39.633738],[22.380068,39.633888],[22.379057,39.633957],[22.378461,39.633964],[22.377877,39.633934],[22.377356,39.633874],[22.376756,39.633773],[22.369735,39.632387],[22.36473,39.631428],[22.363777,39.631256],[22.363079,39.631161],[22.362145,39.63108],[22.361267,39.631053],[22.355596,39.631066]]}},{"type":"Feature","properties":{"line":"18","mode":"bus","color":"#11a2e3","oi":0,"n":2,"sw":1},"geometry":{"type":"LineString","coordinates":[[22.384017,39.633457],[22.383978,39.633476]]}},{"type":"Feature","properties":{"line":"18","mode":"bus","color":"#11a2e3","oi":-0.017,"n":2,"sw":1},"geometry":{"type":"LineString","coordinates":[[22.383984,39.633473],[22.383943,39.633493]]}},{"type":"Feature","properties":{"line":"18","mode":"bus","color":"#11a2e3","oi":-0.063,"n":2,"sw":1},"geometry":{"type":"LineString","coordinates":[[22.383949,39.63349],[22.383907,39.63351]]}},{"type":"Feature","properties":{"line":"18","mode":"bus","color":"#11a2e3","oi":-0.13,"n":2,"sw":1},"geometry":{"type":"LineString","coordinates":[[22.383913,39.633507],[22.383892,39.633517],[22.383868,39.633521]]}},{"type":"Feature","properties":{"line":"18","mode":"bus","color":"#11a2e3","oi":-0.209,"n":2,"sw":1},"geometry":{"type":"LineString","coordinates":[[22.383875,39.63352],[22.383827,39.633527]]}},{"type":"Feature","properties":{"line":"18","mode":"bus","color":"#11a2e3","oi":-0.291,"n":2,"sw":1},"geometry":{"type":"LineString","coordinates":[[22.383834,39.633526],[22.383786,39.633534]]}},{"type":"Feature","properties":{"line":"18","mode":"bus","color":"#11a2e3","oi":-0.37,"n":2,"sw":1},"geometry":{"type":"LineString","coordinates":[[22.383793,39.633533],[22.383745,39.633541]]}},{"type":"Feature","properties":{"line":"18","mode":"bus","color":"#11a2e3","oi":-0.437,"n":2,"sw":1},"geometry":{"type":"LineString","coordinates":[[22.383752,39.63354],[22.383704,39.633547]]}},{"type":"Feature","properties":{"line":"18","mode":"bus","color":"#11a2e3","oi":-0.483,"n":2,"sw":1},"geometry":{"type":"LineString","coordinates":[[22.383711,39.633546],[22.383663,39.633554]]}},{"type":"Feature","properties":{"line":"18","mode":"bus","color":"#11a2e3","oi":-0.5,"n":2,"sw":1},"geometry":{"type":"LineString","coordinates":[[22.383669,39.633553],[22.383624,39.63356],[22.383621,39.63356]]}},{"type":"Feature","properties":{"line":"11","mode":"bus","color":"#df375f","oi":0,"n":1},"geometry":{"type":"LineString","coordinates":[[22.429945,39.621693],[22.430053,39.62222],[22.430381,39.623172],[22.432002,39.626817],[22.432033,39.62694],[22.432023,39.627044],[22.431707,39.627348],[22.430894,39.628576],[22.429814,39.630101],[22.429806,39.630121],[22.429812,39.630138],[22.429831,39.630153],[22.430784,39.630633],[22.430825,39.630646],[22.430868,39.630645],[22.431846,39.630465],[22.433449,39.630893],[22.434227,39.631045],[22.434533,39.631155],[22.435603,39.631448],[22.436283,39.631333],[22.440266,39.629642],[22.441368,39.629138],[22.443267,39.628152],[22.443282,39.628142],[22.443288,39.628131],[22.443284,39.628119],[22.443272,39.628108],[22.44058,39.626185],[22.437741,39.624514],[22.437717,39.624505],[22.437695,39.624507],[22.437675,39.62452],[22.437371,39.624817],[22.437266,39.624888],[22.435062,39.626129],[22.435047,39.62614],[22.435041,39.626151],[22.435044,39.626164],[22.435055,39.626177],[22.435566,39.626624],[22.435577,39.626637],[22.435578,39.626647],[22.43557,39.626656],[22.435553,39.626662],[22.433662,39.62715],[22.433642,39.627152],[22.433625,39.62715],[22.433613,39.627141],[22.433603,39.627127],[22.433012,39.625741],[22.432958,39.625678],[22.432823,39.62562],[22.431753,39.625365],[22.431658,39.62537],[22.43163,39.625368],[22.431609,39.625358],[22.431596,39.625339],[22.430615,39.623127],[22.430419,39.622601],[22.430196,39.621872],[22.430147,39.621793],[22.43007,39.621743],[22.430061,39.621692]]}},{"type":"Feature","properties":{"line":"11","mode":"bus","color":"#df375f","oi":0.5,"n":1,"sw":1},"geometry":{"type":"LineString","coordinates":[[22.429813,39.621392],[22.42984,39.62142]]}},{"type":"Feature","properties":{"line":"11","mode":"bus","color":"#df375f","oi":0.483,"n":1,"sw":1},"geometry":{"type":"LineString","coordinates":[[22.429836,39.621416],[22.429865,39.621446]]}},{"type":"Feature","properties":{"line":"11","mode":"bus","color":"#df375f","oi":0.437,"n":1,"sw":1},"geometry":{"type":"LineString","coordinates":[[22.429861,39.621442],[22.429882,39.621463],[22.429886,39.621474]]}},{"type":"Feature","properties":{"line":"11","mode":"bus","color":"#df375f","oi":0.37,"n":1,"sw":1},"geometry":{"type":"LineString","coordinates":[[22.429884,39.621469],[22.429898,39.621505]]}},{"type":"Feature","properties":{"line":"11","mode":"bus","color":"#df375f","oi":0.291,"n":1,"sw":1},"geometry":{"type":"LineString","coordinates":[[22.429896,39.621499],[22.429911,39.621536]]}},{"type":"Feature","properties":{"line":"11","mode":"bus","color":"#df375f","oi":0.209,"n":1,"sw":1},"geometry":{"type":"LineString","coordinates":[[22.429909,39.62153],[22.429914,39.621544],[22.429919,39.621567]]}},{"type":"Feature","properties":{"line":"11","mode":"bus","color":"#df375f","oi":0.13,"n":1,"sw":1},"geometry":{"type":"LineString","coordinates":[[22.429918,39.621562],[22.429925,39.621599]]}},{"type":"Feature","properties":{"line":"11","mode":"bus","color":"#df375f","oi":0.063,"n":1,"sw":1},"geometry":{"type":"LineString","coordinates":[[22.429924,39.621594],[22.429932,39.621631]]}},{"type":"Feature","properties":{"line":"11","mode":"bus","color":"#df375f","oi":0.017,"n":1,"sw":1},"geometry":{"type":"LineString","coordinates":[[22.429931,39.621626],[22.429939,39.621663]]}},{"type":"Feature","properties":{"line":"11","mode":"bus","color":"#df375f","oi":0,"n":1,"sw":1},"geometry":{"type":"LineString","coordinates":[[22.429937,39.621658],[22.429945,39.621695]]}},{"type":"Feature","properties":{"line":"11","mode":"bus","color":"#df375f","oi":0,"n":1,"sw":1},"geometry":{"type":"LineString","coordinates":[[22.430061,39.621694],[22.430055,39.621657]]}},{"type":"Feature","properties":{"line":"11","mode":"bus","color":"#df375f","oi":0.017,"n":1,"sw":1},"geometry":{"type":"LineString","coordinates":[[22.430056,39.621662],[22.430049,39.621625]]}},{"type":"Feature","properties":{"line":"11","mode":"bus","color":"#df375f","oi":0.063,"n":1,"sw":1},"geometry":{"type":"LineString","coordinates":[[22.43005,39.62163],[22.430043,39.621593]]}},{"type":"Feature","properties":{"line":"11","mode":"bus","color":"#df375f","oi":0.13,"n":1,"sw":1},"geometry":{"type":"LineString","coordinates":[[22.430044,39.621598],[22.430037,39.621561]]}},{"type":"Feature","properties":{"line":"11","mode":"bus","color":"#df375f","oi":0.209,"n":1,"sw":1},"geometry":{"type":"LineString","coordinates":[[22.430038,39.621566],[22.430032,39.62153],[22.430032,39.621529]]}},{"type":"Feature","properties":{"line":"11","mode":"bus","color":"#df375f","oi":0.291,"n":1,"sw":1},"geometry":{"type":"LineString","coordinates":[[22.430033,39.621534],[22.430032,39.62153],[22.430038,39.621497]]}},{"type":"Feature","properties":{"line":"11","mode":"bus","color":"#df375f","oi":0.37,"n":1,"sw":1},"geometry":{"type":"LineString","coordinates":[[22.430037,39.621502],[22.430044,39.621464]]}},{"type":"Feature","properties":{"line":"11","mode":"bus","color":"#df375f","oi":0.437,"n":1,"sw":1},"geometry":{"type":"LineString","coordinates":[[22.430043,39.62147],[22.43005,39.621432]]}},{"type":"Feature","properties":{"line":"11","mode":"bus","color":"#df375f","oi":0.483,"n":1,"sw":1},"geometry":{"type":"LineString","coordinates":[[22.430049,39.621438],[22.430056,39.6214]]}},{"type":"Feature","properties":{"line":"11","mode":"bus","color":"#df375f","oi":0.5,"n":1,"sw":1},"geometry":{"type":"LineString","coordinates":[[22.430055,39.621406],[22.430062,39.621371]]}},{"type":"Feature","properties":{"line":"11","mode":"bus","color":"#df375f","oi":0,"n":1},"geometry":{"type":"LineString","coordinates":[[22.429704,39.621132],[22.429673,39.621225],[22.429698,39.621306]]}},{"type":"Feature","properties":{"line":"11","mode":"bus","color":"#df375f","oi":0,"n":1},"geometry":{"type":"LineString","coordinates":[[22.412724,39.638524],[22.411701,39.638464],[22.408803,39.638293],[22.408666,39.638258],[22.408592,39.638202],[22.408538,39.6381],[22.408406,39.638042],[22.407101,39.637786],[22.405977,39.637458],[22.404979,39.637077],[22.40361,39.636221],[22.403067,39.635861],[22.402604,39.635505],[22.402452,39.635347],[22.402203,39.635022],[22.40219,39.63501],[22.402175,39.635004],[22.402159,39.635005],[22.402141,39.635012],[22.401781,39.635207],[22.401397,39.635467],[22.400984,39.635835],[22.4009,39.635936]]}},{"type":"Feature","properties":{"line":"11","mode":"bus","color":"#df375f","oi":0,"n":1},"geometry":{"type":"LineString","coordinates":[[22.430868,39.628612],[22.426662,39.627242],[22.425349,39.626494],[22.423416,39.625661]]}},{"type":"Feature","properties":{"line":"11","mode":"bus","color":"#df375f","oi":0,"n":1},"geometry":{"type":"LineString","coordinates":[[22.423134,39.626],[22.425278,39.626894],[22.425933,39.627196],[22.425945,39.627204],[22.425949,39.627214],[22.425945,39.627226],[22.425934,39.627242],[22.425931,39.627251],[22.425932,39.627258],[22.425938,39.627263],[22.425948,39.627267],[22.426264,39.627339],[22.426495,39.627431],[22.426515,39.627436],[22.426531,39.627435],[22.426545,39.627427],[22.426555,39.627414],[22.426786,39.626988],[22.427469,39.625417],[22.427482,39.625399],[22.427503,39.62539],[22.42753,39.62539],[22.42829,39.625507],[22.429493,39.625771],[22.4301,39.625884],[22.430118,39.625889],[22.430129,39.625898],[22.430132,39.62591],[22.430126,39.625925],[22.428964,39.627988]]}},{"type":"Feature","properties":{"line":"11","mode":"bus","color":"#df375f","oi":0.5,"n":2},"geometry":{"type":"LineString","coordinates":[[22.429698,39.621306],[22.429813,39.621392]]}},{"type":"Feature","properties":{"line":"11","mode":"bus","color":"#df375f","oi":0.5,"n":2},"geometry":{"type":"LineString","coordinates":[[22.430062,39.621371],[22.430118,39.621297],[22.430129,39.621204],[22.43008,39.621113],[22.430034,39.62108],[22.429865,39.621045],[22.429795,39.621065],[22.429704,39.621132]]}},{"type":"Feature","properties":{"line":"11","mode":"bus","color":"#df375f","oi":0,"n":4,"sw":1},"geometry":{"type":"LineString","coordinates":[[22.414536,39.638653],[22.41455,39.638654]]}},{"type":"Feature","properties":{"line":"11","mode":"bus","color":"#df375f","oi":-0.007,"n":4,"sw":1},"geometry":{"type":"LineString","coordinates":[[22.414543,39.638654],[22.414561,39.638655]]}},{"type":"Feature","properties":{"line":"11","mode":"bus","color":"#df375f","oi":-0.027,"n":4,"sw":1},"geometry":{"type":"LineString","coordinates":[[22.414554,39.638654],[22.414572,39.638655]]}},{"type":"Feature","properties":{"line":"11","mode":"bus","color":"#df375f","oi":-0.06,"n":4,"sw":1},"geometry":{"type":"LineString","coordinates":[[22.414565,39.638655],[22.414583,39.638656]]}},{"type":"Feature","properties":{"line":"11","mode":"bus","color":"#df375f","oi":-0.103,"n":4,"sw":1},"geometry":{"type":"LineString","coordinates":[[22.414576,39.638656],[22.414594,39.638657]]}},{"type":"Feature","properties":{"line":"11","mode":"bus","color":"#df375f","oi":-0.156,"n":4,"sw":1},"geometry":{"type":"LineString","coordinates":[[22.414587,39.638656],[22.414605,39.638658]]}},{"type":"Feature","properties":{"line":"11","mode":"bus","color":"#df375f","oi":-0.218,"n":4,"sw":1},"geometry":{"type":"LineString","coordinates":[[22.414598,39.638657],[22.414616,39.638658]]}},{"type":"Feature","properties":{"line":"11","mode":"bus","color":"#df375f","oi":-0.287,"n":4,"sw":1},"geometry":{"type":"LineString","coordinates":[[22.414609,39.638658],[22.414627,39.638659]]}},{"type":"Feature","properties":{"line":"11","mode":"bus","color":"#df375f","oi":-0.362,"n":4,"sw":1},"geometry":{"type":"LineString","coordinates":[[22.41462,39.638659],[22.414638,39.63866]]}},{"type":"Feature","properties":{"line":"11","mode":"bus","color":"#df375f","oi":-0.443,"n":4,"sw":1},"geometry":{"type":"LineString","coordinates":[[22.414631,39.638659],[22.414649,39.638661]]}},{"type":"Feature","properties":{"line":"11","mode":"bus","color":"#df375f","oi":-0.528,"n":4,"sw":1},"geometry":{"type":"LineString","coordinates":[[22.414642,39.63866],[22.41466,39.638661]]}},{"type":"Feature","properties":{"line":"11","mode":"bus","color":"#df375f","oi":-0.616,"n":4,"sw":1},"geometry":{"type":"LineString","coordinates":[[22.414653,39.638661],[22.414671,39.638662]]}},{"type":"Feature","properties":{"line":"11","mode":"bus","color":"#df375f","oi":-0.705,"n":4,"sw":1},"geometry":{"type":"LineString","coordinates":[[22.414664,39.638662],[22.414681,39.638663]]}},{"type":"Feature","properties":{"line":"11","mode":"bus","color":"#df375f","oi":-0.795,"n":4,"sw":1},"geometry":{"type":"LineString","coordinates":[[22.414674,39.638662],[22.414692,39.638664]]}},{"type":"Feature","properties":{"line":"11","mode":"bus","color":"#df375f","oi":-0.884,"n":4,"sw":1},"geometry":{"type":"LineString","coordinates":[[22.414685,39.638663],[22.414703,39.638664]]}},{"type":"Feature","properties":{"line":"11","mode":"bus","color":"#df375f","oi":-0.972,"n":4,"sw":1},"geometry":{"type":"LineString","coordinates":[[22.414696,39.638664],[22.414714,39.638665]]}},{"type":"Feature","properties":{"line":"11","mode":"bus","color":"#df375f","oi":-1.057,"n":4,"sw":1},"geometry":{"type":"LineString","coordinates":[[22.414707,39.638665],[22.414725,39.638666]]}},{"type":"Feature","properties":{"line":"11","mode":"bus","color":"#df375f","oi":-1.138,"n":4,"sw":1},"geometry":{"type":"LineString","coordinates":[[22.414718,39.638665],[22.414736,39.638667]]}},{"type":"Feature","properties":{"line":"11","mode":"bus","color":"#df375f","oi":-1.213,"n":4,"sw":1},"geometry":{"type":"LineString","coordinates":[[22.414729,39.638666],[22.414747,39.638667]]}},{"type":"Feature","properties":{"line":"11","mode":"bus","color":"#df375f","oi":-1.282,"n":4,"sw":1},"geometry":{"type":"LineString","coordinates":[[22.41474,39.638667],[22.414758,39.638668]]}},{"type":"Feature","properties":{"line":"11","mode":"bus","color":"#df375f","oi":-1.344,"n":4,"sw":1},"geometry":{"type":"LineString","coordinates":[[22.414751,39.638668],[22.414769,39.638669]]}},{"type":"Feature","properties":{"line":"11","mode":"bus","color":"#df375f","oi":-1.397,"n":4,"sw":1},"geometry":{"type":"LineString","coordinates":[[22.414762,39.638668],[22.41478,39.63867]]}},{"type":"Feature","properties":{"line":"11","mode":"bus","color":"#df375f","oi":-1.44,"n":4,"sw":1},"geometry":{"type":"LineString","coordinates":[[22.414773,39.638669],[22.414791,39.63867]]}},{"type":"Feature","properties":{"line":"11","mode":"bus","color":"#df375f","oi":-1.473,"n":4,"sw":1},"geometry":{"type":"LineString","coordinates":[[22.414784,39.63867],[22.414802,39.638671]]}},{"type":"Feature","properties":{"line":"11","mode":"bus","color":"#df375f","oi":-1.493,"n":4,"sw":1},"geometry":{"type":"LineString","coordinates":[[22.414795,39.638671],[22.414813,39.638672]]}},{"type":"Feature","properties":{"line":"11","mode":"bus","color":"#df375f","oi":-1.5,"n":4,"sw":1},"geometry":{"type":"LineString","coordinates":[[22.414806,39.638671],[22.414823,39.638673]]}},{"type":"Feature","properties":{"line":"11","mode":"bus","color":"#df375f","oi":-1.5,"n":4,"sw":1},"geometry":{"type":"LineString","coordinates":[[22.414816,39.638672],[22.414834,39.638673]]}},{"type":"Feature","properties":{"line":"11","mode":"bus","color":"#df375f","oi":-1.493,"n":4,"sw":1},"geometry":{"type":"LineString","coordinates":[[22.414827,39.638673],[22.414845,39.638674]]}},{"type":"Feature","properties":{"line":"11","mode":"bus","color":"#df375f","oi":-1.473,"n":4,"sw":1},"geometry":{"type":"LineString","coordinates":[[22.414838,39.638674],[22.414856,39.638675]]}},{"type":"Feature","properties":{"line":"11","mode":"bus","color":"#df375f","oi":-1.44,"n":4,"sw":1},"geometry":{"type":"LineString","coordinates":[[22.414849,39.638674],[22.414867,39.638676]]}},{"type":"Feature","properties":{"line":"11","mode":"bus","color":"#df375f","oi":-1.397,"n":4,"sw":1},"geometry":{"type":"LineString","coordinates":[[22.41486,39.638675],[22.414878,39.638676]]}},{"type":"Feature","properties":{"line":"11","mode":"bus","color":"#df375f","oi":-1.344,"n":4,"sw":1},"geometry":{"type":"LineString","coordinates":[[22.414871,39.638676],[22.414889,39.638677]]}},{"type":"Feature","properties":{"line":"11","mode":"bus","color":"#df375f","oi":-1.282,"n":4,"sw":1},"geometry":{"type":"LineString","coordinates":[[22.414882,39.638677],[22.4149,39.638678]]}},{"type":"Feature","properties":{"line":"11","mode":"bus","color":"#df375f","oi":-1.213,"n":4,"sw":1},"geometry":{"type":"LineString","coordinates":[[22.414893,39.638677],[22.414911,39.638678]]}},{"type":"Feature","properties":{"line":"11","mode":"bus","color":"#df375f","oi":-1.138,"n":4,"sw":1},"geometry":{"type":"LineString","coordinates":[[22.414904,39.638678],[22.414922,39.638679]]}},{"type":"Feature","properties":{"line":"11","mode":"bus","color":"#df375f","oi":-1.057,"n":4,"sw":1},"geometry":{"type":"LineString","coordinates":[[22.414915,39.638679],[22.414933,39.63868]]}},{"type":"Feature","properties":{"line":"11","mode":"bus","color":"#df375f","oi":-0.972,"n":4,"sw":1},"geometry":{"type":"LineString","coordinates":[[22.414926,39.63868],[22.414944,39.638681]]}},{"type":"Feature","properties":{"line":"11","mode":"bus","color":"#df375f","oi":-0.884,"n":4,"sw":1},"geometry":{"type":"LineString","coordinates":[[22.414937,39.63868],[22.414954,39.638681]]}},{"type":"Feature","properties":{"line":"11","mode":"bus","color":"#df375f","oi":-0.795,"n":4,"sw":1},"geometry":{"type":"LineString","coordinates":[[22.414948,39.638681],[22.414965,39.638682]]}},{"type":"Feature","properties":{"line":"11","mode":"bus","color":"#df375f","oi":-0.705,"n":4,"sw":1},"geometry":{"type":"LineString","coordinates":[[22.414958,39.638682],[22.414976,39.638683]]}},{"type":"Feature","properties":{"line":"11","mode":"bus","color":"#df375f","oi":-0.616,"n":4,"sw":1},"geometry":{"type":"LineString","coordinates":[[22.414969,39.638682],[22.414977,39.638683],[22.414987,39.638686]]}},{"type":"Feature","properties":{"line":"11","mode":"bus","color":"#df375f","oi":-0.528,"n":4,"sw":1},"geometry":{"type":"LineString","coordinates":[[22.41498,39.638684],[22.414997,39.638689]]}},{"type":"Feature","properties":{"line":"11","mode":"bus","color":"#df375f","oi":-0.443,"n":4,"sw":1},"geometry":{"type":"LineString","coordinates":[[22.41499,39.638687],[22.415007,39.638691]]}},{"type":"Feature","properties":{"line":"11","mode":"bus","color":"#df375f","oi":-0.362,"n":4,"sw":1},"geometry":{"type":"LineString","coordinates":[[22.415001,39.63869],[22.415018,39.638694]]}},{"type":"Feature","properties":{"line":"11","mode":"bus","color":"#df375f","oi":-0.287,"n":4,"sw":1},"geometry":{"type":"LineString","coordinates":[[22.415011,39.638692],[22.415028,39.638697]]}},{"type":"Feature","properties":{"line":"11","mode":"bus","color":"#df375f","oi":-0.218,"n":4,"sw":1},"geometry":{"type":"LineString","coordinates":[[22.415021,39.638695],[22.415038,39.6387]]}},{"type":"Feature","properties":{"line":"11","mode":"bus","color":"#df375f","oi":-0.156,"n":4,"sw":1},"geometry":{"type":"LineString","coordinates":[[22.415032,39.638698],[22.415049,39.638703]]}},{"type":"Feature","properties":{"line":"11","mode":"bus","color":"#df375f","oi":-0.103,"n":4,"sw":1},"geometry":{"type":"LineString","coordinates":[[22.415042,39.638701],[22.415059,39.638706]]}},{"type":"Feature","properties":{"line":"11","mode":"bus","color":"#df375f","oi":-0.06,"n":4,"sw":1},"geometry":{"type":"LineString","coordinates":[[22.415052,39.638704],[22.415069,39.638708]]}},{"type":"Feature","properties":{"line":"11","mode":"bus","color":"#df375f","oi":-0.027,"n":4,"sw":1},"geometry":{"type":"LineString","coordinates":[[22.415063,39.638707],[22.41508,39.638711]]}},{"type":"Feature","properties":{"line":"11","mode":"bus","color":"#df375f","oi":-0.007,"n":4,"sw":1},"geometry":{"type":"LineString","coordinates":[[22.415073,39.638709],[22.41509,39.638714]]}},{"type":"Feature","properties":{"line":"11","mode":"bus","color":"#df375f","oi":0,"n":4,"sw":1},"geometry":{"type":"LineString","coordinates":[[22.415083,39.638712],[22.415097,39.638716]]}},{"type":"Feature","properties":{"line":"11","mode":"bus","color":"#df375f","oi":0,"n":3},"geometry":{"type":"LineString","coordinates":[[22.422339,39.631646],[22.420831,39.635855],[22.42038,39.636731],[22.420385,39.639084]]}},{"type":"Feature","properties":{"line":"11","mode":"bus","color":"#df375f","oi":0,"n":3},"geometry":{"type":"LineString","coordinates":[[22.419415,39.631051],[22.419373,39.630933],[22.419377,39.630622]]}},{"type":"Feature","properties":{"line":"11","mode":"bus","color":"#df375f","oi":0.5,"n":4},"geometry":{"type":"LineString","coordinates":[[22.419821,39.631134],[22.422339,39.631646]]}},{"type":"Feature","properties":{"line":"11","mode":"bus","color":"#df375f","oi":0,"n":4,"sw":1},"geometry":{"type":"LineString","coordinates":[[22.419415,39.631051],[22.419459,39.63106]]}},{"type":"Feature","properties":{"line":"11","mode":"bus","color":"#df375f","oi":0.017,"n":4,"sw":1},"geometry":{"type":"LineString","coordinates":[[22.419452,39.631059],[22.4195,39.631068]]}},{"type":"Feature","properties":{"line":"11","mode":"bus","color":"#df375f","oi":0.063,"n":4,"sw":1},"geometry":{"type":"LineString","coordinates":[[22.419493,39.631067],[22.41954,39.631076]]}},{"type":"Feature","properties":{"line":"11","mode":"bus","color":"#df375f","oi":0.13,"n":4,"sw":1},"geometry":{"type":"LineString","coordinates":[[22.419533,39.631075],[22.419581,39.631085]]}},{"type":"Feature","properties":{"line":"11","mode":"bus","color":"#df375f","oi":0.209,"n":4,"sw":1},"geometry":{"type":"LineString","coordinates":[[22.419574,39.631083],[22.419621,39.631093]]}},{"type":"Feature","properties":{"line":"11","mode":"bus","color":"#df375f","oi":0.291,"n":4,"sw":1},"geometry":{"type":"LineString","coordinates":[[22.419615,39.631092],[22.419662,39.631101]]}},{"type":"Feature","properties":{"line":"11","mode":"bus","color":"#df375f","oi":0.37,"n":4,"sw":1},"geometry":{"type":"LineString","coordinates":[[22.419655,39.6311],[22.419703,39.63111]]}},{"type":"Feature","properties":{"line":"11","mode":"bus","color":"#df375f","oi":0.437,"n":4,"sw":1},"geometry":{"type":"LineString","coordinates":[[22.419696,39.631108],[22.419743,39.631118]]}},{"type":"Feature","properties":{"line":"11","mode":"bus","color":"#df375f","oi":0.483,"n":4,"sw":1},"geometry":{"type":"LineString","coordinates":[[22.419737,39.631116],[22.419784,39.631126]]}},{"type":"Feature","properties":{"line":"11","mode":"bus","color":"#df375f","oi":0.5,"n":4,"sw":1},"geometry":{"type":"LineString","coordinates":[[22.419777,39.631125],[22.419825,39.631134]]}},{"type":"Feature","properties":{"line":"11","mode":"bus","color":"#df375f","oi":-0.5,"n":4},"geometry":{"type":"LineString","coordinates":[[22.419109,39.63871],[22.41905,39.635501],[22.419297,39.631687],[22.419356,39.631372]]}},{"type":"Feature","properties":{"line":"11","mode":"bus","color":"#df375f","oi":0,"n":4,"sw":1},"geometry":{"type":"LineString","coordinates":[[22.419115,39.639034],[22.419114,39.638999]]}},{"type":"Feature","properties":{"line":"11","mode":"bus","color":"#df375f","oi":-0.017,"n":4,"sw":1},"geometry":{"type":"LineString","coordinates":[[22.419114,39.639004],[22.419114,39.638967]]}},{"type":"Feature","properties":{"line":"11","mode":"bus","color":"#df375f","oi":-0.063,"n":4,"sw":1},"geometry":{"type":"LineString","coordinates":[[22.419114,39.638972],[22.419113,39.638934]]}},{"type":"Feature","properties":{"line":"11","mode":"bus","color":"#df375f","oi":-0.13,"n":4,"sw":1},"geometry":{"type":"LineString","coordinates":[[22.419113,39.63894],[22.419113,39.638902]]}},{"type":"Feature","properties":{"line":"11","mode":"bus","color":"#df375f","oi":-0.209,"n":4,"sw":1},"geometry":{"type":"LineString","coordinates":[[22.419113,39.638907],[22.419112,39.638869]]}},{"type":"Feature","properties":{"line":"11","mode":"bus","color":"#df375f","oi":-0.291,"n":4,"sw":1},"geometry":{"type":"LineString","coordinates":[[22.419112,39.638875],[22.419111,39.638837]]}},{"type":"Feature","properties":{"line":"11","mode":"bus","color":"#df375f","oi":-0.37,"n":4,"sw":1},"geometry":{"type":"LineString","coordinates":[[22.419111,39.638842],[22.419111,39.638805]]}},{"type":"Feature","properties":{"line":"11","mode":"bus","color":"#df375f","oi":-0.437,"n":4,"sw":1},"geometry":{"type":"LineString","coordinates":[[22.419111,39.63881],[22.41911,39.638772]]}},{"type":"Feature","properties":{"line":"11","mode":"bus","color":"#df375f","oi":-0.483,"n":4,"sw":1},"geometry":{"type":"LineString","coordinates":[[22.41911,39.638778],[22.41911,39.63874]]}},{"type":"Feature","properties":{"line":"11","mode":"bus","color":"#df375f","oi":-0.5,"n":4,"sw":1},"geometry":{"type":"LineString","coordinates":[[22.41911,39.638745],[22.419109,39.638707]]}},{"type":"Feature","properties":{"line":"11","mode":"bus","color":"#df375f","oi":-0.5,"n":4,"sw":1},"geometry":{"type":"LineString","coordinates":[[22.419355,39.631374],[22.419362,39.631337]]}},{"type":"Feature","properties":{"line":"11","mode":"bus","color":"#df375f","oi":-0.483,"n":4,"sw":1},"geometry":{"type":"LineString","coordinates":[[22.419361,39.631342],[22.419368,39.631305]]}},{"type":"Feature","properties":{"line":"11","mode":"bus","color":"#df375f","oi":-0.437,"n":4,"sw":1},"geometry":{"type":"LineString","coordinates":[[22.419367,39.63131],[22.419374,39.631273]]}},{"type":"Feature","properties":{"line":"11","mode":"bus","color":"#df375f","oi":-0.37,"n":4,"sw":1},"geometry":{"type":"LineString","coordinates":[[22.419373,39.631278],[22.41938,39.631241]]}},{"type":"Feature","properties":{"line":"11","mode":"bus","color":"#df375f","oi":-0.291,"n":4,"sw":1},"geometry":{"type":"LineString","coordinates":[[22.419379,39.631246],[22.419386,39.631209]]}},{"type":"Feature","properties":{"line":"11","mode":"bus","color":"#df375f","oi":-0.209,"n":4,"sw":1},"geometry":{"type":"LineString","coordinates":[[22.419385,39.631214],[22.419392,39.631177]]}},{"type":"Feature","properties":{"line":"11","mode":"bus","color":"#df375f","oi":-0.13,"n":4,"sw":1},"geometry":{"type":"LineString","coordinates":[[22.419391,39.631182],[22.419398,39.631145]]}},{"type":"Feature","properties":{"line":"11","mode":"bus","color":"#df375f","oi":-0.063,"n":4,"sw":1},"geometry":{"type":"LineString","coordinates":[[22.419397,39.63115],[22.419404,39.631112]]}},{"type":"Feature","properties":{"line":"11","mode":"bus","color":"#df375f","oi":-0.017,"n":4,"sw":1},"geometry":{"type":"LineString","coordinates":[[22.419403,39.631118],[22.41941,39.63108]]}},{"type":"Feature","properties":{"line":"11","mode":"bus","color":"#df375f","oi":0,"n":4,"sw":1},"geometry":{"type":"LineString","coordinates":[[22.419409,39.631086],[22.419415,39.631051]]}},{"type":"Feature","properties":{"line":"11","mode":"bus","color":"#df375f","oi":0.5,"n":4},"geometry":{"type":"LineString","coordinates":[[22.419269,39.631021],[22.419342,39.631036]]}},{"type":"Feature","properties":{"line":"11","mode":"bus","color":"#df375f","oi":0.5,"n":4,"sw":1},"geometry":{"type":"LineString","coordinates":[[22.419339,39.631035],[22.419356,39.631039]]}},{"type":"Feature","properties":{"line":"11","mode":"bus","color":"#df375f","oi":0.463,"n":4,"sw":1},"geometry":{"type":"LineString","coordinates":[[22.419349,39.631037],[22.419366,39.631041]]}},{"type":"Feature","properties":{"line":"11","mode":"bus","color":"#df375f","oi":0.37,"n":4,"sw":1},"geometry":{"type":"LineString","coordinates":[[22.419359,39.63104],[22.419377,39.631043]]}},{"type":"Feature","properties":{"line":"11","mode":"bus","color":"#df375f","oi":0.25,"n":4,"sw":1},"geometry":{"type":"LineString","coordinates":[[22.41937,39.631042],[22.419387,39.631045]]}},{"type":"Feature","properties":{"line":"11","mode":"bus","color":"#df375f","oi":0.13,"n":4,"sw":1},"geometry":{"type":"LineString","coordinates":[[22.41938,39.631044],[22.419398,39.631047]]}},{"type":"Feature","properties":{"line":"11","mode":"bus","color":"#df375f","oi":0.037,"n":4,"sw":1},"geometry":{"type":"LineString","coordinates":[[22.419391,39.631046],[22.419408,39.63105]]}},{"type":"Feature","properties":{"line":"11","mode":"bus","color":"#df375f","oi":0,"n":4,"sw":1},"geometry":{"type":"LineString","coordinates":[[22.419401,39.631048],[22.419415,39.631051]]}},{"type":"Feature","properties":{"line":"1","mode":"bus","color":"#03636c","oi":0,"n":1},"geometry":{"type":"LineString","coordinates":[[22.43866,39.658891],[22.4387,39.659011],[22.439103,39.659448]]}},{"type":"Feature","properties":{"line":"1","mode":"bus","color":"#03636c","oi":0,"n":1},"geometry":{"type":"LineString","coordinates":[[22.433523,39.651102],[22.434217,39.649233],[22.434221,39.649211],[22.434214,39.649191],[22.434197,39.649173],[22.433734,39.64882],[22.433136,39.648416],[22.431669,39.647867],[22.431545,39.64784],[22.431375,39.647844]]}},{"type":"Feature","properties":{"line":"1","mode":"bus","color":"#03636c","oi":0,"n":1},"geometry":{"type":"LineString","coordinates":[[22.397407,39.626675],[22.395851,39.626641],[22.395527,39.626694],[22.395365,39.626781],[22.395341,39.62679],[22.395319,39.626787],[22.395299,39.626773],[22.392508,39.623912],[22.392498,39.623898],[22.392496,39.623885],[22.392503,39.623873],[22.392517,39.623861],[22.394462,39.622734],[22.395068,39.622177],[22.395594,39.621554],[22.396652,39.620043],[22.396664,39.62003],[22.396679,39.620023],[22.396696,39.620023],[22.396715,39.620029],[22.398738,39.620901],[22.401037,39.621851]]}},{"type":"Feature","properties":{"line":"1","mode":"bus","color":"#03636c","oi":0,"n":1},"geometry":{"type":"LineString","coordinates":[[22.395594,39.621554],[22.399899,39.623352]]}},{"type":"Feature","properties":{"line":"1","mode":"bus","color":"#03636c","oi":0,"n":1},"geometry":{"type":"LineString","coordinates":[[22.3972,39.628453],[22.395914,39.628433],[22.395888,39.628436],[22.395872,39.628448],[22.395866,39.628468],[22.395712,39.63254]]}},{"type":"Feature","properties":{"line":"1","mode":"bus","color":"#03636c","oi":0,"n":1},"geometry":{"type":"LineString","coordinates":[[22.412663,39.634101],[22.41214,39.634102]]}},{"type":"Feature","properties":{"line":"1","mode":"bus","color":"#03636c","oi":0.5,"n":1,"sw":1},"geometry":{"type":"LineString","coordinates":[[22.413083,39.634101],[22.413037,39.634101]]}},{"type":"Feature","properties":{"line":"1","mode":"bus","color":"#03636c","oi":0.483,"n":1,"sw":1},"geometry":{"type":"LineString","coordinates":[[22.413044,39.634101],[22.412995,39.634101]]}},{"type":"Feature","properties":{"line":"1","mode":"bus","color":"#03636c","oi":0.437,"n":1,"sw":1},"geometry":{"type":"LineString","coordinates":[[22.413002,39.634101],[22.412953,39.634101]]}},{"type":"Feature","properties":{"line":"1","mode":"bus","color":"#03636c","oi":0.37,"n":1,"sw":1},"geometry":{"type":"LineString","coordinates":[[22.41296,39.634101],[22.412911,39.634101]]}},{"type":"Feature","properties":{"line":"1","mode":"bus","color":"#03636c","oi":0.291,"n":1,"sw":1},"geometry":{"type":"LineString","coordinates":[[22.412918,39.634101],[22.412869,39.634101]]}},{"type":"Feature","properties":{"line":"1","mode":"bus","color":"#03636c","oi":0.209,"n":1,"sw":1},"geometry":{"type":"LineString","coordinates":[[22.412876,39.634101],[22.412827,39.634101]]}},{"type":"Feature","properties":{"line":"1","mode":"bus","color":"#03636c","oi":0.13,"n":1,"sw":1},"geometry":{"type":"LineString","coordinates":[[22.412834,39.634101],[22.412785,39.634101]]}},{"type":"Feature","properties":{"line":"1","mode":"bus","color":"#03636c","oi":0.063,"n":1,"sw":1},"geometry":{"type":"LineString","coordinates":[[22.412792,39.634101],[22.412743,39.634101]]}},{"type":"Feature","properties":{"line":"1","mode":"bus","color":"#03636c","oi":0.017,"n":1,"sw":1},"geometry":{"type":"LineString","coordinates":[[22.41275,39.634101],[22.412701,39.634101]]}},{"type":"Feature","properties":{"line":"1","mode":"bus","color":"#03636c","oi":0,"n":1,"sw":1},"geometry":{"type":"LineString","coordinates":[[22.412708,39.634101],[22.412659,39.634101]]}},{"type":"Feature","properties":{"line":"1","mode":"bus","color":"#03636c","oi":0,"n":1,"sw":1},"geometry":{"type":"LineString","coordinates":[[22.412144,39.634102],[22.412113,39.634102]]}},{"type":"Feature","properties":{"line":"1","mode":"bus","color":"#03636c","oi":0.01,"n":1,"sw":1},"geometry":{"type":"LineString","coordinates":[[22.41212,39.634102],[22.41209,39.634102]]}},{"type":"Feature","properties":{"line":"1","mode":"bus","color":"#03636c","oi":0.038,"n":1,"sw":1},"geometry":{"type":"LineString","coordinates":[[22.412097,39.634102],[22.412067,39.634102]]}},{"type":"Feature","properties":{"line":"1","mode":"bus","color":"#03636c","oi":0.082,"n":1,"sw":1},"geometry":{"type":"LineString","coordinates":[[22.412074,39.634102],[22.412043,39.634102]]}},{"type":"Feature","properties":{"line":"1","mode":"bus","color":"#03636c","oi":0.14,"n":1,"sw":1},"geometry":{"type":"LineString","coordinates":[[22.41205,39.634102],[22.41202,39.634102]]}},{"type":"Feature","properties":{"line":"1","mode":"bus","color":"#03636c","oi":0.209,"n":1,"sw":1},"geometry":{"type":"LineString","coordinates":[[22.412027,39.634102],[22.411997,39.634102]]}},{"type":"Feature","properties":{"line":"1","mode":"bus","color":"#03636c","oi":0.286,"n":1,"sw":1},"geometry":{"type":"LineString","coordinates":[[22.412004,39.634102],[22.411973,39.634102]]}},{"type":"Feature","properties":{"line":"1","mode":"bus","color":"#03636c","oi":0.369,"n":1,"sw":1},"geometry":{"type":"LineString","coordinates":[[22.41198,39.634102],[22.41195,39.634102]]}},{"type":"Feature","properties":{"line":"1","mode":"bus","color":"#03636c","oi":0.456,"n":1,"sw":1},"geometry":{"type":"LineString","coordinates":[[22.411957,39.634102],[22.411927,39.634102]]}},{"type":"Feature","properties":{"line":"1","mode":"bus","color":"#03636c","oi":0.544,"n":1,"sw":1},"geometry":{"type":"LineString","coordinates":[[22.411934,39.634102],[22.411903,39.634102]]}},{"type":"Feature","properties":{"line":"1","mode":"bus","color":"#03636c","oi":0.631,"n":1,"sw":1},"geometry":{"type":"LineString","coordinates":[[22.41191,39.634102],[22.41188,39.634102]]}},{"type":"Feature","properties":{"line":"1","mode":"bus","color":"#03636c","oi":0.714,"n":1,"sw":1},"geometry":{"type":"LineString","coordinates":[[22.411887,39.634102],[22.411857,39.634102]]}},{"type":"Feature","properties":{"line":"1","mode":"bus","color":"#03636c","oi":0.791,"n":1,"sw":1},"geometry":{"type":"LineString","coordinates":[[22.411864,39.634102],[22.411833,39.634102]]}},{"type":"Feature","properties":{"line":"1","mode":"bus","color":"#03636c","oi":0.86,"n":1,"sw":1},"geometry":{"type":"LineString","coordinates":[[22.41184,39.634102],[22.41181,39.634102]]}},{"type":"Feature","properties":{"line":"1","mode":"bus","color":"#03636c","oi":0.918,"n":1,"sw":1},"geometry":{"type":"LineString","coordinates":[[22.411817,39.634102],[22.411787,39.634102]]}},{"type":"Feature","properties":{"line":"1","mode":"bus","color":"#03636c","oi":0.962,"n":1,"sw":1},"geometry":{"type":"LineString","coordinates":[[22.411794,39.634102],[22.411763,39.634102]]}},{"type":"Feature","properties":{"line":"1","mode":"bus","color":"#03636c","oi":0.99,"n":1,"sw":1},"geometry":{"type":"LineString","coordinates":[[22.41177,39.634102],[22.41174,39.634102]]}},{"type":"Feature","properties":{"line":"1","mode":"bus","color":"#03636c","oi":1,"n":1,"sw":1},"geometry":{"type":"LineString","coordinates":[[22.411747,39.634102],[22.41172,39.634102]]}},{"type":"Feature","properties":{"line":"1","mode":"bus","color":"#03636c","oi":0,"n":1},"geometry":{"type":"LineString","coordinates":[[22.413175,39.6341],[22.414091,39.634105],[22.414631,39.634174],[22.414974,39.634263],[22.415152,39.634374],[22.415194,39.634435]]}},{"type":"Feature","properties":{"line":"1","mode":"bus","color":"#03636c","oi":1.5,"n":4},"geometry":{"type":"LineString","coordinates":[[22.428374,39.645985],[22.430594,39.647318],[22.431375,39.647844],[22.431582,39.648055],[22.432807,39.649996],[22.43538,39.653961],[22.435742,39.65455],[22.436337,39.655651],[22.437442,39.657558],[22.438523,39.658787],[22.43866,39.658891]]}},{"type":"Feature","properties":{"line":"1","mode":"bus","color":"#03636c","oi":0,"n":4,"sw":1},"geometry":{"type":"LineString","coordinates":[[22.428043,39.645786],[22.428059,39.645795]]}},{"type":"Feature","properties":{"line":"1","mode":"bus","color":"#03636c","oi":0.007,"n":4,"sw":1},"geometry":{"type":"LineString","coordinates":[[22.428053,39.645792],[22.428071,39.645803]]}},{"type":"Feature","properties":{"line":"1","mode":"bus","color":"#03636c","oi":0.027,"n":4,"sw":1},"geometry":{"type":"LineString","coordinates":[[22.428066,39.6458],[22.428084,39.645811]]}},{"type":"Feature","properties":{"line":"1","mode":"bus","color":"#03636c","oi":0.06,"n":4,"sw":1},"geometry":{"type":"LineString","coordinates":[[22.428078,39.645807],[22.428097,39.645818]]}},{"type":"Feature","properties":{"line":"1","mode":"bus","color":"#03636c","oi":0.103,"n":4,"sw":1},"geometry":{"type":"LineString","coordinates":[[22.428091,39.645815],[22.42811,39.645826]]}},{"type":"Feature","properties":{"line":"1","mode":"bus","color":"#03636c","oi":0.156,"n":4,"sw":1},"geometry":{"type":"LineString","coordinates":[[22.428104,39.645823],[22.428122,39.645834]]}},{"type":"Feature","properties":{"line":"1","mode":"bus","color":"#03636c","oi":0.218,"n":4,"sw":1},"geometry":{"type":"LineString","coordinates":[[22.428117,39.64583],[22.428135,39.645841]]}},{"type":"Feature","properties":{"line":"1","mode":"bus","color":"#03636c","oi":0.287,"n":4,"sw":1},"geometry":{"type":"LineString","coordinates":[[22.428129,39.645838],[22.428148,39.645849]]}},{"type":"Feature","properties":{"line":"1","mode":"bus","color":"#03636c","oi":0.362,"n":4,"sw":1},"geometry":{"type":"LineString","coordinates":[[22.428142,39.645846],[22.42816,39.645857]]}},{"type":"Feature","properties":{"line":"1","mode":"bus","color":"#03636c","oi":0.443,"n":4,"sw":1},"geometry":{"type":"LineString","coordinates":[[22.428155,39.645853],[22.428173,39.645864]]}},{"type":"Feature","properties":{"line":"1","mode":"bus","color":"#03636c","oi":0.528,"n":4,"sw":1},"geometry":{"type":"LineString","coordinates":[[22.428168,39.645861],[22.428186,39.645872]]}},{"type":"Feature","properties":{"line":"1","mode":"bus","color":"#03636c","oi":0.616,"n":4,"sw":1},"geometry":{"type":"LineString","coordinates":[[22.42818,39.645869],[22.428199,39.64588]]}},{"type":"Feature","properties":{"line":"1","mode":"bus","color":"#03636c","oi":0.705,"n":4,"sw":1},"geometry":{"type":"LineString","coordinates":[[22.428193,39.645876],[22.428211,39.645887]]}},{"type":"Feature","properties":{"line":"1","mode":"bus","color":"#03636c","oi":0.795,"n":4,"sw":1},"geometry":{"type":"LineString","coordinates":[[22.428206,39.645884],[22.428224,39.645895]]}},{"type":"Feature","properties":{"line":"1","mode":"bus","color":"#03636c","oi":0.884,"n":4,"sw":1},"geometry":{"type":"LineString","coordinates":[[22.428219,39.645892],[22.428237,39.645902]]}},{"type":"Feature","properties":{"line":"1","mode":"bus","color":"#03636c","oi":0.972,"n":4,"sw":1},"geometry":{"type":"LineString","coordinates":[[22.428231,39.645899],[22.42825,39.64591]]}},{"type":"Feature","properties":{"line":"1","mode":"bus","color":"#03636c","oi":1.057,"n":4,"sw":1},"geometry":{"type":"LineString","coordinates":[[22.428244,39.645907],[22.428262,39.645918]]}},{"type":"Feature","properties":{"line":"1","mode":"bus","color":"#03636c","oi":1.138,"n":4,"sw":1},"geometry":{"type":"LineString","coordinates":[[22.428257,39.645914],[22.428275,39.645925]]}},{"type":"Feature","properties":{"line":"1","mode":"bus","color":"#03636c","oi":1.213,"n":4,"sw":1},"geometry":{"type":"LineString","coordinates":[[22.42827,39.645922],[22.428288,39.645933]]}},{"type":"Feature","properties":{"line":"1","mode":"bus","color":"#03636c","oi":1.282,"n":4,"sw":1},"geometry":{"type":"LineString","coordinates":[[22.428282,39.64593],[22.428301,39.645941]]}},{"type":"Feature","properties":{"line":"1","mode":"bus","color":"#03636c","oi":1.344,"n":4,"sw":1},"geometry":{"type":"LineString","coordinates":[[22.428295,39.645937],[22.428313,39.645948]]}},{"type":"Feature","properties":{"line":"1","mode":"bus","color":"#03636c","oi":1.397,"n":4,"sw":1},"geometry":{"type":"LineString","coordinates":[[22.428308,39.645945],[22.428326,39.645956]]}},{"type":"Feature","properties":{"line":"1","mode":"bus","color":"#03636c","oi":1.44,"n":4,"sw":1},"geometry":{"type":"LineString","coordinates":[[22.428321,39.645953],[22.428339,39.645964]]}},{"type":"Feature","properties":{"line":"1","mode":"bus","color":"#03636c","oi":1.473,"n":4,"sw":1},"geometry":{"type":"LineString","coordinates":[[22.428333,39.64596],[22.428352,39.645971]]}},{"type":"Feature","properties":{"line":"1","mode":"bus","color":"#03636c","oi":1.493,"n":4,"sw":1},"geometry":{"type":"LineString","coordinates":[[22.428346,39.645968],[22.428364,39.645979]]}},{"type":"Feature","properties":{"line":"1","mode":"bus","color":"#03636c","oi":1.5,"n":4,"sw":1},"geometry":{"type":"LineString","coordinates":[[22.428359,39.645976],[22.428377,39.645987]]}},{"type":"Feature","properties":{"line":"1","mode":"bus","color":"#03636c","oi":1.5,"n":4},"geometry":{"type":"LineString","coordinates":[[22.427433,39.645899],[22.427458,39.646085],[22.427503,39.646184],[22.427564,39.646231],[22.427594,39.646245],[22.427628,39.646249],[22.427698,39.646246],[22.427791,39.646186],[22.427845,39.646063]]}},{"type":"Feature","properties":{"line":"1","mode":"bus","color":"#03636c","oi":1.5,"n":4,"sw":1},"geometry":{"type":"LineString","coordinates":[[22.427844,39.646066],[22.427851,39.646049]]}},{"type":"Feature","properties":{"line":"1","mode":"bus","color":"#03636c","oi":1.493,"n":4,"sw":1},"geometry":{"type":"LineString","coordinates":[[22.427849,39.646054],[22.427857,39.646037]]}},{"type":"Feature","properties":{"line":"1","mode":"bus","color":"#03636c","oi":1.473,"n":4,"sw":1},"geometry":{"type":"LineString","coordinates":[[22.427854,39.646042],[22.427862,39.646025]]}},{"type":"Feature","properties":{"line":"1","mode":"bus","color":"#03636c","oi":1.44,"n":4,"sw":1},"geometry":{"type":"LineString","coordinates":[[22.427859,39.64603],[22.427867,39.646013]]}},{"type":"Feature","properties":{"line":"1","mode":"bus","color":"#03636c","oi":1.397,"n":4,"sw":1},"geometry":{"type":"LineString","coordinates":[[22.427865,39.646018],[22.427872,39.646002]]}},{"type":"Feature","properties":{"line":"1","mode":"bus","color":"#03636c","oi":1.344,"n":4,"sw":1},"geometry":{"type":"LineString","coordinates":[[22.42787,39.646007],[22.427877,39.64599]]}},{"type":"Feature","properties":{"line":"1","mode":"bus","color":"#03636c","oi":1.282,"n":4,"sw":1},"geometry":{"type":"LineString","coordinates":[[22.427875,39.645995],[22.427882,39.645978]]}},{"type":"Feature","properties":{"line":"1","mode":"bus","color":"#03636c","oi":1.213,"n":4,"sw":1},"geometry":{"type":"LineString","coordinates":[[22.42788,39.645983],[22.427888,39.645966]]}},{"type":"Feature","properties":{"line":"1","mode":"bus","color":"#03636c","oi":1.138,"n":4,"sw":1},"geometry":{"type":"LineString","coordinates":[[22.427885,39.645971],[22.427893,39.645954]]}},{"type":"Feature","properties":{"line":"1","mode":"bus","color":"#03636c","oi":1.057,"n":4,"sw":1},"geometry":{"type":"LineString","coordinates":[[22.427891,39.645959],[22.427898,39.645943]]}},{"type":"Feature","properties":{"line":"1","mode":"bus","color":"#03636c","oi":0.972,"n":4,"sw":1},"geometry":{"type":"LineString","coordinates":[[22.427896,39.645948],[22.427903,39.645931]]}},{"type":"Feature","properties":{"line":"1","mode":"bus","color":"#03636c","oi":0.884,"n":4,"sw":1},"geometry":{"type":"LineString","coordinates":[[22.427901,39.645936],[22.427908,39.645919]]}},{"type":"Feature","properties":{"line":"1","mode":"bus","color":"#03636c","oi":0.795,"n":4,"sw":1},"geometry":{"type":"LineString","coordinates":[[22.427906,39.645924],[22.427914,39.645907]]}},{"type":"Feature","properties":{"line":"1","mode":"bus","color":"#03636c","oi":0.705,"n":4,"sw":1},"geometry":{"type":"LineString","coordinates":[[22.427911,39.645912],[22.427919,39.645895]]}},{"type":"Feature","properties":{"line":"1","mode":"bus","color":"#03636c","oi":0.616,"n":4,"sw":1},"geometry":{"type":"LineString","coordinates":[[22.427917,39.6459],[22.427924,39.645884]]}},{"type":"Feature","properties":{"line":"1","mode":"bus","color":"#03636c","oi":0.528,"n":4,"sw":1},"geometry":{"type":"LineString","coordinates":[[22.427922,39.645889],[22.427926,39.645879],[22.427933,39.645873]]}},{"type":"Feature","properties":{"line":"1","mode":"bus","color":"#03636c","oi":0.443,"n":4,"sw":1},"geometry":{"type":"LineString","coordinates":[[22.427928,39.645877],[22.427944,39.645865]]}},{"type":"Feature","properties":{"line":"1","mode":"bus","color":"#03636c","oi":0.362,"n":4,"sw":1},"geometry":{"type":"LineString","coordinates":[[22.427939,39.645868],[22.427955,39.645856]]}},{"type":"Feature","properties":{"line":"1","mode":"bus","color":"#03636c","oi":0.287,"n":4,"sw":1},"geometry":{"type":"LineString","coordinates":[[22.427951,39.645859],[22.427967,39.645847]]}},{"type":"Feature","properties":{"line":"1","mode":"bus","color":"#03636c","oi":0.218,"n":4,"sw":1},"geometry":{"type":"LineString","coordinates":[[22.427962,39.645851],[22.427978,39.645838]]}},{"type":"Feature","properties":{"line":"1","mode":"bus","color":"#03636c","oi":0.156,"n":4,"sw":1},"geometry":{"type":"LineString","coordinates":[[22.427973,39.645842],[22.427989,39.645829]]}},{"type":"Feature","properties":{"line":"1","mode":"bus","color":"#03636c","oi":0.103,"n":4,"sw":1},"geometry":{"type":"LineString","coordinates":[[22.427984,39.645833],[22.428,39.64582]]}},{"type":"Feature","properties":{"line":"1","mode":"bus","color":"#03636c","oi":0.06,"n":4,"sw":1},"geometry":{"type":"LineString","coordinates":[[22.427996,39.645824],[22.428012,39.645811]]}},{"type":"Feature","properties":{"line":"1","mode":"bus","color":"#03636c","oi":0.027,"n":4,"sw":1},"geometry":{"type":"LineString","coordinates":[[22.428007,39.645815],[22.428023,39.645802]]}},{"type":"Feature","properties":{"line":"1","mode":"bus","color":"#03636c","oi":0.007,"n":4,"sw":1},"geometry":{"type":"LineString","coordinates":[[22.428018,39.645806],[22.428034,39.645793]]}},{"type":"Feature","properties":{"line":"1","mode":"bus","color":"#03636c","oi":0,"n":4,"sw":1},"geometry":{"type":"LineString","coordinates":[[22.428029,39.645797],[22.428043,39.645786]]}},{"type":"Feature","properties":{"line":"1","mode":"bus","color":"#03636c","oi":1,"n":3},"geometry":{"type":"LineString","coordinates":[[22.423375,39.642098],[22.424152,39.64284],[22.424585,39.643453],[22.42492,39.644062],[22.425209,39.644173],[22.425591,39.644383],[22.426477,39.644971],[22.427242,39.645615]]}},{"type":"Feature","properties":{"line":"1","mode":"bus","color":"#03636c","oi":1.5,"n":3,"sw":1},"geometry":{"type":"LineString","coordinates":[[22.423111,39.641846],[22.42314,39.641873]]}},{"type":"Feature","properties":{"line":"1","mode":"bus","color":"#03636c","oi":1.483,"n":3,"sw":1},"geometry":{"type":"LineString","coordinates":[[22.423135,39.641869],[22.423166,39.641899]]}},{"type":"Feature","properties":{"line":"1","mode":"bus","color":"#03636c","oi":1.437,"n":3,"sw":1},"geometry":{"type":"LineString","coordinates":[[22.423162,39.641894],[22.423192,39.641924]]}},{"type":"Feature","properties":{"line":"1","mode":"bus","color":"#03636c","oi":1.37,"n":3,"sw":1},"geometry":{"type":"LineString","coordinates":[[22.423188,39.64192],[22.423219,39.641949]]}},{"type":"Feature","properties":{"line":"1","mode":"bus","color":"#03636c","oi":1.291,"n":3,"sw":1},"geometry":{"type":"LineString","coordinates":[[22.423214,39.641945],[22.423245,39.641974]]}},{"type":"Feature","properties":{"line":"1","mode":"bus","color":"#03636c","oi":1.209,"n":3,"sw":1},"geometry":{"type":"LineString","coordinates":[[22.423241,39.64197],[22.423272,39.641999]]}},{"type":"Feature","properties":{"line":"1","mode":"bus","color":"#03636c","oi":1.13,"n":3,"sw":1},"geometry":{"type":"LineString","coordinates":[[22.423267,39.641995],[22.423298,39.642025]]}},{"type":"Feature","properties":{"line":"1","mode":"bus","color":"#03636c","oi":1.063,"n":3,"sw":1},"geometry":{"type":"LineString","coordinates":[[22.423294,39.64202],[22.423324,39.64205]]}},{"type":"Feature","properties":{"line":"1","mode":"bus","color":"#03636c","oi":1.017,"n":3,"sw":1},"geometry":{"type":"LineString","coordinates":[[22.42332,39.642046],[22.423351,39.642075]]}},{"type":"Feature","properties":{"line":"1","mode":"bus","color":"#03636c","oi":1,"n":3,"sw":1},"geometry":{"type":"LineString","coordinates":[[22.423346,39.642071],[22.423377,39.6421]]}},{"type":"Feature","properties":{"line":"1","mode":"bus","color":"#03636c","oi":1,"n":3,"sw":1},"geometry":{"type":"LineString","coordinates":[[22.427239,39.645613],[22.427272,39.645641]]}},{"type":"Feature","properties":{"line":"1","mode":"bus","color":"#03636c","oi":1.017,"n":3,"sw":1},"geometry":{"type":"LineString","coordinates":[[22.427268,39.645637],[22.427295,39.64566],[22.427299,39.645666]]}},{"type":"Feature","properties":{"line":"1","mode":"bus","color":"#03636c","oi":1.063,"n":3,"sw":1},"geometry":{"type":"LineString","coordinates":[[22.427296,39.645661],[22.427321,39.645693]]}},{"type":"Feature","properties":{"line":"1","mode":"bus","color":"#03636c","oi":1.13,"n":3,"sw":1},"geometry":{"type":"LineString","coordinates":[[22.427318,39.645689],[22.427343,39.645721]]}},{"type":"Feature","properties":{"line":"1","mode":"bus","color":"#03636c","oi":1.209,"n":3,"sw":1},"geometry":{"type":"LineString","coordinates":[[22.427339,39.645716],[22.427365,39.645749]]}},{"type":"Feature","properties":{"line":"1","mode":"bus","color":"#03636c","oi":1.291,"n":3,"sw":1},"geometry":{"type":"LineString","coordinates":[[22.427361,39.645744],[22.427369,39.645754],[22.42738,39.645779]]}},{"type":"Feature","properties":{"line":"1","mode":"bus","color":"#03636c","oi":1.37,"n":3,"sw":1},"geometry":{"type":"LineString","coordinates":[[22.427378,39.645774],[22.427394,39.64581]]}},{"type":"Feature","properties":{"line":"1","mode":"bus","color":"#03636c","oi":1.437,"n":3,"sw":1},"geometry":{"type":"LineString","coordinates":[[22.427391,39.645804],[22.427407,39.64584]]}},{"type":"Feature","properties":{"line":"1","mode":"bus","color":"#03636c","oi":1.483,"n":3,"sw":1},"geometry":{"type":"LineString","coordinates":[[22.427405,39.645835],[22.427421,39.645871]]}},{"type":"Feature","properties":{"line":"1","mode":"bus","color":"#03636c","oi":1.5,"n":3,"sw":1},"geometry":{"type":"LineString","coordinates":[[22.427418,39.645866],[22.427433,39.645899]]}},{"type":"Feature","properties":{"line":"1","mode":"bus","color":"#03636c","oi":1,"n":3},"geometry":{"type":"LineString","coordinates":[[22.419805,39.639657],[22.419916,39.639733]]}},{"type":"Feature","properties":{"line":"1","mode":"bus","color":"#03636c","oi":1.5,"n":3,"sw":1},"geometry":{"type":"LineString","coordinates":[[22.419694,39.63958],[22.419708,39.639589]]}},{"type":"Feature","properties":{"line":"1","mode":"bus","color":"#03636c","oi":1.483,"n":3,"sw":1},"geometry":{"type":"LineString","coordinates":[[22.419702,39.639586],[22.419719,39.639597]]}},{"type":"Feature","properties":{"line":"1","mode":"bus","color":"#03636c","oi":1.437,"n":3,"sw":1},"geometry":{"type":"LineString","coordinates":[[22.419714,39.639594],[22.41973,39.639605]]}},{"type":"Feature","properties":{"line":"1","mode":"bus","color":"#03636c","oi":1.37,"n":3,"sw":1},"geometry":{"type":"LineString","coordinates":[[22.419725,39.639601],[22.419741,39.639612]]}},{"type":"Feature","properties":{"line":"1","mode":"bus","color":"#03636c","oi":1.291,"n":3,"sw":1},"geometry":{"type":"LineString","coordinates":[[22.419736,39.639609],[22.419752,39.63962]]}},{"type":"Feature","properties":{"line":"1","mode":"bus","color":"#03636c","oi":1.209,"n":3,"sw":1},"geometry":{"type":"LineString","coordinates":[[22.419747,39.639616],[22.419763,39.639628]]}},{"type":"Feature","properties":{"line":"1","mode":"bus","color":"#03636c","oi":1.13,"n":3,"sw":1},"geometry":{"type":"LineString","coordinates":[[22.419758,39.639624],[22.419774,39.639635]]}},{"type":"Feature","properties":{"line":"1","mode":"bus","color":"#03636c","oi":1.063,"n":3,"sw":1},"geometry":{"type":"LineString","coordinates":[[22.419769,39.639632],[22.419785,39.639643]]}},{"type":"Feature","properties":{"line":"1","mode":"bus","color":"#03636c","oi":1.017,"n":3,"sw":1},"geometry":{"type":"LineString","coordinates":[[22.41978,39.639639],[22.419797,39.639651]]}},{"type":"Feature","properties":{"line":"1","mode":"bus","color":"#03636c","oi":1,"n":3,"sw":1},"geometry":{"type":"LineString","coordinates":[[22.419791,39.639647],[22.419808,39.639658]]}},{"type":"Feature","properties":{"line":"1","mode":"bus","color":"#03636c","oi":1.5,"n":4},"geometry":{"type":"LineString","coordinates":[[22.419823,39.639726],[22.419916,39.639733],[22.423111,39.641846]]}},{"type":"Feature","properties":{"line":"1","mode":"bus","color":"#03636c","oi":0,"n":4,"sw":1},"geometry":{"type":"LineString","coordinates":[[22.419405,39.639695],[22.419425,39.639696]]}},{"type":"Feature","properties":{"line":"1","mode":"bus","color":"#03636c","oi":0.007,"n":4,"sw":1},"geometry":{"type":"LineString","coordinates":[[22.419418,39.639696],[22.419441,39.639697]]}},{"type":"Feature","properties":{"line":"1","mode":"bus","color":"#03636c","oi":0.027,"n":4,"sw":1},"geometry":{"type":"LineString","coordinates":[[22.419434,39.639697],[22.419457,39.639699]]}},{"type":"Feature","properties":{"line":"1","mode":"bus","color":"#03636c","oi":0.06,"n":4,"sw":1},"geometry":{"type":"LineString","coordinates":[[22.41945,39.639698],[22.419463,39.639699],[22.419473,39.6397]]}},{"type":"Feature","properties":{"line":"1","mode":"bus","color":"#03636c","oi":0.103,"n":4,"sw":1},"geometry":{"type":"LineString","coordinates":[[22.419466,39.639699],[22.419489,39.639701]]}},{"type":"Feature","properties":{"line":"1","mode":"bus","color":"#03636c","oi":0.156,"n":4,"sw":1},"geometry":{"type":"LineString","coordinates":[[22.419482,39.6397],[22.419505,39.639702]]}},{"type":"Feature","properties":{"line":"1","mode":"bus","color":"#03636c","oi":0.218,"n":4,"sw":1},"geometry":{"type":"LineString","coordinates":[[22.419498,39.639702],[22.419521,39.639703]]}},{"type":"Feature","properties":{"line":"1","mode":"bus","color":"#03636c","oi":0.287,"n":4,"sw":1},"geometry":{"type":"LineString","coordinates":[[22.419514,39.639703],[22.419537,39.639705]]}},{"type":"Feature","properties":{"line":"1","mode":"bus","color":"#03636c","oi":0.362,"n":4,"sw":1},"geometry":{"type":"LineString","coordinates":[[22.41953,39.639704],[22.419553,39.639706]]}},{"type":"Feature","properties":{"line":"1","mode":"bus","color":"#03636c","oi":0.443,"n":4,"sw":1},"geometry":{"type":"LineString","coordinates":[[22.419546,39.639705],[22.419569,39.639707]]}},{"type":"Feature","properties":{"line":"1","mode":"bus","color":"#03636c","oi":0.528,"n":4,"sw":1},"geometry":{"type":"LineString","coordinates":[[22.419562,39.639706],[22.419585,39.639708]]}},{"type":"Feature","properties":{"line":"1","mode":"bus","color":"#03636c","oi":0.616,"n":4,"sw":1},"geometry":{"type":"LineString","coordinates":[[22.419578,39.639708],[22.419602,39.639709]]}},{"type":"Feature","properties":{"line":"1","mode":"bus","color":"#03636c","oi":0.705,"n":4,"sw":1},"geometry":{"type":"LineString","coordinates":[[22.419595,39.639709],[22.419618,39.639711]]}},{"type":"Feature","properties":{"line":"1","mode":"bus","color":"#03636c","oi":0.795,"n":4,"sw":1},"geometry":{"type":"LineString","coordinates":[[22.419611,39.63971],[22.419634,39.639712]]}},{"type":"Feature","properties":{"line":"1","mode":"bus","color":"#03636c","oi":0.884,"n":4,"sw":1},"geometry":{"type":"LineString","coordinates":[[22.419627,39.639711],[22.41965,39.639713]]}},{"type":"Feature","properties":{"line":"1","mode":"bus","color":"#03636c","oi":0.972,"n":4,"sw":1},"geometry":{"type":"LineString","coordinates":[[22.419643,39.639712],[22.419666,39.639714]]}},{"type":"Feature","properties":{"line":"1","mode":"bus","color":"#03636c","oi":1.057,"n":4,"sw":1},"geometry":{"type":"LineString","coordinates":[[22.419659,39.639714],[22.419682,39.639715]]}},{"type":"Feature","properties":{"line":"1","mode":"bus","color":"#03636c","oi":1.138,"n":4,"sw":1},"geometry":{"type":"LineString","coordinates":[[22.419675,39.639715],[22.419698,39.639717]]}},{"type":"Feature","properties":{"line":"1","mode":"bus","color":"#03636c","oi":1.213,"n":4,"sw":1},"geometry":{"type":"LineString","coordinates":[[22.419691,39.639716],[22.419714,39.639718]]}},{"type":"Feature","properties":{"line":"1","mode":"bus","color":"#03636c","oi":1.282,"n":4,"sw":1},"geometry":{"type":"LineString","coordinates":[[22.419707,39.639717],[22.41973,39.639719]]}},{"type":"Feature","properties":{"line":"1","mode":"bus","color":"#03636c","oi":1.344,"n":4,"sw":1},"geometry":{"type":"LineString","coordinates":[[22.419723,39.639719],[22.419746,39.63972]]}},{"type":"Feature","properties":{"line":"1","mode":"bus","color":"#03636c","oi":1.397,"n":4,"sw":1},"geometry":{"type":"LineString","coordinates":[[22.419739,39.63972],[22.419762,39.639721]]}},{"type":"Feature","properties":{"line":"1","mode":"bus","color":"#03636c","oi":1.44,"n":4,"sw":1},"geometry":{"type":"LineString","coordinates":[[22.419755,39.639721],[22.419778,39.639723]]}},{"type":"Feature","properties":{"line":"1","mode":"bus","color":"#03636c","oi":1.473,"n":4,"sw":1},"geometry":{"type":"LineString","coordinates":[[22.419771,39.639722],[22.419795,39.639724]]}},{"type":"Feature","properties":{"line":"1","mode":"bus","color":"#03636c","oi":1.493,"n":4,"sw":1},"geometry":{"type":"LineString","coordinates":[[22.419788,39.639723],[22.419811,39.639725]]}},{"type":"Feature","properties":{"line":"1","mode":"bus","color":"#03636c","oi":1.5,"n":4,"sw":1},"geometry":{"type":"LineString","coordinates":[[22.419804,39.639725],[22.419827,39.639726]]}},{"type":"Feature","properties":{"line":"1","mode":"bus","color":"#03636c","oi":1.5,"n":4},"geometry":{"type":"LineString","coordinates":[[22.413532,39.634271],[22.415185,39.635066],[22.416035,39.635281],[22.416669,39.635347],[22.416694,39.635354],[22.416709,39.635367],[22.416714,39.635388],[22.416687,39.636147],[22.416699,39.637735],[22.416658,39.638089],[22.416655,39.638459]]}},{"type":"Feature","properties":{"line":"1","mode":"bus","color":"#03636c","oi":0,"n":4,"sw":1},"geometry":{"type":"LineString","coordinates":[[22.413175,39.6341],[22.413192,39.634108]]}},{"type":"Feature","properties":{"line":"1","mode":"bus","color":"#03636c","oi":0.007,"n":4,"sw":1},"geometry":{"type":"LineString","coordinates":[[22.413186,39.634105],[22.413205,39.634115]]}},{"type":"Feature","properties":{"line":"1","mode":"bus","color":"#03636c","oi":0.027,"n":4,"sw":1},"geometry":{"type":"LineString","coordinates":[[22.413199,39.634112],[22.413219,39.634121]]}},{"type":"Feature","properties":{"line":"1","mode":"bus","color":"#03636c","oi":0.06,"n":4,"sw":1},"geometry":{"type":"LineString","coordinates":[[22.413213,39.634118],[22.413233,39.634128]]}},{"type":"Feature","properties":{"line":"1","mode":"bus","color":"#03636c","oi":0.103,"n":4,"sw":1},"geometry":{"type":"LineString","coordinates":[[22.413227,39.634125],[22.413247,39.634134]]}},{"type":"Feature","properties":{"line":"1","mode":"bus","color":"#03636c","oi":0.156,"n":4,"sw":1},"geometry":{"type":"LineString","coordinates":[[22.413241,39.634132],[22.41326,39.634141]]}},{"type":"Feature","properties":{"line":"1","mode":"bus","color":"#03636c","oi":0.218,"n":4,"sw":1},"geometry":{"type":"LineString","coordinates":[[22.413254,39.634138],[22.413274,39.634148]]}},{"type":"Feature","properties":{"line":"1","mode":"bus","color":"#03636c","oi":0.287,"n":4,"sw":1},"geometry":{"type":"LineString","coordinates":[[22.413268,39.634145],[22.413288,39.634154]]}},{"type":"Feature","properties":{"line":"1","mode":"bus","color":"#03636c","oi":0.362,"n":4,"sw":1},"geometry":{"type":"LineString","coordinates":[[22.413282,39.634151],[22.413301,39.634161]]}},{"type":"Feature","properties":{"line":"1","mode":"bus","color":"#03636c","oi":0.443,"n":4,"sw":1},"geometry":{"type":"LineString","coordinates":[[22.413295,39.634158],[22.413315,39.634167]]}},{"type":"Feature","properties":{"line":"1","mode":"bus","color":"#03636c","oi":0.528,"n":4,"sw":1},"geometry":{"type":"LineString","coordinates":[[22.413309,39.634164],[22.413329,39.634174]]}},{"type":"Feature","properties":{"line":"1","mode":"bus","color":"#03636c","oi":0.616,"n":4,"sw":1},"geometry":{"type":"LineString","coordinates":[[22.413323,39.634171],[22.413343,39.634181]]}},{"type":"Feature","properties":{"line":"1","mode":"bus","color":"#03636c","oi":0.705,"n":4,"sw":1},"geometry":{"type":"LineString","coordinates":[[22.413337,39.634178],[22.413356,39.634187]]}},{"type":"Feature","properties":{"line":"1","mode":"bus","color":"#03636c","oi":0.795,"n":4,"sw":1},"geometry":{"type":"LineString","coordinates":[[22.41335,39.634184],[22.41337,39.634194]]}},{"type":"Feature","properties":{"line":"1","mode":"bus","color":"#03636c","oi":0.884,"n":4,"sw":1},"geometry":{"type":"LineString","coordinates":[[22.413364,39.634191],[22.413384,39.6342]]}},{"type":"Feature","properties":{"line":"1","mode":"bus","color":"#03636c","oi":0.972,"n":4,"sw":1},"geometry":{"type":"LineString","coordinates":[[22.413378,39.634197],[22.413397,39.634207]]}},{"type":"Feature","properties":{"line":"1","mode":"bus","color":"#03636c","oi":1.057,"n":4,"sw":1},"geometry":{"type":"LineString","coordinates":[[22.413391,39.634204],[22.413411,39.634213]]}},{"type":"Feature","properties":{"line":"1","mode":"bus","color":"#03636c","oi":1.138,"n":4,"sw":1},"geometry":{"type":"LineString","coordinates":[[22.413405,39.634211],[22.413425,39.63422]]}},{"type":"Feature","properties":{"line":"1","mode":"bus","color":"#03636c","oi":1.213,"n":4,"sw":1},"geometry":{"type":"LineString","coordinates":[[22.413419,39.634217],[22.413439,39.634227]]}},{"type":"Feature","properties":{"line":"1","mode":"bus","color":"#03636c","oi":1.282,"n":4,"sw":1},"geometry":{"type":"LineString","coordinates":[[22.413433,39.634224],[22.413452,39.634233]]}},{"type":"Feature","properties":{"line":"1","mode":"bus","color":"#03636c","oi":1.344,"n":4,"sw":1},"geometry":{"type":"LineString","coordinates":[[22.413446,39.63423],[22.413466,39.63424]]}},{"type":"Feature","properties":{"line":"1","mode":"bus","color":"#03636c","oi":1.397,"n":4,"sw":1},"geometry":{"type":"LineString","coordinates":[[22.41346,39.634237],[22.41348,39.634246]]}},{"type":"Feature","properties":{"line":"1","mode":"bus","color":"#03636c","oi":1.44,"n":4,"sw":1},"geometry":{"type":"LineString","coordinates":[[22.413474,39.634244],[22.413493,39.634253]]}},{"type":"Feature","properties":{"line":"1","mode":"bus","color":"#03636c","oi":1.473,"n":4,"sw":1},"geometry":{"type":"LineString","coordinates":[[22.413487,39.63425],[22.413507,39.63426]]}},{"type":"Feature","properties":{"line":"1","mode":"bus","color":"#03636c","oi":1.493,"n":4,"sw":1},"geometry":{"type":"LineString","coordinates":[[22.413501,39.634257],[22.413521,39.634266]]}},{"type":"Feature","properties":{"line":"1","mode":"bus","color":"#03636c","oi":1.5,"n":4,"sw":1},"geometry":{"type":"LineString","coordinates":[[22.413515,39.634263],[22.413535,39.634273]]}},{"type":"Feature","properties":{"line":"1","mode":"bus","color":"#03636c","oi":1.5,"n":4,"sw":1},"geometry":{"type":"LineString","coordinates":[[22.416655,39.638456],[22.416655,39.638474]]}},{"type":"Feature","properties":{"line":"1","mode":"bus","color":"#03636c","oi":1.493,"n":4,"sw":1},"geometry":{"type":"LineString","coordinates":[[22.416655,39.638469],[22.416655,39.638487]]}},{"type":"Feature","properties":{"line":"1","mode":"bus","color":"#03636c","oi":1.473,"n":4,"sw":1},"geometry":{"type":"LineString","coordinates":[[22.416655,39.638481],[22.416655,39.638499]]}},{"type":"Feature","properties":{"line":"1","mode":"bus","color":"#03636c","oi":1.44,"n":4,"sw":1},"geometry":{"type":"LineString","coordinates":[[22.416655,39.638494],[22.416655,39.638512]]}},{"type":"Feature","properties":{"line":"1","mode":"bus","color":"#03636c","oi":1.397,"n":4,"sw":1},"geometry":{"type":"LineString","coordinates":[[22.416655,39.638506],[22.416654,39.638524]]}},{"type":"Feature","properties":{"line":"1","mode":"bus","color":"#03636c","oi":1.344,"n":4,"sw":1},"geometry":{"type":"LineString","coordinates":[[22.416654,39.638519],[22.416654,39.638537]]}},{"type":"Feature","properties":{"line":"1","mode":"bus","color":"#03636c","oi":1.282,"n":4,"sw":1},"geometry":{"type":"LineString","coordinates":[[22.416654,39.638531],[22.416654,39.638549]]}},{"type":"Feature","properties":{"line":"1","mode":"bus","color":"#03636c","oi":1.213,"n":4,"sw":1},"geometry":{"type":"LineString","coordinates":[[22.416654,39.638544],[22.416654,39.638561]]}},{"type":"Feature","properties":{"line":"1","mode":"bus","color":"#03636c","oi":1.138,"n":4,"sw":1},"geometry":{"type":"LineString","coordinates":[[22.416654,39.638556],[22.416654,39.638574]]}},{"type":"Feature","properties":{"line":"1","mode":"bus","color":"#03636c","oi":1.057,"n":4,"sw":1},"geometry":{"type":"LineString","coordinates":[[22.416654,39.638569],[22.416654,39.638586]]}},{"type":"Feature","properties":{"line":"1","mode":"bus","color":"#03636c","oi":0.972,"n":4,"sw":1},"geometry":{"type":"LineString","coordinates":[[22.416654,39.638581],[22.416654,39.638599]]}},{"type":"Feature","properties":{"line":"1","mode":"bus","color":"#03636c","oi":0.884,"n":4,"sw":1},"geometry":{"type":"LineString","coordinates":[[22.416654,39.638593],[22.416654,39.638611]]}},{"type":"Feature","properties":{"line":"1","mode":"bus","color":"#03636c","oi":0.795,"n":4,"sw":1},"geometry":{"type":"LineString","coordinates":[[22.416654,39.638606],[22.416654,39.638624]]}},{"type":"Feature","properties":{"line":"1","mode":"bus","color":"#03636c","oi":0.705,"n":4,"sw":1},"geometry":{"type":"LineString","coordinates":[[22.416654,39.638618],[22.416653,39.638636]]}},{"type":"Feature","properties":{"line":"1","mode":"bus","color":"#03636c","oi":0.616,"n":4,"sw":1},"geometry":{"type":"LineString","coordinates":[[22.416654,39.638631],[22.416653,39.638649]]}},{"type":"Feature","properties":{"line":"1","mode":"bus","color":"#03636c","oi":0.528,"n":4,"sw":1},"geometry":{"type":"LineString","coordinates":[[22.416653,39.638643],[22.416653,39.638661]]}},{"type":"Feature","properties":{"line":"1","mode":"bus","color":"#03636c","oi":0.443,"n":4,"sw":1},"geometry":{"type":"LineString","coordinates":[[22.416653,39.638656],[22.416653,39.638674]]}},{"type":"Feature","properties":{"line":"1","mode":"bus","color":"#03636c","oi":0.362,"n":4,"sw":1},"geometry":{"type":"LineString","coordinates":[[22.416653,39.638668],[22.416653,39.638686]]}},{"type":"Feature","properties":{"line":"1","mode":"bus","color":"#03636c","oi":0.287,"n":4,"sw":1},"geometry":{"type":"LineString","coordinates":[[22.416653,39.638681],[22.416653,39.638693],[22.41665,39.638698]]}},{"type":"Feature","properties":{"line":"1","mode":"bus","color":"#03636c","oi":0.218,"n":4,"sw":1},"geometry":{"type":"LineString","coordinates":[[22.416653,39.638693],[22.416643,39.638709]]}},{"type":"Feature","properties":{"line":"1","mode":"bus","color":"#03636c","oi":0.156,"n":4,"sw":1},"geometry":{"type":"LineString","coordinates":[[22.416646,39.638704],[22.416636,39.63872]]}},{"type":"Feature","properties":{"line":"1","mode":"bus","color":"#03636c","oi":0.103,"n":4,"sw":1},"geometry":{"type":"LineString","coordinates":[[22.416639,39.638716],[22.416629,39.638732]]}},{"type":"Feature","properties":{"line":"1","mode":"bus","color":"#03636c","oi":0.06,"n":4,"sw":1},"geometry":{"type":"LineString","coordinates":[[22.416632,39.638727],[22.416622,39.638743]]}},{"type":"Feature","properties":{"line":"1","mode":"bus","color":"#03636c","oi":0.027,"n":4,"sw":1},"geometry":{"type":"LineString","coordinates":[[22.416625,39.638738],[22.416615,39.638754]]}},{"type":"Feature","properties":{"line":"1","mode":"bus","color":"#03636c","oi":0.007,"n":4,"sw":1},"geometry":{"type":"LineString","coordinates":[[22.416618,39.638749],[22.416608,39.638765]]}},{"type":"Feature","properties":{"line":"1","mode":"bus","color":"#03636c","oi":0,"n":4,"sw":1},"geometry":{"type":"LineString","coordinates":[[22.416611,39.63876],[22.416602,39.638774]]}},{"type":"Feature","properties":{"line":"1","mode":"bus","color":"#03636c","oi":1,"n":3},"geometry":{"type":"LineString","coordinates":[[22.397581,39.626431],[22.397373,39.626738],[22.397256,39.62725],[22.397061,39.632236]]}},{"type":"Feature","properties":{"line":"1","mode":"bus","color":"#03636c","oi":1.5,"n":3,"sw":1},"geometry":{"type":"LineString","coordinates":[[22.397775,39.626144],[22.397754,39.626175]]}},{"type":"Feature","properties":{"line":"1","mode":"bus","color":"#03636c","oi":1.483,"n":3,"sw":1},"geometry":{"type":"LineString","coordinates":[[22.397757,39.62617],[22.397735,39.626204]]}},{"type":"Feature","properties":{"line":"1","mode":"bus","color":"#03636c","oi":1.437,"n":3,"sw":1},"geometry":{"type":"LineString","coordinates":[[22.397738,39.626199],[22.397715,39.626233]]}},{"type":"Feature","properties":{"line":"1","mode":"bus","color":"#03636c","oi":1.37,"n":3,"sw":1},"geometry":{"type":"LineString","coordinates":[[22.397718,39.626228],[22.397696,39.626261]]}},{"type":"Feature","properties":{"line":"1","mode":"bus","color":"#03636c","oi":1.291,"n":3,"sw":1},"geometry":{"type":"LineString","coordinates":[[22.397699,39.626256],[22.397676,39.62629]]}},{"type":"Feature","properties":{"line":"1","mode":"bus","color":"#03636c","oi":1.209,"n":3,"sw":1},"geometry":{"type":"LineString","coordinates":[[22.397679,39.626285],[22.397657,39.626319]]}},{"type":"Feature","properties":{"line":"1","mode":"bus","color":"#03636c","oi":1.13,"n":3,"sw":1},"geometry":{"type":"LineString","coordinates":[[22.39766,39.626314],[22.397637,39.626347]]}},{"type":"Feature","properties":{"line":"1","mode":"bus","color":"#03636c","oi":1.063,"n":3,"sw":1},"geometry":{"type":"LineString","coordinates":[[22.397641,39.626343],[22.397618,39.626376]]}},{"type":"Feature","properties":{"line":"1","mode":"bus","color":"#03636c","oi":1.017,"n":3,"sw":1},"geometry":{"type":"LineString","coordinates":[[22.397621,39.626371],[22.397598,39.626405]]}},{"type":"Feature","properties":{"line":"1","mode":"bus","color":"#03636c","oi":1,"n":3,"sw":1},"geometry":{"type":"LineString","coordinates":[[22.397602,39.6264],[22.397579,39.626434]]}},{"type":"Feature","properties":{"line":"1","mode":"bus","color":"#03636c","oi":1,"n":3,"sw":1},"geometry":{"type":"LineString","coordinates":[[22.397061,39.632234],[22.39706,39.632257]]}},{"type":"Feature","properties":{"line":"1","mode":"bus","color":"#03636c","oi":0.99,"n":3,"sw":1},"geometry":{"type":"LineString","coordinates":[[22.39706,39.632251],[22.397059,39.632275]]}},{"type":"Feature","properties":{"line":"1","mode":"bus","color":"#03636c","oi":0.962,"n":3,"sw":1},"geometry":{"type":"LineString","coordinates":[[22.397059,39.632269],[22.397058,39.632293]]}},{"type":"Feature","properties":{"line":"1","mode":"bus","color":"#03636c","oi":0.918,"n":3,"sw":1},"geometry":{"type":"LineString","coordinates":[[22.397059,39.632287],[22.397058,39.632311]]}},{"type":"Feature","properties":{"line":"1","mode":"bus","color":"#03636c","oi":0.86,"n":3,"sw":1},"geometry":{"type":"LineString","coordinates":[[22.397058,39.632305],[22.397057,39.632329]]}},{"type":"Feature","properties":{"line":"1","mode":"bus","color":"#03636c","oi":0.791,"n":3,"sw":1},"geometry":{"type":"LineString","coordinates":[[22.397057,39.632323],[22.397056,39.632347]]}},{"type":"Feature","properties":{"line":"1","mode":"bus","color":"#03636c","oi":0.714,"n":3,"sw":1},"geometry":{"type":"LineString","coordinates":[[22.397057,39.632341],[22.397056,39.632365]]}},{"type":"Feature","properties":{"line":"1","mode":"bus","color":"#03636c","oi":0.631,"n":3,"sw":1},"geometry":{"type":"LineString","coordinates":[[22.397056,39.632359],[22.397055,39.632383]]}},{"type":"Feature","properties":{"line":"1","mode":"bus","color":"#03636c","oi":0.544,"n":3,"sw":1},"geometry":{"type":"LineString","coordinates":[[22.397055,39.632377],[22.397054,39.632401]]}},{"type":"Feature","properties":{"line":"1","mode":"bus","color":"#03636c","oi":0.456,"n":3,"sw":1},"geometry":{"type":"LineString","coordinates":[[22.397054,39.632395],[22.397054,39.632419]]}},{"type":"Feature","properties":{"line":"1","mode":"bus","color":"#03636c","oi":0.369,"n":3,"sw":1},"geometry":{"type":"LineString","coordinates":[[22.397054,39.632413],[22.397053,39.632437]]}},{"type":"Feature","properties":{"line":"1","mode":"bus","color":"#03636c","oi":0.286,"n":3,"sw":1},"geometry":{"type":"LineString","coordinates":[[22.397053,39.632431],[22.397052,39.632455]]}},{"type":"Feature","properties":{"line":"1","mode":"bus","color":"#03636c","oi":0.209,"n":3,"sw":1},"geometry":{"type":"LineString","coordinates":[[22.397052,39.632449],[22.397051,39.632473]]}},{"type":"Feature","properties":{"line":"1","mode":"bus","color":"#03636c","oi":0.14,"n":3,"sw":1},"geometry":{"type":"LineString","coordinates":[[22.397052,39.632467],[22.397051,39.632491]]}},{"type":"Feature","properties":{"line":"1","mode":"bus","color":"#03636c","oi":0.082,"n":3,"sw":1},"geometry":{"type":"LineString","coordinates":[[22.397051,39.632485],[22.39705,39.632509]]}},{"type":"Feature","properties":{"line":"1","mode":"bus","color":"#03636c","oi":0.038,"n":3,"sw":1},"geometry":{"type":"LineString","coordinates":[[22.39705,39.632503],[22.397049,39.632527]]}},{"type":"Feature","properties":{"line":"1","mode":"bus","color":"#03636c","oi":0.01,"n":3,"sw":1},"geometry":{"type":"LineString","coordinates":[[22.39705,39.632521],[22.397049,39.632545]]}},{"type":"Feature","properties":{"line":"1","mode":"bus","color":"#03636c","oi":0,"n":3,"sw":1},"geometry":{"type":"LineString","coordinates":[[22.397049,39.632539],[22.397048,39.63256]]}},{"type":"Feature","properties":{"line":"1","mode":"bus","color":"#03636c","oi":1.5,"n":4},"geometry":{"type":"LineString","coordinates":[[22.401037,39.621851],[22.397775,39.626144]]}},{"type":"Feature","properties":{"line":"1","mode":"bus","color":"#03636c","oi":1.5,"n":4},"geometry":{"type":"LineString","coordinates":[[22.395712,39.63254],[22.396628,39.632554]]}},{"type":"Feature","properties":{"line":"1","mode":"bus","color":"#03636c","oi":1.5,"n":4,"sw":1},"geometry":{"type":"LineString","coordinates":[[22.396624,39.632554],[22.396648,39.632554]]}},{"type":"Feature","properties":{"line":"1","mode":"bus","color":"#03636c","oi":1.493,"n":4,"sw":1},"geometry":{"type":"LineString","coordinates":[[22.396641,39.632554],[22.396664,39.632554]]}},{"type":"Feature","properties":{"line":"1","mode":"bus","color":"#03636c","oi":1.473,"n":4,"sw":1},"geometry":{"type":"LineString","coordinates":[[22.396657,39.632554],[22.39668,39.632554]]}},{"type":"Feature","properties":{"line":"1","mode":"bus","color":"#03636c","oi":1.44,"n":4,"sw":1},"geometry":{"type":"LineString","coordinates":[[22.396673,39.632554],[22.396696,39.632555]]}},{"type":"Feature","properties":{"line":"1","mode":"bus","color":"#03636c","oi":1.397,"n":4,"sw":1},"geometry":{"type":"LineString","coordinates":[[22.396689,39.632555],[22.396712,39.632555]]}},{"type":"Feature","properties":{"line":"1","mode":"bus","color":"#03636c","oi":1.344,"n":4,"sw":1},"geometry":{"type":"LineString","coordinates":[[22.396705,39.632555],[22.396728,39.632555]]}},{"type":"Feature","properties":{"line":"1","mode":"bus","color":"#03636c","oi":1.282,"n":4,"sw":1},"geometry":{"type":"LineString","coordinates":[[22.396721,39.632555],[22.396745,39.632555]]}},{"type":"Feature","properties":{"line":"1","mode":"bus","color":"#03636c","oi":1.213,"n":4,"sw":1},"geometry":{"type":"LineString","coordinates":[[22.396738,39.632555],[22.396761,39.632556]]}},{"type":"Feature","properties":{"line":"1","mode":"bus","color":"#03636c","oi":1.138,"n":4,"sw":1},"geometry":{"type":"LineString","coordinates":[[22.396754,39.632556],[22.396777,39.632556]]}},{"type":"Feature","properties":{"line":"1","mode":"bus","color":"#03636c","oi":1.057,"n":4,"sw":1},"geometry":{"type":"LineString","coordinates":[[22.39677,39.632556],[22.396793,39.632556]]}},{"type":"Feature","properties":{"line":"1","mode":"bus","color":"#03636c","oi":0.972,"n":4,"sw":1},"geometry":{"type":"LineString","coordinates":[[22.396786,39.632556],[22.396809,39.632556]]}},{"type":"Feature","properties":{"line":"1","mode":"bus","color":"#03636c","oi":0.884,"n":4,"sw":1},"geometry":{"type":"LineString","coordinates":[[22.396802,39.632556],[22.396825,39.632557]]}},{"type":"Feature","properties":{"line":"1","mode":"bus","color":"#03636c","oi":0.795,"n":4,"sw":1},"geometry":{"type":"LineString","coordinates":[[22.396818,39.632557],[22.396841,39.632557]]}},{"type":"Feature","properties":{"line":"1","mode":"bus","color":"#03636c","oi":0.705,"n":4,"sw":1},"geometry":{"type":"LineString","coordinates":[[22.396834,39.632557],[22.396858,39.632557]]}},{"type":"Feature","properties":{"line":"1","mode":"bus","color":"#03636c","oi":0.616,"n":4,"sw":1},"geometry":{"type":"LineString","coordinates":[[22.396851,39.632557],[22.396874,39.632557]]}},{"type":"Feature","properties":{"line":"1","mode":"bus","color":"#03636c","oi":0.528,"n":4,"sw":1},"geometry":{"type":"LineString","coordinates":[[22.396867,39.632557],[22.39689,39.632558]]}},{"type":"Feature","properties":{"line":"1","mode":"bus","color":"#03636c","oi":0.443,"n":4,"sw":1},"geometry":{"type":"LineString","coordinates":[[22.396883,39.632558],[22.396906,39.632558]]}},{"type":"Feature","properties":{"line":"1","mode":"bus","color":"#03636c","oi":0.362,"n":4,"sw":1},"geometry":{"type":"LineString","coordinates":[[22.396899,39.632558],[22.396922,39.632558]]}},{"type":"Feature","properties":{"line":"1","mode":"bus","color":"#03636c","oi":0.287,"n":4,"sw":1},"geometry":{"type":"LineString","coordinates":[[22.396915,39.632558],[22.396938,39.632558]]}},{"type":"Feature","properties":{"line":"1","mode":"bus","color":"#03636c","oi":0.218,"n":4,"sw":1},"geometry":{"type":"LineString","coordinates":[[22.396931,39.632558],[22.396955,39.632559]]}},{"type":"Feature","properties":{"line":"1","mode":"bus","color":"#03636c","oi":0.156,"n":4,"sw":1},"geometry":{"type":"LineString","coordinates":[[22.396948,39.632558],[22.396971,39.632559]]}},{"type":"Feature","properties":{"line":"1","mode":"bus","color":"#03636c","oi":0.103,"n":4,"sw":1},"geometry":{"type":"LineString","coordinates":[[22.396964,39.632559],[22.396987,39.632559]]}},{"type":"Feature","properties":{"line":"1","mode":"bus","color":"#03636c","oi":0.06,"n":4,"sw":1},"geometry":{"type":"LineString","coordinates":[[22.39698,39.632559],[22.397003,39.632559]]}},{"type":"Feature","properties":{"line":"1","mode":"bus","color":"#03636c","oi":0.027,"n":4,"sw":1},"geometry":{"type":"LineString","coordinates":[[22.396996,39.632559],[22.397019,39.63256]]}},{"type":"Feature","properties":{"line":"1","mode":"bus","color":"#03636c","oi":0.007,"n":4,"sw":1},"geometry":{"type":"LineString","coordinates":[[22.397012,39.632559],[22.397035,39.63256]]}},{"type":"Feature","properties":{"line":"1","mode":"bus","color":"#03636c","oi":0,"n":4,"sw":1},"geometry":{"type":"LineString","coordinates":[[22.397028,39.63256],[22.397048,39.63256]]}},{"type":"Feature","properties":{"line":"1","mode":"bus","color":"#03636c","oi":1,"n":3},"geometry":{"type":"LineString","coordinates":[[22.41172,39.634102],[22.407626,39.634145],[22.407598,39.634141],[22.407578,39.63413],[22.407564,39.634111],[22.407144,39.633145]]}},{"type":"Feature","properties":{"line":"1","mode":"bus","color":"#03636c","oi":0.5,"n":2},"geometry":{"type":"LineString","coordinates":[[22.413129,39.634101],[22.413083,39.634101]]}},{"type":"Feature","properties":{"line":"1","mode":"bus","color":"#03636c","oi":0,"n":2,"sw":1},"geometry":{"type":"LineString","coordinates":[[22.413175,39.6341],[22.41316,39.6341]]}},{"type":"Feature","properties":{"line":"1","mode":"bus","color":"#03636c","oi":0.13,"n":2,"sw":1},"geometry":{"type":"LineString","coordinates":[[22.413167,39.6341],[22.413148,39.6341]]}},{"type":"Feature","properties":{"line":"1","mode":"bus","color":"#03636c","oi":0.37,"n":2,"sw":1},"geometry":{"type":"LineString","coordinates":[[22.413156,39.6341],[22.413137,39.6341]]}},{"type":"Feature","properties":{"line":"1","mode":"bus","color":"#03636c","oi":0.5,"n":2,"sw":1},"geometry":{"type":"LineString","coordinates":[[22.413144,39.6341],[22.413125,39.634101]]}},{"type":"Feature","properties":{"line":"1","mode":"bus","color":"#03636c","oi":1.5,"n":4},"geometry":{"type":"LineString","coordinates":[[22.419682,39.639563],[22.419694,39.63958]]}},{"type":"Feature","properties":{"line":"1","mode":"bus","color":"#03636c","oi":0,"n":4,"sw":1},"geometry":{"type":"LineString","coordinates":[[22.419669,39.639545],[22.419677,39.639556]]}},{"type":"Feature","properties":{"line":"1","mode":"bus","color":"#03636c","oi":1.5,"n":4,"sw":1},"geometry":{"type":"LineString","coordinates":[[22.419674,39.639551],[22.419683,39.639565]]}},{"type":"Feature","properties":{"line":"1","mode":"bus","color":"#03636c","oi":0.5,"n":2},"geometry":{"type":"LineString","coordinates":[[22.427284,39.645525],[22.426675,39.645002],[22.425747,39.644369],[22.425202,39.644067],[22.424857,39.643924]]}},{"type":"Feature","properties":{"line":"1","mode":"bus","color":"#03636c","oi":0,"n":2,"sw":1},"geometry":{"type":"LineString","coordinates":[[22.427617,39.645713],[22.427574,39.645702]]}},{"type":"Feature","properties":{"line":"1","mode":"bus","color":"#03636c","oi":0.017,"n":2,"sw":1},"geometry":{"type":"LineString","coordinates":[[22.42758,39.645704],[22.427534,39.645692]]}},{"type":"Feature","properties":{"line":"1","mode":"bus","color":"#03636c","oi":0.063,"n":2,"sw":1},"geometry":{"type":"LineString","coordinates":[[22.427541,39.645694],[22.427515,39.645687],[22.427498,39.645676]]}},{"type":"Feature","properties":{"line":"1","mode":"bus","color":"#03636c","oi":0.13,"n":2,"sw":1},"geometry":{"type":"LineString","coordinates":[[22.427503,39.64568],[22.427465,39.645656]]}},{"type":"Feature","properties":{"line":"1","mode":"bus","color":"#03636c","oi":0.209,"n":2,"sw":1},"geometry":{"type":"LineString","coordinates":[[22.427471,39.645659],[22.427433,39.645635]]}},{"type":"Feature","properties":{"line":"1","mode":"bus","color":"#03636c","oi":0.291,"n":2,"sw":1},"geometry":{"type":"LineString","coordinates":[[22.427438,39.645639],[22.4274,39.645615]]}},{"type":"Feature","properties":{"line":"1","mode":"bus","color":"#03636c","oi":0.37,"n":2,"sw":1},"geometry":{"type":"LineString","coordinates":[[22.427405,39.645618],[22.427367,39.645595]]}},{"type":"Feature","properties":{"line":"1","mode":"bus","color":"#03636c","oi":0.437,"n":2,"sw":1},"geometry":{"type":"LineString","coordinates":[[22.427373,39.645598],[22.427357,39.645588],[22.427338,39.645572]]}},{"type":"Feature","properties":{"line":"1","mode":"bus","color":"#03636c","oi":0.483,"n":2,"sw":1},"geometry":{"type":"LineString","coordinates":[[22.427343,39.645576],[22.42731,39.645547]]}},{"type":"Feature","properties":{"line":"1","mode":"bus","color":"#03636c","oi":0.5,"n":2,"sw":1},"geometry":{"type":"LineString","coordinates":[[22.427315,39.645552],[22.427282,39.645523]]}},{"type":"Feature","properties":{"line":"1","mode":"bus","color":"#03636c","oi":1,"n":3},"geometry":{"type":"LineString","coordinates":[[22.427873,39.64566],[22.427617,39.645713]]}},{"type":"Feature","properties":{"line":"1","mode":"bus","color":"#03636c","oi":0,"n":3,"sw":1},"geometry":{"type":"LineString","coordinates":[[22.428043,39.645786],[22.428039,39.645772]]}},{"type":"Feature","properties":{"line":"1","mode":"bus","color":"#03636c","oi":0.01,"n":3,"sw":1},"geometry":{"type":"LineString","coordinates":[[22.42804,39.645778],[22.428035,39.645761]]}},{"type":"Feature","properties":{"line":"1","mode":"bus","color":"#03636c","oi":0.038,"n":3,"sw":1},"geometry":{"type":"LineString","coordinates":[[22.428037,39.645767],[22.428031,39.64575]]}},{"type":"Feature","properties":{"line":"1","mode":"bus","color":"#03636c","oi":0.082,"n":3,"sw":1},"geometry":{"type":"LineString","coordinates":[[22.428033,39.645756],[22.428028,39.645739]]}},{"type":"Feature","properties":{"line":"1","mode":"bus","color":"#03636c","oi":0.14,"n":3,"sw":1},"geometry":{"type":"LineString","coordinates":[[22.42803,39.645745],[22.428024,39.645728]]}},{"type":"Feature","properties":{"line":"1","mode":"bus","color":"#03636c","oi":0.209,"n":3,"sw":1},"geometry":{"type":"LineString","coordinates":[[22.428026,39.645734],[22.428023,39.645724],[22.428019,39.645718]]}},{"type":"Feature","properties":{"line":"1","mode":"bus","color":"#03636c","oi":0.286,"n":3,"sw":1},"geometry":{"type":"LineString","coordinates":[[22.428022,39.645723],[22.428012,39.645708]]}},{"type":"Feature","properties":{"line":"1","mode":"bus","color":"#03636c","oi":0.369,"n":3,"sw":1},"geometry":{"type":"LineString","coordinates":[[22.428015,39.645713],[22.428005,39.645698]]}},{"type":"Feature","properties":{"line":"1","mode":"bus","color":"#03636c","oi":0.456,"n":3,"sw":1},"geometry":{"type":"LineString","coordinates":[[22.428008,39.645703],[22.428004,39.645697],[22.427993,39.645692]]}},{"type":"Feature","properties":{"line":"1","mode":"bus","color":"#03636c","oi":0.544,"n":3,"sw":1},"geometry":{"type":"LineString","coordinates":[[22.427999,39.645694],[22.42798,39.645686]]}},{"type":"Feature","properties":{"line":"1","mode":"bus","color":"#03636c","oi":0.631,"n":3,"sw":1},"geometry":{"type":"LineString","coordinates":[[22.427986,39.645689],[22.42797,39.645681],[22.427968,39.64568]]}},{"type":"Feature","properties":{"line":"1","mode":"bus","color":"#03636c","oi":0.714,"n":3,"sw":1},"geometry":{"type":"LineString","coordinates":[[22.427974,39.645683],[22.42797,39.645681],[22.427953,39.645677]]}},{"type":"Feature","properties":{"line":"1","mode":"bus","color":"#03636c","oi":0.791,"n":3,"sw":1},"geometry":{"type":"LineString","coordinates":[[22.42796,39.645679],[22.427939,39.645674]]}},{"type":"Feature","properties":{"line":"1","mode":"bus","color":"#03636c","oi":0.86,"n":3,"sw":1},"geometry":{"type":"LineString","coordinates":[[22.427946,39.645675],[22.427925,39.64567]]}},{"type":"Feature","properties":{"line":"1","mode":"bus","color":"#03636c","oi":0.918,"n":3,"sw":1},"geometry":{"type":"LineString","coordinates":[[22.427932,39.645672],[22.427911,39.645667]]}},{"type":"Feature","properties":{"line":"1","mode":"bus","color":"#03636c","oi":0.962,"n":3,"sw":1},"geometry":{"type":"LineString","coordinates":[[22.427918,39.645669],[22.427897,39.645664]]}},{"type":"Feature","properties":{"line":"1","mode":"bus","color":"#03636c","oi":0.99,"n":3,"sw":1},"geometry":{"type":"LineString","coordinates":[[22.427904,39.645665],[22.427883,39.64566]]}},{"type":"Feature","properties":{"line":"1","mode":"bus","color":"#03636c","oi":1,"n":3,"sw":1},"geometry":{"type":"LineString","coordinates":[[22.42789,39.645662],[22.427878,39.645659],[22.427869,39.645661]]}},{"type":"Feature","properties":{"line":"1","mode":"bus","color":"#03636c","oi":1,"n":3},"geometry":{"type":"LineString","coordinates":[[22.412792,39.631883],[22.411592,39.632114],[22.407943,39.632862],[22.406986,39.632783],[22.406725,39.63278]]}},{"type":"Feature","properties":{"line":"1","mode":"bus","color":"#03636c","oi":0,"n":3,"sw":1},"geometry":{"type":"LineString","coordinates":[[22.4132,39.631805],[22.413174,39.63181]]}},{"type":"Feature","properties":{"line":"1","mode":"bus","color":"#03636c","oi":0.01,"n":3,"sw":1},"geometry":{"type":"LineString","coordinates":[[22.413181,39.631809],[22.413151,39.631814]]}},{"type":"Feature","properties":{"line":"1","mode":"bus","color":"#03636c","oi":0.038,"n":3,"sw":1},"geometry":{"type":"LineString","coordinates":[[22.413158,39.631813],[22.413129,39.631819]]}},{"type":"Feature","properties":{"line":"1","mode":"bus","color":"#03636c","oi":0.082,"n":3,"sw":1},"geometry":{"type":"LineString","coordinates":[[22.413135,39.631817],[22.413106,39.631823]]}},{"type":"Feature","properties":{"line":"1","mode":"bus","color":"#03636c","oi":0.14,"n":3,"sw":1},"geometry":{"type":"LineString","coordinates":[[22.413113,39.631822],[22.413083,39.631827]]}},{"type":"Feature","properties":{"line":"1","mode":"bus","color":"#03636c","oi":0.209,"n":3,"sw":1},"geometry":{"type":"LineString","coordinates":[[22.41309,39.631826],[22.413061,39.631832]]}},{"type":"Feature","properties":{"line":"1","mode":"bus","color":"#03636c","oi":0.286,"n":3,"sw":1},"geometry":{"type":"LineString","coordinates":[[22.413068,39.63183],[22.413038,39.631836]]}},{"type":"Feature","properties":{"line":"1","mode":"bus","color":"#03636c","oi":0.369,"n":3,"sw":1},"geometry":{"type":"LineString","coordinates":[[22.413045,39.631835],[22.413015,39.63184]]}},{"type":"Feature","properties":{"line":"1","mode":"bus","color":"#03636c","oi":0.456,"n":3,"sw":1},"geometry":{"type":"LineString","coordinates":[[22.413022,39.631839],[22.412993,39.631845]]}},{"type":"Feature","properties":{"line":"1","mode":"bus","color":"#03636c","oi":0.544,"n":3,"sw":1},"geometry":{"type":"LineString","coordinates":[[22.413,39.631844],[22.41297,39.631849]]}},{"type":"Feature","properties":{"line":"1","mode":"bus","color":"#03636c","oi":0.631,"n":3,"sw":1},"geometry":{"type":"LineString","coordinates":[[22.412977,39.631848],[22.412947,39.631854]]}},{"type":"Feature","properties":{"line":"1","mode":"bus","color":"#03636c","oi":0.714,"n":3,"sw":1},"geometry":{"type":"LineString","coordinates":[[22.412954,39.631852],[22.412925,39.631858]]}},{"type":"Feature","properties":{"line":"1","mode":"bus","color":"#03636c","oi":0.791,"n":3,"sw":1},"geometry":{"type":"LineString","coordinates":[[22.412932,39.631857],[22.412902,39.631862]]}},{"type":"Feature","properties":{"line":"1","mode":"bus","color":"#03636c","oi":0.86,"n":3,"sw":1},"geometry":{"type":"LineString","coordinates":[[22.412909,39.631861],[22.41288,39.631867]]}},{"type":"Feature","properties":{"line":"1","mode":"bus","color":"#03636c","oi":0.918,"n":3,"sw":1},"geometry":{"type":"LineString","coordinates":[[22.412886,39.631865],[22.412857,39.631871]]}},{"type":"Feature","properties":{"line":"1","mode":"bus","color":"#03636c","oi":0.962,"n":3,"sw":1},"geometry":{"type":"LineString","coordinates":[[22.412864,39.63187],[22.412834,39.631875]]}},{"type":"Feature","properties":{"line":"1","mode":"bus","color":"#03636c","oi":0.99,"n":3,"sw":1},"geometry":{"type":"LineString","coordinates":[[22.412841,39.631874],[22.412812,39.63188]]}},{"type":"Feature","properties":{"line":"1","mode":"bus","color":"#03636c","oi":1,"n":3,"sw":1},"geometry":{"type":"LineString","coordinates":[[22.412818,39.631878],[22.412789,39.631884]]}},{"type":"Feature","properties":{"line":"1","mode":"bus","color":"#03636c","oi":0,"n":3,"sw":1},"geometry":{"type":"LineString","coordinates":[[22.415181,39.631432],[22.415182,39.631443]]}},{"type":"Feature","properties":{"line":"1","mode":"bus","color":"#03636c","oi":0.156,"n":3,"sw":1},"geometry":{"type":"LineString","coordinates":[[22.415181,39.631438],[22.415182,39.631452]]}},{"type":"Feature","properties":{"line":"1","mode":"bus","color":"#03636c","oi":0.5,"n":3,"sw":1},"geometry":{"type":"LineString","coordinates":[[22.415182,39.631447],[22.415183,39.63146]]}},{"type":"Feature","properties":{"line":"1","mode":"bus","color":"#03636c","oi":0.844,"n":3,"sw":1},"geometry":{"type":"LineString","coordinates":[[22.415183,39.631455],[22.415184,39.631469]]}},{"type":"Feature","properties":{"line":"1","mode":"bus","color":"#03636c","oi":1,"n":3,"sw":1},"geometry":{"type":"LineString","coordinates":[[22.415183,39.631464],[22.415184,39.631478]]}},{"type":"Feature","properties":{"line":"1","mode":"bus","color":"#03636c","oi":1,"n":3,"sw":1},"geometry":{"type":"LineString","coordinates":[[22.415184,39.631472],[22.415185,39.631486]]}},{"type":"Feature","properties":{"line":"1","mode":"bus","color":"#03636c","oi":1.078,"n":3,"sw":1},"geometry":{"type":"LineString","coordinates":[[22.415184,39.631481],[22.415185,39.631495]]}},{"type":"Feature","properties":{"line":"1","mode":"bus","color":"#03636c","oi":1.25,"n":3,"sw":1},"geometry":{"type":"LineString","coordinates":[[22.415185,39.63149],[22.415186,39.631503]]}},{"type":"Feature","properties":{"line":"1","mode":"bus","color":"#03636c","oi":1.422,"n":3,"sw":1},"geometry":{"type":"LineString","coordinates":[[22.415186,39.631498],[22.415187,39.631512]]}},{"type":"Feature","properties":{"line":"1","mode":"bus","color":"#03636c","oi":1.5,"n":3,"sw":1},"geometry":{"type":"LineString","coordinates":[[22.415186,39.631507],[22.415187,39.631518]]}},{"type":"Feature","properties":{"line":"1","mode":"bus","color":"#03636c","oi":1.5,"n":4},"geometry":{"type":"LineString","coordinates":[[22.415187,39.631518],[22.41519,39.632249]]}},{"type":"Feature","properties":{"line":"1","mode":"bus","color":"#03636c","oi":1.5,"n":4,"sw":1},"geometry":{"type":"LineString","coordinates":[[22.41519,39.632246],[22.415191,39.632264]]}},{"type":"Feature","properties":{"line":"1","mode":"bus","color":"#03636c","oi":1.493,"n":4,"sw":1},"geometry":{"type":"LineString","coordinates":[[22.415191,39.632259],[22.415191,39.632277]]}},{"type":"Feature","properties":{"line":"1","mode":"bus","color":"#03636c","oi":1.473,"n":4,"sw":1},"geometry":{"type":"LineString","coordinates":[[22.415191,39.632271],[22.415191,39.632289]]}},{"type":"Feature","properties":{"line":"1","mode":"bus","color":"#03636c","oi":1.44,"n":4,"sw":1},"geometry":{"type":"LineString","coordinates":[[22.415191,39.632284],[22.415191,39.632302]]}},{"type":"Feature","properties":{"line":"1","mode":"bus","color":"#03636c","oi":1.397,"n":4,"sw":1},"geometry":{"type":"LineString","coordinates":[[22.415191,39.632296],[22.415191,39.632314]]}},{"type":"Feature","properties":{"line":"1","mode":"bus","color":"#03636c","oi":1.344,"n":4,"sw":1},"geometry":{"type":"LineString","coordinates":[[22.415191,39.632309],[22.415191,39.632327]]}},{"type":"Feature","properties":{"line":"1","mode":"bus","color":"#03636c","oi":1.282,"n":4,"sw":1},"geometry":{"type":"LineString","coordinates":[[22.415191,39.632321],[22.415191,39.632339]]}},{"type":"Feature","properties":{"line":"1","mode":"bus","color":"#03636c","oi":1.213,"n":4,"sw":1},"geometry":{"type":"LineString","coordinates":[[22.415191,39.632334],[22.415191,39.632351]]}},{"type":"Feature","properties":{"line":"1","mode":"bus","color":"#03636c","oi":1.138,"n":4,"sw":1},"geometry":{"type":"LineString","coordinates":[[22.415191,39.632346],[22.415191,39.632364]]}},{"type":"Feature","properties":{"line":"1","mode":"bus","color":"#03636c","oi":1.057,"n":4,"sw":1},"geometry":{"type":"LineString","coordinates":[[22.415191,39.632358],[22.415191,39.632376]]}},{"type":"Feature","properties":{"line":"1","mode":"bus","color":"#03636c","oi":0.972,"n":4,"sw":1},"geometry":{"type":"LineString","coordinates":[[22.415191,39.632371],[22.415191,39.632389]]}},{"type":"Feature","properties":{"line":"1","mode":"bus","color":"#03636c","oi":0.884,"n":4,"sw":1},"geometry":{"type":"LineString","coordinates":[[22.415191,39.632383],[22.415191,39.632401]]}},{"type":"Feature","properties":{"line":"1","mode":"bus","color":"#03636c","oi":0.795,"n":4,"sw":1},"geometry":{"type":"LineString","coordinates":[[22.415191,39.632396],[22.415191,39.632414]]}},{"type":"Feature","properties":{"line":"1","mode":"bus","color":"#03636c","oi":0.705,"n":4,"sw":1},"geometry":{"type":"LineString","coordinates":[[22.415191,39.632408],[22.415191,39.632426]]}},{"type":"Feature","properties":{"line":"1","mode":"bus","color":"#03636c","oi":0.616,"n":4,"sw":1},"geometry":{"type":"LineString","coordinates":[[22.415191,39.632421],[22.415191,39.632439]]}},{"type":"Feature","properties":{"line":"1","mode":"bus","color":"#03636c","oi":0.528,"n":4,"sw":1},"geometry":{"type":"LineString","coordinates":[[22.415191,39.632433],[22.415191,39.632451]]}},{"type":"Feature","properties":{"line":"1","mode":"bus","color":"#03636c","oi":0.443,"n":4,"sw":1},"geometry":{"type":"LineString","coordinates":[[22.415191,39.632446],[22.415191,39.632464]]}},{"type":"Feature","properties":{"line":"1","mode":"bus","color":"#03636c","oi":0.362,"n":4,"sw":1},"geometry":{"type":"LineString","coordinates":[[22.415191,39.632458],[22.415192,39.632476]]}},{"type":"Feature","properties":{"line":"1","mode":"bus","color":"#03636c","oi":0.287,"n":4,"sw":1},"geometry":{"type":"LineString","coordinates":[[22.415192,39.632471],[22.415192,39.632488]]}},{"type":"Feature","properties":{"line":"1","mode":"bus","color":"#03636c","oi":0.218,"n":4,"sw":1},"geometry":{"type":"LineString","coordinates":[[22.415192,39.632483],[22.415192,39.632501]]}},{"type":"Feature","properties":{"line":"1","mode":"bus","color":"#03636c","oi":0.156,"n":4,"sw":1},"geometry":{"type":"LineString","coordinates":[[22.415192,39.632496],[22.415192,39.632513]]}},{"type":"Feature","properties":{"line":"1","mode":"bus","color":"#03636c","oi":0.103,"n":4,"sw":1},"geometry":{"type":"LineString","coordinates":[[22.415192,39.632508],[22.415192,39.632526]]}},{"type":"Feature","properties":{"line":"1","mode":"bus","color":"#03636c","oi":0.06,"n":4,"sw":1},"geometry":{"type":"LineString","coordinates":[[22.415192,39.63252],[22.415192,39.632538]]}},{"type":"Feature","properties":{"line":"1","mode":"bus","color":"#03636c","oi":0.027,"n":4,"sw":1},"geometry":{"type":"LineString","coordinates":[[22.415192,39.632533],[22.415192,39.632551]]}},{"type":"Feature","properties":{"line":"1","mode":"bus","color":"#03636c","oi":0.007,"n":4,"sw":1},"geometry":{"type":"LineString","coordinates":[[22.415192,39.632545],[22.415192,39.632563]]}},{"type":"Feature","properties":{"line":"1","mode":"bus","color":"#03636c","oi":0,"n":4,"sw":1},"geometry":{"type":"LineString","coordinates":[[22.415192,39.632558],[22.415192,39.632573]]}},{"type":"Feature","properties":{"line":"10","mode":"bus","color":"#119efc","oi":-1.5,"n":4},"geometry":{"type":"LineString","coordinates":[[22.413532,39.634271],[22.415185,39.635066],[22.416035,39.635281],[22.416669,39.635347],[22.416694,39.635354],[22.416709,39.635367],[22.416714,39.635388],[22.416687,39.636147],[22.416699,39.637735],[22.416658,39.638089],[22.416655,39.638459]]}},{"type":"Feature","properties":{"line":"10","mode":"bus","color":"#119efc","oi":0,"n":4,"sw":1},"geometry":{"type":"LineString","coordinates":[[22.413175,39.6341],[22.413192,39.634108]]}},{"type":"Feature","properties":{"line":"10","mode":"bus","color":"#119efc","oi":-0.007,"n":4,"sw":1},"geometry":{"type":"LineString","coordinates":[[22.413186,39.634105],[22.413205,39.634115]]}},{"type":"Feature","properties":{"line":"10","mode":"bus","color":"#119efc","oi":-0.027,"n":4,"sw":1},"geometry":{"type":"LineString","coordinates":[[22.413199,39.634112],[22.413219,39.634121]]}},{"type":"Feature","properties":{"line":"10","mode":"bus","color":"#119efc","oi":-0.06,"n":4,"sw":1},"geometry":{"type":"LineString","coordinates":[[22.413213,39.634118],[22.413233,39.634128]]}},{"type":"Feature","properties":{"line":"10","mode":"bus","color":"#119efc","oi":-0.103,"n":4,"sw":1},"geometry":{"type":"LineString","coordinates":[[22.413227,39.634125],[22.413247,39.634134]]}},{"type":"Feature","properties":{"line":"10","mode":"bus","color":"#119efc","oi":-0.156,"n":4,"sw":1},"geometry":{"type":"LineString","coordinates":[[22.413241,39.634132],[22.41326,39.634141]]}},{"type":"Feature","properties":{"line":"10","mode":"bus","color":"#119efc","oi":-0.218,"n":4,"sw":1},"geometry":{"type":"LineString","coordinates":[[22.413254,39.634138],[22.413274,39.634148]]}},{"type":"Feature","properties":{"line":"10","mode":"bus","color":"#119efc","oi":-0.287,"n":4,"sw":1},"geometry":{"type":"LineString","coordinates":[[22.413268,39.634145],[22.413288,39.634154]]}},{"type":"Feature","properties":{"line":"10","mode":"bus","color":"#119efc","oi":-0.362,"n":4,"sw":1},"geometry":{"type":"LineString","coordinates":[[22.413282,39.634151],[22.413301,39.634161]]}},{"type":"Feature","properties":{"line":"10","mode":"bus","color":"#119efc","oi":-0.443,"n":4,"sw":1},"geometry":{"type":"LineString","coordinates":[[22.413295,39.634158],[22.413315,39.634167]]}},{"type":"Feature","properties":{"line":"10","mode":"bus","color":"#119efc","oi":-0.528,"n":4,"sw":1},"geometry":{"type":"LineString","coordinates":[[22.413309,39.634164],[22.413329,39.634174]]}},{"type":"Feature","properties":{"line":"10","mode":"bus","color":"#119efc","oi":-0.616,"n":4,"sw":1},"geometry":{"type":"LineString","coordinates":[[22.413323,39.634171],[22.413343,39.634181]]}},{"type":"Feature","properties":{"line":"10","mode":"bus","color":"#119efc","oi":-0.705,"n":4,"sw":1},"geometry":{"type":"LineString","coordinates":[[22.413337,39.634178],[22.413356,39.634187]]}},{"type":"Feature","properties":{"line":"10","mode":"bus","color":"#119efc","oi":-0.795,"n":4,"sw":1},"geometry":{"type":"LineString","coordinates":[[22.41335,39.634184],[22.41337,39.634194]]}},{"type":"Feature","properties":{"line":"10","mode":"bus","color":"#119efc","oi":-0.884,"n":4,"sw":1},"geometry":{"type":"LineString","coordinates":[[22.413364,39.634191],[22.413384,39.6342]]}},{"type":"Feature","properties":{"line":"10","mode":"bus","color":"#119efc","oi":-0.972,"n":4,"sw":1},"geometry":{"type":"LineString","coordinates":[[22.413378,39.634197],[22.413397,39.634207]]}},{"type":"Feature","properties":{"line":"10","mode":"bus","color":"#119efc","oi":-1.057,"n":4,"sw":1},"geometry":{"type":"LineString","coordinates":[[22.413391,39.634204],[22.413411,39.634213]]}},{"type":"Feature","properties":{"line":"10","mode":"bus","color":"#119efc","oi":-1.138,"n":4,"sw":1},"geometry":{"type":"LineString","coordinates":[[22.413405,39.634211],[22.413425,39.63422]]}},{"type":"Feature","properties":{"line":"10","mode":"bus","color":"#119efc","oi":-1.213,"n":4,"sw":1},"geometry":{"type":"LineString","coordinates":[[22.413419,39.634217],[22.413439,39.634227]]}},{"type":"Feature","properties":{"line":"10","mode":"bus","color":"#119efc","oi":-1.282,"n":4,"sw":1},"geometry":{"type":"LineString","coordinates":[[22.413433,39.634224],[22.413452,39.634233]]}},{"type":"Feature","properties":{"line":"10","mode":"bus","color":"#119efc","oi":-1.344,"n":4,"sw":1},"geometry":{"type":"LineString","coordinates":[[22.413446,39.63423],[22.413466,39.63424]]}},{"type":"Feature","properties":{"line":"10","mode":"bus","color":"#119efc","oi":-1.397,"n":4,"sw":1},"geometry":{"type":"LineString","coordinates":[[22.41346,39.634237],[22.41348,39.634246]]}},{"type":"Feature","properties":{"line":"10","mode":"bus","color":"#119efc","oi":-1.44,"n":4,"sw":1},"geometry":{"type":"LineString","coordinates":[[22.413474,39.634244],[22.413493,39.634253]]}},{"type":"Feature","properties":{"line":"10","mode":"bus","color":"#119efc","oi":-1.473,"n":4,"sw":1},"geometry":{"type":"LineString","coordinates":[[22.413487,39.63425],[22.413507,39.63426]]}},{"type":"Feature","properties":{"line":"10","mode":"bus","color":"#119efc","oi":-1.493,"n":4,"sw":1},"geometry":{"type":"LineString","coordinates":[[22.413501,39.634257],[22.413521,39.634266]]}},{"type":"Feature","properties":{"line":"10","mode":"bus","color":"#119efc","oi":-1.5,"n":4,"sw":1},"geometry":{"type":"LineString","coordinates":[[22.413515,39.634263],[22.413535,39.634273]]}},{"type":"Feature","properties":{"line":"10","mode":"bus","color":"#119efc","oi":-1.5,"n":4,"sw":1},"geometry":{"type":"LineString","coordinates":[[22.416655,39.638456],[22.416655,39.638474]]}},{"type":"Feature","properties":{"line":"10","mode":"bus","color":"#119efc","oi":-1.493,"n":4,"sw":1},"geometry":{"type":"LineString","coordinates":[[22.416655,39.638469],[22.416655,39.638487]]}},{"type":"Feature","properties":{"line":"10","mode":"bus","color":"#119efc","oi":-1.473,"n":4,"sw":1},"geometry":{"type":"LineString","coordinates":[[22.416655,39.638481],[22.416655,39.638499]]}},{"type":"Feature","properties":{"line":"10","mode":"bus","color":"#119efc","oi":-1.44,"n":4,"sw":1},"geometry":{"type":"LineString","coordinates":[[22.416655,39.638494],[22.416655,39.638512]]}},{"type":"Feature","properties":{"line":"10","mode":"bus","color":"#119efc","oi":-1.397,"n":4,"sw":1},"geometry":{"type":"LineString","coordinates":[[22.416655,39.638506],[22.416654,39.638524]]}},{"type":"Feature","properties":{"line":"10","mode":"bus","color":"#119efc","oi":-1.344,"n":4,"sw":1},"geometry":{"type":"LineString","coordinates":[[22.416654,39.638519],[22.416654,39.638537]]}},{"type":"Feature","properties":{"line":"10","mode":"bus","color":"#119efc","oi":-1.282,"n":4,"sw":1},"geometry":{"type":"LineString","coordinates":[[22.416654,39.638531],[22.416654,39.638549]]}},{"type":"Feature","properties":{"line":"10","mode":"bus","color":"#119efc","oi":-1.213,"n":4,"sw":1},"geometry":{"type":"LineString","coordinates":[[22.416654,39.638544],[22.416654,39.638561]]}},{"type":"Feature","properties":{"line":"10","mode":"bus","color":"#119efc","oi":-1.138,"n":4,"sw":1},"geometry":{"type":"LineString","coordinates":[[22.416654,39.638556],[22.416654,39.638574]]}},{"type":"Feature","properties":{"line":"10","mode":"bus","color":"#119efc","oi":-1.057,"n":4,"sw":1},"geometry":{"type":"LineString","coordinates":[[22.416654,39.638569],[22.416654,39.638586]]}},{"type":"Feature","properties":{"line":"10","mode":"bus","color":"#119efc","oi":-0.972,"n":4,"sw":1},"geometry":{"type":"LineString","coordinates":[[22.416654,39.638581],[22.416654,39.638599]]}},{"type":"Feature","properties":{"line":"10","mode":"bus","color":"#119efc","oi":-0.884,"n":4,"sw":1},"geometry":{"type":"LineString","coordinates":[[22.416654,39.638593],[22.416654,39.638611]]}},{"type":"Feature","properties":{"line":"10","mode":"bus","color":"#119efc","oi":-0.795,"n":4,"sw":1},"geometry":{"type":"LineString","coordinates":[[22.416654,39.638606],[22.416654,39.638624]]}},{"type":"Feature","properties":{"line":"10","mode":"bus","color":"#119efc","oi":-0.705,"n":4,"sw":1},"geometry":{"type":"LineString","coordinates":[[22.416654,39.638618],[22.416653,39.638636]]}},{"type":"Feature","properties":{"line":"10","mode":"bus","color":"#119efc","oi":-0.616,"n":4,"sw":1},"geometry":{"type":"LineString","coordinates":[[22.416654,39.638631],[22.416653,39.638649]]}},{"type":"Feature","properties":{"line":"10","mode":"bus","color":"#119efc","oi":-0.528,"n":4,"sw":1},"geometry":{"type":"LineString","coordinates":[[22.416653,39.638643],[22.416653,39.638661]]}},{"type":"Feature","properties":{"line":"10","mode":"bus","color":"#119efc","oi":-0.443,"n":4,"sw":1},"geometry":{"type":"LineString","coordinates":[[22.416653,39.638656],[22.416653,39.638674]]}},{"type":"Feature","properties":{"line":"10","mode":"bus","color":"#119efc","oi":-0.362,"n":4,"sw":1},"geometry":{"type":"LineString","coordinates":[[22.416653,39.638668],[22.416653,39.638686]]}},{"type":"Feature","properties":{"line":"10","mode":"bus","color":"#119efc","oi":-0.287,"n":4,"sw":1},"geometry":{"type":"LineString","coordinates":[[22.416653,39.638681],[22.416653,39.638693],[22.41665,39.638698]]}},{"type":"Feature","properties":{"line":"10","mode":"bus","color":"#119efc","oi":-0.218,"n":4,"sw":1},"geometry":{"type":"LineString","coordinates":[[22.416653,39.638693],[22.416643,39.638709]]}},{"type":"Feature","properties":{"line":"10","mode":"bus","color":"#119efc","oi":-0.156,"n":4,"sw":1},"geometry":{"type":"LineString","coordinates":[[22.416646,39.638704],[22.416636,39.63872]]}},{"type":"Feature","properties":{"line":"10","mode":"bus","color":"#119efc","oi":-0.103,"n":4,"sw":1},"geometry":{"type":"LineString","coordinates":[[22.416639,39.638716],[22.416629,39.638732]]}},{"type":"Feature","properties":{"line":"10","mode":"bus","color":"#119efc","oi":-0.06,"n":4,"sw":1},"geometry":{"type":"LineString","coordinates":[[22.416632,39.638727],[22.416622,39.638743]]}},{"type":"Feature","properties":{"line":"10","mode":"bus","color":"#119efc","oi":-0.027,"n":4,"sw":1},"geometry":{"type":"LineString","coordinates":[[22.416625,39.638738],[22.416615,39.638754]]}},{"type":"Feature","properties":{"line":"10","mode":"bus","color":"#119efc","oi":-0.007,"n":4,"sw":1},"geometry":{"type":"LineString","coordinates":[[22.416618,39.638749],[22.416608,39.638765]]}},{"type":"Feature","properties":{"line":"10","mode":"bus","color":"#119efc","oi":0,"n":4,"sw":1},"geometry":{"type":"LineString","coordinates":[[22.416611,39.63876],[22.416602,39.638774]]}},{"type":"Feature","properties":{"line":"10","mode":"bus","color":"#119efc","oi":-0.5,"n":4},"geometry":{"type":"LineString","coordinates":[[22.415187,39.631518],[22.41519,39.632249]]}},{"type":"Feature","properties":{"line":"10","mode":"bus","color":"#119efc","oi":-0.5,"n":4,"sw":1},"geometry":{"type":"LineString","coordinates":[[22.41519,39.632246],[22.415191,39.632284]]}},{"type":"Feature","properties":{"line":"10","mode":"bus","color":"#119efc","oi":-0.483,"n":4,"sw":1},"geometry":{"type":"LineString","coordinates":[[22.415191,39.632279],[22.415191,39.632317]]}},{"type":"Feature","properties":{"line":"10","mode":"bus","color":"#119efc","oi":-0.437,"n":4,"sw":1},"geometry":{"type":"LineString","coordinates":[[22.415191,39.632311],[22.415191,39.632349]]}},{"type":"Feature","properties":{"line":"10","mode":"bus","color":"#119efc","oi":-0.37,"n":4,"sw":1},"geometry":{"type":"LineString","coordinates":[[22.415191,39.632344],[22.415191,39.632381]]}},{"type":"Feature","properties":{"line":"10","mode":"bus","color":"#119efc","oi":-0.291,"n":4,"sw":1},"geometry":{"type":"LineString","coordinates":[[22.415191,39.632376],[22.415191,39.632414]]}},{"type":"Feature","properties":{"line":"10","mode":"bus","color":"#119efc","oi":-0.209,"n":4,"sw":1},"geometry":{"type":"LineString","coordinates":[[22.415191,39.632408],[22.415191,39.632446]]}},{"type":"Feature","properties":{"line":"10","mode":"bus","color":"#119efc","oi":-0.13,"n":4,"sw":1},"geometry":{"type":"LineString","coordinates":[[22.415191,39.632441],[22.415192,39.632479]]}},{"type":"Feature","properties":{"line":"10","mode":"bus","color":"#119efc","oi":-0.063,"n":4,"sw":1},"geometry":{"type":"LineString","coordinates":[[22.415192,39.632473],[22.415192,39.632511]]}},{"type":"Feature","properties":{"line":"10","mode":"bus","color":"#119efc","oi":-0.017,"n":4,"sw":1},"geometry":{"type":"LineString","coordinates":[[22.415192,39.632506],[22.415192,39.632543]]}},{"type":"Feature","properties":{"line":"10","mode":"bus","color":"#119efc","oi":0,"n":4,"sw":1},"geometry":{"type":"LineString","coordinates":[[22.415192,39.632538],[22.415192,39.632573]]}},{"type":"Feature","properties":{"line":"10","mode":"bus","color":"#119efc","oi":0,"n":4,"sw":1},"geometry":{"type":"LineString","coordinates":[[22.413199,39.631883],[22.413199,39.631871]]}},{"type":"Feature","properties":{"line":"10","mode":"bus","color":"#119efc","oi":-0.13,"n":4,"sw":1},"geometry":{"type":"LineString","coordinates":[[22.413199,39.631876],[22.413199,39.631861]]}},{"type":"Feature","properties":{"line":"10","mode":"bus","color":"#119efc","oi":-0.37,"n":4,"sw":1},"geometry":{"type":"LineString","coordinates":[[22.413199,39.631866],[22.413199,39.631851]]}},{"type":"Feature","properties":{"line":"10","mode":"bus","color":"#119efc","oi":-0.5,"n":4,"sw":1},"geometry":{"type":"LineString","coordinates":[[22.413199,39.631856],[22.4132,39.631841]]}},{"type":"Feature","properties":{"line":"10","mode":"bus","color":"#119efc","oi":-0.5,"n":4,"sw":1},"geometry":{"type":"LineString","coordinates":[[22.413199,39.631847],[22.4132,39.631832]]}},{"type":"Feature","properties":{"line":"10","mode":"bus","color":"#119efc","oi":-0.37,"n":4,"sw":1},"geometry":{"type":"LineString","coordinates":[[22.4132,39.631837],[22.4132,39.631822]]}},{"type":"Feature","properties":{"line":"10","mode":"bus","color":"#119efc","oi":-0.13,"n":4,"sw":1},"geometry":{"type":"LineString","coordinates":[[22.4132,39.631827],[22.4132,39.631812]]}},{"type":"Feature","properties":{"line":"10","mode":"bus","color":"#119efc","oi":0,"n":4,"sw":1},"geometry":{"type":"LineString","coordinates":[[22.4132,39.631817],[22.4132,39.631805]]}},{"type":"Feature","properties":{"line":"10","mode":"bus","color":"#119efc","oi":0.5,"n":4},"geometry":{"type":"LineString","coordinates":[[22.415591,39.63136],[22.416366,39.631225]]}},{"type":"Feature","properties":{"line":"10","mode":"bus","color":"#119efc","oi":0,"n":4,"sw":1},"geometry":{"type":"LineString","coordinates":[[22.415181,39.631432],[22.415225,39.631424]]}},{"type":"Feature","properties":{"line":"10","mode":"bus","color":"#119efc","oi":0.017,"n":4,"sw":1},"geometry":{"type":"LineString","coordinates":[[22.415219,39.631425],[22.415266,39.631417]]}},{"type":"Feature","properties":{"line":"10","mode":"bus","color":"#119efc","oi":0.063,"n":4,"sw":1},"geometry":{"type":"LineString","coordinates":[[22.41526,39.631418],[22.415307,39.63141]]}},{"type":"Feature","properties":{"line":"10","mode":"bus","color":"#119efc","oi":0.13,"n":4,"sw":1},"geometry":{"type":"LineString","coordinates":[[22.4153,39.631411],[22.415348,39.631403]]}},{"type":"Feature","properties":{"line":"10","mode":"bus","color":"#119efc","oi":0.209,"n":4,"sw":1},"geometry":{"type":"LineString","coordinates":[[22.415341,39.631404],[22.415389,39.631396]]}},{"type":"Feature","properties":{"line":"10","mode":"bus","color":"#119efc","oi":0.291,"n":4,"sw":1},"geometry":{"type":"LineString","coordinates":[[22.415382,39.631397],[22.41543,39.631388]]}},{"type":"Feature","properties":{"line":"10","mode":"bus","color":"#119efc","oi":0.37,"n":4,"sw":1},"geometry":{"type":"LineString","coordinates":[[22.415423,39.63139],[22.415471,39.631381]]}},{"type":"Feature","properties":{"line":"10","mode":"bus","color":"#119efc","oi":0.437,"n":4,"sw":1},"geometry":{"type":"LineString","coordinates":[[22.415464,39.631382],[22.415512,39.631374]]}},{"type":"Feature","properties":{"line":"10","mode":"bus","color":"#119efc","oi":0.483,"n":4,"sw":1},"geometry":{"type":"LineString","coordinates":[[22.415505,39.631375],[22.415553,39.631367]]}},{"type":"Feature","properties":{"line":"10","mode":"bus","color":"#119efc","oi":0.5,"n":4,"sw":1},"geometry":{"type":"LineString","coordinates":[[22.415546,39.631368],[22.415594,39.63136]]}},{"type":"Feature","properties":{"line":"10","mode":"bus","color":"#119efc","oi":0.5,"n":4,"sw":1},"geometry":{"type":"LineString","coordinates":[[22.416363,39.631225],[22.416411,39.631217]]}},{"type":"Feature","properties":{"line":"10","mode":"bus","color":"#119efc","oi":0.483,"n":4,"sw":1},"geometry":{"type":"LineString","coordinates":[[22.416404,39.631218],[22.416452,39.63121]]}},{"type":"Feature","properties":{"line":"10","mode":"bus","color":"#119efc","oi":0.437,"n":4,"sw":1},"geometry":{"type":"LineString","coordinates":[[22.416445,39.631211],[22.416493,39.631203]]}},{"type":"Feature","properties":{"line":"10","mode":"bus","color":"#119efc","oi":0.37,"n":4,"sw":1},"geometry":{"type":"LineString","coordinates":[[22.416486,39.631204],[22.416534,39.631195]]}},{"type":"Feature","properties":{"line":"10","mode":"bus","color":"#119efc","oi":0.291,"n":4,"sw":1},"geometry":{"type":"LineString","coordinates":[[22.416527,39.631197],[22.416575,39.631188]]}},{"type":"Feature","properties":{"line":"10","mode":"bus","color":"#119efc","oi":0.209,"n":4,"sw":1},"geometry":{"type":"LineString","coordinates":[[22.416568,39.631189],[22.416616,39.631181]]}},{"type":"Feature","properties":{"line":"10","mode":"bus","color":"#119efc","oi":0.13,"n":4,"sw":1},"geometry":{"type":"LineString","coordinates":[[22.416609,39.631182],[22.416622,39.63118],[22.416658,39.631181]]}},{"type":"Feature","properties":{"line":"10","mode":"bus","color":"#119efc","oi":0.063,"n":4,"sw":1},"geometry":{"type":"LineString","coordinates":[[22.416651,39.631181],[22.4167,39.631182]]}},{"type":"Feature","properties":{"line":"10","mode":"bus","color":"#119efc","oi":0.017,"n":4,"sw":1},"geometry":{"type":"LineString","coordinates":[[22.416693,39.631182],[22.416742,39.631183]]}},{"type":"Feature","properties":{"line":"10","mode":"bus","color":"#119efc","oi":0,"n":4,"sw":1},"geometry":{"type":"LineString","coordinates":[[22.416735,39.631183],[22.41678,39.631184]]}},{"type":"Feature","properties":{"line":"10","mode":"bus","color":"#119efc","oi":0.5,"n":4},"geometry":{"type":"LineString","coordinates":[[22.418351,39.630861],[22.418657,39.630812],[22.418795,39.630811],[22.419045,39.630862]]}},{"type":"Feature","properties":{"line":"10","mode":"bus","color":"#119efc","oi":0,"n":4,"sw":1},"geometry":{"type":"LineString","coordinates":[[22.417962,39.630969],[22.418,39.63095]]}},{"type":"Feature","properties":{"line":"10","mode":"bus","color":"#119efc","oi":0.017,"n":4,"sw":1},"geometry":{"type":"LineString","coordinates":[[22.417994,39.630953],[22.418035,39.630932]]}},{"type":"Feature","properties":{"line":"10","mode":"bus","color":"#119efc","oi":0.063,"n":4,"sw":1},"geometry":{"type":"LineString","coordinates":[[22.418029,39.630935],[22.41807,39.630914]]}},{"type":"Feature","properties":{"line":"10","mode":"bus","color":"#119efc","oi":0.13,"n":4,"sw":1},"geometry":{"type":"LineString","coordinates":[[22.418064,39.630917],[22.418091,39.630903],[22.418107,39.6309]]}},{"type":"Feature","properties":{"line":"10","mode":"bus","color":"#119efc","oi":0.209,"n":4,"sw":1},"geometry":{"type":"LineString","coordinates":[[22.418101,39.630901],[22.418149,39.630894]]}},{"type":"Feature","properties":{"line":"10","mode":"bus","color":"#119efc","oi":0.291,"n":4,"sw":1},"geometry":{"type":"LineString","coordinates":[[22.418142,39.630895],[22.41819,39.630887]]}},{"type":"Feature","properties":{"line":"10","mode":"bus","color":"#119efc","oi":0.37,"n":4,"sw":1},"geometry":{"type":"LineString","coordinates":[[22.418183,39.630888],[22.418231,39.630881]]}},{"type":"Feature","properties":{"line":"10","mode":"bus","color":"#119efc","oi":0.437,"n":4,"sw":1},"geometry":{"type":"LineString","coordinates":[[22.418224,39.630882],[22.418272,39.630874]]}},{"type":"Feature","properties":{"line":"10","mode":"bus","color":"#119efc","oi":0.483,"n":4,"sw":1},"geometry":{"type":"LineString","coordinates":[[22.418265,39.630875],[22.418313,39.630867]]}},{"type":"Feature","properties":{"line":"10","mode":"bus","color":"#119efc","oi":0.5,"n":4,"sw":1},"geometry":{"type":"LineString","coordinates":[[22.418306,39.630868],[22.418354,39.630861]]}},{"type":"Feature","properties":{"line":"10","mode":"bus","color":"#119efc","oi":0,"n":2,"sw":1},"geometry":{"type":"LineString","coordinates":[[22.419045,39.630862],[22.419071,39.630855]]}},{"type":"Feature","properties":{"line":"10","mode":"bus","color":"#119efc","oi":-0.017,"n":2,"sw":1},"geometry":{"type":"LineString","coordinates":[[22.419065,39.630856],[22.419094,39.630848]]}},{"type":"Feature","properties":{"line":"10","mode":"bus","color":"#119efc","oi":-0.063,"n":2,"sw":1},"geometry":{"type":"LineString","coordinates":[[22.419088,39.63085],[22.419117,39.630842]]}},{"type":"Feature","properties":{"line":"10","mode":"bus","color":"#119efc","oi":-0.13,"n":2,"sw":1},"geometry":{"type":"LineString","coordinates":[[22.419111,39.630844],[22.419141,39.630835]]}},{"type":"Feature","properties":{"line":"10","mode":"bus","color":"#119efc","oi":-0.209,"n":2,"sw":1},"geometry":{"type":"LineString","coordinates":[[22.419134,39.630837],[22.419164,39.630829]]}},{"type":"Feature","properties":{"line":"10","mode":"bus","color":"#119efc","oi":-0.291,"n":2,"sw":1},"geometry":{"type":"LineString","coordinates":[[22.419157,39.630831],[22.419187,39.630822]]}},{"type":"Feature","properties":{"line":"10","mode":"bus","color":"#119efc","oi":-0.37,"n":2,"sw":1},"geometry":{"type":"LineString","coordinates":[[22.41918,39.630824],[22.41921,39.630816]]}},{"type":"Feature","properties":{"line":"10","mode":"bus","color":"#119efc","oi":-0.437,"n":2,"sw":1},"geometry":{"type":"LineString","coordinates":[[22.419203,39.630818],[22.419233,39.63081]]}},{"type":"Feature","properties":{"line":"10","mode":"bus","color":"#119efc","oi":-0.483,"n":2,"sw":1},"geometry":{"type":"LineString","coordinates":[[22.419226,39.630811],[22.419253,39.630804],[22.419255,39.630802]]}},{"type":"Feature","properties":{"line":"10","mode":"bus","color":"#119efc","oi":-0.5,"n":2,"sw":1},"geometry":{"type":"LineString","coordinates":[[22.419249,39.630805],[22.419253,39.630804],[22.419268,39.630786]]}},{"type":"Feature","properties":{"line":"10","mode":"bus","color":"#119efc","oi":-0.5,"n":2,"sw":1},"geometry":{"type":"LineString","coordinates":[[22.419264,39.630791],[22.419282,39.63077]]}},{"type":"Feature","properties":{"line":"10","mode":"bus","color":"#119efc","oi":-0.483,"n":2,"sw":1},"geometry":{"type":"LineString","coordinates":[[22.419278,39.630775],[22.419295,39.630755]]}},{"type":"Feature","properties":{"line":"10","mode":"bus","color":"#119efc","oi":-0.437,"n":2,"sw":1},"geometry":{"type":"LineString","coordinates":[[22.419292,39.630759],[22.419309,39.630739]]}},{"type":"Feature","properties":{"line":"10","mode":"bus","color":"#119efc","oi":-0.37,"n":2,"sw":1},"geometry":{"type":"LineString","coordinates":[[22.419305,39.630743],[22.419323,39.630723]]}},{"type":"Feature","properties":{"line":"10","mode":"bus","color":"#119efc","oi":-0.291,"n":2,"sw":1},"geometry":{"type":"LineString","coordinates":[[22.419319,39.630728],[22.419336,39.630707]]}},{"type":"Feature","properties":{"line":"10","mode":"bus","color":"#119efc","oi":-0.209,"n":2,"sw":1},"geometry":{"type":"LineString","coordinates":[[22.419332,39.630712],[22.41935,39.630692]]}},{"type":"Feature","properties":{"line":"10","mode":"bus","color":"#119efc","oi":-0.13,"n":2,"sw":1},"geometry":{"type":"LineString","coordinates":[[22.419346,39.630696],[22.419352,39.630689],[22.419358,39.630674]]}},{"type":"Feature","properties":{"line":"10","mode":"bus","color":"#119efc","oi":-0.063,"n":2,"sw":1},"geometry":{"type":"LineString","coordinates":[[22.419356,39.630679],[22.419364,39.630656]]}},{"type":"Feature","properties":{"line":"10","mode":"bus","color":"#119efc","oi":-0.017,"n":2,"sw":1},"geometry":{"type":"LineString","coordinates":[[22.419362,39.630661],[22.419371,39.630638]]}},{"type":"Feature","properties":{"line":"10","mode":"bus","color":"#119efc","oi":0,"n":2,"sw":1},"geometry":{"type":"LineString","coordinates":[[22.419369,39.630643],[22.419377,39.630622]]}},{"type":"Feature","properties":{"line":"10","mode":"bus","color":"#119efc","oi":0,"n":1},"geometry":{"type":"LineString","coordinates":[[22.422625,39.626613],[22.420746,39.626107],[22.420722,39.626096],[22.420707,39.62608],[22.420702,39.626059],[22.420703,39.62597],[22.420954,39.625278],[22.420957,39.625262],[22.420952,39.62525],[22.42094,39.625243],[22.420921,39.625238],[22.419821,39.625127]]}},{"type":"Feature","properties":{"line":"10","mode":"bus","color":"#119efc","oi":0,"n":1},"geometry":{"type":"LineString","coordinates":[[22.424277,39.624624],[22.423034,39.624201],[22.421615,39.623772],[22.421593,39.623761],[22.421583,39.623745],[22.421585,39.623724],[22.421925,39.622806],[22.421928,39.62279],[22.421923,39.622777],[22.421912,39.622768],[22.421893,39.622762],[22.420368,39.62246]]}},{"type":"Feature","properties":{"line":"10","mode":"bus","color":"#119efc","oi":0,"n":1},"geometry":{"type":"LineString","coordinates":[[22.420648,39.616942],[22.419242,39.621199],[22.419254,39.621337],[22.41904,39.622043],[22.419039,39.622063],[22.41905,39.622078],[22.419074,39.622086],[22.420369,39.622328],[22.420388,39.622333],[22.420399,39.622343],[22.420404,39.622355],[22.420401,39.62237],[22.420098,39.623154],[22.419941,39.623639],[22.419839,39.624717],[22.419804,39.625594],[22.419809,39.625615],[22.419824,39.625628],[22.419849,39.625636],[22.420783,39.625749]]}},{"type":"Feature","properties":{"line":"10","mode":"bus","color":"#119efc","oi":0,"n":1},"geometry":{"type":"LineString","coordinates":[[22.420677,39.61694],[22.419049,39.616629],[22.414331,39.618686],[22.414311,39.618692],[22.414294,39.618692],[22.41428,39.618685],[22.414267,39.618673],[22.413731,39.617929],[22.41386,39.615957],[22.413856,39.615937],[22.413841,39.615924],[22.413815,39.615919],[22.412532,39.615859],[22.411432,39.615877],[22.411406,39.615882],[22.411389,39.615894],[22.411383,39.615914],[22.411336,39.616828],[22.41133,39.616849],[22.411314,39.616863],[22.411288,39.61687],[22.410793,39.616933],[22.410502,39.617018],[22.410061,39.6172]]}},{"type":"Feature","properties":{"line":"10","mode":"bus","color":"#119efc","oi":0,"n":1},"geometry":{"type":"LineString","coordinates":[[22.419279,39.616669],[22.42162,39.60819],[22.421681,39.607763],[22.421741,39.60689],[22.421725,39.606338],[22.421619,39.605304],[22.42162,39.605289],[22.421627,39.605279],[22.421641,39.605274],[22.421661,39.605275],[22.423216,39.605497],[22.426814,39.605838],[22.426833,39.605842],[22.426845,39.60585],[22.426849,39.605861],[22.426846,39.605876],[22.42655,39.606626],[22.426196,39.607403],[22.424733,39.61134]]}},{"type":"Feature","properties":{"line":"10","mode":"bus","color":"#119efc","oi":0,"n":1},"geometry":{"type":"LineString","coordinates":[[22.40877,39.613846],[22.408877,39.615918],[22.409861,39.617283]]}},{"type":"Feature","properties":{"line":"10","mode":"bus","color":"#119efc","oi":0,"n":1},"geometry":{"type":"LineString","coordinates":[[22.419254,39.621337],[22.419559,39.621432],[22.424709,39.622415],[22.425765,39.62279]]}},{"type":"Feature","properties":{"line":"10","mode":"bus","color":"#119efc","oi":0.5,"n":2},"geometry":{"type":"LineString","coordinates":[[22.424733,39.61134],[22.41926,39.610386],[22.418898,39.610359],[22.416413,39.610357],[22.416275,39.610394],[22.416093,39.610484],[22.415446,39.61093],[22.414252,39.611696],[22.413394,39.612072],[22.411621,39.61279],[22.409933,39.613504],[22.40877,39.613846]]}},{"type":"Feature","properties":{"line":"10","mode":"bus","color":"#119efc","oi":1.5,"n":4},"geometry":{"type":"LineString","coordinates":[[22.419269,39.631021],[22.419342,39.631036]]}},{"type":"Feature","properties":{"line":"10","mode":"bus","color":"#119efc","oi":1.5,"n":4,"sw":1},"geometry":{"type":"LineString","coordinates":[[22.419339,39.631035],[22.419356,39.631039]]}},{"type":"Feature","properties":{"line":"10","mode":"bus","color":"#119efc","oi":1.389,"n":4,"sw":1},"geometry":{"type":"LineString","coordinates":[[22.419349,39.631037],[22.419366,39.631041]]}},{"type":"Feature","properties":{"line":"10","mode":"bus","color":"#119efc","oi":1.111,"n":4,"sw":1},"geometry":{"type":"LineString","coordinates":[[22.419359,39.63104],[22.419377,39.631043]]}},{"type":"Feature","properties":{"line":"10","mode":"bus","color":"#119efc","oi":0.75,"n":4,"sw":1},"geometry":{"type":"LineString","coordinates":[[22.41937,39.631042],[22.419387,39.631045]]}},{"type":"Feature","properties":{"line":"10","mode":"bus","color":"#119efc","oi":0.389,"n":4,"sw":1},"geometry":{"type":"LineString","coordinates":[[22.41938,39.631044],[22.419398,39.631047]]}},{"type":"Feature","properties":{"line":"10","mode":"bus","color":"#119efc","oi":0.111,"n":4,"sw":1},"geometry":{"type":"LineString","coordinates":[[22.419391,39.631046],[22.419408,39.63105]]}},{"type":"Feature","properties":{"line":"10","mode":"bus","color":"#119efc","oi":0,"n":4,"sw":1},"geometry":{"type":"LineString","coordinates":[[22.419401,39.631048],[22.419415,39.631051]]}},{"type":"Feature","properties":{"line":"10","mode":"bus","color":"#119efc","oi":1,"n":3},"geometry":{"type":"LineString","coordinates":[[22.418373,39.630927],[22.418453,39.630911],[22.418629,39.630907],[22.41886,39.630948]]}},{"type":"Feature","properties":{"line":"10","mode":"bus","color":"#119efc","oi":0,"n":3,"sw":1},"geometry":{"type":"LineString","coordinates":[[22.417962,39.630969],[22.417989,39.630971]]}},{"type":"Feature","properties":{"line":"10","mode":"bus","color":"#119efc","oi":0.01,"n":3,"sw":1},"geometry":{"type":"LineString","coordinates":[[22.417982,39.63097],[22.418012,39.630972]]}},{"type":"Feature","properties":{"line":"10","mode":"bus","color":"#119efc","oi":0.038,"n":3,"sw":1},"geometry":{"type":"LineString","coordinates":[[22.418005,39.630972],[22.418035,39.630974]]}},{"type":"Feature","properties":{"line":"10","mode":"bus","color":"#119efc","oi":0.082,"n":3,"sw":1},"geometry":{"type":"LineString","coordinates":[[22.418028,39.630973],[22.418059,39.630975]]}},{"type":"Feature","properties":{"line":"10","mode":"bus","color":"#119efc","oi":0.14,"n":3,"sw":1},"geometry":{"type":"LineString","coordinates":[[22.418052,39.630975],[22.418082,39.630977]]}},{"type":"Feature","properties":{"line":"10","mode":"bus","color":"#119efc","oi":0.209,"n":3,"sw":1},"geometry":{"type":"LineString","coordinates":[[22.418075,39.630976],[22.418105,39.630978]]}},{"type":"Feature","properties":{"line":"10","mode":"bus","color":"#119efc","oi":0.286,"n":3,"sw":1},"geometry":{"type":"LineString","coordinates":[[22.418098,39.630978],[22.418113,39.630979],[22.418128,39.630976]]}},{"type":"Feature","properties":{"line":"10","mode":"bus","color":"#119efc","oi":0.369,"n":3,"sw":1},"geometry":{"type":"LineString","coordinates":[[22.418121,39.630977],[22.41815,39.630972]]}},{"type":"Feature","properties":{"line":"10","mode":"bus","color":"#119efc","oi":0.456,"n":3,"sw":1},"geometry":{"type":"LineString","coordinates":[[22.418144,39.630973],[22.418173,39.630967]]}},{"type":"Feature","properties":{"line":"10","mode":"bus","color":"#119efc","oi":0.544,"n":3,"sw":1},"geometry":{"type":"LineString","coordinates":[[22.418166,39.630968],[22.418196,39.630962]]}},{"type":"Feature","properties":{"line":"10","mode":"bus","color":"#119efc","oi":0.631,"n":3,"sw":1},"geometry":{"type":"LineString","coordinates":[[22.418189,39.630964],[22.418218,39.630958]]}},{"type":"Feature","properties":{"line":"10","mode":"bus","color":"#119efc","oi":0.714,"n":3,"sw":1},"geometry":{"type":"LineString","coordinates":[[22.418211,39.630959],[22.418241,39.630953]]}},{"type":"Feature","properties":{"line":"10","mode":"bus","color":"#119efc","oi":0.791,"n":3,"sw":1},"geometry":{"type":"LineString","coordinates":[[22.418234,39.630955],[22.418263,39.630949]]}},{"type":"Feature","properties":{"line":"10","mode":"bus","color":"#119efc","oi":0.86,"n":3,"sw":1},"geometry":{"type":"LineString","coordinates":[[22.418257,39.63095],[22.418286,39.630944]]}},{"type":"Feature","properties":{"line":"10","mode":"bus","color":"#119efc","oi":0.918,"n":3,"sw":1},"geometry":{"type":"LineString","coordinates":[[22.418279,39.630946],[22.418309,39.63094]]}},{"type":"Feature","properties":{"line":"10","mode":"bus","color":"#119efc","oi":0.962,"n":3,"sw":1},"geometry":{"type":"LineString","coordinates":[[22.418302,39.630941],[22.418331,39.630935]]}},{"type":"Feature","properties":{"line":"10","mode":"bus","color":"#119efc","oi":0.99,"n":3,"sw":1},"geometry":{"type":"LineString","coordinates":[[22.418324,39.630937],[22.418354,39.630931]]}},{"type":"Feature","properties":{"line":"10","mode":"bus","color":"#119efc","oi":1,"n":3,"sw":1},"geometry":{"type":"LineString","coordinates":[[22.418347,39.630932],[22.418376,39.630926]]}},{"type":"Feature","properties":{"line":"10","mode":"bus","color":"#119efc","oi":1,"n":3,"sw":1},"geometry":{"type":"LineString","coordinates":[[22.418856,39.630947],[22.418904,39.630956]]}},{"type":"Feature","properties":{"line":"10","mode":"bus","color":"#119efc","oi":1.017,"n":3,"sw":1},"geometry":{"type":"LineString","coordinates":[[22.418897,39.630955],[22.418945,39.630963]]}},{"type":"Feature","properties":{"line":"10","mode":"bus","color":"#119efc","oi":1.063,"n":3,"sw":1},"geometry":{"type":"LineString","coordinates":[[22.418938,39.630962],[22.418986,39.630971]]}},{"type":"Feature","properties":{"line":"10","mode":"bus","color":"#119efc","oi":1.13,"n":3,"sw":1},"geometry":{"type":"LineString","coordinates":[[22.418979,39.630969],[22.419027,39.630978]]}},{"type":"Feature","properties":{"line":"10","mode":"bus","color":"#119efc","oi":1.209,"n":3,"sw":1},"geometry":{"type":"LineString","coordinates":[[22.41902,39.630977],[22.419068,39.630985]]}},{"type":"Feature","properties":{"line":"10","mode":"bus","color":"#119efc","oi":1.291,"n":3,"sw":1},"geometry":{"type":"LineString","coordinates":[[22.419061,39.630984],[22.419109,39.630992]]}},{"type":"Feature","properties":{"line":"10","mode":"bus","color":"#119efc","oi":1.37,"n":3,"sw":1},"geometry":{"type":"LineString","coordinates":[[22.419102,39.630991],[22.41915,39.631]]}},{"type":"Feature","properties":{"line":"10","mode":"bus","color":"#119efc","oi":1.437,"n":3,"sw":1},"geometry":{"type":"LineString","coordinates":[[22.419143,39.630999],[22.419191,39.631007]]}},{"type":"Feature","properties":{"line":"10","mode":"bus","color":"#119efc","oi":1.483,"n":3,"sw":1},"geometry":{"type":"LineString","coordinates":[[22.419184,39.631006],[22.419231,39.631014]]}},{"type":"Feature","properties":{"line":"10","mode":"bus","color":"#119efc","oi":1.5,"n":3,"sw":1},"geometry":{"type":"LineString","coordinates":[[22.419225,39.631013],[22.419269,39.631021]]}},{"type":"Feature","properties":{"line":"10","mode":"bus","color":"#119efc","oi":1,"n":3},"geometry":{"type":"LineString","coordinates":[[22.416386,39.631289],[22.415595,39.63144]]}},{"type":"Feature","properties":{"line":"10","mode":"bus","color":"#119efc","oi":0,"n":3,"sw":1},"geometry":{"type":"LineString","coordinates":[[22.41678,39.631184],[22.416756,39.631194]]}},{"type":"Feature","properties":{"line":"10","mode":"bus","color":"#119efc","oi":0.01,"n":3,"sw":1},"geometry":{"type":"LineString","coordinates":[[22.416763,39.631191],[22.416736,39.631202]]}},{"type":"Feature","properties":{"line":"10","mode":"bus","color":"#119efc","oi":0.038,"n":3,"sw":1},"geometry":{"type":"LineString","coordinates":[[22.416742,39.6312],[22.416715,39.631211]]}},{"type":"Feature","properties":{"line":"10","mode":"bus","color":"#119efc","oi":0.082,"n":3,"sw":1},"geometry":{"type":"LineString","coordinates":[[22.416721,39.631208],[22.416695,39.631219]]}},{"type":"Feature","properties":{"line":"10","mode":"bus","color":"#119efc","oi":0.14,"n":3,"sw":1},"geometry":{"type":"LineString","coordinates":[[22.416701,39.631217],[22.416674,39.631228]]}},{"type":"Feature","properties":{"line":"10","mode":"bus","color":"#119efc","oi":0.209,"n":3,"sw":1},"geometry":{"type":"LineString","coordinates":[[22.41668,39.631225],[22.416654,39.631236]]}},{"type":"Feature","properties":{"line":"10","mode":"bus","color":"#119efc","oi":0.286,"n":3,"sw":1},"geometry":{"type":"LineString","coordinates":[[22.41666,39.631234],[22.416645,39.63124],[22.416632,39.631243]]}},{"type":"Feature","properties":{"line":"10","mode":"bus","color":"#119efc","oi":0.369,"n":3,"sw":1},"geometry":{"type":"LineString","coordinates":[[22.416639,39.631241],[22.416609,39.631247]]}},{"type":"Feature","properties":{"line":"10","mode":"bus","color":"#119efc","oi":0.456,"n":3,"sw":1},"geometry":{"type":"LineString","coordinates":[[22.416616,39.631246],[22.416586,39.631251]]}},{"type":"Feature","properties":{"line":"10","mode":"bus","color":"#119efc","oi":0.544,"n":3,"sw":1},"geometry":{"type":"LineString","coordinates":[[22.416593,39.63125],[22.416564,39.631255]]}},{"type":"Feature","properties":{"line":"10","mode":"bus","color":"#119efc","oi":0.631,"n":3,"sw":1},"geometry":{"type":"LineString","coordinates":[[22.416571,39.631254],[22.416541,39.63126]]}},{"type":"Feature","properties":{"line":"10","mode":"bus","color":"#119efc","oi":0.714,"n":3,"sw":1},"geometry":{"type":"LineString","coordinates":[[22.416548,39.631258],[22.416519,39.631264]]}},{"type":"Feature","properties":{"line":"10","mode":"bus","color":"#119efc","oi":0.791,"n":3,"sw":1},"geometry":{"type":"LineString","coordinates":[[22.416525,39.631263],[22.416496,39.631268]]}},{"type":"Feature","properties":{"line":"10","mode":"bus","color":"#119efc","oi":0.86,"n":3,"sw":1},"geometry":{"type":"LineString","coordinates":[[22.416503,39.631267],[22.416473,39.631273]]}},{"type":"Feature","properties":{"line":"10","mode":"bus","color":"#119efc","oi":0.918,"n":3,"sw":1},"geometry":{"type":"LineString","coordinates":[[22.41648,39.631271],[22.416451,39.631277]]}},{"type":"Feature","properties":{"line":"10","mode":"bus","color":"#119efc","oi":0.962,"n":3,"sw":1},"geometry":{"type":"LineString","coordinates":[[22.416457,39.631276],[22.416428,39.631281]]}},{"type":"Feature","properties":{"line":"10","mode":"bus","color":"#119efc","oi":0.99,"n":3,"sw":1},"geometry":{"type":"LineString","coordinates":[[22.416435,39.63128],[22.416405,39.631286]]}},{"type":"Feature","properties":{"line":"10","mode":"bus","color":"#119efc","oi":1,"n":3,"sw":1},"geometry":{"type":"LineString","coordinates":[[22.416412,39.631284],[22.416383,39.63129]]}},{"type":"Feature","properties":{"line":"10","mode":"bus","color":"#119efc","oi":1,"n":3,"sw":1},"geometry":{"type":"LineString","coordinates":[[22.415598,39.63144],[22.415569,39.631445]]}},{"type":"Feature","properties":{"line":"10","mode":"bus","color":"#119efc","oi":0.99,"n":3,"sw":1},"geometry":{"type":"LineString","coordinates":[[22.415576,39.631444],[22.415546,39.63145]]}},{"type":"Feature","properties":{"line":"10","mode":"bus","color":"#119efc","oi":0.962,"n":3,"sw":1},"geometry":{"type":"LineString","coordinates":[[22.415553,39.631448],[22.415523,39.631454]]}},{"type":"Feature","properties":{"line":"10","mode":"bus","color":"#119efc","oi":0.918,"n":3,"sw":1},"geometry":{"type":"LineString","coordinates":[[22.41553,39.631453],[22.415501,39.631458]]}},{"type":"Feature","properties":{"line":"10","mode":"bus","color":"#119efc","oi":0.86,"n":3,"sw":1},"geometry":{"type":"LineString","coordinates":[[22.415508,39.631457],[22.415478,39.631462]]}},{"type":"Feature","properties":{"line":"10","mode":"bus","color":"#119efc","oi":0.791,"n":3,"sw":1},"geometry":{"type":"LineString","coordinates":[[22.415485,39.631461],[22.415455,39.631467]]}},{"type":"Feature","properties":{"line":"10","mode":"bus","color":"#119efc","oi":0.714,"n":3,"sw":1},"geometry":{"type":"LineString","coordinates":[[22.415462,39.631466],[22.415433,39.631471]]}},{"type":"Feature","properties":{"line":"10","mode":"bus","color":"#119efc","oi":0.631,"n":3,"sw":1},"geometry":{"type":"LineString","coordinates":[[22.41544,39.63147],[22.41541,39.631475]]}},{"type":"Feature","properties":{"line":"10","mode":"bus","color":"#119efc","oi":0.544,"n":3,"sw":1},"geometry":{"type":"LineString","coordinates":[[22.415417,39.631474],[22.415388,39.63148]]}},{"type":"Feature","properties":{"line":"10","mode":"bus","color":"#119efc","oi":0.456,"n":3,"sw":1},"geometry":{"type":"LineString","coordinates":[[22.415394,39.631478],[22.415365,39.631484]]}},{"type":"Feature","properties":{"line":"10","mode":"bus","color":"#119efc","oi":0.369,"n":3,"sw":1},"geometry":{"type":"LineString","coordinates":[[22.415372,39.631483],[22.415342,39.631488]]}},{"type":"Feature","properties":{"line":"10","mode":"bus","color":"#119efc","oi":0.286,"n":3,"sw":1},"geometry":{"type":"LineString","coordinates":[[22.415349,39.631487],[22.41532,39.631493]]}},{"type":"Feature","properties":{"line":"10","mode":"bus","color":"#119efc","oi":0.209,"n":3,"sw":1},"geometry":{"type":"LineString","coordinates":[[22.415326,39.631491],[22.415297,39.631497]]}},{"type":"Feature","properties":{"line":"10","mode":"bus","color":"#119efc","oi":0.14,"n":3,"sw":1},"geometry":{"type":"LineString","coordinates":[[22.415304,39.631496],[22.415274,39.631501]]}},{"type":"Feature","properties":{"line":"10","mode":"bus","color":"#119efc","oi":0.082,"n":3,"sw":1},"geometry":{"type":"LineString","coordinates":[[22.415281,39.6315],[22.415252,39.631506]]}},{"type":"Feature","properties":{"line":"10","mode":"bus","color":"#119efc","oi":0.038,"n":3,"sw":1},"geometry":{"type":"LineString","coordinates":[[22.415258,39.631504],[22.415229,39.63151]]}},{"type":"Feature","properties":{"line":"10","mode":"bus","color":"#119efc","oi":0.01,"n":3,"sw":1},"geometry":{"type":"LineString","coordinates":[[22.415236,39.631509],[22.415206,39.631514]]}},{"type":"Feature","properties":{"line":"10","mode":"bus","color":"#119efc","oi":0,"n":3,"sw":1},"geometry":{"type":"LineString","coordinates":[[22.415213,39.631513],[22.415187,39.631518]]}}]}