{"type":"FeatureCollection","features":[{"type":"Feature","geometry":{"type":"Point","coordinates":[22.438987,39.659325]},"properties":{"name":"Νέα Σμύρνη Αφετηρία","lines":"1","arr":["1"],"terminus":1,"mode":"bus","color":"#0059a9","colorDark":"#00294f","angle":125.9,"snapDist":7,"label":1}},{"type":"Feature","geometry":{"type":"Point","coordinates":[22.437565,39.657715]},"properties":{"name":"Εμπορικό Κέντρο- Περιφέρεια","lines":"1, 6, 13, 60","arr":["1","6","13","60"],"terminus":0,"mode":"bus","color":"#0059a9","colorDark":"#00294f","angle":304.4,"snapDist":6,"label":1}},{"type":"Feature","geometry":{"type":"Point","coordinates":[22.436238,39.655464]},"properties":{"name":"Γάλακτος","lines":"1, 6, 13, 60","arr":["1","6","13","60"],"terminus":0,"mode":"bus","color":"#0059a9","colorDark":"#00294f","angle":292.1,"snapDist":4,"label":1}},{"type":"Feature","geometry":{"type":"Point","coordinates":[22.434818,39.653094]},"properties":{"name":"Νόστος","lines":"1, 6, 13, 60","arr":["1","6","13","60"],"terminus":0,"mode":"bus","color":"#0059a9","colorDark":"#00294f","angle":297.7,"snapDist":4,"label":1}},{"type":"Feature","geometry":{"type":"Point","coordinates":[22.433687,39.651361]},"properties":{"name":"Εργατικές Κατοικίες Νέας Σμύρνης","lines":"1, 6, 13, 60","arr":["1","6","13","60"],"terminus":0,"mode":"bus","color":"#0059a9","colorDark":"#00294f","angle":296.3,"snapDist":5,"label":1}},{"type":"Feature","geometry":{"type":"Point","coordinates":[22.434051,39.649647]},"properties":{"name":"Άγιος Δημήτριος","lines":"1","arr":["1"],"terminus":0,"mode":"bus","color":"#0059a9","colorDark":"#00294f","angle":254.6,"snapDist":10,"label":1}},{"type":"Feature","geometry":{"type":"Point","coordinates":[22.431865,39.647939]},"properties":{"name":"Παλιό Φάληρο","lines":"1","arr":["1"],"terminus":0,"mode":"bus","color":"#0059a9","colorDark":"#00294f","angle":334.2,"snapDist":7,"label":1}},{"type":"Feature","geometry":{"type":"Point","coordinates":[22.429315,39.646548]},"properties":{"name":"ΙΚΑ Νέας Σμύρνης","lines":"1, 6, 13, 60","arr":["1","6","13","60"],"terminus":0,"mode":"bus","color":"#0059a9","colorDark":"#00294f","angle":321.9,"snapDist":5,"label":1}},{"type":"Feature","geometry":{"type":"Point","coordinates":[22.426533,39.645016]},"properties":{"name":"ΚΕΠ- Σφαγεία","lines":"1, 6","arr":["1","6"],"terminus":0,"mode":"bus","color":"#0059a9","colorDark":"#00294f","angle":311.8,"snapDist":4,"label":1}},{"type":"Feature","geometry":{"type":"Point","coordinates":[22.424609,39.643494]},"properties":{"name":"Αρχές 31ης Αυγούστου","lines":"1, 6","arr":["1","6"],"terminus":0,"mode":"bus","color":"#0059a9","colorDark":"#00294f","angle":294.5,"snapDist":5,"label":1}},{"type":"Feature","geometry":{"type":"Point","coordinates":[22.423553,39.642257]},"properties":{"name":"Γενικό Νοσοκομείο","lines":"1, 6","arr":["1","6"],"terminus":0,"mode":"bus","color":"#0059a9","colorDark":"#00294f","angle":308.4,"snapDist":5,"label":1}},{"type":"Feature","geometry":{"type":"Point","coordinates":[22.419382,39.639693]},"properties":{"name":"Ωδείο","lines":"1, 4, 6, 8, 11, 12, 13, 16, 60","arr":["1","4","6","8","11","12","13","16","60"],"terminus":1,"mode":"bus","color":"#0059a9","colorDark":"#00294f","angle":354.1,"snapDist":7,"label":1}},{"type":"Feature","geometry":{"type":"Point","coordinates":[22.41606,39.63901]},"properties":{"name":"ΟΤΕ Φιλελλήνων","lines":"1, 4","arr":["1","4"],"terminus":0,"mode":"bus","color":"#0059a9","colorDark":"#00294f","angle":289.3,"snapDist":3,"label":1}},{"type":"Feature","geometry":{"type":"Point","coordinates":[22.416695,39.637647]},"properties":{"name":"Δικαστικό Μέγαρο","lines":"1, 4, 8, 10","arr":["1","4","8","10"],"terminus":0,"mode":"bus","color":"#0059a9","colorDark":"#00294f","angle":271,"snapDist":0,"label":1}},{"type":"Feature","geometry":{"type":"Point","coordinates":[22.416708,39.63548]},"properties":{"name":"Τρίγωνη Πλατεία","lines":"1, 4, 8, 10","arr":["1","4","8","10"],"terminus":0,"mode":"bus","color":"#0059a9","colorDark":"#00294f","angle":267.5,"snapDist":4,"label":1}},{"type":"Feature","geometry":{"type":"Point","coordinates":[22.413179,39.633822]},"properties":{"name":"Γυμνάσια Ανθίμου Γαζή","lines":"1, 8, 9, 10, 13, 16, 18, 60","arr":["1","8","9","10","13","16","18","60"],"terminus":0,"mode":"bus","color":"#0059a9","colorDark":"#00294f","angle":269.4,"snapDist":6,"label":1}},{"type":"Feature","geometry":{"type":"Point","coordinates":[22.412187,39.632084]},"properties":{"name":"Πρακτορείο Τρικάλων Καρδίτσας","lines":"1, 9, 13, 16, 18, 60","arr":["1","9","13","16","18","60"],"terminus":0,"mode":"bus","color":"#0059a9","colorDark":"#00294f","angle":14.6,"snapDist":8,"label":1}},{"type":"Feature","geometry":{"type":"Point","coordinates":[22.409883,39.632553]},"properties":{"name":"Πύλη Στρατιάς","lines":"1, 9, 13, 16, 18, 60","arr":["1","9","13","16","18","60"],"terminus":0,"mode":"bus","color":"#0059a9","colorDark":"#00294f","angle":15.6,"snapDist":4,"label":1}},{"type":"Feature","geometry":{"type":"Point","coordinates":[22.404691,39.632735]},"properties":{"name":"Σοα","lines":"1, 9, 13, 16, 18, 60","arr":["1","9","13","16","18","60"],"terminus":0,"mode":"bus","color":"#0059a9","colorDark":"#00294f","angle":358.3,"snapDist":7,"label":1}},{"type":"Feature","geometry":{"type":"Point","coordinates":[22.40117,39.632656]},"properties":{"name":"Φορτούνα","lines":"1, 9, 13, 16, 18, 60","arr":["1","9","13","16","18","60"],"terminus":0,"mode":"bus","color":"#0059a9","colorDark":"#00294f","angle":358.3,"snapDist":3,"label":1}},{"type":"Feature","geometry":{"type":"Point","coordinates":[22.398253,39.632588]},"properties":{"name":"Αγία Τριάδα Πυροσβεστική","lines":"1, 13, 60","arr":["1","13","60"],"terminus":0,"mode":"bus","color":"#0059a9","colorDark":"#00294f","angle":358.3,"snapDist":5,"label":1}},{"type":"Feature","geometry":{"type":"Point","coordinates":[22.397094,39.631327]},"properties":{"name":"Πλατεία Φιλιππουπολης","lines":"1, 13, 60","arr":["1","13","60"],"terminus":0,"mode":"bus","color":"#0059a9","colorDark":"#00294f","angle":269.1,"snapDist":4,"label":1}},{"type":"Feature","geometry":{"type":"Point","coordinates":[22.39717,39.629106]},"properties":{"name":"ΔΟΥ- IKA Λάρισας","lines":"1, 13, 60","arr":["1","13","60"],"terminus":0,"mode":"bus","color":"#0059a9","colorDark":"#00294f","angle":267.9,"snapDist":6,"label":1}},{"type":"Feature","geometry":{"type":"Point","coordinates":[22.396978,39.626664]},"properties":{"name":"Νικολούλη","lines":"1","arr":["1"],"terminus":0,"mode":"bus","color":"#0059a9","colorDark":"#00294f","angle":359.6,"snapDist":5,"label":1}},{"type":"Feature","geometry":{"type":"Point","coordinates":[22.394022,39.625455]},"properties":{"name":"Πλατεία Λιβαδάκι","lines":"1","arr":["1"],"terminus":1,"mode":"bus","color":"#0059a9","colorDark":"#00294f","angle":306.8,"snapDist":5,"label":1}},{"type":"Feature","geometry":{"type":"Point","coordinates":[22.392648,39.623786]},"properties":{"name":"Ιατρίδου","lines":"1","arr":["1"],"terminus":0,"mode":"bus","color":"#0059a9","colorDark":"#00294f","angle":217,"snapDist":4,"label":1}},{"type":"Feature","geometry":{"type":"Point","coordinates":[22.394594,39.622613]},"properties":{"name":"Ιατρίδου-Καραολή","lines":"1","arr":["1"],"terminus":0,"mode":"bus","color":"#0059a9","colorDark":"#00294f","angle":229.9,"snapDist":6,"label":1}},{"type":"Feature","geometry":{"type":"Point","coordinates":[22.396486,39.62028]},"properties":{"name":"Λαϊκές Κατοικίες","lines":"1","arr":["1"],"terminus":0,"mode":"bus","color":"#0059a9","colorDark":"#00294f","angle":241.8,"snapDist":8,"label":1}},{"type":"Feature","geometry":{"type":"Point","coordinates":[22.398659,39.620865]},"properties":{"name":"Δημοκρατίας - Δημοτική Πισίνα","lines":"1","arr":["1"],"terminus":0,"mode":"bus","color":"#0059a9","colorDark":"#00294f","angle":149.2,"snapDist":5,"label":1}},{"type":"Feature","geometry":{"type":"Point","coordinates":[22.400855,39.622093]},"properties":{"name":"Εργατικές Κατοικίες Νεάπολης","lines":"1, 12, 13","arr":["1","12","13"],"terminus":1,"mode":"bus","color":"#0059a9","colorDark":"#00294f","angle":60,"snapDist":5,"label":1}},{"type":"Feature","geometry":{"type":"Point","coordinates":[22.399063,39.624451]},"properties":{"name":"Πλατεία Νεάπολης - Κωνσταντινίδης","lines":"1, 12, 13","arr":["1","12","13"],"terminus":1,"mode":"bus","color":"#0059a9","colorDark":"#00294f","angle":58.3,"snapDist":3,"label":1}},{"type":"Feature","geometry":{"type":"Point","coordinates":[22.432746,39.649898]},"properties":{"name":"Μιλτιάδου","lines":"1, 13, 60","arr":["1","13","60"],"terminus":0,"mode":"bus","color":"#0059a9","colorDark":"#00294f","angle":295.9,"snapDist":6,"label":1}},{"type":"Feature","geometry":{"type":"Point","coordinates":[22.431565,39.648036]},"properties":{"name":"S/M Γαλαξίας Σωκράτους","lines":"1, 6, 13, 60","arr":["1","6","13","60"],"terminus":0,"mode":"bus","color":"#0059a9","colorDark":"#00294f","angle":302.9,"snapDist":7,"label":1}},{"type":"Feature","geometry":{"type":"Point","coordinates":[22.397551,39.626446]},"properties":{"name":"6ο Λύκειο (Λαϊκή Σαββάτου)","lines":"1, 13, 60","arr":["1","13","60"],"terminus":0,"mode":"bus","color":"#0059a9","colorDark":"#00294f","angle":242.4,"snapDist":6,"label":1}},{"type":"Feature","geometry":{"type":"Point","coordinates":[22.399258,39.624207]},"properties":{"name":"Κωνσταντινίδη","lines":"1, 12, 13, 60","arr":["1","12","13","60"],"terminus":0,"mode":"bus","color":"#0059a9","colorDark":"#00294f","angle":238.5,"snapDist":8,"label":1}},{"type":"Feature","geometry":{"type":"Point","coordinates":[22.39941,39.623146]},"properties":{"name":"Δημοτική Πινακοθήκη","lines":"1","arr":["1"],"terminus":0,"mode":"bus","color":"#0059a9","colorDark":"#00294f","angle":332,"snapDist":5,"label":1}},{"type":"Feature","geometry":{"type":"Point","coordinates":[22.395707,39.621396]},"properties":{"name":"Πατέρα και Καραγκούνη","lines":"1","arr":["1"],"terminus":0,"mode":"bus","color":"#0059a9","colorDark":"#00294f","angle":241.7,"snapDist":5,"label":1}},{"type":"Feature","geometry":{"type":"Point","coordinates":[22.39749,39.626538]},"properties":{"name":"6ο Λύκειο","lines":"1, 13","arr":["1","13"],"terminus":0,"mode":"bus","color":"#0059a9","colorDark":"#00294f","angle":63.3,"snapDist":7,"label":1}},{"type":"Feature","geometry":{"type":"Point","coordinates":[22.396872,39.628448]},"properties":{"name":"ΔΟΥ IKA Λάρισας (Αγχιάλου)","lines":"1","arr":["1"],"terminus":0,"mode":"bus","color":"#0059a9","colorDark":"#00294f","angle":358.9,"snapDist":5,"label":1}},{"type":"Feature","geometry":{"type":"Point","coordinates":[22.395826,39.629184]},"properties":{"name":"Καναβατζόγλου","lines":"1","arr":["1"],"terminus":0,"mode":"bus","color":"#0059a9","colorDark":"#00294f","angle":87.6,"snapDist":4,"label":1}},{"type":"Feature","geometry":{"type":"Point","coordinates":[22.395771,39.631048]},"properties":{"name":"Πλατεία Ρωμυλίας","lines":"1","arr":["1"],"terminus":0,"mode":"bus","color":"#0059a9","colorDark":"#00294f","angle":88.1,"snapDist":4,"label":1}},{"type":"Feature","geometry":{"type":"Point","coordinates":[22.395718,39.632326]},"properties":{"name":"Τέρμα Καρφή","lines":"1","arr":["1"],"terminus":0,"mode":"bus","color":"#0059a9","colorDark":"#00294f","angle":88.3,"snapDist":4,"label":1}},{"type":"Feature","geometry":{"type":"Point","coordinates":[22.399294,39.632612]},"properties":{"name":"Αγία Τριάδα- Πυροσβεστική","lines":"1, 9, 13, 16, 18","arr":["1","9","13","16","18"],"terminus":0,"mode":"bus","color":"#0059a9","colorDark":"#00294f","angle":178.3,"snapDist":9,"label":1}},{"type":"Feature","geometry":{"type":"Point","coordinates":[22.404723,39.632735]},"properties":{"name":"Σοα","lines":"1, 9, 13, 16, 18","arr":["1","9","13","16","18"],"terminus":0,"mode":"bus","color":"#0059a9","colorDark":"#00294f","angle":178.3,"snapDist":11,"label":0}},{"type":"Feature","geometry":{"type":"Point","coordinates":[22.407355,39.63364]},"properties":{"name":"Στρατιωτικό Νοσοκομείο","lines":"1, 9, 18","arr":["1","9","18"],"terminus":0,"mode":"bus","color":"#0059a9","colorDark":"#00294f","angle":108.9,"snapDist":11,"label":1}},{"type":"Feature","geometry":{"type":"Point","coordinates":[22.409985,39.63412]},"properties":{"name":"Ηπείρου - Καραθάνου","lines":"1, 9, 18","arr":["1","9","18"],"terminus":0,"mode":"bus","color":"#0059a9","colorDark":"#00294f","angle":180.9,"snapDist":8,"label":1}},{"type":"Feature","geometry":{"type":"Point","coordinates":[22.413569,39.634096]},"properties":{"name":"Άγιος Νικόλαος Ηπείρου","lines":"1","arr":["1"],"terminus":0,"mode":"bus","color":"#0059a9","colorDark":"#00294f","angle":179.8,"snapDist":7,"label":1}},{"type":"Feature","geometry":{"type":"Point","coordinates":[22.415189,39.635407]},"properties":{"name":"Περιφέρεια Θεσσαλίας","lines":"1, 4, 10, 15, 16","arr":["1","4","10","15","16"],"terminus":0,"mode":"bus","color":"#0059a9","colorDark":"#00294f","angle":90.5,"snapDist":8,"label":1}},{"type":"Feature","geometry":{"type":"Point","coordinates":[22.4164,39.638798]},"properties":{"name":"Κεντρική Πλατεία Γρ. 1,2","lines":"1, 2","arr":["1","2"],"terminus":1,"mode":"bus","color":"#0059a9","colorDark":"#00294f","angle":173.5,"snapDist":11,"label":1}},{"type":"Feature","geometry":{"type":"Point","coordinates":[22.417705,39.638912]},"properties":{"name":"Κύπρου","lines":"1, 4","arr":["1","4"],"terminus":0,"mode":"bus","color":"#0059a9","colorDark":"#00294f","angle":173.5,"snapDist":3,"label":1}},{"type":"Feature","geometry":{"type":"Point","coordinates":[22.420349,39.640015]},"properties":{"name":"Μουσείο","lines":"1, 4, 6","arr":["1","4","6"],"terminus":1,"mode":"bus","color":"#0059a9","colorDark":"#00294f","angle":139.3,"snapDist":7,"label":1}},{"type":"Feature","geometry":{"type":"Point","coordinates":[22.422802,39.641641]},"properties":{"name":"Γενικό Νοσοκομείο","lines":"1, 6","arr":["1","6"],"terminus":0,"mode":"bus","color":"#0059a9","colorDark":"#00294f","angle":139.3,"snapDist":6,"label":0}},{"type":"Feature","geometry":{"type":"Point","coordinates":[22.42556,39.644262]},"properties":{"name":"ΚΕΠ - Σφαγεία","lines":"1, 6","arr":["1","6"],"terminus":0,"mode":"bus","color":"#0059a9","colorDark":"#00294f","angle":143.4,"snapDist":8,"label":1}},{"type":"Feature","geometry":{"type":"Point","coordinates":[22.426793,39.645098]},"properties":{"name":"MIKEL CANTINA","lines":"1, 6","arr":["1","6"],"terminus":0,"mode":"bus","color":"#0059a9","colorDark":"#00294f","angle":133.6,"snapDist":8,"label":1}},{"type":"Feature","geometry":{"type":"Point","coordinates":[22.429227,39.646495]},"properties":{"name":"ΙΚΑ Νέας Σμύρνης","lines":"1, 6, 13, 60","arr":["1","6","13","60"],"terminus":0,"mode":"bus","color":"#0059a9","colorDark":"#00294f","angle":142,"snapDist":8,"label":0}},{"type":"Feature","geometry":{"type":"Point","coordinates":[22.432345,39.648113]},"properties":{"name":"Παλιό Φάληρο","lines":"1","arr":["1"],"terminus":0,"mode":"bus","color":"#0059a9","colorDark":"#00294f","angle":155.9,"snapDist":6,"label":0}},{"type":"Feature","geometry":{"type":"Point","coordinates":[22.434153,39.649395]},"properties":{"name":"Άγιος Δημήτριος","lines":"1","arr":["1"],"terminus":0,"mode":"bus","color":"#0059a9","colorDark":"#00294f","angle":70.1,"snapDist":6,"label":0}},{"type":"Feature","geometry":{"type":"Point","coordinates":[22.433719,39.651411]},"properties":{"name":"Εργατικές Κατοικίες Νέας Σμύρνης","lines":"1, 6, 13, 60","arr":["1","6","13","60"],"terminus":0,"mode":"bus","color":"#0059a9","colorDark":"#00294f","angle":116.3,"snapDist":7,"label":0}},{"type":"Feature","geometry":{"type":"Point","coordinates":[22.434876,39.653183]},"properties":{"name":"Νόστος","lines":"1, 6, 13, 60","arr":["1","6","13","60"],"terminus":0,"mode":"bus","color":"#0059a9","colorDark":"#00294f","angle":116.1,"snapDist":5,"label":0}},{"type":"Feature","geometry":{"type":"Point","coordinates":[22.43588,39.654794]},"properties":{"name":"Γάλακτος","lines":"1, 6, 13, 60","arr":["1","6","13","60"],"terminus":0,"mode":"bus","color":"#0059a9","colorDark":"#00294f","angle":113.4,"snapDist":5,"label":0}},{"type":"Feature","geometry":{"type":"Point","coordinates":[22.437524,39.657667]},"properties":{"name":"Εμπορικό Κέντρο- Περιφέρεια","lines":"1, 6, 13, 60","arr":["1","6","13","60"],"terminus":0,"mode":"bus","color":"#0059a9","colorDark":"#00294f","angle":122.7,"snapDist":6,"label":0}},{"type":"Feature","geometry":{"type":"Point","coordinates":[22.4316,39.648079]},"properties":{"name":"S/M Γαλαξίας Σωκράτους","lines":"1, 6, 13, 60","arr":["1","6","13","60"],"terminus":0,"mode":"bus","color":"#0059a9","colorDark":"#00294f","angle":119.7,"snapDist":6,"label":0}},{"type":"Feature","geometry":{"type":"Point","coordinates":[22.432846,39.650048]},"properties":{"name":"Μιλτιάδου","lines":"1, 6, 13, 60","arr":["1","6","13","60"],"terminus":0,"mode":"bus","color":"#0059a9","colorDark":"#00294f","angle":119.4,"snapDist":5,"label":0}},{"type":"Feature","geometry":{"type":"Point","coordinates":[22.409515,39.632541]},"properties":{"name":"Πύλη Στρατιάς","lines":"1, 13, 16","arr":["1","13","16"],"terminus":0,"mode":"bus","color":"#0059a9","colorDark":"#00294f","angle":194.9,"snapDist":9,"label":0}},{"type":"Feature","geometry":{"type":"Point","coordinates":[22.412124,39.632012]},"properties":{"name":"Πρακτορείο Τρικάλων","lines":"1, 13, 16","arr":["1","13","16"],"terminus":0,"mode":"bus","color":"#0059a9","colorDark":"#00294f","angle":194,"snapDist":6,"label":1}},{"type":"Feature","geometry":{"type":"Point","coordinates":[22.415192,39.632677]},"properties":{"name":"Άγιος Νικόλαος Παπαναστασίου","lines":"1, 4, 10, 15, 16","arr":["1","4","10","15","16"],"terminus":0,"mode":"bus","color":"#0059a9","colorDark":"#00294f","angle":90.2,"snapDist":8,"label":1}},{"type":"Feature","geometry":{"type":"Point","coordinates":[22.41956,39.639073]},"properties":{"name":"Ψαράδικα","lines":"2, 3, 11, 13, 15","arr":["2","3","11","13","15"],"terminus":0,"mode":"bus","color":"#0059a9","colorDark":"#00294f","angle":173.5,"snapDist":3,"label":1}},{"type":"Feature","geometry":{"type":"Point","coordinates":[22.422568,39.637705]},"properties":{"name":"Πάρκο Αγίου Κωνσταντίνου","lines":"2, 13","arr":["2","13"],"terminus":0,"mode":"bus","color":"#0059a9","colorDark":"#00294f","angle":218.2,"snapDist":2,"label":1}},{"type":"Feature","geometry":{"type":"Point","coordinates":[22.425032,39.63534]},"properties":{"name":"Υψηλάντου - Ηπείρου","lines":"2, 13","arr":["2","13"],"terminus":0,"mode":"bus","color":"#0059a9","colorDark":"#00294f","angle":231.9,"snapDist":2,"label":1}},{"type":"Feature","geometry":{"type":"Point","coordinates":[22.427189,39.633219]},"properties":{"name":"Τέρμα Υψηλάντου","lines":"2, 13","arr":["2","13"],"terminus":0,"mode":"bus","color":"#0059a9","colorDark":"#00294f","angle":231.9,"snapDist":4,"label":1}},{"type":"Feature","geometry":{"type":"Point","coordinates":[22.429394,39.634455]},"properties":{"name":"EUROBANK Ηρώων Πολυτεχνείου","lines":"2, 12, 13, 60","arr":["2","12","13","60"],"terminus":0,"mode":"bus","color":"#0059a9","colorDark":"#00294f","angle":124,"snapDist":4,"label":1}},{"type":"Feature","geometry":{"type":"Point","coordinates":[22.430859,39.634228]},"properties":{"name":"Γραμμές Βόλου","lines":"2","arr":["2"],"terminus":0,"mode":"bus","color":"#0059a9","colorDark":"#00294f","angle":205.8,"snapDist":6,"label":1}},{"type":"Feature","geometry":{"type":"Point","coordinates":[22.434261,39.633518]},"properties":{"name":"S/M LIDL Βόλου","lines":"2","arr":["2"],"terminus":0,"mode":"bus","color":"#0059a9","colorDark":"#00294f","angle":199.8,"snapDist":6,"label":1}},{"type":"Feature","geometry":{"type":"Point","coordinates":[22.437471,39.632981]},"properties":{"name":"S/M Γαλαξίας Βόλου","lines":"2","arr":["2"],"terminus":0,"mode":"bus","color":"#0059a9","colorDark":"#00294f","angle":192.6,"snapDist":7,"label":1}},{"type":"Feature","geometry":{"type":"Point","coordinates":[22.440717,39.632421]},"properties":{"name":"Νιακας","lines":"2","arr":["2"],"terminus":0,"mode":"bus","color":"#0059a9","colorDark":"#00294f","angle":192.4,"snapDist":6,"label":1}},{"type":"Feature","geometry":{"type":"Point","coordinates":[22.442884,39.632055]},"properties":{"name":"S/M Τσουμάνης","lines":"2","arr":["2"],"terminus":0,"mode":"bus","color":"#0059a9","colorDark":"#00294f","angle":192.5,"snapDist":7,"label":1}},{"type":"Feature","geometry":{"type":"Point","coordinates":[22.447268,39.631261]},"properties":{"name":"Γιαννουκα","lines":"2","arr":["2"],"terminus":0,"mode":"bus","color":"#0059a9","colorDark":"#00294f","angle":192.3,"snapDist":4,"label":1}},{"type":"Feature","geometry":{"type":"Point","coordinates":[22.4514,39.630552]},"properties":{"name":"Φάληρο","lines":"2","arr":["2"],"terminus":0,"mode":"bus","color":"#0059a9","colorDark":"#00294f","angle":192.6,"snapDist":7,"label":1}},{"type":"Feature","geometry":{"type":"Point","coordinates":[22.454116,39.630086]},"properties":{"name":"Σταθμός ΟΤΕ","lines":"2","arr":["2"],"terminus":0,"mode":"bus","color":"#0059a9","colorDark":"#00294f","angle":192.6,"snapDist":5,"label":1}},{"type":"Feature","geometry":{"type":"Point","coordinates":[22.457299,39.62954]},"properties":{"name":"Χατζηεφραιμιδη","lines":"2","arr":["2"],"terminus":0,"mode":"bus","color":"#0059a9","colorDark":"#00294f","angle":192.6,"snapDist":9,"label":1}},{"type":"Feature","geometry":{"type":"Point","coordinates":[22.461339,39.628845]},"properties":{"name":"Κλινική Θωμά","lines":"2","arr":["2"],"terminus":0,"mode":"bus","color":"#0059a9","colorDark":"#00294f","angle":192.6,"snapDist":8,"label":1}},{"type":"Feature","geometry":{"type":"Point","coordinates":[22.461974,39.628903]},"properties":{"name":"Τέρμα Βόλου","lines":"2","arr":["2"],"terminus":1,"mode":"bus","color":"#0059a9","colorDark":"#00294f","angle":11.8,"snapDist":4,"label":1}},{"type":"Feature","geometry":{"type":"Point","coordinates":[22.467113,39.62785]},"properties":{"name":"Ψυγεία Παπαγιαννης","lines":"2","arr":["2"],"terminus":0,"mode":"bus","color":"#0059a9","colorDark":"#00294f","angle":192.5,"snapDist":10,"label":1}},{"type":"Feature","geometry":{"type":"Point","coordinates":[22.472404,39.626948]},"properties":{"name":"Έπιπλα Ναστος","lines":"2","arr":["2"],"terminus":0,"mode":"bus","color":"#0059a9","colorDark":"#00294f","angle":192.5,"snapDist":10,"label":1}},{"type":"Feature","geometry":{"type":"Point","coordinates":[22.480866,39.625463]},"properties":{"name":"Εκκοκκιστήριο","lines":"2","arr":["2"],"terminus":0,"mode":"bus","color":"#0059a9","colorDark":"#00294f","angle":193,"snapDist":7,"label":1}},{"type":"Feature","geometry":{"type":"Point","coordinates":[22.486146,39.624551]},"properties":{"name":"Διασταύρωση Μελισσοχωρίου","lines":"2","arr":["2"],"terminus":0,"mode":"bus","color":"#0059a9","colorDark":"#00294f","angle":192.6,"snapDist":9,"label":1}},{"type":"Feature","geometry":{"type":"Point","coordinates":[22.489598,39.625452]},"properties":{"name":"Παπαγιαννης","lines":"2","arr":["2"],"terminus":0,"mode":"bus","color":"#0059a9","colorDark":"#00294f","angle":152,"snapDist":7,"label":1}},{"type":"Feature","geometry":{"type":"Point","coordinates":[22.496697,39.629555]},"properties":{"name":"Μελισσοχώρι 1η Στάση","lines":"2","arr":["2"],"terminus":0,"mode":"bus","color":"#0059a9","colorDark":"#00294f","angle":170.3,"snapDist":4,"label":1}},{"type":"Feature","geometry":{"type":"Point","coordinates":[22.500294,39.631083]},"properties":{"name":"Μελισσοχώρι Πλατεία","lines":"2","arr":["2"],"terminus":1,"mode":"bus","color":"#0059a9","colorDark":"#00294f","angle":15.1,"snapDist":20,"label":1}},{"type":"Feature","geometry":{"type":"Point","coordinates":[22.493438,39.623026]},"properties":{"name":"Ντισλης","lines":"2","arr":["2"],"terminus":0,"mode":"bus","color":"#0059a9","colorDark":"#00294f","angle":199.8,"snapDist":5,"label":1}},{"type":"Feature","geometry":{"type":"Point","coordinates":[22.501499,39.619942]},"properties":{"name":"Περιφερειακός Σταθμός Νιαβης","lines":"2","arr":["2"],"terminus":1,"mode":"bus","color":"#0059a9","colorDark":"#00294f","angle":20.9,"snapDist":3,"label":1}},{"type":"Feature","geometry":{"type":"Point","coordinates":[22.457324,39.62972]},"properties":{"name":"Χατζηεφραιμιδη","lines":"2","arr":["2"],"terminus":0,"mode":"bus","color":"#0059a9","colorDark":"#00294f","angle":12.8,"snapDist":7,"label":0}},{"type":"Feature","geometry":{"type":"Point","coordinates":[22.454074,39.630188]},"properties":{"name":"Σταθμός ΟΤΕ","lines":"2","arr":["2"],"terminus":0,"mode":"bus","color":"#0059a9","colorDark":"#00294f","angle":12.5,"snapDist":4,"label":0}},{"type":"Feature","geometry":{"type":"Point","coordinates":[22.451352,39.630656]},"properties":{"name":"Φάληρο","lines":"2","arr":["2"],"terminus":0,"mode":"bus","color":"#0059a9","colorDark":"#00294f","angle":12.8,"snapDist":6,"label":0}},{"type":"Feature","geometry":{"type":"Point","coordinates":[22.447551,39.631304]},"properties":{"name":"Γιαννουκα","lines":"2","arr":["2"],"terminus":0,"mode":"bus","color":"#0059a9","colorDark":"#00294f","angle":12.4,"snapDist":6,"label":0}},{"type":"Feature","geometry":{"type":"Point","coordinates":[22.442907,39.632051]},"properties":{"name":"S/M Τσουμάνης","lines":"2","arr":["2"],"terminus":0,"mode":"bus","color":"#0059a9","colorDark":"#00294f","angle":12.5,"snapDist":5,"label":0}},{"type":"Feature","geometry":{"type":"Point","coordinates":[22.439654,39.632605]},"properties":{"name":"Νιακας","lines":"2","arr":["2"],"terminus":0,"mode":"bus","color":"#0059a9","colorDark":"#00294f","angle":12.8,"snapDist":5,"label":0}},{"type":"Feature","geometry":{"type":"Point","coordinates":[22.437063,39.633051]},"properties":{"name":"S/M Γαλαξίας Βόλου","lines":"2","arr":["2"],"terminus":0,"mode":"bus","color":"#0059a9","colorDark":"#00294f","angle":12.6,"snapDist":6,"label":0}},{"type":"Feature","geometry":{"type":"Point","coordinates":[22.43417,39.633572]},"properties":{"name":"S/M LIDL Βόλου","lines":"2","arr":["2"],"terminus":0,"mode":"bus","color":"#0059a9","colorDark":"#00294f","angle":353.3,"snapDist":3,"label":0}},{"type":"Feature","geometry":{"type":"Point","coordinates":[22.431069,39.634156]},"properties":{"name":"Γραμμές Βόλου","lines":"2","arr":["2"],"terminus":0,"mode":"bus","color":"#0059a9","colorDark":"#00294f","angle":23.3,"snapDist":7,"label":0}},{"type":"Feature","geometry":{"type":"Point","coordinates":[22.429189,39.634896]},"properties":{"name":"ΚΑΠΗ 23ης Οκτωβρίου","lines":"2, 60","arr":["2","60"],"terminus":0,"mode":"bus","color":"#0059a9","colorDark":"#00294f","angle":29.7,"snapDist":5,"label":1}},{"type":"Feature","geometry":{"type":"Point","coordinates":[22.427009,39.635854]},"properties":{"name":"23ης Οκτώβρη - Σεφέρη","lines":"2, 60","arr":["2","60"],"terminus":0,"mode":"bus","color":"#0059a9","colorDark":"#00294f","angle":29.8,"snapDist":4,"label":1}},{"type":"Feature","geometry":{"type":"Point","coordinates":[22.424308,39.637042]},"properties":{"name":"Άγιος Κωνσταντίνος","lines":"2, 60","arr":["2","60"],"terminus":0,"mode":"bus","color":"#0059a9","colorDark":"#00294f","angle":29.8,"snapDist":9,"label":1}},{"type":"Feature","geometry":{"type":"Point","coordinates":[22.420994,39.638757]},"properties":{"name":"Εθνική Τράπεζα","lines":"2, 60","arr":["2","60"],"terminus":0,"mode":"bus","color":"#0059a9","colorDark":"#00294f","angle":40.7,"snapDist":5,"label":1}},{"type":"Feature","geometry":{"type":"Point","coordinates":[22.418487,39.639683]},"properties":{"name":"Δημοτικό Ωδείο","lines":"2, 3, 5, 7, 14","arr":["2","3","5","7","14"],"terminus":1,"mode":"bus","color":"#0059a9","colorDark":"#00294f","angle":6.8,"snapDist":2,"label":1}},{"type":"Feature","geometry":{"type":"Point","coordinates":[22.416737,39.639846]},"properties":{"name":"Αρχαίο Θέατρο - Αργυρόπουλος","lines":"2, 3, 5, 7, 14","arr":["2","3","5","7","14"],"terminus":0,"mode":"bus","color":"#0059a9","colorDark":"#00294f","angle":8.3,"snapDist":2,"label":1}},{"type":"Feature","geometry":{"type":"Point","coordinates":[22.496619,39.629545]},"properties":{"name":"Μελισσοχώρι 1η Στάση","lines":"2","arr":["2"],"terminus":0,"mode":"bus","color":"#0059a9","colorDark":"#00294f","angle":350.3,"snapDist":5,"label":0}},{"type":"Feature","geometry":{"type":"Point","coordinates":[22.48977,39.625522]},"properties":{"name":"Παπαγιαννης","lines":"2","arr":["2"],"terminus":0,"mode":"bus","color":"#0059a9","colorDark":"#00294f","angle":332,"snapDist":8,"label":0}},{"type":"Feature","geometry":{"type":"Point","coordinates":[22.485941,39.624682]},"properties":{"name":"Διασταύρωση Μελισσοχωρίου","lines":"2","arr":["2"],"terminus":0,"mode":"bus","color":"#0059a9","colorDark":"#00294f","angle":12.6,"snapDist":7,"label":0}},{"type":"Feature","geometry":{"type":"Point","coordinates":[22.480875,39.625561]},"properties":{"name":"Εκκοκκιστήριο","lines":"2","arr":["2"],"terminus":0,"mode":"bus","color":"#0059a9","colorDark":"#00294f","angle":12.7,"snapDist":6,"label":0}},{"type":"Feature","geometry":{"type":"Point","coordinates":[22.476437,39.62633]},"properties":{"name":"Μακρυγιωργος","lines":"2","arr":["2"],"terminus":0,"mode":"bus","color":"#0059a9","colorDark":"#00294f","angle":12.7,"snapDist":4,"label":1}},{"type":"Feature","geometry":{"type":"Point","coordinates":[22.472827,39.626951]},"properties":{"name":"Έπιπλα Ναστος","lines":"2","arr":["2"],"terminus":0,"mode":"bus","color":"#0059a9","colorDark":"#00294f","angle":12.6,"snapDist":8,"label":0}},{"type":"Feature","geometry":{"type":"Point","coordinates":[22.467094,39.62794]},"properties":{"name":"Ψυγεία Παπαγιαννης","lines":"2","arr":["2"],"terminus":0,"mode":"bus","color":"#0059a9","colorDark":"#00294f","angle":12.6,"snapDist":7,"label":0}},{"type":"Feature","geometry":{"type":"Point","coordinates":[22.496239,39.622352]},"properties":{"name":"S/M Γαλαξίας Τέρμα Βόλου","lines":"2","arr":["2"],"terminus":0,"mode":"bus","color":"#0059a9","colorDark":"#00294f","angle":19.7,"snapDist":7,"label":1}},{"type":"Feature","geometry":{"type":"Point","coordinates":[22.413244,39.648284]},"properties":{"name":"Συνοικία Παπασταύρου","lines":"3","arr":["3"],"terminus":1,"mode":"bus","color":"#0059a9","colorDark":"#00294f","angle":56,"snapDist":5,"label":1}},{"type":"Feature","geometry":{"type":"Point","coordinates":[22.411351,39.647379]},"properties":{"name":"Στάδιο Αλκαζάρ - Κολυμβητήριο","lines":"3","arr":["3"],"terminus":0,"mode":"bus","color":"#0059a9","colorDark":"#00294f","angle":329.7,"snapDist":6,"label":1}},{"type":"Feature","geometry":{"type":"Point","coordinates":[22.410512,39.64659]},"properties":{"name":"Ιπποκράτης","lines":"3, 5, 7, 60","arr":["3","5","7","60"],"terminus":0,"mode":"bus","color":"#0059a9","colorDark":"#00294f","angle":273.4,"snapDist":6,"label":1}},{"type":"Feature","geometry":{"type":"Point","coordinates":[22.410397,39.64472]},"properties":{"name":"14ο Δημοτικό Σχολείο","lines":"3, 5, 7, 60","arr":["3","5","7","60"],"terminus":0,"mode":"bus","color":"#0059a9","colorDark":"#00294f","angle":272.4,"snapDist":6,"label":1}},{"type":"Feature","geometry":{"type":"Point","coordinates":[22.410439,39.642196]},"properties":{"name":"Άγιος Χαράλαμπος","lines":"3, 5, 7, 60","arr":["3","5","7","60"],"terminus":0,"mode":"bus","color":"#0059a9","colorDark":"#00294f","angle":232.3,"snapDist":7,"label":1}},{"type":"Feature","geometry":{"type":"Point","coordinates":[22.412729,39.640274]},"properties":{"name":"Αχίλλειον Ξενοδοχείο","lines":"3, 5, 7, 13, 16, 60","arr":["3","5","7","13","16","60"],"terminus":0,"mode":"bus","color":"#0059a9","colorDark":"#00294f","angle":259.3,"snapDist":3,"label":1}},{"type":"Feature","geometry":{"type":"Point","coordinates":[22.413748,39.638601]},"properties":{"name":"Πλατεία Εβραίων","lines":"3, 5, 7, 9, 11, 16","arr":["3","5","7","9","11","16"],"terminus":1,"mode":"bus","color":"#0059a9","colorDark":"#00294f","angle":175.6,"snapDist":4,"label":1}},{"type":"Feature","geometry":{"type":"Point","coordinates":[22.416128,39.638776]},"properties":{"name":"Κεντρική Πλατεία Γρ. 3,4,Β14,15","lines":"3, 4, 11, 15, 16","arr":["3","4","11","15","16"],"terminus":1,"mode":"bus","color":"#0059a9","colorDark":"#00294f","angle":179.1,"snapDist":11,"label":1}},{"type":"Feature","geometry":{"type":"Point","coordinates":[22.420368,39.637274]},"properties":{"name":"Στρατιωτικό Πρατήριο","lines":"3, 11, 15","arr":["3","11","15"],"terminus":0,"mode":"bus","color":"#0059a9","colorDark":"#00294f","angle":270.7,"snapDist":4,"label":1}},{"type":"Feature","geometry":{"type":"Point","coordinates":[22.421026,39.635309]},"properties":{"name":"28ης Οκτωβρίου - Ηπείρου","lines":"3, 11, 15","arr":["3","11","15"],"terminus":0,"mode":"bus","color":"#0059a9","colorDark":"#00294f","angle":254.6,"snapDist":3,"label":1}},{"type":"Feature","geometry":{"type":"Point","coordinates":[22.421898,39.632868]},"properties":{"name":"28ης Οκτωβρίου - Τσιμισκή","lines":"3, 11, 15","arr":["3","11","15"],"terminus":0,"mode":"bus","color":"#0059a9","colorDark":"#00294f","angle":254.6,"snapDist":2,"label":1}},{"type":"Feature","geometry":{"type":"Point","coordinates":[22.421912,39.631559]},"properties":{"name":"ΟΣΕ - 1ο Δημοτικό Σχολείο","lines":"3, 11, 15","arr":["3","11","15"],"terminus":0,"mode":"bus","color":"#0059a9","colorDark":"#00294f","angle":345.1,"snapDist":3,"label":1}},{"type":"Feature","geometry":{"type":"Point","coordinates":[22.419362,39.630663]},"properties":{"name":"Αρχή Φαρσάλων","lines":"3, 8, 10, 11, 15","arr":["3","8","10","11","15"],"terminus":0,"mode":"bus","color":"#0059a9","colorDark":"#00294f","angle":254.2,"snapDist":2,"label":1}},{"type":"Feature","geometry":{"type":"Point","coordinates":[22.422429,39.626849]},"properties":{"name":"Τελωνείο - Παλιό Κοιμητήριο","lines":"3, 8, 10, 11, 15","arr":["3","8","10","11","15"],"terminus":0,"mode":"bus","color":"#0059a9","colorDark":"#00294f","angle":237.4,"snapDist":7,"label":0}},{"type":"Feature","geometry":{"type":"Point","coordinates":[22.423371,39.625715]},"properties":{"name":"Καλή Καρδιά","lines":"3, 8, 10, 15","arr":["3","8","10","15"],"terminus":0,"mode":"bus","color":"#0059a9","colorDark":"#00294f","angle":237.4,"snapDist":7,"label":1}},{"type":"Feature","geometry":{"type":"Point","coordinates":[22.425081,39.623656]},"properties":{"name":"Σαρακακη","lines":"3, 8, 10, 15","arr":["3","8","10","15"],"terminus":0,"mode":"bus","color":"#0059a9","colorDark":"#00294f","angle":237.4,"snapDist":7,"label":1}},{"type":"Feature","geometry":{"type":"Point","coordinates":[22.426631,39.620594]},"properties":{"name":"Στρατόπεδο Μπουγά","lines":"3, 8","arr":["3","8"],"terminus":0,"mode":"bus","color":"#0059a9","colorDark":"#00294f","angle":256.5,"snapDist":6,"label":1}},{"type":"Feature","geometry":{"type":"Point","coordinates":[22.42829,39.617851]},"properties":{"name":"Πολυκατοικίες","lines":"3, 8","arr":["3","8"],"terminus":0,"mode":"bus","color":"#0059a9","colorDark":"#00294f","angle":240,"snapDist":6,"label":1}},{"type":"Feature","geometry":{"type":"Point","coordinates":[22.429455,39.616318]},"properties":{"name":"S/M LIDL Φαρσάλων","lines":"3, 8","arr":["3","8"],"terminus":0,"mode":"bus","color":"#0059a9","colorDark":"#00294f","angle":239,"snapDist":5,"label":1}},{"type":"Feature","geometry":{"type":"Point","coordinates":[22.430552,39.614568]},"properties":{"name":"Φάρος","lines":"3, 8","arr":["3","8"],"terminus":0,"mode":"bus","color":"#0059a9","colorDark":"#00294f","angle":257.7,"snapDist":7,"label":1}},{"type":"Feature","geometry":{"type":"Point","coordinates":[22.431235,39.612066]},"properties":{"name":"Ιερός Ναός Αναλήψεως","lines":"3, 8","arr":["3","8"],"terminus":0,"mode":"bus","color":"#0059a9","colorDark":"#00294f","angle":259.9,"snapDist":10,"label":1}},{"type":"Feature","geometry":{"type":"Point","coordinates":[22.431622,39.61061]},"properties":{"name":"Πλατεία Μαρίνου Αντύπα","lines":"3, 8","arr":["3","8"],"terminus":0,"mode":"bus","color":"#0059a9","colorDark":"#00294f","angle":257.2,"snapDist":4,"label":1}},{"type":"Feature","geometry":{"type":"Point","coordinates":[22.433058,39.607407]},"properties":{"name":"IMPERIAL","lines":"3, 8","arr":["3","8"],"terminus":0,"mode":"bus","color":"#0059a9","colorDark":"#00294f","angle":244.9,"snapDist":6,"label":1}},{"type":"Feature","geometry":{"type":"Point","coordinates":[22.434603,39.605164]},"properties":{"name":"Στατιστικής","lines":"3, 8","arr":["3","8"],"terminus":0,"mode":"bus","color":"#0059a9","colorDark":"#00294f","angle":242.6,"snapDist":5,"label":1}},{"type":"Feature","geometry":{"type":"Point","coordinates":[22.435949,39.603296]},"properties":{"name":"Χελιδώνη","lines":"3, 8","arr":["3","8"],"terminus":0,"mode":"bus","color":"#0059a9","colorDark":"#00294f","angle":241.8,"snapDist":10,"label":1}},{"type":"Feature","geometry":{"type":"Point","coordinates":[22.437308,39.601234]},"properties":{"name":"Βιοκαρπέτ","lines":"3, 8","arr":["3","8"],"terminus":1,"mode":"bus","color":"#0059a9","colorDark":"#00294f","angle":242.5,"snapDist":8,"label":1}},{"type":"Feature","geometry":{"type":"Point","coordinates":[22.438482,39.599048]},"properties":{"name":"S/M THE MART","lines":"3","arr":["3"],"terminus":0,"mode":"bus","color":"#0059a9","colorDark":"#00294f","angle":336.1,"snapDist":3,"label":1}},{"type":"Feature","geometry":{"type":"Point","coordinates":[22.435629,39.599829]},"properties":{"name":"PRAKTIKER","lines":"3","arr":["3"],"terminus":1,"mode":"bus","color":"#0059a9","colorDark":"#00294f","angle":79,"snapDist":4,"label":1}},{"type":"Feature","geometry":{"type":"Point","coordinates":[22.437278,39.601478]},"properties":{"name":"Βιοκαρπέτ","lines":"3, 8","arr":["3","8"],"terminus":1,"mode":"bus","color":"#0059a9","colorDark":"#00294f","angle":62.4,"snapDist":8,"label":0}},{"type":"Feature","geometry":{"type":"Point","coordinates":[22.436073,39.603116]},"properties":{"name":"Χελιδώνη","lines":"3, 8","arr":["3","8"],"terminus":0,"mode":"bus","color":"#0059a9","colorDark":"#00294f","angle":62.4,"snapDist":8,"label":0}},{"type":"Feature","geometry":{"type":"Point","coordinates":[22.434501,39.605316]},"properties":{"name":"Στατιστικής","lines":"3, 8","arr":["3","8"],"terminus":0,"mode":"bus","color":"#0059a9","colorDark":"#00294f","angle":62.6,"snapDist":10,"label":0}},{"type":"Feature","geometry":{"type":"Point","coordinates":[22.432968,39.607544]},"properties":{"name":"IMPERIAL","lines":"3, 8","arr":["3","8"],"terminus":0,"mode":"bus","color":"#0059a9","colorDark":"#00294f","angle":62.8,"snapDist":8,"label":0}},{"type":"Feature","geometry":{"type":"Point","coordinates":[22.431471,39.611126]},"properties":{"name":"Πλατεία Μαρίνου Αντύπα","lines":"3, 8","arr":["3","8"],"terminus":0,"mode":"bus","color":"#0059a9","colorDark":"#00294f","angle":77.2,"snapDist":8,"label":0}},{"type":"Feature","geometry":{"type":"Point","coordinates":[22.431016,39.612978]},"properties":{"name":"Χαλάτσης","lines":"3, 8","arr":["3","8"],"terminus":0,"mode":"bus","color":"#0059a9","colorDark":"#00294f","angle":77.5,"snapDist":4,"label":1}},{"type":"Feature","geometry":{"type":"Point","coordinates":[22.430466,39.614862]},"properties":{"name":"Φάρος","lines":"3, 8, 60","arr":["3","8","60"],"terminus":0,"mode":"bus","color":"#0059a9","colorDark":"#00294f","angle":75.8,"snapDist":7,"label":0}},{"type":"Feature","geometry":{"type":"Point","coordinates":[22.429575,39.616165]},"properties":{"name":"S/M LIDL Φαρσάλων","lines":"3, 8, 60","arr":["3","8","60"],"terminus":0,"mode":"bus","color":"#0059a9","colorDark":"#00294f","angle":59,"snapDist":6,"label":0}},{"type":"Feature","geometry":{"type":"Point","coordinates":[22.42788,39.618393]},"properties":{"name":"Πολυκατοικίες","lines":"3, 8, 60","arr":["3","8","60"],"terminus":0,"mode":"bus","color":"#0059a9","colorDark":"#00294f","angle":59.7,"snapDist":8,"label":0}},{"type":"Feature","geometry":{"type":"Point","coordinates":[22.426604,39.62068]},"properties":{"name":"Στρατόπεδο Μπουγά","lines":"3, 8, 60","arr":["3","8","60"],"terminus":0,"mode":"bus","color":"#0059a9","colorDark":"#00294f","angle":76.5,"snapDist":5,"label":0}},{"type":"Feature","geometry":{"type":"Point","coordinates":[22.425346,39.623323]},"properties":{"name":"Σαρακακης","lines":"3, 8, 15, 60","arr":["3","8","15","60"],"terminus":0,"mode":"bus","color":"#0059a9","colorDark":"#00294f","angle":60.7,"snapDist":5,"label":1}},{"type":"Feature","geometry":{"type":"Point","coordinates":[22.424253,39.624653]},"properties":{"name":"S/M MY MARKET Φαρσάλων","lines":"3, 8, 10, 15, 60","arr":["3","8","10","15","60"],"terminus":0,"mode":"bus","color":"#0059a9","colorDark":"#00294f","angle":57.4,"snapDist":6,"label":1}},{"type":"Feature","geometry":{"type":"Point","coordinates":[22.423032,39.626123]},"properties":{"name":"Καλή Καρδιά","lines":"3, 8, 10, 11, 15","arr":["3","8","10","11","15"],"terminus":0,"mode":"bus","color":"#0059a9","colorDark":"#00294f","angle":57.4,"snapDist":7,"label":0}},{"type":"Feature","geometry":{"type":"Point","coordinates":[22.422191,39.627134]},"properties":{"name":"Τελωνείο - Παλιό Κοιμητήριο","lines":"3, 8, 10, 11, 15, 60","arr":["3","8","10","11","15","60"],"terminus":1,"mode":"bus","color":"#0059a9","colorDark":"#00294f","angle":57.3,"snapDist":9,"label":1}},{"type":"Feature","geometry":{"type":"Point","coordinates":[22.419634,39.630339]},"properties":{"name":"Παλαιολόγου-ΟΣΕ","lines":"3, 8, 11","arr":["3","8","11"],"terminus":0,"mode":"bus","color":"#0059a9","colorDark":"#00294f","angle":56,"snapDist":7,"label":1}},{"type":"Feature","geometry":{"type":"Point","coordinates":[22.419279,39.631961]},"properties":{"name":"Γαλανοπουλος","lines":"3, 8, 11, 13","arr":["3","8","11","13"],"terminus":0,"mode":"bus","color":"#0059a9","colorDark":"#00294f","angle":87.7,"snapDist":4,"label":1}},{"type":"Feature","geometry":{"type":"Point","coordinates":[22.419091,39.634798]},"properties":{"name":"Ναπολέων Οικονόμου - Παλιό ΙΚΑ","lines":"3, 8, 11, 13","arr":["3","8","11","13"],"terminus":0,"mode":"bus","color":"#0059a9","colorDark":"#00294f","angle":87.5,"snapDist":5,"label":1}},{"type":"Feature","geometry":{"type":"Point","coordinates":[22.419077,39.637421]},"properties":{"name":"Πλατεία Ταχυδρομείου","lines":"3, 8, 11, 13","arr":["3","8","11","13"],"terminus":0,"mode":"bus","color":"#0059a9","colorDark":"#00294f","angle":91,"snapDist":4,"label":1}},{"type":"Feature","geometry":{"type":"Point","coordinates":[22.415502,39.638744]},"properties":{"name":"Κεντρική Πλατεία","lines":"3, 14","arr":["3","14"],"terminus":0,"mode":"bus","color":"#0059a9","colorDark":"#00294f","angle":354.8,"snapDist":5,"label":1}},{"type":"Feature","geometry":{"type":"Point","coordinates":[22.414518,39.639106]},"properties":{"name":"σπίτι Στρατηγού","lines":"3, 5, 7, 14","arr":["3","5","7","14"],"terminus":0,"mode":"bus","color":"#0059a9","colorDark":"#00294f","angle":46.7,"snapDist":4,"label":1}},{"type":"Feature","geometry":{"type":"Point","coordinates":[22.412877,39.640447]},"properties":{"name":"Τέρμα Μανωλάκη","lines":"3, 5, 7, 14","arr":["3","5","7","14"],"terminus":0,"mode":"bus","color":"#0059a9","colorDark":"#00294f","angle":47.3,"snapDist":3,"label":1}},{"type":"Feature","geometry":{"type":"Point","coordinates":[22.410657,39.642163]},"properties":{"name":"Άγιος Χαράλαμπος - Αλκαζάρ","lines":"3, 5, 7, 14","arr":["3","5","7","14"],"terminus":0,"mode":"bus","color":"#0059a9","colorDark":"#00294f","angle":48.6,"snapDist":6,"label":1}},{"type":"Feature","geometry":{"type":"Point","coordinates":[22.410493,39.644412]},"properties":{"name":"14ο Δημοτικό Σχολείο","lines":"3, 5, 7","arr":["3","5","7"],"terminus":0,"mode":"bus","color":"#0059a9","colorDark":"#00294f","angle":93.2,"snapDist":6,"label":0}},{"type":"Feature","geometry":{"type":"Point","coordinates":[22.410979,39.647211]},"properties":{"name":"Στάδιο Αλκαζάρ- Κολυμβητήριο","lines":"3","arr":["3"],"terminus":0,"mode":"bus","color":"#0059a9","colorDark":"#00294f","angle":149.7,"snapDist":7,"label":1}},{"type":"Feature","geometry":{"type":"Point","coordinates":[22.440896,39.605753]},"properties":{"name":"Fashion City Outlet","lines":"3, 15","arr":["3","15"],"terminus":1,"mode":"bus","color":"#0059a9","colorDark":"#00294f","angle":-140.4,"snapDist":4,"label":1}},{"type":"Feature","geometry":{"type":"Point","coordinates":[22.431507,39.638513]},"properties":{"name":"Παιδικός Σταθμός Καραγάτση","lines":"4","arr":["4"],"terminus":1,"mode":"bus","color":"#0059a9","colorDark":"#00294f","angle":173.6,"snapDist":4,"label":1}},{"type":"Feature","geometry":{"type":"Point","coordinates":[22.432874,39.638797]},"properties":{"name":"Καραγάτση και Ψυχάρη","lines":"4","arr":["4"],"terminus":0,"mode":"bus","color":"#0059a9","colorDark":"#00294f","angle":83.6,"snapDist":4,"label":1}},{"type":"Feature","geometry":{"type":"Point","coordinates":[22.432483,39.641473]},"properties":{"name":"ΑΤΑ","lines":"4","arr":["4"],"terminus":0,"mode":"bus","color":"#0059a9","colorDark":"#00294f","angle":83.7,"snapDist":3,"label":1}},{"type":"Feature","geometry":{"type":"Point","coordinates":[22.430363,39.641662]},"properties":{"name":"2η Πύλη ΑΤΑ","lines":"4","arr":["4"],"terminus":0,"mode":"bus","color":"#0059a9","colorDark":"#00294f","angle":353,"snapDist":2,"label":1}},{"type":"Feature","geometry":{"type":"Point","coordinates":[22.427273,39.641494]},"properties":{"name":"Γεωργίου Σεφέρη","lines":"4, 12","arr":["4","12"],"terminus":0,"mode":"bus","color":"#0059a9","colorDark":"#00294f","angle":6.2,"snapDist":5,"label":1}},{"type":"Feature","geometry":{"type":"Point","coordinates":[22.422726,39.64159]},"properties":{"name":"Γενικό Νοσοκομείο","lines":"4, 12","arr":["4","12"],"terminus":0,"mode":"bus","color":"#0059a9","colorDark":"#00294f","angle":319.3,"snapDist":6,"label":0}},{"type":"Feature","geometry":{"type":"Point","coordinates":[22.413913,39.634452]},"properties":{"name":"Γεχα","lines":"4","arr":["4"],"terminus":0,"mode":"bus","color":"#0059a9","colorDark":"#00294f","angle":329.7,"snapDist":6,"label":1}},{"type":"Feature","geometry":{"type":"Point","coordinates":[22.413185,39.632409]},"properties":{"name":"Τέρμα Ανθίμου Γαζή","lines":"4","arr":["4"],"terminus":0,"mode":"bus","color":"#0059a9","colorDark":"#00294f","angle":269,"snapDist":6,"label":1}},{"type":"Feature","geometry":{"type":"Point","coordinates":[22.414901,39.630965]},"properties":{"name":"Κτηνιατρείο","lines":"4, 12","arr":["4","12"],"terminus":0,"mode":"bus","color":"#0059a9","colorDark":"#00294f","angle":299.8,"snapDist":8,"label":1}},{"type":"Feature","geometry":{"type":"Point","coordinates":[22.413416,39.629148]},"properties":{"name":"Ράπτου","lines":"4, 12","arr":["4","12"],"terminus":0,"mode":"bus","color":"#0059a9","colorDark":"#00294f","angle":302.8,"snapDist":5,"label":1}},{"type":"Feature","geometry":{"type":"Point","coordinates":[22.412029,39.62751]},"properties":{"name":"Μήλου","lines":"4, 12","arr":["4","12"],"terminus":0,"mode":"bus","color":"#0059a9","colorDark":"#00294f","angle":303.8,"snapDist":5,"label":1}},{"type":"Feature","geometry":{"type":"Point","coordinates":[22.410156,39.62528]},"properties":{"name":"ΔΕΗ","lines":"4, 12","arr":["4","12"],"terminus":0,"mode":"bus","color":"#0059a9","colorDark":"#00294f","angle":303,"snapDist":9,"label":1}},{"type":"Feature","geometry":{"type":"Point","coordinates":[22.407357,39.622851]},"properties":{"name":"Ηπειρώτικα","lines":"4, 12","arr":["4","12"],"terminus":0,"mode":"bus","color":"#0059a9","colorDark":"#00294f","angle":285.3,"snapDist":4,"label":1}},{"type":"Feature","geometry":{"type":"Point","coordinates":[22.406153,39.620532]},"properties":{"name":"Γηροκομείο","lines":"4, 12","arr":["4","12"],"terminus":0,"mode":"bus","color":"#0059a9","colorDark":"#00294f","angle":302.7,"snapDist":7,"label":1}},{"type":"Feature","geometry":{"type":"Point","coordinates":[22.404699,39.618817]},"properties":{"name":"Παπανδρέου-Σκεπαστή Αγορά","lines":"4, 12","arr":["4","12"],"terminus":0,"mode":"bus","color":"#0059a9","colorDark":"#00294f","angle":317.3,"snapDist":6,"label":1}},{"type":"Feature","geometry":{"type":"Point","coordinates":[22.40334,39.617239]},"properties":{"name":"3ο Λύκειο","lines":"4","arr":["4"],"terminus":0,"mode":"bus","color":"#0059a9","colorDark":"#00294f","angle":303.9,"snapDist":5,"label":1}},{"type":"Feature","geometry":{"type":"Point","coordinates":[22.398274,39.612273]},"properties":{"name":"Κλειστό Νεάπολης","lines":"4","arr":["4"],"terminus":0,"mode":"bus","color":"#0059a9","colorDark":"#00294f","angle":33.4,"snapDist":6,"label":1}},{"type":"Feature","geometry":{"type":"Point","coordinates":[22.393456,39.610062]},"properties":{"name":"Φυλακές","lines":"4","arr":["4"],"terminus":0,"mode":"bus","color":"#0059a9","colorDark":"#00294f","angle":295.4,"snapDist":7,"label":1}},{"type":"Feature","geometry":{"type":"Point","coordinates":[22.389132,39.608756]},"properties":{"name":"Όσπρια - Μαργαριτα","lines":"4","arr":["4"],"terminus":0,"mode":"bus","color":"#0059a9","colorDark":"#00294f","angle":20.3,"snapDist":5,"label":1}},{"type":"Feature","geometry":{"type":"Point","coordinates":[22.386004,39.609663]},"properties":{"name":"Πανεπιστημιακό Νοσοκομείο","lines":"4","arr":["4"],"terminus":1,"mode":"bus","color":"#0059a9","colorDark":"#00294f","angle":209.5,"snapDist":4,"label":1}},{"type":"Feature","geometry":{"type":"Point","coordinates":[22.385594,39.609838]},"properties":{"name":"Πανεπιστημιακό Νοσοκομείο","lines":"4","arr":["4"],"terminus":1,"mode":"bus","color":"#0059a9","colorDark":"#00294f","angle":28.1,"snapDist":5,"label":0}},{"type":"Feature","geometry":{"type":"Point","coordinates":[22.389165,39.60865]},"properties":{"name":"Όσπρια - Μαργαριτα","lines":"4","arr":["4"],"terminus":0,"mode":"bus","color":"#0059a9","colorDark":"#00294f","angle":200.3,"snapDist":7,"label":0}},{"type":"Feature","geometry":{"type":"Point","coordinates":[22.393671,39.610181]},"properties":{"name":"Φυλακές Απο Νοσοκομείο","lines":"4","arr":["4"],"terminus":0,"mode":"bus","color":"#0059a9","colorDark":"#00294f","angle":119,"snapDist":4,"label":1}},{"type":"Feature","geometry":{"type":"Point","coordinates":[22.398302,39.612157]},"properties":{"name":"Κλειστό Νεάπολης Απο Νοσοκομείο","lines":"4","arr":["4"],"terminus":0,"mode":"bus","color":"#0059a9","colorDark":"#00294f","angle":213.3,"snapDist":12,"label":1}},{"type":"Feature","geometry":{"type":"Point","coordinates":[22.397562,39.610613]},"properties":{"name":"Φυλακές Λάρισας","lines":"4","arr":["4"],"terminus":0,"mode":"bus","color":"#0059a9","colorDark":"#00294f","angle":123.5,"snapDist":7,"label":1}},{"type":"Feature","geometry":{"type":"Point","coordinates":[22.394901,39.60644]},"properties":{"name":"Συμπόσιο","lines":"4","arr":["4"],"terminus":0,"mode":"bus","color":"#0059a9","colorDark":"#00294f","angle":206,"snapDist":6,"label":1}},{"type":"Feature","geometry":{"type":"Point","coordinates":[22.399394,39.60478]},"properties":{"name":"Νέο Κοιμητήριο","lines":"4","arr":["4"],"terminus":1,"mode":"bus","color":"#0059a9","colorDark":"#00294f","angle":99.1,"snapDist":3,"label":1}},{"type":"Feature","geometry":{"type":"Point","coordinates":[22.387147,39.61504]},"properties":{"name":"Βιόπολις Σχολή Επιστημών Υγείας","lines":"4","arr":["4"],"terminus":1,"mode":"bus","color":"#0059a9","colorDark":"#00294f","angle":115.5,"snapDist":12,"label":1}},{"type":"Feature","geometry":{"type":"Point","coordinates":[22.421218,39.639253]},"properties":{"name":"Αρχή Νικηταρά","lines":"4, 12","arr":["4","12"],"terminus":0,"mode":"bus","color":"#0059a9","colorDark":"#00294f","angle":173.1,"snapDist":4,"label":1}},{"type":"Feature","geometry":{"type":"Point","coordinates":[22.424704,39.639576]},"properties":{"name":"Γούναρη - Χρυσοχόου","lines":"4, 12","arr":["4","12"],"terminus":0,"mode":"bus","color":"#0059a9","colorDark":"#00294f","angle":173.1,"snapDist":6,"label":1}},{"type":"Feature","geometry":{"type":"Point","coordinates":[22.427362,39.63984]},"properties":{"name":"Θεοτοκοπούλου","lines":"4","arr":["4"],"terminus":0,"mode":"bus","color":"#0059a9","colorDark":"#00294f","angle":172.3,"snapDist":5,"label":1}},{"type":"Feature","geometry":{"type":"Point","coordinates":[22.428013,39.638557]},"properties":{"name":"Γούναρη","lines":"4, 12","arr":["4","12"],"terminus":0,"mode":"bus","color":"#0059a9","colorDark":"#00294f","angle":203.3,"snapDist":5,"label":1}},{"type":"Feature","geometry":{"type":"Point","coordinates":[22.402979,39.616769]},"properties":{"name":"3ο Λύκειο","lines":"4","arr":["4"],"terminus":0,"mode":"bus","color":"#0059a9","colorDark":"#00294f","angle":122.1,"snapDist":9,"label":0}},{"type":"Feature","geometry":{"type":"Point","coordinates":[22.404345,39.618321]},"properties":{"name":"Παπανδρέου - Σκεπαστή Αγορά","lines":"4","arr":["4"],"terminus":0,"mode":"bus","color":"#0059a9","colorDark":"#00294f","angle":122.4,"snapDist":3,"label":1}},{"type":"Feature","geometry":{"type":"Point","coordinates":[22.406211,39.620602]},"properties":{"name":"Γηροκομείο","lines":"4, 12","arr":["4","12"],"terminus":0,"mode":"bus","color":"#0059a9","colorDark":"#00294f","angle":122.7,"snapDist":7,"label":0}},{"type":"Feature","geometry":{"type":"Point","coordinates":[22.407763,39.622442]},"properties":{"name":"Ηπειρώτικα","lines":"4, 12","arr":["4","12"],"terminus":0,"mode":"bus","color":"#0059a9","colorDark":"#00294f","angle":122.9,"snapDist":5,"label":0}},{"type":"Feature","geometry":{"type":"Point","coordinates":[22.409738,39.624801]},"properties":{"name":"ΔΕΗ","lines":"4, 12","arr":["4","12"],"terminus":0,"mode":"bus","color":"#0059a9","colorDark":"#00294f","angle":123.7,"snapDist":7,"label":0}},{"type":"Feature","geometry":{"type":"Point","coordinates":[22.41205,39.627534]},"properties":{"name":"Μήλου","lines":"4, 12","arr":["4","12"],"terminus":0,"mode":"bus","color":"#0059a9","colorDark":"#00294f","angle":123.8,"snapDist":4,"label":0}},{"type":"Feature","geometry":{"type":"Point","coordinates":[22.413799,39.629616]},"properties":{"name":"Ράπτου","lines":"4, 12","arr":["4","12"],"terminus":0,"mode":"bus","color":"#0059a9","colorDark":"#00294f","angle":122.6,"snapDist":3,"label":0}},{"type":"Feature","geometry":{"type":"Point","coordinates":[22.414753,39.630774]},"properties":{"name":"Κτηνιατρείο","lines":"4, 12","arr":["4","12"],"terminus":0,"mode":"bus","color":"#0059a9","colorDark":"#00294f","angle":120.4,"snapDist":7,"label":0}},{"type":"Feature","geometry":{"type":"Point","coordinates":[22.394818,39.606471]},"properties":{"name":"Συμπόσιο","lines":"4","arr":["4"],"terminus":0,"mode":"bus","color":"#0059a9","colorDark":"#00294f","angle":26,"snapDist":4,"label":0}},{"type":"Feature","geometry":{"type":"Point","coordinates":[22.413324,39.638553]},"properties":{"name":"Πλατεία Εβραίων Φαλάνη-Δασοχωρι","lines":"5","arr":["5"],"terminus":1,"mode":"bus","color":"#0059a9","colorDark":"#00294f","angle":149.8,"snapDist":9,"label":1}},{"type":"Feature","geometry":{"type":"Point","coordinates":[22.41064,39.646635]},"properties":{"name":"Ιπποκράτης","lines":"5, 7","arr":["5","7"],"terminus":0,"mode":"bus","color":"#0059a9","colorDark":"#00294f","angle":92.5,"snapDist":5,"label":0}},{"type":"Feature","geometry":{"type":"Point","coordinates":[22.409713,39.649642]},"properties":{"name":"Κλειστό Στάδιο Εακ","lines":"5, 7","arr":["5","7"],"terminus":0,"mode":"bus","color":"#0059a9","colorDark":"#00294f","angle":62.9,"snapDist":6,"label":1}},{"type":"Feature","geometry":{"type":"Point","coordinates":[22.405665,39.655916]},"properties":{"name":"S/M LIDL Γιάννουλης","lines":"5","arr":["5"],"terminus":0,"mode":"bus","color":"#0059a9","colorDark":"#00294f","angle":63.9,"snapDist":8,"label":1}},{"type":"Feature","geometry":{"type":"Point","coordinates":[22.403845,39.65881]},"properties":{"name":"S/M Σκλαβενίτης Γιάννουλης","lines":"5, 7","arr":["5","7"],"terminus":0,"mode":"bus","color":"#0059a9","colorDark":"#00294f","angle":64.2,"snapDist":12,"label":0}},{"type":"Feature","geometry":{"type":"Point","coordinates":[22.400058,39.664741]},"properties":{"name":"Διασταύρωση Φαλάνης Γιάννουλης","lines":"5","arr":["5"],"terminus":0,"mode":"bus","color":"#0059a9","colorDark":"#00294f","angle":90.3,"snapDist":7,"label":1}},{"type":"Feature","geometry":{"type":"Point","coordinates":[22.400054,39.668248]},"properties":{"name":"Βυζαντίου","lines":"5","arr":["5"],"terminus":0,"mode":"bus","color":"#0059a9","colorDark":"#00294f","angle":90.4,"snapDist":8,"label":1}},{"type":"Feature","geometry":{"type":"Point","coordinates":[22.400078,39.6757]},"properties":{"name":"Αίθριο","lines":"5","arr":["5"],"terminus":0,"mode":"bus","color":"#0059a9","colorDark":"#00294f","angle":89.8,"snapDist":7,"label":1}},{"type":"Feature","geometry":{"type":"Point","coordinates":[22.40009,39.678029]},"properties":{"name":"Νάκας","lines":"5","arr":["5"],"terminus":0,"mode":"bus","color":"#0059a9","colorDark":"#00294f","angle":90.1,"snapDist":6,"label":1}},{"type":"Feature","geometry":{"type":"Point","coordinates":[22.400129,39.683845]},"properties":{"name":"Ελβακ","lines":"5","arr":["5"],"terminus":0,"mode":"bus","color":"#0059a9","colorDark":"#00294f","angle":97.8,"snapDist":10,"label":1}},{"type":"Feature","geometry":{"type":"Point","coordinates":[22.400699,39.688711]},"properties":{"name":"Αποθηκες","lines":"5","arr":["5"],"terminus":0,"mode":"bus","color":"#0059a9","colorDark":"#00294f","angle":93.1,"snapDist":8,"label":1}},{"type":"Feature","geometry":{"type":"Point","coordinates":[22.400624,39.692793]},"properties":{"name":"Διασταύρωση Δασοχωρίου","lines":"5","arr":["5"],"terminus":0,"mode":"bus","color":"#0059a9","colorDark":"#00294f","angle":84.9,"snapDist":6,"label":1}},{"type":"Feature","geometry":{"type":"Point","coordinates":[22.39988,39.701351]},"properties":{"name":"Καλογεροπουλος","lines":"5","arr":["5"],"terminus":0,"mode":"bus","color":"#0059a9","colorDark":"#00294f","angle":87.6,"snapDist":9,"label":1}},{"type":"Feature","geometry":{"type":"Point","coordinates":[22.399497,39.708225]},"properties":{"name":"Βιλες","lines":"5","arr":["5"],"terminus":0,"mode":"bus","color":"#0059a9","colorDark":"#00294f","angle":70.3,"snapDist":5,"label":1}},{"type":"Feature","geometry":{"type":"Point","coordinates":[22.398278,39.710781]},"properties":{"name":"Λυγουρας","lines":"5","arr":["5"],"terminus":0,"mode":"bus","color":"#0059a9","colorDark":"#00294f","angle":71.8,"snapDist":6,"label":1}},{"type":"Feature","geometry":{"type":"Point","coordinates":[22.396408,39.713702]},"properties":{"name":"Πάρκο Βλαχικος Μαχαλας","lines":"5","arr":["5"],"terminus":0,"mode":"bus","color":"#0059a9","colorDark":"#00294f","angle":65.7,"snapDist":6,"label":1}},{"type":"Feature","geometry":{"type":"Point","coordinates":[22.396549,39.716918]},"properties":{"name":"Πετρελαια Φαλάνη","lines":"5","arr":["5"],"terminus":0,"mode":"bus","color":"#0059a9","colorDark":"#00294f","angle":85.9,"snapDist":9,"label":1}},{"type":"Feature","geometry":{"type":"Point","coordinates":[22.399276,39.719638]},"properties":{"name":"Κουτσουκη","lines":"5","arr":["5"],"terminus":0,"mode":"bus","color":"#0059a9","colorDark":"#00294f","angle":46,"snapDist":5,"label":1}},{"type":"Feature","geometry":{"type":"Point","coordinates":[22.397656,39.72195]},"properties":{"name":"ΚΑΠΗ Φαλάνης","lines":"5","arr":["5"],"terminus":0,"mode":"bus","color":"#0059a9","colorDark":"#00294f","angle":66.4,"snapDist":4,"label":1}},{"type":"Feature","geometry":{"type":"Point","coordinates":[22.395558,39.721838]},"properties":{"name":"Πλατεία Φαλάνης","lines":"5","arr":["5"],"terminus":1,"mode":"bus","color":"#0059a9","colorDark":"#00294f","angle":327.4,"snapDist":11,"label":1}},{"type":"Feature","geometry":{"type":"Point","coordinates":[22.40576,39.693018]},"properties":{"name":"Δασοχωρι-Ντανικα","lines":"5","arr":["5"],"terminus":0,"mode":"bus","color":"#0059a9","colorDark":"#00294f","angle":176.8,"snapDist":5,"label":1}},{"type":"Feature","geometry":{"type":"Point","coordinates":[22.416365,39.693471]},"properties":{"name":"Δασοχωρι 1η Στάση","lines":"5","arr":["5"],"terminus":0,"mode":"bus","color":"#0059a9","colorDark":"#00294f","angle":177.6,"snapDist":4,"label":1}},{"type":"Feature","geometry":{"type":"Point","coordinates":[22.417736,39.691785]},"properties":{"name":"Δασοχωρι Πλατεία","lines":"5","arr":["5"],"terminus":0,"mode":"bus","color":"#0059a9","colorDark":"#00294f","angle":225.8,"snapDist":8,"label":1}},{"type":"Feature","geometry":{"type":"Point","coordinates":[22.41633,39.69347]},"properties":{"name":"Δασοχωρι 1η Στάση","lines":"5","arr":["5"],"terminus":0,"mode":"bus","color":"#0059a9","colorDark":"#00294f","angle":-2.4,"snapDist":5,"label":0}},{"type":"Feature","geometry":{"type":"Point","coordinates":[22.405819,39.69302]},"properties":{"name":"Δασοχωρι-Ντανικα","lines":"5","arr":["5"],"terminus":0,"mode":"bus","color":"#0059a9","colorDark":"#00294f","angle":-3.2,"snapDist":5,"label":0}},{"type":"Feature","geometry":{"type":"Point","coordinates":[22.4012,39.693313]},"properties":{"name":"Διασταύρωση Δασοχωρίου","lines":"5","arr":["5"],"terminus":0,"mode":"bus","color":"#0059a9","colorDark":"#00294f","angle":175.4,"snapDist":7,"label":0}},{"type":"Feature","geometry":{"type":"Point","coordinates":[22.393348,39.720738]},"properties":{"name":"S/M Ενωσης","lines":"5","arr":["5"],"terminus":0,"mode":"bus","color":"#0059a9","colorDark":"#00294f","angle":329.7,"snapDist":4,"label":1}},{"type":"Feature","geometry":{"type":"Point","coordinates":[22.392508,39.718892]},"properties":{"name":"2η Στάση Μετά Την Πλατεία","lines":"5","arr":["5"],"terminus":0,"mode":"bus","color":"#0059a9","colorDark":"#00294f","angle":253,"snapDist":8,"label":1}},{"type":"Feature","geometry":{"type":"Point","coordinates":[22.393802,39.716847]},"properties":{"name":"3η Στάση Μετά Την Πλατεία","lines":"5","arr":["5"],"terminus":0,"mode":"bus","color":"#0059a9","colorDark":"#00294f","angle":244.1,"snapDist":7,"label":1}},{"type":"Feature","geometry":{"type":"Point","coordinates":[22.396489,39.713409]},"properties":{"name":"Πάρκο Βλαχικος Μαχαλας","lines":"5","arr":["5"],"terminus":0,"mode":"bus","color":"#0059a9","colorDark":"#00294f","angle":231.7,"snapDist":11,"label":0}},{"type":"Feature","geometry":{"type":"Point","coordinates":[22.398334,39.710651]},"properties":{"name":"Λυγουρας","lines":"5","arr":["5"],"terminus":0,"mode":"bus","color":"#0059a9","colorDark":"#00294f","angle":251.8,"snapDist":8,"label":0}},{"type":"Feature","geometry":{"type":"Point","coordinates":[22.399441,39.708347]},"properties":{"name":"Βιλες","lines":"5","arr":["5"],"terminus":0,"mode":"bus","color":"#0059a9","colorDark":"#00294f","angle":250.3,"snapDist":8,"label":0}},{"type":"Feature","geometry":{"type":"Point","coordinates":[22.399907,39.700858]},"properties":{"name":"Καλογεροπουλος","lines":"5","arr":["5"],"terminus":0,"mode":"bus","color":"#0059a9","colorDark":"#00294f","angle":267.6,"snapDist":8,"label":0}},{"type":"Feature","geometry":{"type":"Point","coordinates":[22.400148,39.695277]},"properties":{"name":"Γελαλη","lines":"5","arr":["5"],"terminus":0,"mode":"bus","color":"#0059a9","colorDark":"#00294f","angle":264.3,"snapDist":10,"label":1}},{"type":"Feature","geometry":{"type":"Point","coordinates":[22.400647,39.692053]},"properties":{"name":"Διασταύρωση Δασοχωρίου","lines":"5","arr":["5"],"terminus":0,"mode":"bus","color":"#0059a9","colorDark":"#00294f","angle":272,"snapDist":9,"label":0}},{"type":"Feature","geometry":{"type":"Point","coordinates":[22.40069,39.688571]},"properties":{"name":"Αποθηκες","lines":"5","arr":["5"],"terminus":0,"mode":"bus","color":"#0059a9","colorDark":"#00294f","angle":273.1,"snapDist":5,"label":0}},{"type":"Feature","geometry":{"type":"Point","coordinates":[22.400145,39.683935]},"properties":{"name":"Ελβακ","lines":"5","arr":["5"],"terminus":0,"mode":"bus","color":"#0059a9","colorDark":"#00294f","angle":277.8,"snapDist":8,"label":0}},{"type":"Feature","geometry":{"type":"Point","coordinates":[22.40009,39.67789]},"properties":{"name":"Γκεκας","lines":"5","arr":["5"],"terminus":0,"mode":"bus","color":"#0059a9","colorDark":"#00294f","angle":270.1,"snapDist":7,"label":1}},{"type":"Feature","geometry":{"type":"Point","coordinates":[22.400082,39.674936]},"properties":{"name":"Αίθριο","lines":"5","arr":["5"],"terminus":0,"mode":"bus","color":"#0059a9","colorDark":"#00294f","angle":269.8,"snapDist":9,"label":0}},{"type":"Feature","geometry":{"type":"Point","coordinates":[22.400052,39.668004]},"properties":{"name":"Βυζαντίου","lines":"5","arr":["5"],"terminus":0,"mode":"bus","color":"#0059a9","colorDark":"#00294f","angle":270.4,"snapDist":5,"label":0}},{"type":"Feature","geometry":{"type":"Point","coordinates":[22.40006,39.663777]},"properties":{"name":"Διασταύρωση Φαλάνης Γιάννουλης","lines":"5","arr":["5"],"terminus":0,"mode":"bus","color":"#0059a9","colorDark":"#00294f","angle":269.7,"snapDist":7,"label":0}},{"type":"Feature","geometry":{"type":"Point","coordinates":[22.403749,39.658736]},"properties":{"name":"S/M Σκλαβενίτης Γιάννουλης","lines":"5, 60","arr":["5","60"],"terminus":1,"mode":"bus","color":"#0059a9","colorDark":"#00294f","angle":244.5,"snapDist":8,"label":1}},{"type":"Feature","geometry":{"type":"Point","coordinates":[22.40983,39.649268]},"properties":{"name":"Κλειστό Στάδιο Εακ","lines":"5, 7, 60","arr":["5","7","60"],"terminus":0,"mode":"bus","color":"#0059a9","colorDark":"#00294f","angle":241.9,"snapDist":6,"label":0}},{"type":"Feature","geometry":{"type":"Point","coordinates":[22.479966,39.676228]},"properties":{"name":"Ομορφοχώρι 3η Στάση","lines":"6","arr":["6"],"terminus":1,"mode":"bus","color":"#0059a9","colorDark":"#00294f","angle":149.2,"snapDist":7,"label":1}},{"type":"Feature","geometry":{"type":"Point","coordinates":[22.473984,39.680346]},"properties":{"name":"Εργοστάσιο PRIMA","lines":"6","arr":["6"],"terminus":0,"mode":"bus","color":"#0059a9","colorDark":"#00294f","angle":42.3,"snapDist":6,"label":1}},{"type":"Feature","geometry":{"type":"Point","coordinates":[22.470258,39.682941]},"properties":{"name":"Πελασγις","lines":"6","arr":["6"],"terminus":0,"mode":"bus","color":"#0059a9","colorDark":"#00294f","angle":42.1,"snapDist":11,"label":1}},{"type":"Feature","geometry":{"type":"Point","coordinates":[22.466008,39.683163]},"properties":{"name":"Γκουνελας","lines":"6","arr":["6"],"terminus":0,"mode":"bus","color":"#0059a9","colorDark":"#00294f","angle":312.2,"snapDist":10,"label":1}},{"type":"Feature","geometry":{"type":"Point","coordinates":[22.461407,39.679254]},"properties":{"name":"Σαπουνα-Έπιπλα Μαργκα","lines":"6","arr":["6"],"terminus":0,"mode":"bus","color":"#0059a9","colorDark":"#00294f","angle":312.3,"snapDist":8,"label":1}},{"type":"Feature","geometry":{"type":"Point","coordinates":[22.458412,39.67672]},"properties":{"name":"Εργοστάσιο ARTISTICO","lines":"6","arr":["6"],"terminus":0,"mode":"bus","color":"#0059a9","colorDark":"#00294f","angle":312.1,"snapDist":8,"label":1}},{"type":"Feature","geometry":{"type":"Point","coordinates":[22.45476,39.673919]},"properties":{"name":"Εργοστάσιο Ζαχαρεως","lines":"6","arr":["6"],"terminus":0,"mode":"bus","color":"#0059a9","colorDark":"#00294f","angle":317.9,"snapDist":7,"label":1}},{"type":"Feature","geometry":{"type":"Point","coordinates":[22.450257,39.670818]},"properties":{"name":"Ευσταθίου","lines":"6","arr":["6"],"terminus":0,"mode":"bus","color":"#0059a9","colorDark":"#00294f","angle":322.2,"snapDist":4,"label":1}},{"type":"Feature","geometry":{"type":"Point","coordinates":[22.442518,39.66337]},"properties":{"name":"Δεκε","lines":"6, 13","arr":["6","13"],"terminus":0,"mode":"bus","color":"#0059a9","colorDark":"#00294f","angle":307,"snapDist":7,"label":1}},{"type":"Feature","geometry":{"type":"Point","coordinates":[22.443816,39.66465]},"properties":{"name":"Τσουκας","lines":"6, 13","arr":["6","13"],"terminus":0,"mode":"bus","color":"#0059a9","colorDark":"#00294f","angle":127.8,"snapDist":22,"label":1}},{"type":"Feature","geometry":{"type":"Point","coordinates":[22.450144,39.670703]},"properties":{"name":"Ευσταθίου","lines":"6","arr":["6"],"terminus":0,"mode":"bus","color":"#0059a9","colorDark":"#00294f","angle":149.1,"snapDist":5,"label":0}},{"type":"Feature","geometry":{"type":"Point","coordinates":[22.454856,39.673985]},"properties":{"name":"Εργοστάσιο Ζαχαρεως","lines":"6","arr":["6"],"terminus":0,"mode":"bus","color":"#0059a9","colorDark":"#00294f","angle":137.9,"snapDist":12,"label":0}},{"type":"Feature","geometry":{"type":"Point","coordinates":[22.458638,39.676912]},"properties":{"name":"Εργοστάσιο ARTISTICO","lines":"6","arr":["6"],"terminus":0,"mode":"bus","color":"#0059a9","colorDark":"#00294f","angle":132.3,"snapDist":8,"label":0}},{"type":"Feature","geometry":{"type":"Point","coordinates":[22.461731,39.679527]},"properties":{"name":"Απριλη-Σαπουνα","lines":"6","arr":["6"],"terminus":0,"mode":"bus","color":"#0059a9","colorDark":"#00294f","angle":132.3,"snapDist":8,"label":1}},{"type":"Feature","geometry":{"type":"Point","coordinates":[22.46329,39.680848]},"properties":{"name":"Έπιπλα Μαργκα","lines":"6","arr":["6"],"terminus":0,"mode":"bus","color":"#0059a9","colorDark":"#00294f","angle":132.1,"snapDist":7,"label":1}},{"type":"Feature","geometry":{"type":"Point","coordinates":[22.466101,39.683242]},"properties":{"name":"Γκουνελας","lines":"6","arr":["6"],"terminus":0,"mode":"bus","color":"#0059a9","colorDark":"#00294f","angle":132.2,"snapDist":8,"label":0}},{"type":"Feature","geometry":{"type":"Point","coordinates":[22.470902,39.682494]},"properties":{"name":"Πελασγις","lines":"6","arr":["6"],"terminus":0,"mode":"bus","color":"#0059a9","colorDark":"#00294f","angle":222.1,"snapDist":8,"label":0}},{"type":"Feature","geometry":{"type":"Point","coordinates":[22.474031,39.680313]},"properties":{"name":"Εργοστάσιο PRIMA","lines":"6","arr":["6"],"terminus":0,"mode":"bus","color":"#0059a9","colorDark":"#00294f","angle":222.3,"snapDist":9,"label":0}},{"type":"Feature","geometry":{"type":"Point","coordinates":[22.475967,39.678489]},"properties":{"name":"Άγιος Ραφαήλ","lines":"6","arr":["6"],"terminus":0,"mode":"bus","color":"#0059a9","colorDark":"#00294f","angle":291,"snapDist":7,"label":1}},{"type":"Feature","geometry":{"type":"Point","coordinates":[22.475561,39.676548]},"properties":{"name":"Ομορφοχώρι 1η Στάση","lines":"6","arr":["6"],"terminus":0,"mode":"bus","color":"#0059a9","colorDark":"#00294f","angle":254.3,"snapDist":6,"label":1}},{"type":"Feature","geometry":{"type":"Point","coordinates":[22.476414,39.674973]},"properties":{"name":"Ομορφοχώρι Πλατεία","lines":"6","arr":["6"],"terminus":0,"mode":"bus","color":"#0059a9","colorDark":"#00294f","angle":162,"snapDist":4,"label":1}},{"type":"Feature","geometry":{"type":"Point","coordinates":[22.415763,39.638762]},"properties":{"name":"Κεντρική Πλατεία Γρ. 7, 10","lines":"7, 10","arr":["7","10"],"terminus":1,"mode":"bus","color":"#0059a9","colorDark":"#00294f","angle":174.8,"snapDist":11,"label":1}},{"type":"Feature","geometry":{"type":"Point","coordinates":[22.404617,39.654815]},"properties":{"name":"1η Στάση Εργατικές Γιάννουλης","lines":"7","arr":["7"],"terminus":0,"mode":"bus","color":"#0059a9","colorDark":"#00294f","angle":331.6,"snapDist":9,"label":1}},{"type":"Feature","geometry":{"type":"Point","coordinates":[22.403229,39.656329]},"properties":{"name":"2η Στάση Εργατικές Κατοικίες Γιάννουλης","lines":"7","arr":["7"],"terminus":0,"mode":"bus","color":"#0059a9","colorDark":"#00294f","angle":62.4,"snapDist":4,"label":1}},{"type":"Feature","geometry":{"type":"Point","coordinates":[22.402577,39.657352]},"properties":{"name":"3η Στάση Εργατικές Κατοικίες Γιάννουλης","lines":"7","arr":["7"],"terminus":0,"mode":"bus","color":"#0059a9","colorDark":"#00294f","angle":65,"snapDist":3,"label":1}},{"type":"Feature","geometry":{"type":"Point","coordinates":[22.403364,39.658054]},"properties":{"name":"Έξοδος Εργατικές Κατοικίες","lines":"7","arr":["7"],"terminus":0,"mode":"bus","color":"#0059a9","colorDark":"#00294f","angle":160.3,"snapDist":2,"label":1}},{"type":"Feature","geometry":{"type":"Point","coordinates":[22.397347,39.664782]},"properties":{"name":"Ταουσανης","lines":"7","arr":["7"],"terminus":0,"mode":"bus","color":"#0059a9","colorDark":"#00294f","angle":64.9,"snapDist":4,"label":1}},{"type":"Feature","geometry":{"type":"Point","coordinates":[22.396364,39.666339]},"properties":{"name":"S/M MY MARKET Γιάννουλης","lines":"7","arr":["7"],"terminus":0,"mode":"bus","color":"#0059a9","colorDark":"#00294f","angle":64.2,"snapDist":7,"label":1}},{"type":"Feature","geometry":{"type":"Point","coordinates":[22.393857,39.668369]},"properties":{"name":"Ραιδεστού","lines":"7","arr":["7"],"terminus":0,"mode":"bus","color":"#0059a9","colorDark":"#00294f","angle":333.5,"snapDist":11,"label":1}},{"type":"Feature","geometry":{"type":"Point","coordinates":[22.392358,39.667806]},"properties":{"name":"Ντιστας","lines":"7","arr":["7"],"terminus":0,"mode":"bus","color":"#0059a9","colorDark":"#00294f","angle":333.3,"snapDist":11,"label":1}},{"type":"Feature","geometry":{"type":"Point","coordinates":[22.390805,39.666845]},"properties":{"name":"Πάρκο Γιάννουλης","lines":"7","arr":["7"],"terminus":0,"mode":"bus","color":"#0059a9","colorDark":"#00294f","angle":295.3,"snapDist":5,"label":1}},{"type":"Feature","geometry":{"type":"Point","coordinates":[22.393943,39.665313]},"properties":{"name":"ΕΛΤΑ Γιάννουλης","lines":"7","arr":["7"],"terminus":1,"mode":"bus","color":"#0059a9","colorDark":"#00294f","angle":206.7,"snapDist":2,"label":1}},{"type":"Feature","geometry":{"type":"Point","coordinates":[22.39699,39.664235]},"properties":{"name":"Ρεμετζο","lines":"7","arr":["7"],"terminus":0,"mode":"bus","color":"#0059a9","colorDark":"#00294f","angle":206.5,"snapDist":11,"label":1}},{"type":"Feature","geometry":{"type":"Point","coordinates":[22.398231,39.66354]},"properties":{"name":"S/μ MARKET IN","lines":"7","arr":["7"],"terminus":0,"mode":"bus","color":"#0059a9","colorDark":"#00294f","angle":296.3,"snapDist":5,"label":1}},{"type":"Feature","geometry":{"type":"Point","coordinates":[22.397269,39.662029]},"properties":{"name":"Καραβιδα","lines":"7","arr":["7"],"terminus":0,"mode":"bus","color":"#0059a9","colorDark":"#00294f","angle":298.2,"snapDist":4,"label":1}},{"type":"Feature","geometry":{"type":"Point","coordinates":[22.399396,39.660594]},"properties":{"name":"Νέες Εργατικές Γιάννουλης","lines":"7","arr":["7"],"terminus":0,"mode":"bus","color":"#0059a9","colorDark":"#00294f","angle":244,"snapDist":3,"label":1}},{"type":"Feature","geometry":{"type":"Point","coordinates":[22.4005,39.659906]},"properties":{"name":"Πολιτιστικό Κέντρο","lines":"7","arr":["7"],"terminus":0,"mode":"bus","color":"#0059a9","colorDark":"#00294f","angle":185.4,"snapDist":4,"label":1}},{"type":"Feature","geometry":{"type":"Point","coordinates":[22.403619,39.658652]},"properties":{"name":"S/M Σλαβανιτης (Γιάννουλης)","lines":"7","arr":["7"],"terminus":0,"mode":"bus","color":"#0059a9","colorDark":"#00294f","angle":244.1,"snapDist":5,"label":1}},{"type":"Feature","geometry":{"type":"Point","coordinates":[22.402665,39.657209]},"properties":{"name":"1η Στάση Εργατ Κατοικίες Γιαν","lines":"7","arr":["7"],"terminus":0,"mode":"bus","color":"#0059a9","colorDark":"#00294f","angle":244.2,"snapDist":3,"label":1}},{"type":"Feature","geometry":{"type":"Point","coordinates":[22.404034,39.656914]},"properties":{"name":"Μελινα Μερκουρη","lines":"7","arr":["7"],"terminus":0,"mode":"bus","color":"#0059a9","colorDark":"#00294f","angle":156.4,"snapDist":5,"label":1}},{"type":"Feature","geometry":{"type":"Point","coordinates":[22.40555,39.655655]},"properties":{"name":"Αγία Ειρήνη-S/M LIDL Γιάννουλης","lines":"7","arr":["7"],"terminus":0,"mode":"bus","color":"#0059a9","colorDark":"#00294f","angle":243.3,"snapDist":6,"label":1}},{"type":"Feature","geometry":{"type":"Point","coordinates":[22.415737,39.631335]},"properties":{"name":"Ηρώων Πολυτεχνείου Καρδίτσης","lines":"8, 12, 13","arr":["8","12","13"],"terminus":0,"mode":"bus","color":"#0059a9","colorDark":"#00294f","angle":192.8,"snapDist":6,"label":1}},{"type":"Feature","geometry":{"type":"Point","coordinates":[22.440367,39.59689]},"properties":{"name":"S/M MART","lines":"8","arr":["8"],"terminus":0,"mode":"bus","color":"#0059a9","colorDark":"#00294f","angle":242.7,"snapDist":15,"label":1}},{"type":"Feature","geometry":{"type":"Point","coordinates":[22.442162,39.594276]},"properties":{"name":"Εργοστάσιο Μελισσα","lines":"8","arr":["8"],"terminus":0,"mode":"bus","color":"#0059a9","colorDark":"#00294f","angle":242.5,"snapDist":11,"label":1}},{"type":"Feature","geometry":{"type":"Point","coordinates":[22.44363,39.592102]},"properties":{"name":"OLYMPIC PARK","lines":"8","arr":["8"],"terminus":0,"mode":"bus","color":"#0059a9","colorDark":"#00294f","angle":242.3,"snapDist":6,"label":1}},{"type":"Feature","geometry":{"type":"Point","coordinates":[22.447852,39.585946]},"properties":{"name":"Μητροπολιτικό Κολλέγιο","lines":"8","arr":["8"],"terminus":0,"mode":"bus","color":"#0059a9","colorDark":"#00294f","angle":242.2,"snapDist":8,"label":1}},{"type":"Feature","geometry":{"type":"Point","coordinates":[22.449034,39.584295]},"properties":{"name":"Γκατζιρουλης","lines":"8","arr":["8"],"terminus":0,"mode":"bus","color":"#0059a9","colorDark":"#00294f","angle":240.3,"snapDist":4,"label":1}},{"type":"Feature","geometry":{"type":"Point","coordinates":[22.453295,39.579308]},"properties":{"name":"Βενζιναδικο Φαρσάλων","lines":"8","arr":["8"],"terminus":0,"mode":"bus","color":"#0059a9","colorDark":"#00294f","angle":237.2,"snapDist":5,"label":1}},{"type":"Feature","geometry":{"type":"Point","coordinates":[22.456098,39.576096]},"properties":{"name":"Έπιπλα Βαταλη","lines":"8","arr":["8"],"terminus":0,"mode":"bus","color":"#0059a9","colorDark":"#00294f","angle":237,"snapDist":7,"label":1}},{"type":"Feature","geometry":{"type":"Point","coordinates":[22.46027,39.571345]},"properties":{"name":"Ανηφορα Βιοτεχνιες","lines":"8","arr":["8"],"terminus":0,"mode":"bus","color":"#0059a9","colorDark":"#00294f","angle":234.9,"snapDist":6,"label":1}},{"type":"Feature","geometry":{"type":"Point","coordinates":[22.461965,39.569402]},"properties":{"name":"Μνημείο","lines":"8","arr":["8"],"terminus":0,"mode":"bus","color":"#0059a9","colorDark":"#00294f","angle":237.1,"snapDist":5,"label":1}},{"type":"Feature","geometry":{"type":"Point","coordinates":[22.463307,39.565835]},"properties":{"name":"Πάρκο Νίκαιας","lines":"8","arr":["8"],"terminus":0,"mode":"bus","color":"#0059a9","colorDark":"#00294f","angle":290.4,"snapDist":6,"label":1}},{"type":"Feature","geometry":{"type":"Point","coordinates":[22.46505,39.561957]},"properties":{"name":"Πλατεία Νίκαιας","lines":"8","arr":["8"],"terminus":0,"mode":"bus","color":"#0059a9","colorDark":"#00294f","angle":255.2,"snapDist":8,"label":0}},{"type":"Feature","geometry":{"type":"Point","coordinates":[22.463548,39.56055]},"properties":{"name":"Δημαρχείο","lines":"8","arr":["8"],"terminus":0,"mode":"bus","color":"#0059a9","colorDark":"#00294f","angle":214.9,"snapDist":6,"label":1}},{"type":"Feature","geometry":{"type":"Point","coordinates":[22.465471,39.560165]},"properties":{"name":"Γεφυροπλαστιγγα","lines":"8","arr":["8"],"terminus":0,"mode":"bus","color":"#0059a9","colorDark":"#00294f","angle":167.8,"snapDist":6,"label":1}},{"type":"Feature","geometry":{"type":"Point","coordinates":[22.465012,39.562068]},"properties":{"name":"Πλατεία Νίκαιας","lines":"8","arr":["8"],"terminus":1,"mode":"bus","color":"#0059a9","colorDark":"#00294f","angle":75.2,"snapDist":6,"label":1}},{"type":"Feature","geometry":{"type":"Point","coordinates":[22.463343,39.565909]},"properties":{"name":"Πάρκο Νίκαιας","lines":"8","arr":["8"],"terminus":0,"mode":"bus","color":"#0059a9","colorDark":"#00294f","angle":110.5,"snapDist":8,"label":0}},{"type":"Feature","geometry":{"type":"Point","coordinates":[22.461921,39.569455]},"properties":{"name":"Μνημείο","lines":"8","arr":["8"],"terminus":0,"mode":"bus","color":"#0059a9","colorDark":"#00294f","angle":57.1,"snapDist":6,"label":0}},{"type":"Feature","geometry":{"type":"Point","coordinates":[22.45942,39.572286]},"properties":{"name":"Ανηφορα Βιοτεχνιες","lines":"8","arr":["8"],"terminus":0,"mode":"bus","color":"#0059a9","colorDark":"#00294f","angle":56,"snapDist":10,"label":0}},{"type":"Feature","geometry":{"type":"Point","coordinates":[22.45443,39.57807]},"properties":{"name":"Βενζιναδικο Φαρσάλων","lines":"8","arr":["8"],"terminus":0,"mode":"bus","color":"#0059a9","colorDark":"#00294f","angle":57,"snapDist":7,"label":0}},{"type":"Feature","geometry":{"type":"Point","coordinates":[22.449851,39.583369]},"properties":{"name":"Γκατζιρουλης","lines":"8","arr":["8"],"terminus":0,"mode":"bus","color":"#0059a9","colorDark":"#00294f","angle":54.4,"snapDist":12,"label":0}},{"type":"Feature","geometry":{"type":"Point","coordinates":[22.447669,39.586213]},"properties":{"name":"Μητροπολιτικό Κολλέγιο","lines":"8","arr":["8"],"terminus":0,"mode":"bus","color":"#0059a9","colorDark":"#00294f","angle":62.2,"snapDist":8,"label":0}},{"type":"Feature","geometry":{"type":"Point","coordinates":[22.446356,39.588103]},"properties":{"name":"Ζουλουμης","lines":"8","arr":["8"],"terminus":0,"mode":"bus","color":"#0059a9","colorDark":"#00294f","angle":61.8,"snapDist":9,"label":1}},{"type":"Feature","geometry":{"type":"Point","coordinates":[22.443694,39.592008]},"properties":{"name":"OLYMPIC PARK","lines":"8","arr":["8"],"terminus":0,"mode":"bus","color":"#0059a9","colorDark":"#00294f","angle":62.6,"snapDist":7,"label":0}},{"type":"Feature","geometry":{"type":"Point","coordinates":[22.441939,39.594605]},"properties":{"name":"Εργοστάσιο Μελισσα","lines":"8","arr":["8"],"terminus":0,"mode":"bus","color":"#0059a9","colorDark":"#00294f","angle":62.5,"snapDist":6,"label":0}},{"type":"Feature","geometry":{"type":"Point","coordinates":[22.440423,39.596808]},"properties":{"name":"S/M MART","lines":"8","arr":["8"],"terminus":0,"mode":"bus","color":"#0059a9","colorDark":"#00294f","angle":62.7,"snapDist":6,"label":0}},{"type":"Feature","geometry":{"type":"Point","coordinates":[22.412729,39.638524]},"properties":{"name":"Πλατεία Εβραίων","lines":"9, 11, 18","arr":["9","11","18"],"terminus":1,"mode":"bus","color":"#0059a9","colorDark":"#00294f","angle":175.6,"snapDist":1,"label":0}},{"type":"Feature","geometry":{"type":"Point","coordinates":[22.395897,39.632543]},"properties":{"name":"Αποκέντρωση","lines":"9, 16, 18","arr":["9","16","18"],"terminus":0,"mode":"bus","color":"#0059a9","colorDark":"#00294f","angle":358.8,"snapDist":5,"label":1}},{"type":"Feature","geometry":{"type":"Point","coordinates":[22.393157,39.63269]},"properties":{"name":"Πάρκο Ιωαννίνων","lines":"9, 16, 18","arr":["9","16","18"],"terminus":0,"mode":"bus","color":"#0059a9","colorDark":"#00294f","angle":7.2,"snapDist":7,"label":1}},{"type":"Feature","geometry":{"type":"Point","coordinates":[22.389801,39.633011]},"properties":{"name":"Άγιος Θωμάς","lines":"9, 16, 18","arr":["9","16","18"],"terminus":0,"mode":"bus","color":"#0059a9","colorDark":"#00294f","angle":7.1,"snapDist":6,"label":1}},{"type":"Feature","geometry":{"type":"Point","coordinates":[22.387082,39.633245]},"properties":{"name":"Εργατικές Κατοικίες Αγίου Θωμά","lines":"9, 16, 18","arr":["9","16","18"],"terminus":0,"mode":"bus","color":"#0059a9","colorDark":"#00294f","angle":4.1,"snapDist":10,"label":1}},{"type":"Feature","geometry":{"type":"Point","coordinates":[22.381547,39.62772]},"properties":{"name":"Γαιόπολις","lines":"9, 12, 18","arr":["9","12","18"],"terminus":1,"mode":"bus","color":"#0059a9","colorDark":"#00294f","angle":149,"snapDist":5,"label":1}},{"type":"Feature","geometry":{"type":"Point","coordinates":[22.386695,39.633229]},"properties":{"name":"Εργατικές Κατοικίες Αγίου Θωμά","lines":"9, 16, 18","arr":["9","16","18"],"terminus":0,"mode":"bus","color":"#0059a9","colorDark":"#00294f","angle":184.5,"snapDist":8,"label":0}},{"type":"Feature","geometry":{"type":"Point","coordinates":[22.390002,39.632992]},"properties":{"name":"Άγιος Θωμάς","lines":"9, 16, 18","arr":["9","16","18"],"terminus":0,"mode":"bus","color":"#0059a9","colorDark":"#00294f","angle":187.1,"snapDist":6,"label":0}},{"type":"Feature","geometry":{"type":"Point","coordinates":[22.3931,39.632696]},"properties":{"name":"Πάρκο Ιωαννίνων","lines":"9, 16, 18","arr":["9","16","18"],"terminus":0,"mode":"bus","color":"#0059a9","colorDark":"#00294f","angle":187.2,"snapDist":8,"label":0}},{"type":"Feature","geometry":{"type":"Point","coordinates":[22.395986,39.632544]},"properties":{"name":"Αποκέντρωση","lines":"9, 16, 18","arr":["9","16","18"],"terminus":0,"mode":"bus","color":"#0059a9","colorDark":"#00294f","angle":178.9,"snapDist":7,"label":0}},{"type":"Feature","geometry":{"type":"Point","coordinates":[22.411719,39.634337]},"properties":{"name":"Ταγματάρχου Βελησσαριου","lines":"9, 18","arr":["9","18"],"terminus":0,"mode":"bus","color":"#0059a9","colorDark":"#00294f","angle":89.7,"snapDist":5,"label":1}},{"type":"Feature","geometry":{"type":"Point","coordinates":[22.411699,39.637217]},"properties":{"name":"Παπακυριαζή και Ταγματάρχου Βελλησαριου","lines":"9, 18","arr":["9","18"],"terminus":0,"mode":"bus","color":"#0059a9","colorDark":"#00294f","angle":91.2,"snapDist":6,"label":1}},{"type":"Feature","geometry":{"type":"Point","coordinates":[22.422116,39.626476]},"properties":{"name":"Αλεξανδρουπόλεως","lines":"10","arr":["10"],"terminus":0,"mode":"bus","color":"#0059a9","colorDark":"#00294f","angle":340.7,"snapDist":9,"label":1}},{"type":"Feature","geometry":{"type":"Point","coordinates":[22.419964,39.62565]},"properties":{"name":"Άθωνος","lines":"10","arr":["10"],"terminus":0,"mode":"bus","color":"#0059a9","colorDark":"#00294f","angle":351,"snapDist":3,"label":1}},{"type":"Feature","geometry":{"type":"Point","coordinates":[22.41983,39.624915]},"properties":{"name":"Αχιλλέως","lines":"10","arr":["10"],"terminus":0,"mode":"bus","color":"#0059a9","colorDark":"#00294f","angle":268.1,"snapDist":4,"label":1}},{"type":"Feature","geometry":{"type":"Point","coordinates":[22.419951,39.623591]},"properties":{"name":"Ιθάκης","lines":"10","arr":["10"],"terminus":0,"mode":"bus","color":"#0059a9","colorDark":"#00294f","angle":260.3,"snapDist":4,"label":1}},{"type":"Feature","geometry":{"type":"Point","coordinates":[22.41908,39.622088]},"properties":{"name":"Κέρκυρας","lines":"10","arr":["10"],"terminus":0,"mode":"bus","color":"#0059a9","colorDark":"#00294f","angle":346.4,"snapDist":5,"label":1}},{"type":"Feature","geometry":{"type":"Point","coordinates":[22.419821,39.61678]},"properties":{"name":"7ο Επαλ","lines":"10","arr":["10"],"terminus":0,"mode":"bus","color":"#0059a9","colorDark":"#00294f","angle":345.2,"snapDist":6,"label":1}},{"type":"Feature","geometry":{"type":"Point","coordinates":[22.419733,39.614987]},"properties":{"name":"Μάνου Κατράκη","lines":"10","arr":["10"],"terminus":0,"mode":"bus","color":"#0059a9","colorDark":"#00294f","angle":257.8,"snapDist":4,"label":1}},{"type":"Feature","geometry":{"type":"Point","coordinates":[22.42026,39.613108]},"properties":{"name":"Γεωργίου Μέγα","lines":"10","arr":["10"],"terminus":0,"mode":"bus","color":"#0059a9","colorDark":"#00294f","angle":257.8,"snapDist":4,"label":1}},{"type":"Feature","geometry":{"type":"Point","coordinates":[22.42092,39.610755]},"properties":{"name":"Σεκφο Παιωνίου","lines":"10","arr":["10"],"terminus":0,"mode":"bus","color":"#0059a9","colorDark":"#00294f","angle":257.8,"snapDist":3,"label":1}},{"type":"Feature","geometry":{"type":"Point","coordinates":[22.421409,39.60901]},"properties":{"name":"Ριτα Σακελλαρίου","lines":"10","arr":["10"],"terminus":0,"mode":"bus","color":"#0059a9","colorDark":"#00294f","angle":258.9,"snapDist":5,"label":1}},{"type":"Feature","geometry":{"type":"Point","coordinates":[22.421709,39.606203]},"properties":{"name":"Λαχανόκηπος","lines":"10","arr":["10"],"terminus":0,"mode":"bus","color":"#0059a9","colorDark":"#00294f","angle":275,"snapDist":4,"label":1}},{"type":"Feature","geometry":{"type":"Point","coordinates":[22.422075,39.605334]},"properties":{"name":"Παρμενίωνος 1","lines":"10","arr":["10"],"terminus":0,"mode":"bus","color":"#0059a9","colorDark":"#00294f","angle":169.4,"snapDist":6,"label":1}},{"type":"Feature","geometry":{"type":"Point","coordinates":[22.426549,39.605801]},"properties":{"name":"Παρμενίωνος","lines":"10","arr":["10"],"terminus":0,"mode":"bus","color":"#0059a9","colorDark":"#00294f","angle":173.4,"snapDist":6,"label":1}},{"type":"Feature","geometry":{"type":"Point","coordinates":[22.426138,39.607555]},"properties":{"name":"KOLCHIDOS - ATLANTOS","lines":"10","arr":["10"],"terminus":0,"mode":"bus","color":"#0059a9","colorDark":"#00294f","angle":73.8,"snapDist":6,"label":1}},{"type":"Feature","geometry":{"type":"Point","coordinates":[22.425511,39.609269]},"properties":{"name":"Κολχίδος","lines":"10","arr":["10"],"terminus":0,"mode":"bus","color":"#0059a9","colorDark":"#00294f","angle":73.7,"snapDist":5,"label":1}},{"type":"Feature","geometry":{"type":"Point","coordinates":[22.420511,39.610603]},"properties":{"name":"Σεκφο Θεοφράστου","lines":"10","arr":["10"],"terminus":0,"mode":"bus","color":"#0059a9","colorDark":"#00294f","angle":347.6,"snapDist":4,"label":1}},{"type":"Feature","geometry":{"type":"Point","coordinates":[22.417117,39.610357]},"properties":{"name":"Χατζηχρήστου","lines":"10","arr":["10"],"terminus":0,"mode":"bus","color":"#0059a9","colorDark":"#00294f","angle":359.9,"snapDist":4,"label":1}},{"type":"Feature","geometry":{"type":"Point","coordinates":[22.414067,39.611775]},"properties":{"name":"Θεοφράστου και Θεοδωρακοπούλου","lines":"10","arr":["10"],"terminus":0,"mode":"bus","color":"#0059a9","colorDark":"#00294f","angle":28.9,"snapDist":4,"label":1}},{"type":"Feature","geometry":{"type":"Point","coordinates":[22.411818,39.612711]},"properties":{"name":"Κλινική Πατσιδη","lines":"10","arr":["10"],"terminus":0,"mode":"bus","color":"#0059a9","colorDark":"#00294f","angle":27.7,"snapDist":5,"label":1}},{"type":"Feature","geometry":{"type":"Point","coordinates":[22.409214,39.613721]},"properties":{"name":"Μυρτινη","lines":"10","arr":["10"],"terminus":0,"mode":"bus","color":"#0059a9","colorDark":"#00294f","angle":20.1,"snapDist":7,"label":1}},{"type":"Feature","geometry":{"type":"Point","coordinates":[22.408867,39.61572]},"properties":{"name":"Φυτάλη","lines":"10","arr":["10"],"terminus":0,"mode":"bus","color":"#0059a9","colorDark":"#00294f","angle":92.3,"snapDist":4,"label":1}},{"type":"Feature","geometry":{"type":"Point","coordinates":[22.410122,39.617175]},"properties":{"name":"Μουσικό Γυμνάσιο","lines":"10","arr":["10"],"terminus":1,"mode":"bus","color":"#0059a9","colorDark":"#00294f","angle":208.3,"snapDist":4,"label":1}},{"type":"Feature","geometry":{"type":"Point","coordinates":[22.419385,39.621391]},"properties":{"name":"Πάρκο Ανθούπολης","lines":"10","arr":["10"],"terminus":0,"mode":"bus","color":"#0059a9","colorDark":"#00294f","angle":341.5,"snapDist":4,"label":1}},{"type":"Feature","geometry":{"type":"Point","coordinates":[22.41135,39.616559]},"properties":{"name":"Λειβαδίτη","lines":"10","arr":["10"],"terminus":0,"mode":"bus","color":"#0059a9","colorDark":"#00294f","angle":267.7,"snapDist":6,"label":1}},{"type":"Feature","geometry":{"type":"Point","coordinates":[22.412251,39.615864]},"properties":{"name":"Δρόση MY MARKET","lines":"10","arr":["10"],"terminus":0,"mode":"bus","color":"#0059a9","colorDark":"#00294f","angle":181.4,"snapDist":7,"label":1}},{"type":"Feature","geometry":{"type":"Point","coordinates":[22.413668,39.615912]},"properties":{"name":"Θεοδωρακοπούλου και Δρόση (Φαρμακείο)","lines":"10","arr":["10"],"terminus":0,"mode":"bus","color":"#0059a9","colorDark":"#00294f","angle":176.5,"snapDist":6,"label":1}},{"type":"Feature","geometry":{"type":"Point","coordinates":[22.41377,39.617283]},"properties":{"name":"Φούρνος","lines":"10","arr":["10"],"terminus":0,"mode":"bus","color":"#0059a9","colorDark":"#00294f","angle":87,"snapDist":2,"label":1}},{"type":"Feature","geometry":{"type":"Point","coordinates":[22.414478,39.618623]},"properties":{"name":"Ελλη Λαμπέτη","lines":"10","arr":["10"],"terminus":0,"mode":"bus","color":"#0059a9","colorDark":"#00294f","angle":209.7,"snapDist":5,"label":1}},{"type":"Feature","geometry":{"type":"Point","coordinates":[22.417378,39.617361]},"properties":{"name":"42ο Δημοτικό","lines":"10","arr":["10"],"terminus":0,"mode":"bus","color":"#0059a9","colorDark":"#00294f","angle":209.5,"snapDist":5,"label":1}},{"type":"Feature","geometry":{"type":"Point","coordinates":[22.419882,39.616792]},"properties":{"name":"7ο Επαλ","lines":"10","arr":["10"],"terminus":0,"mode":"bus","color":"#0059a9","colorDark":"#00294f","angle":165.2,"snapDist":4,"label":0}},{"type":"Feature","geometry":{"type":"Point","coordinates":[22.419077,39.621921]},"properties":{"name":"Κέρκυρας","lines":"10","arr":["10"],"terminus":0,"mode":"bus","color":"#0059a9","colorDark":"#00294f","angle":76.8,"snapDist":6,"label":0}},{"type":"Feature","geometry":{"type":"Point","coordinates":[22.419931,39.623697]},"properties":{"name":"Ιθάκης","lines":"10","arr":["10"],"terminus":0,"mode":"bus","color":"#0059a9","colorDark":"#00294f","angle":83.1,"snapDist":6,"label":0}},{"type":"Feature","geometry":{"type":"Point","coordinates":[22.419827,39.624988]},"properties":{"name":"Αχιλλέως","lines":"10","arr":["10"],"terminus":0,"mode":"bus","color":"#0059a9","colorDark":"#00294f","angle":88.1,"snapDist":5,"label":0}},{"type":"Feature","geometry":{"type":"Point","coordinates":[22.422189,39.626496]},"properties":{"name":"Αλεξανδρουπόλεως","lines":"10","arr":["10"],"terminus":0,"mode":"bus","color":"#0059a9","colorDark":"#00294f","angle":160.7,"snapDist":3,"label":0}},{"type":"Feature","geometry":{"type":"Point","coordinates":[22.41894,39.630956]},"properties":{"name":"Ηρώων Πολυτεχνείου Κ Φαρσάλων","lines":"10, 15","arr":["10","15"],"terminus":0,"mode":"bus","color":"#0059a9","colorDark":"#00294f","angle":346.7,"snapDist":4,"label":1}},{"type":"Feature","geometry":{"type":"Point","coordinates":[22.420223,39.6223]},"properties":{"name":"Τέρμα Αχιλλέως","lines":"10","arr":["10"],"terminus":0,"mode":"bus","color":"#0059a9","colorDark":"#00294f","angle":166.4,"snapDist":7,"label":1}},{"type":"Feature","geometry":{"type":"Point","coordinates":[22.421846,39.623037]},"properties":{"name":"Ερμουπόλεως","lines":"10","arr":["10"],"terminus":0,"mode":"bus","color":"#0059a9","colorDark":"#00294f","angle":75.1,"snapDist":4,"label":1}},{"type":"Feature","geometry":{"type":"Point","coordinates":[22.423712,39.625794]},"properties":{"name":"Αρχή Δράμας","lines":"11","arr":["11"],"terminus":0,"mode":"bus","color":"#0059a9","colorDark":"#00294f","angle":149.7,"snapDist":3,"label":1}},{"type":"Feature","geometry":{"type":"Point","coordinates":[22.425581,39.626618]},"properties":{"name":"Ηγουμενιτσας","lines":"11","arr":["11"],"terminus":0,"mode":"bus","color":"#0059a9","colorDark":"#00294f","angle":143,"snapDist":4,"label":1}},{"type":"Feature","geometry":{"type":"Point","coordinates":[22.427033,39.627361]},"properties":{"name":"Πλατεία Χαραυγής (Δράμας)","lines":"11","arr":["11"],"terminus":0,"mode":"bus","color":"#0059a9","colorDark":"#00294f","angle":157.3,"snapDist":3,"label":1}},{"type":"Feature","geometry":{"type":"Point","coordinates":[22.429137,39.628044]},"properties":{"name":"Δράμας και Λακωνίας","lines":"11","arr":["11"],"terminus":0,"mode":"bus","color":"#0059a9","colorDark":"#00294f","angle":156.9,"snapDist":4,"label":1}},{"type":"Feature","geometry":{"type":"Point","coordinates":[22.430701,39.628558]},"properties":{"name":"Τέρμα Δράμας","lines":"11","arr":["11"],"terminus":0,"mode":"bus","color":"#0059a9","colorDark":"#00294f","angle":157.1,"snapDist":4,"label":1}},{"type":"Feature","geometry":{"type":"Point","coordinates":[22.431713,39.626171]},"properties":{"name":"Ηφαιστίωνος","lines":"11","arr":["11"],"terminus":0,"mode":"bus","color":"#0059a9","colorDark":"#00294f","angle":289,"snapDist":14,"label":1}},{"type":"Feature","geometry":{"type":"Point","coordinates":[22.430887,39.624324]},"properties":{"name":"Αγία Σοφία","lines":"11","arr":["11"],"terminus":0,"mode":"bus","color":"#0059a9","colorDark":"#00294f","angle":289.3,"snapDist":16,"label":1}},{"type":"Feature","geometry":{"type":"Point","coordinates":[22.430105,39.622386]},"properties":{"name":"Σαμουηλίδου","lines":"11","arr":["11"],"terminus":0,"mode":"bus","color":"#0059a9","colorDark":"#00294f","angle":283.5,"snapDist":12,"label":1}},{"type":"Feature","geometry":{"type":"Point","coordinates":[22.430637,39.623171]},"properties":{"name":"Εμπορικό Κέντρο CAMPO","lines":"11","arr":["11"],"terminus":0,"mode":"bus","color":"#0059a9","colorDark":"#00294f","angle":110.9,"snapDist":6,"label":1}},{"type":"Feature","geometry":{"type":"Point","coordinates":[22.431544,39.625227]},"properties":{"name":"Γοργοποτάμου","lines":"11","arr":["11"],"terminus":0,"mode":"bus","color":"#0059a9","colorDark":"#00294f","angle":109.3,"snapDist":6,"label":1}},{"type":"Feature","geometry":{"type":"Point","coordinates":[22.433121,39.62601]},"properties":{"name":"Πλατεία Τούμπας","lines":"11","arr":["11"],"terminus":1,"mode":"bus","color":"#0059a9","colorDark":"#00294f","angle":107,"snapDist":7,"label":1}},{"type":"Feature","geometry":{"type":"Point","coordinates":[22.400893,39.635946]},"properties":{"name":"ΔΕΥΑΛ","lines":"11, 14","arr":["11","14"],"terminus":1,"mode":"bus","color":"#0059a9","colorDark":"#00294f","angle":239.9,"snapDist":7,"label":1}},{"type":"Feature","geometry":{"type":"Point","coordinates":[22.402714,39.635595]},"properties":{"name":"Τουρσουνιδη","lines":"11","arr":["11"],"terminus":0,"mode":"bus","color":"#0059a9","colorDark":"#00294f","angle":133.1,"snapDist":6,"label":1}},{"type":"Feature","geometry":{"type":"Point","coordinates":[22.408209,39.638009]},"properties":{"name":"Πλατεία Σαλια","lines":"11","arr":["11"],"terminus":0,"mode":"bus","color":"#0059a9","colorDark":"#00294f","angle":166.3,"snapDist":4,"label":1}},{"type":"Feature","geometry":{"type":"Point","coordinates":[22.410268,39.638379]},"properties":{"name":"Τζαβελλα","lines":"11","arr":["11"],"terminus":0,"mode":"bus","color":"#0059a9","colorDark":"#00294f","angle":175.7,"snapDist":8,"label":1}},{"type":"Feature","geometry":{"type":"Point","coordinates":[22.433823,39.627111]},"properties":{"name":"Ευβοίας","lines":"11","arr":["11"],"terminus":0,"mode":"bus","color":"#0059a9","colorDark":"#00294f","angle":197.6,"snapDist":3,"label":1}},{"type":"Feature","geometry":{"type":"Point","coordinates":[22.43525,39.626017]},"properties":{"name":"Ενιπέως","lines":"11","arr":["11"],"terminus":0,"mode":"bus","color":"#0059a9","colorDark":"#00294f","angle":217.3,"snapDist":8,"label":1}},{"type":"Feature","geometry":{"type":"Point","coordinates":[22.437859,39.624582]},"properties":{"name":"Καστανιάς και Ενιπέως","lines":"11","arr":["11"],"terminus":0,"mode":"bus","color":"#0059a9","colorDark":"#00294f","angle":142.8,"snapDist":9,"label":1}},{"type":"Feature","geometry":{"type":"Point","coordinates":[22.440292,39.626012]},"properties":{"name":"Στησιχόρου","lines":"11","arr":["11"],"terminus":0,"mode":"bus","color":"#0059a9","colorDark":"#00294f","angle":142.1,"snapDist":10,"label":1}},{"type":"Feature","geometry":{"type":"Point","coordinates":[22.441004,39.62649]},"properties":{"name":"Βαρδουσίων","lines":"11","arr":["11"],"terminus":0,"mode":"bus","color":"#0059a9","colorDark":"#00294f","angle":136.9,"snapDist":6,"label":1}},{"type":"Feature","geometry":{"type":"Point","coordinates":[22.443186,39.62805]},"properties":{"name":"Τέρμα Καστανιάς","lines":"11","arr":["11"],"terminus":0,"mode":"bus","color":"#0059a9","colorDark":"#00294f","angle":136.8,"snapDist":7,"label":1}},{"type":"Feature","geometry":{"type":"Point","coordinates":[22.441924,39.628845]},"properties":{"name":"Ζήλου Πολυξένης","lines":"11","arr":["11"],"terminus":0,"mode":"bus","color":"#0059a9","colorDark":"#00294f","angle":34.4,"snapDist":9,"label":1}},{"type":"Feature","geometry":{"type":"Point","coordinates":[22.440363,39.629599]},"properties":{"name":"Παιδικός Σταθμός Ζήλου","lines":"11","arr":["11"],"terminus":0,"mode":"bus","color":"#0059a9","colorDark":"#00294f","angle":30.1,"snapDist":4,"label":1}},{"type":"Feature","geometry":{"type":"Point","coordinates":[22.435836,39.631406]},"properties":{"name":"Φιλίππου","lines":"11","arr":["11"],"terminus":0,"mode":"bus","color":"#0059a9","colorDark":"#00294f","angle":13.2,"snapDist":5,"label":1}},{"type":"Feature","geometry":{"type":"Point","coordinates":[22.434068,39.631015]},"properties":{"name":"Γέφυρα Εθνικής Οδού","lines":"11","arr":["11"],"terminus":0,"mode":"bus","color":"#0059a9","colorDark":"#00294f","angle":346.2,"snapDist":4,"label":1}},{"type":"Feature","geometry":{"type":"Point","coordinates":[22.430845,39.630647]},"properties":{"name":"Γρεβενών","lines":"11","arr":["11"],"terminus":0,"mode":"bus","color":"#0059a9","colorDark":"#00294f","angle":18.1,"snapDist":7,"label":1}},{"type":"Feature","geometry":{"type":"Point","coordinates":[22.429999,39.629837]},"properties":{"name":"Δούκα","lines":"11","arr":["11"],"terminus":0,"mode":"bus","color":"#0059a9","colorDark":"#00294f","angle":241.7,"snapDist":6,"label":1}},{"type":"Feature","geometry":{"type":"Point","coordinates":[22.43075,39.628574]},"properties":{"name":"Δράμας","lines":"11","arr":["11"],"terminus":0,"mode":"bus","color":"#0059a9","colorDark":"#00294f","angle":337.1,"snapDist":3,"label":1}},{"type":"Feature","geometry":{"type":"Point","coordinates":[22.429244,39.627481]},"properties":{"name":"Λακωνίας","lines":"11","arr":["11"],"terminus":0,"mode":"bus","color":"#0059a9","colorDark":"#00294f","angle":246.9,"snapDist":3,"label":1}},{"type":"Feature","geometry":{"type":"Point","coordinates":[22.430004,39.626149]},"properties":{"name":"Πλατεία Κουζογλου","lines":"11","arr":["11"],"terminus":0,"mode":"bus","color":"#0059a9","colorDark":"#00294f","angle":244.9,"snapDist":6,"label":1}},{"type":"Feature","geometry":{"type":"Point","coordinates":[22.428191,39.625491]},"properties":{"name":"Ακαρνανίας-Σχολείο","lines":"11","arr":["11"],"terminus":0,"mode":"bus","color":"#0059a9","colorDark":"#00294f","angle":347.9,"snapDist":5,"label":1}},{"type":"Feature","geometry":{"type":"Point","coordinates":[22.427409,39.625554]},"properties":{"name":"Σερρών","lines":"11","arr":["11"],"terminus":0,"mode":"bus","color":"#0059a9","colorDark":"#00294f","angle":71.5,"snapDist":7,"label":1}},{"type":"Feature","geometry":{"type":"Point","coordinates":[22.426581,39.627375]},"properties":{"name":"Πλατεία Χαραυγής (Σερρών)","lines":"11","arr":["11"],"terminus":0,"mode":"bus","color":"#0059a9","colorDark":"#00294f","angle":64.8,"snapDist":6,"label":1}},{"type":"Feature","geometry":{"type":"Point","coordinates":[22.425143,39.626836]},"properties":{"name":"Κομοτηνής","lines":"11","arr":["11"],"terminus":0,"mode":"bus","color":"#0059a9","colorDark":"#00294f","angle":330.9,"snapDist":2,"label":1}},{"type":"Feature","geometry":{"type":"Point","coordinates":[22.430456,39.63773]},"properties":{"name":"39ο Δημοτικό Σχολείο","lines":"12, 13, 60","arr":["12","13","60"],"terminus":0,"mode":"bus","color":"#0059a9","colorDark":"#00294f","angle":260.3,"snapDist":7,"label":1}},{"type":"Feature","geometry":{"type":"Point","coordinates":[22.429247,39.634472]},"properties":{"name":"ΚΑΠΗ Ηρώων Πολυτεχνείου","lines":"12, 13","arr":["12","13"],"terminus":0,"mode":"bus","color":"#0059a9","colorDark":"#00294f","angle":304.9,"snapDist":5,"label":1}},{"type":"Feature","geometry":{"type":"Point","coordinates":[22.427168,39.63295]},"properties":{"name":"Υψηλάντου","lines":"12, 13","arr":["12","13"],"terminus":0,"mode":"bus","color":"#0059a9","colorDark":"#00294f","angle":341.9,"snapDist":6,"label":1}},{"type":"Feature","geometry":{"type":"Point","coordinates":[22.423843,39.632024]},"properties":{"name":"5ο Λύκειο-Παλιές Φυλακές","lines":"12, 13","arr":["12","13"],"terminus":0,"mode":"bus","color":"#0059a9","colorDark":"#00294f","angle":339.4,"snapDist":4,"label":1}},{"type":"Feature","geometry":{"type":"Point","coordinates":[22.421084,39.631389]},"properties":{"name":"ΟΣΕ - 3ο Δημοτικό Σχολείο","lines":"12, 13","arr":["12","13"],"terminus":0,"mode":"bus","color":"#0059a9","colorDark":"#00294f","angle":345.1,"snapDist":2,"label":1}},{"type":"Feature","geometry":{"type":"Point","coordinates":[22.416401,39.631287]},"properties":{"name":"Ηρώων Πολυτεχνείου","lines":"12","arr":["12"],"terminus":0,"mode":"bus","color":"#0059a9","colorDark":"#00294f","angle":14,"snapDist":4,"label":1}},{"type":"Feature","geometry":{"type":"Point","coordinates":[22.403014,39.619225]},"properties":{"name":"Σκεπαστή Αγορά","lines":"12","arr":["12"],"terminus":0,"mode":"bus","color":"#0059a9","colorDark":"#00294f","angle":59.7,"snapDist":5,"label":1}},{"type":"Feature","geometry":{"type":"Point","coordinates":[22.397335,39.625689]},"properties":{"name":"Καραολή και Δημητρίου","lines":"12","arr":["12"],"terminus":0,"mode":"bus","color":"#0059a9","colorDark":"#00294f","angle":306.7,"snapDist":8,"label":1}},{"type":"Feature","geometry":{"type":"Point","coordinates":[22.394192,39.622448]},"properties":{"name":"Πάρκο Καραολή και Δημητρίου","lines":"12","arr":["12"],"terminus":0,"mode":"bus","color":"#0059a9","colorDark":"#00294f","angle":306.1,"snapDist":9,"label":1}},{"type":"Feature","geometry":{"type":"Point","coordinates":[22.392534,39.621739]},"properties":{"name":"S/μ Γαλαξίας Καραολή & Δημητρίου","lines":"12","arr":["12"],"terminus":0,"mode":"bus","color":"#0059a9","colorDark":"#00294f","angle":338.5,"snapDist":5,"label":1}},{"type":"Feature","geometry":{"type":"Point","coordinates":[22.387305,39.626244]},"properties":{"name":"Εκπαιδευτήρια Μπακογιαννη","lines":"12","arr":["12"],"terminus":0,"mode":"bus","color":"#0059a9","colorDark":"#00294f","angle":58.3,"snapDist":6,"label":1}},{"type":"Feature","geometry":{"type":"Point","coordinates":[22.387201,39.626374]},"properties":{"name":"Εκπαιδευτήρια Μπακογιαννη","lines":"12","arr":["12"],"terminus":0,"mode":"bus","color":"#0059a9","colorDark":"#00294f","angle":238.3,"snapDist":8,"label":0}},{"type":"Feature","geometry":{"type":"Point","coordinates":[22.39257,39.621749]},"properties":{"name":"S/μ Γαλαξίας Καραολή & Δημητρίου","lines":"12","arr":["12"],"terminus":0,"mode":"bus","color":"#0059a9","colorDark":"#00294f","angle":158.5,"snapDist":3,"label":0}},{"type":"Feature","geometry":{"type":"Point","coordinates":[22.394278,39.622539]},"properties":{"name":"Πάρκο Καραολή και Δημητρίου","lines":"12","arr":["12"],"terminus":0,"mode":"bus","color":"#0059a9","colorDark":"#00294f","angle":126.1,"snapDist":7,"label":0}},{"type":"Feature","geometry":{"type":"Point","coordinates":[22.397356,39.625711]},"properties":{"name":"Καραολή και Δημητρίου","lines":"12","arr":["12"],"terminus":0,"mode":"bus","color":"#0059a9","colorDark":"#00294f","angle":126.7,"snapDist":7,"label":0}},{"type":"Feature","geometry":{"type":"Point","coordinates":[22.401144,39.621709]},"properties":{"name":"Εργατικές Κατοικίες Νεάπολης","lines":"12, 13, 60","arr":["12","13","60"],"terminus":1,"mode":"bus","color":"#0059a9","colorDark":"#00294f","angle":239.7,"snapDist":9,"label":0}},{"type":"Feature","geometry":{"type":"Point","coordinates":[22.403124,39.61908]},"properties":{"name":"Σκεπαστή Αγορά","lines":"12, 60","arr":["12","60"],"terminus":0,"mode":"bus","color":"#0059a9","colorDark":"#00294f","angle":239.7,"snapDist":8,"label":0}},{"type":"Feature","geometry":{"type":"Point","coordinates":[22.421156,39.631282]},"properties":{"name":"ΟΣΕ - 3ο Δημοτικό Σχολείο","lines":"12, 60","arr":["12","60"],"terminus":0,"mode":"bus","color":"#0059a9","colorDark":"#00294f","angle":165.9,"snapDist":8,"label":0}},{"type":"Feature","geometry":{"type":"Point","coordinates":[22.424031,39.631964]},"properties":{"name":"5ο Λύκειο - Παλιές Φυλακές","lines":"12, 60","arr":["12","60"],"terminus":0,"mode":"bus","color":"#0059a9","colorDark":"#00294f","angle":158.4,"snapDist":6,"label":1}},{"type":"Feature","geometry":{"type":"Point","coordinates":[22.427035,39.632817]},"properties":{"name":"Υψηλάντου","lines":"12, 60","arr":["12","60"],"terminus":0,"mode":"bus","color":"#0059a9","colorDark":"#00294f","angle":159.9,"snapDist":6,"label":0}},{"type":"Feature","geometry":{"type":"Point","coordinates":[22.430789,39.636719]},"properties":{"name":"39ο Δημοτικό Σχολείο έναντι","lines":"12, 13, 60","arr":["12","13","60"],"terminus":0,"mode":"bus","color":"#0059a9","colorDark":"#00294f","angle":84.7,"snapDist":5,"label":1}},{"type":"Feature","geometry":{"type":"Point","coordinates":[22.429923,39.64071]},"properties":{"name":"Πλατεία ΑΤΑ","lines":"12, 13, 60","arr":["12","13","60"],"terminus":0,"mode":"bus","color":"#0059a9","colorDark":"#00294f","angle":80.5,"snapDist":5,"label":1}},{"type":"Feature","geometry":{"type":"Point","coordinates":[22.428362,39.64509]},"properties":{"name":"Γκατζογιας","lines":"13, 60","arr":["13","60"],"terminus":0,"mode":"bus","color":"#0059a9","colorDark":"#00294f","angle":69.6,"snapDist":3,"label":1}},{"type":"Feature","geometry":{"type":"Point","coordinates":[22.449758,39.671117]},"properties":{"name":"Διασταύρωση Συκουρίου","lines":"13","arr":["13"],"terminus":0,"mode":"bus","color":"#0059a9","colorDark":"#00294f","angle":113.4,"snapDist":10,"label":1}},{"type":"Feature","geometry":{"type":"Point","coordinates":[22.451902,39.677534]},"properties":{"name":"PEUGEOT","lines":"13","arr":["13"],"terminus":0,"mode":"bus","color":"#0059a9","colorDark":"#00294f","angle":102.5,"snapDist":6,"label":1}},{"type":"Feature","geometry":{"type":"Point","coordinates":[22.452677,39.680247]},"properties":{"name":"Λόκας","lines":"13","arr":["13"],"terminus":0,"mode":"bus","color":"#0059a9","colorDark":"#00294f","angle":102.3,"snapDist":11,"label":1}},{"type":"Feature","geometry":{"type":"Point","coordinates":[22.455695,39.690886]},"properties":{"name":"TOYOTA","lines":"13","arr":["13"],"terminus":0,"mode":"bus","color":"#0059a9","colorDark":"#00294f","angle":102.1,"snapDist":6,"label":1}},{"type":"Feature","geometry":{"type":"Point","coordinates":[22.459052,39.702597]},"properties":{"name":"Διασταύρωση Κουλουρίου","lines":"13","arr":["13"],"terminus":0,"mode":"bus","color":"#0059a9","colorDark":"#00294f","angle":93.7,"snapDist":6,"label":1}},{"type":"Feature","geometry":{"type":"Point","coordinates":[22.463426,39.717441]},"properties":{"name":"Σουκος","lines":"13","arr":["13"],"terminus":0,"mode":"bus","color":"#0059a9","colorDark":"#00294f","angle":104.4,"snapDist":8,"label":1}},{"type":"Feature","geometry":{"type":"Point","coordinates":[22.480032,39.756149]},"properties":{"name":"Ολυμπος","lines":"13","arr":["13"],"terminus":0,"mode":"bus","color":"#0059a9","colorDark":"#00294f","angle":90.4,"snapDist":6,"label":1}},{"type":"Feature","geometry":{"type":"Point","coordinates":[22.487152,39.772089]},"properties":{"name":"MEDISPES","lines":"13","arr":["13"],"terminus":1,"mode":"bus","color":"#0059a9","colorDark":"#00294f","angle":109.3,"snapDist":6,"label":1}},{"type":"Feature","geometry":{"type":"Point","coordinates":[22.485408,39.763502]},"properties":{"name":"STAFF","lines":"13","arr":["13"],"terminus":0,"mode":"bus","color":"#0059a9","colorDark":"#00294f","angle":112.2,"snapDist":6,"label":1}},{"type":"Feature","geometry":{"type":"Point","coordinates":[22.488612,39.763958]},"properties":{"name":"ALPHAWOOD","lines":"13","arr":["13"],"terminus":0,"mode":"bus","color":"#0059a9","colorDark":"#00294f","angle":114.6,"snapDist":8,"label":1}},{"type":"Feature","geometry":{"type":"Point","coordinates":[22.49165,39.768931]},"properties":{"name":"OSCAR","lines":"13","arr":["13"],"terminus":0,"mode":"bus","color":"#0059a9","colorDark":"#00294f","angle":115.2,"snapDist":7,"label":1}},{"type":"Feature","geometry":{"type":"Point","coordinates":[22.492031,39.761917]},"properties":{"name":"Καρκανιας-Μπετινα","lines":"13","arr":["13"],"terminus":1,"mode":"bus","color":"#0059a9","colorDark":"#00294f","angle":265.8,"snapDist":6,"label":1}},{"type":"Feature","geometry":{"type":"Point","coordinates":[22.485421,39.763527]},"properties":{"name":"STAFF","lines":"13","arr":["13"],"terminus":0,"mode":"bus","color":"#0059a9","colorDark":"#00294f","angle":292.2,"snapDist":3,"label":0}},{"type":"Feature","geometry":{"type":"Point","coordinates":[22.488632,39.763992]},"properties":{"name":"ALPHAWOOD","lines":"13","arr":["13"],"terminus":0,"mode":"bus","color":"#0059a9","colorDark":"#00294f","angle":-65.4,"snapDist":4,"label":0}},{"type":"Feature","geometry":{"type":"Point","coordinates":[22.491594,39.76884]},"properties":{"name":"OSCAR","lines":"13","arr":["13"],"terminus":0,"mode":"bus","color":"#0059a9","colorDark":"#00294f","angle":-64.8,"snapDist":5,"label":0}},{"type":"Feature","geometry":{"type":"Point","coordinates":[22.493615,39.767224]},"properties":{"name":"Βιομεταλκο","lines":"13","arr":["13"],"terminus":0,"mode":"bus","color":"#0059a9","colorDark":"#00294f","angle":295.1,"snapDist":4,"label":1}},{"type":"Feature","geometry":{"type":"Point","coordinates":[22.487605,39.761751]},"properties":{"name":"Πυροσβεστική Υπηρεσία ΒΙΠΕ","lines":"13","arr":["13"],"terminus":0,"mode":"bus","color":"#0059a9","colorDark":"#00294f","angle":275.9,"snapDist":6,"label":1}},{"type":"Feature","geometry":{"type":"Point","coordinates":[22.487291,39.759395]},"properties":{"name":"VIOMAR","lines":"13","arr":["13"],"terminus":0,"mode":"bus","color":"#0059a9","colorDark":"#00294f","angle":275.9,"snapDist":7,"label":1}},{"type":"Feature","geometry":{"type":"Point","coordinates":[22.485084,39.760902]},"properties":{"name":"DS STEAL","lines":"13","arr":["13"],"terminus":0,"mode":"bus","color":"#0059a9","colorDark":"#00294f","angle":90.3,"snapDist":4,"label":1}},{"type":"Feature","geometry":{"type":"Point","coordinates":[22.480031,39.756042]},"properties":{"name":"Ολυμπος","lines":"13","arr":["13"],"terminus":0,"mode":"bus","color":"#0059a9","colorDark":"#00294f","angle":270.4,"snapDist":8,"label":0}},{"type":"Feature","geometry":{"type":"Point","coordinates":[22.463379,39.7173]},"properties":{"name":"Σουκος","lines":"13","arr":["13"],"terminus":0,"mode":"bus","color":"#0059a9","colorDark":"#00294f","angle":284.4,"snapDist":9,"label":0}},{"type":"Feature","geometry":{"type":"Point","coordinates":[22.459106,39.702859]},"properties":{"name":"Διασταύρωση Κουλουρίου","lines":"13","arr":["13"],"terminus":0,"mode":"bus","color":"#0059a9","colorDark":"#00294f","angle":282.6,"snapDist":6,"label":0}},{"type":"Feature","geometry":{"type":"Point","coordinates":[22.455674,39.69081]},"properties":{"name":"TOYOTA","lines":"13","arr":["13"],"terminus":0,"mode":"bus","color":"#0059a9","colorDark":"#00294f","angle":282.1,"snapDist":7,"label":0}},{"type":"Feature","geometry":{"type":"Point","coordinates":[22.452588,39.679932]},"properties":{"name":"Λόκας","lines":"13","arr":["13"],"terminus":0,"mode":"bus","color":"#0059a9","colorDark":"#00294f","angle":282.3,"snapDist":8,"label":0}},{"type":"Feature","geometry":{"type":"Point","coordinates":[22.451813,39.677224]},"properties":{"name":"PEGEUOT","lines":"13","arr":["13"],"terminus":0,"mode":"bus","color":"#0059a9","colorDark":"#00294f","angle":282.5,"snapDist":6,"label":1}},{"type":"Feature","geometry":{"type":"Point","coordinates":[22.448949,39.670155]},"properties":{"name":"Διασταύρωση Συκουρίου","lines":"13","arr":["13"],"terminus":0,"mode":"bus","color":"#0059a9","colorDark":"#00294f","angle":298,"snapDist":8,"label":0}},{"type":"Feature","geometry":{"type":"Point","coordinates":[22.428274,39.644986]},"properties":{"name":"Γκατζογιας","lines":"13, 60","arr":["13","60"],"terminus":0,"mode":"bus","color":"#0059a9","colorDark":"#00294f","angle":249.6,"snapDist":6,"label":0}},{"type":"Feature","geometry":{"type":"Point","coordinates":[22.42966,39.64133]},"properties":{"name":"S/M Σκλαβενίτης Ηρώων Πολυτεχνείου","lines":"13, 60","arr":["13","60"],"terminus":0,"mode":"bus","color":"#0059a9","colorDark":"#00294f","angle":260.6,"snapDist":7,"label":1}},{"type":"Feature","geometry":{"type":"Point","coordinates":[22.418717,39.639861]},"properties":{"name":"Ωδείο (Ολύμπου)","lines":"13","arr":["13"],"terminus":0,"mode":"bus","color":"#0059a9","colorDark":"#00294f","angle":82.1,"snapDist":6,"label":1}},{"type":"Feature","geometry":{"type":"Point","coordinates":[22.418262,39.642649]},"properties":{"name":"ΚΤΕΛ","lines":"13, 16, 60","arr":["13","16","60"],"terminus":0,"mode":"bus","color":"#0059a9","colorDark":"#00294f","angle":350,"snapDist":8,"label":1}},{"type":"Feature","geometry":{"type":"Point","coordinates":[22.414842,39.642381]},"properties":{"name":"Ζωοδόχου Πηγής","lines":"13","arr":["13"],"terminus":0,"mode":"bus","color":"#0059a9","colorDark":"#00294f","angle":168.4,"snapDist":15,"label":1}},{"type":"Feature","geometry":{"type":"Point","coordinates":[22.412605,39.641472]},"properties":{"name":"Άγιος Αχίλλειος","lines":"13","arr":["13"],"terminus":0,"mode":"bus","color":"#0059a9","colorDark":"#00294f","angle":293,"snapDist":4,"label":1}},{"type":"Feature","geometry":{"type":"Point","coordinates":[22.413036,39.638508]},"properties":{"name":"Πλατεία Εβραίων Για ANIMUS","lines":"13, 16, 18, 60","arr":["13","16","18","60"],"terminus":1,"mode":"bus","color":"#0059a9","colorDark":"#00294f","angle":219.1,"snapDist":14,"label":1}},{"type":"Feature","geometry":{"type":"Point","coordinates":[22.409953,39.642949]},"properties":{"name":"Αρχή Μανουσάκη","lines":"14","arr":["14"],"terminus":0,"mode":"bus","color":"#0059a9","colorDark":"#00294f","angle":350.4,"snapDist":4,"label":1}},{"type":"Feature","geometry":{"type":"Point","coordinates":[22.408287,39.642789]},"properties":{"name":"Μανουσάκη και Βλαχάβα","lines":"14","arr":["14"],"terminus":0,"mode":"bus","color":"#0059a9","colorDark":"#00294f","angle":357.8,"snapDist":2,"label":1}},{"type":"Feature","geometry":{"type":"Point","coordinates":[22.406042,39.642705]},"properties":{"name":"Τσεκούρα","lines":"14","arr":["14"],"terminus":0,"mode":"bus","color":"#0059a9","colorDark":"#00294f","angle":281.9,"snapDist":3,"label":1}},{"type":"Feature","geometry":{"type":"Point","coordinates":[22.405575,39.640995]},"properties":{"name":"Τσεκούρα και Γληνού","lines":"14","arr":["14"],"terminus":0,"mode":"bus","color":"#0059a9","colorDark":"#00294f","angle":281.9,"snapDist":3,"label":1}},{"type":"Feature","geometry":{"type":"Point","coordinates":[22.403348,39.641287]},"properties":{"name":"Γληνού και Λεκατσά","lines":"14","arr":["14"],"terminus":0,"mode":"bus","color":"#0059a9","colorDark":"#00294f","angle":101.9,"snapDist":1,"label":1}},{"type":"Feature","geometry":{"type":"Point","coordinates":[22.403835,39.64307]},"properties":{"name":"Μανουσάκη και Λεκατσά","lines":"14","arr":["14"],"terminus":0,"mode":"bus","color":"#0059a9","colorDark":"#00294f","angle":101.9,"snapDist":2,"label":1}},{"type":"Feature","geometry":{"type":"Point","coordinates":[22.426906,39.621762]},"properties":{"name":"Βερσαλλιες","lines":"15","arr":["15"],"terminus":0,"mode":"bus","color":"#0059a9","colorDark":"#00294f","angle":211.3,"snapDist":6,"label":1}},{"type":"Feature","geometry":{"type":"Point","coordinates":[22.42951,39.621163]},"properties":{"name":"BED AND BATH","lines":"15","arr":["15"],"terminus":0,"mode":"bus","color":"#0059a9","colorDark":"#00294f","angle":189.2,"snapDist":8,"label":1}},{"type":"Feature","geometry":{"type":"Point","coordinates":[22.429801,39.61894]},"properties":{"name":"Εργατικές Κατοικίες Φαρσάλων","lines":"15","arr":["15"],"terminus":0,"mode":"bus","color":"#0059a9","colorDark":"#00294f","angle":267.6,"snapDist":27,"label":1}},{"type":"Feature","geometry":{"type":"Point","coordinates":[22.430122,39.617505]},"properties":{"name":"INTERAMERICAN","lines":"15","arr":["15"],"terminus":0,"mode":"bus","color":"#0059a9","colorDark":"#00294f","angle":249.5,"snapDist":25,"label":1}},{"type":"Feature","geometry":{"type":"Point","coordinates":[22.434722,39.612152]},"properties":{"name":"MERCEDES","lines":"15","arr":["15"],"terminus":0,"mode":"bus","color":"#0059a9","colorDark":"#00294f","angle":234.7,"snapDist":22,"label":1}},{"type":"Feature","geometry":{"type":"Point","coordinates":[22.436868,39.609817]},"properties":{"name":"ISTIKBAL","lines":"15","arr":["15"],"terminus":0,"mode":"bus","color":"#0059a9","colorDark":"#00294f","angle":234.7,"snapDist":22,"label":1}},{"type":"Feature","geometry":{"type":"Point","coordinates":[22.43875,39.607541]},"properties":{"name":"Ελευθερία - FASHION CITY OUTLET","lines":"15","arr":["15"],"terminus":0,"mode":"bus","color":"#0059a9","colorDark":"#00294f","angle":235.1,"snapDist":13,"label":1}},{"type":"Feature","geometry":{"type":"Point","coordinates":[22.450643,39.594765]},"properties":{"name":"INTERHOUSE - Βιοκαρπέτ","lines":"15","arr":["15"],"terminus":0,"mode":"bus","color":"#0059a9","colorDark":"#00294f","angle":222.5,"snapDist":9,"label":1}},{"type":"Feature","geometry":{"type":"Point","coordinates":[22.45495,39.592473]},"properties":{"name":"Αρμος","lines":"15","arr":["15"],"terminus":0,"mode":"bus","color":"#0059a9","colorDark":"#00294f","angle":212.4,"snapDist":12,"label":1}},{"type":"Feature","geometry":{"type":"Point","coordinates":[22.460525,39.589775]},"properties":{"name":"LARIPLAST","lines":"15","arr":["15"],"terminus":0,"mode":"bus","color":"#0059a9","colorDark":"#00294f","angle":212.3,"snapDist":16,"label":1}},{"type":"Feature","geometry":{"type":"Point","coordinates":[22.472439,39.579179]},"properties":{"name":"LEROY MERLIN","lines":"15","arr":["15"],"terminus":0,"mode":"bus","color":"#0059a9","colorDark":"#00294f","angle":326.2,"snapDist":7,"label":1}},{"type":"Feature","geometry":{"type":"Point","coordinates":[22.471378,39.579376]},"properties":{"name":"S/M Μασούτης IKEA","lines":"15","arr":["15"],"terminus":0,"mode":"bus","color":"#0059a9","colorDark":"#00294f","angle":57.8,"snapDist":3,"label":1}},{"type":"Feature","geometry":{"type":"Point","coordinates":[22.469864,39.581215]},"properties":{"name":"IKEA","lines":"15","arr":["15"],"terminus":1,"mode":"bus","color":"#0059a9","colorDark":"#00294f","angle":55.9,"snapDist":5,"label":1}},{"type":"Feature","geometry":{"type":"Point","coordinates":[22.469875,39.581203]},"properties":{"name":"IKEA","lines":"15","arr":["15"],"terminus":1,"mode":"bus","color":"#0059a9","colorDark":"#00294f","angle":235.9,"snapDist":10,"label":0}},{"type":"Feature","geometry":{"type":"Point","coordinates":[22.471277,39.5795]},"properties":{"name":"S/M Μασούτης IKEA","lines":"15","arr":["15"],"terminus":0,"mode":"bus","color":"#0059a9","colorDark":"#00294f","angle":237.8,"snapDist":7,"label":0}},{"type":"Feature","geometry":{"type":"Point","coordinates":[22.472326,39.578676]},"properties":{"name":"LEROY MERLIN","lines":"15","arr":["15"],"terminus":0,"mode":"bus","color":"#0059a9","colorDark":"#00294f","angle":147.8,"snapDist":6,"label":0}},{"type":"Feature","geometry":{"type":"Point","coordinates":[22.468558,39.586008]},"properties":{"name":"Ιασω","lines":"15","arr":["15"],"terminus":0,"mode":"bus","color":"#0059a9","colorDark":"#00294f","angle":32,"snapDist":6,"label":1}},{"type":"Feature","geometry":{"type":"Point","coordinates":[22.460477,39.589953]},"properties":{"name":"Πετζετακης","lines":"15","arr":["15"],"terminus":0,"mode":"bus","color":"#0059a9","colorDark":"#00294f","angle":-148.2,"snapDist":7,"label":1}},{"type":"Feature","geometry":{"type":"Point","coordinates":[22.450213,39.595554]},"properties":{"name":"Καρατζης","lines":"15","arr":["15"],"terminus":0,"mode":"bus","color":"#0059a9","colorDark":"#00294f","angle":-140.1,"snapDist":13,"label":1}},{"type":"Feature","geometry":{"type":"Point","coordinates":[22.44014,39.606301]},"properties":{"name":"Fashion City Outlet","lines":"15","arr":["15"],"terminus":0,"mode":"bus","color":"#0059a9","colorDark":"#00294f","angle":53.8,"snapDist":7,"label":0}},{"type":"Feature","geometry":{"type":"Point","coordinates":[22.437856,39.608816]},"properties":{"name":"Νασιακοπουλος","lines":"15","arr":["15"],"terminus":0,"mode":"bus","color":"#0059a9","colorDark":"#00294f","angle":91.3,"snapDist":8,"label":1}},{"type":"Feature","geometry":{"type":"Point","coordinates":[22.434659,39.61222]},"properties":{"name":"FORD","lines":"15","arr":["15"],"terminus":0,"mode":"bus","color":"#0059a9","colorDark":"#00294f","angle":54.7,"snapDist":7,"label":1}},{"type":"Feature","geometry":{"type":"Point","coordinates":[22.432859,39.614187]},"properties":{"name":"STORISMENOS","lines":"15","arr":["15"],"terminus":0,"mode":"bus","color":"#0059a9","colorDark":"#00294f","angle":55.3,"snapDist":13,"label":1}},{"type":"Feature","geometry":{"type":"Point","coordinates":[22.431352,39.615892]},"properties":{"name":"Κρατερου","lines":"15","arr":["15"],"terminus":0,"mode":"bus","color":"#0059a9","colorDark":"#00294f","angle":56.4,"snapDist":9,"label":1}},{"type":"Feature","geometry":{"type":"Point","coordinates":[22.430038,39.617713]},"properties":{"name":"Ευρωγνωση","lines":"15","arr":["15"],"terminus":0,"mode":"bus","color":"#0059a9","colorDark":"#00294f","angle":73.2,"snapDist":11,"label":1}},{"type":"Feature","geometry":{"type":"Point","coordinates":[22.427146,39.621649]},"properties":{"name":"Βερσαλλιες","lines":"15","arr":["15"],"terminus":0,"mode":"bus","color":"#0059a9","colorDark":"#00294f","angle":31.7,"snapDist":6,"label":0}},{"type":"Feature","geometry":{"type":"Point","coordinates":[22.379653,39.634003]},"properties":{"name":"Γεωργική Σχολή","lines":"16, 18","arr":["16","18"],"terminus":0,"mode":"bus","color":"#0059a9","colorDark":"#00294f","angle":5.8,"snapDist":6,"label":1}},{"type":"Feature","geometry":{"type":"Point","coordinates":[22.365518,39.631666]},"properties":{"name":"Φυτώριο - Κτηνιατρικο Εργαστηριο","lines":"16, 18","arr":["16","18"],"terminus":0,"mode":"bus","color":"#0059a9","colorDark":"#00294f","angle":346,"snapDist":4,"label":1}},{"type":"Feature","geometry":{"type":"Point","coordinates":[22.36073,39.631208]},"properties":{"name":"Ιακωβακης","lines":"16, 18","arr":["16","18"],"terminus":0,"mode":"bus","color":"#0059a9","colorDark":"#00294f","angle":0.4,"snapDist":4,"label":1}},{"type":"Feature","geometry":{"type":"Point","coordinates":[22.354546,39.63117]},"properties":{"name":"Παπαϊωάννου","lines":"16","arr":["16"],"terminus":0,"mode":"bus","color":"#0059a9","colorDark":"#00294f","angle":360,"snapDist":5,"label":1}},{"type":"Feature","geometry":{"type":"Point","coordinates":[22.345812,39.631246]},"properties":{"name":"METALAXIS","lines":"16","arr":["16"],"terminus":0,"mode":"bus","color":"#0059a9","colorDark":"#00294f","angle":0.9,"snapDist":7,"label":1}},{"type":"Feature","geometry":{"type":"Point","coordinates":[22.341195,39.631305]},"properties":{"name":"LARISSA SPORTS CENTER","lines":"16","arr":["16"],"terminus":0,"mode":"bus","color":"#0059a9","colorDark":"#00294f","angle":1.3,"snapDist":7,"label":1}},{"type":"Feature","geometry":{"type":"Point","coordinates":[22.334698,39.631576]},"properties":{"name":"Διασταύρωση ΚΤΕΟ","lines":"16","arr":["16"],"terminus":0,"mode":"bus","color":"#0059a9","colorDark":"#00294f","angle":7,"snapDist":3,"label":1}},{"type":"Feature","geometry":{"type":"Point","coordinates":[22.290498,39.622063]},"properties":{"name":"Κόμβος Ραχούλας","lines":"16","arr":["16"],"terminus":0,"mode":"bus","color":"#0059a9","colorDark":"#00294f","angle":326.5,"snapDist":9,"label":1}},{"type":"Feature","geometry":{"type":"Point","coordinates":[22.313438,39.629114]},"properties":{"name":"ANIMUS K.A.A.","lines":"16","arr":["16"],"terminus":1,"mode":"bus","color":"#0059a9","colorDark":"#00294f","angle":-135.8,"snapDist":27,"label":1}},{"type":"Feature","geometry":{"type":"Point","coordinates":[22.334711,39.631444]},"properties":{"name":"Διασταύρωση ΚΤΕΟ","lines":"16","arr":["16"],"terminus":0,"mode":"bus","color":"#0059a9","colorDark":"#00294f","angle":184.7,"snapDist":7,"label":0}},{"type":"Feature","geometry":{"type":"Point","coordinates":[22.35476,39.631066]},"properties":{"name":"Παπαϊωάννου","lines":"16","arr":["16"],"terminus":0,"mode":"bus","color":"#0059a9","colorDark":"#00294f","angle":181.1,"snapDist":7,"label":0}},{"type":"Feature","geometry":{"type":"Point","coordinates":[22.360078,39.631052]},"properties":{"name":"Έπιπλα Ντουλαπτση","lines":"16, 18","arr":["16","18"],"terminus":0,"mode":"bus","color":"#0059a9","colorDark":"#00294f","angle":180.3,"snapDist":15,"label":1}},{"type":"Feature","geometry":{"type":"Point","coordinates":[22.365749,39.631628]},"properties":{"name":"Φυτώριο - Κτηνιατρικο Εργαστηριο","lines":"16, 18","arr":["16","18"],"terminus":0,"mode":"bus","color":"#0059a9","colorDark":"#00294f","angle":165.9,"snapDist":12,"label":0}},{"type":"Feature","geometry":{"type":"Point","coordinates":[22.37961,39.633922]},"properties":{"name":"Γεωργική Σχολή","lines":"16, 18","arr":["16","18"],"terminus":0,"mode":"bus","color":"#0059a9","colorDark":"#00294f","angle":185.5,"snapDist":7,"label":0}},{"type":"Feature","geometry":{"type":"Point","coordinates":[22.354973,39.630575]},"properties":{"name":"Παπαϊωάννου","lines":"18","arr":["18"],"terminus":0,"mode":"bus","color":"#0059a9","colorDark":"#00294f","angle":287.9,"snapDist":11,"label":0}},{"type":"Feature","geometry":{"type":"Point","coordinates":[22.353292,39.626436]},"properties":{"name":"Κλινική Αγία Άννα","lines":"18","arr":["18"],"terminus":0,"mode":"bus","color":"#0059a9","colorDark":"#00294f","angle":288.1,"snapDist":4,"label":1}},{"type":"Feature","geometry":{"type":"Point","coordinates":[22.351841,39.622689]},"properties":{"name":"Γεφυροπλαστιγγα","lines":"18","arr":["18"],"terminus":0,"mode":"bus","color":"#0059a9","colorDark":"#00294f","angle":282.4,"snapDist":5,"label":1}},{"type":"Feature","geometry":{"type":"Point","coordinates":[22.351128,39.619104]},"properties":{"name":"Πλατεία Τερψιθέας","lines":"18","arr":["18"],"terminus":0,"mode":"bus","color":"#0059a9","colorDark":"#00294f","angle":297.7,"snapDist":6,"label":0}},{"type":"Feature","geometry":{"type":"Point","coordinates":[22.349026,39.617831]},"properties":{"name":"1η Στάση Τερψιθέας","lines":"18","arr":["18"],"terminus":0,"mode":"bus","color":"#0059a9","colorDark":"#00294f","angle":333.2,"snapDist":5,"label":1}},{"type":"Feature","geometry":{"type":"Point","coordinates":[22.348287,39.616874]},"properties":{"name":"2η Στάση Τερψιθέας","lines":"18","arr":["18"],"terminus":0,"mode":"bus","color":"#0059a9","colorDark":"#00294f","angle":230.4,"snapDist":6,"label":1}},{"type":"Feature","geometry":{"type":"Point","coordinates":[22.350232,39.617394]},"properties":{"name":"3η Στάση Τερψιθέας","lines":"18","arr":["18"],"terminus":0,"mode":"bus","color":"#0059a9","colorDark":"#00294f","angle":152.5,"snapDist":9,"label":1}},{"type":"Feature","geometry":{"type":"Point","coordinates":[22.35114,39.619121]},"properties":{"name":"Πλατεία Τερψιθέας","lines":"18","arr":["18"],"terminus":1,"mode":"bus","color":"#0059a9","colorDark":"#00294f","angle":109.5,"snapDist":6,"label":1}},{"type":"Feature","geometry":{"type":"Point","coordinates":[22.35219,39.623026]},"properties":{"name":"Γεφυροπλαστιγγα","lines":"18","arr":["18"],"terminus":0,"mode":"bus","color":"#0059a9","colorDark":"#00294f","angle":103.7,"snapDist":5,"label":0}},{"type":"Feature","geometry":{"type":"Point","coordinates":[22.353425,39.626466]},"properties":{"name":"Κλινική Αγία Άννα","lines":"18","arr":["18"],"terminus":0,"mode":"bus","color":"#0059a9","colorDark":"#00294f","angle":107.4,"snapDist":6,"label":0}},{"type":"Feature","geometry":{"type":"Point","coordinates":[22.354874,39.630338]},"properties":{"name":"Παπαϊωάννου","lines":"18","arr":["18"],"terminus":0,"mode":"bus","color":"#0059a9","colorDark":"#00294f","angle":107.9,"snapDist":11,"label":0}},{"type":"Feature","geometry":{"type":"Point","coordinates":[22.409044,39.613769]},"properties":{"name":"Μυρτινη (ΒΙΠΕ)","lines":"60","arr":["60"],"terminus":0,"mode":"bus","color":"#0059a9","colorDark":"#00294f","angle":200.1,"snapDist":7,"label":1}},{"type":"Feature","geometry":{"type":"Point","coordinates":[22.41191,39.612673]},"properties":{"name":"Πατσίδης (ΒΙΠΕ)","lines":"60","arr":["60"],"terminus":0,"mode":"bus","color":"#0059a9","colorDark":"#00294f","angle":207.7,"snapDist":7,"label":1}},{"type":"Feature","geometry":{"type":"Point","coordinates":[22.420805,39.610652]},"properties":{"name":"Σεκφο (ΒΙΠΕ)","lines":"60","arr":["60"],"terminus":0,"mode":"bus","color":"#0059a9","colorDark":"#00294f","angle":167.6,"snapDist":2,"label":1}},{"type":"Feature","geometry":{"type":"Point","coordinates":[22.427631,39.61182]},"properties":{"name":"Καλλισθένους Λαϊκή Πέμπτης","lines":"60","arr":["60"],"terminus":0,"mode":"bus","color":"#0059a9","colorDark":"#00294f","angle":167.9,"snapDist":5,"label":1}},{"type":"Feature","geometry":{"type":"Point","coordinates":[22.43124,39.612042]},"properties":{"name":"Εκκλησία Αναληψη","lines":"60","arr":["60"],"terminus":0,"mode":"bus","color":"#0059a9","colorDark":"#00294f","angle":79.9,"snapDist":7,"label":1}},{"type":"Feature","geometry":{"type":"Point","coordinates":[22.419741,39.630973]},"properties":{"name":"Caffe Bruno (ΒΙΠΕ)","lines":"60","arr":["60"],"terminus":0,"mode":"bus","color":"#0059a9","colorDark":"#00294f","angle":144.7,"snapDist":4,"label":1}},{"type":"Feature","geometry":{"type":"Point","coordinates":[22.492699,39.761283]},"properties":{"name":"Μπετινα","lines":"60","arr":["60"],"terminus":1,"mode":"bus","color":"#0059a9","colorDark":"#00294f","angle":196.7,"snapDist":6,"label":1}}]}