{"type":"FeatureCollection","features":[{"type":"Feature","geometry":{"type":"LineString","coordinates":[[22.439103,39.659448],[22.438909,39.659242],[22.438816,39.659145],[22.4387,39.659011],[22.438685,39.658965],[22.43866,39.658891]]},"properties":{"name":"Ωκεανίδος"}},{"type":"Feature","geometry":{"type":"LineString","coordinates":[[22.430594,39.647318],[22.430807,39.647463],[22.431292,39.647788],[22.43132,39.647806],[22.431375,39.647844],[22.431453,39.647915],[22.43153,39.647994],[22.431582,39.648055],[22.431623,39.64811],[22.431678,39.648197],[22.431722,39.648264],[22.431781,39.648372],[22.431968,39.648681],[22.432039,39.648791],[22.432165,39.648977],[22.432301,39.649194],[22.432394,39.649341],[22.432807,39.649996],[22.432922,39.650153],[22.43308,39.650391],[22.433345,39.650822],[22.433523,39.651102],[22.433629,39.65127],[22.433729,39.651426],[22.433866,39.651641],[22.434301,39.652316],[22.434337,39.652372],[22.43442,39.652496],[22.434542,39.65268],[22.434676,39.652881],[22.434793,39.653056],[22.434828,39.653108],[22.434951,39.653302],[22.435062,39.653459],[22.435164,39.65363],[22.43538,39.653961],[22.435451,39.654081],[22.435629,39.654375],[22.435742,39.65455],[22.435836,39.654714],[22.435973,39.65496],[22.436118,39.655236],[22.436264,39.655513],[22.436337,39.655651],[22.436422,39.655794],[22.43691,39.656614],[22.437028,39.656828],[22.437135,39.657033],[22.437225,39.65721],[22.437309,39.657349],[22.437393,39.657478],[22.437442,39.657558],[22.437482,39.657618],[22.437525,39.657669],[22.437562,39.657711],[22.437587,39.65774],[22.437668,39.657832],[22.437801,39.657974],[22.437957,39.658154],[22.437978,39.658177],[22.43816,39.658387],[22.438177,39.658407],[22.438359,39.658602],[22.438523,39.658787],[22.438603,39.65886],[22.438637,39.658881],[22.43866,39.658891],[22.438685,39.658899],[22.43871,39.658907],[22.438738,39.65891],[22.438773,39.658912]]},"properties":{"name":"Σωκράτους"}},{"type":"Feature","geometry":{"type":"LineString","coordinates":[[22.438523,39.658787],[22.4386,39.658808],[22.438641,39.658824],[22.438675,39.658835],[22.438719,39.658844],[22.438753,39.658845],[22.438793,39.658843],[22.438831,39.658837],[22.438905,39.65882],[22.439017,39.658793],[22.439047,39.658789],[22.439072,39.658789],[22.439099,39.658791],[22.43913,39.658796]]},"properties":{"name":"Σωκράτους"}},{"type":"Feature","geometry":{"type":"LineString","coordinates":[[22.43423,39.649198],[22.434156,39.649389],[22.434104,39.649499],[22.434023,39.649726],[22.433933,39.649969],[22.433801,39.650329],[22.433591,39.650937],[22.433558,39.651025],[22.433523,39.651102]]},"properties":{"name":"Δημοσθένους"}},{"type":"Feature","geometry":{"type":"LineString","coordinates":[[22.431375,39.647844],[22.431465,39.647835],[22.431545,39.64784],[22.431602,39.64785],[22.431669,39.647867],[22.431727,39.647889],[22.431814,39.64792],[22.43217,39.648052],[22.43244,39.648145],[22.432877,39.648311],[22.432978,39.648355],[22.433107,39.648404],[22.433136,39.648416],[22.433185,39.648444],[22.43326,39.648491],[22.433297,39.648516],[22.433461,39.648637],[22.433734,39.64882],[22.43423,39.649198]]},"properties":{"name":"Πλάτωνος"}},{"type":"Feature","geometry":{"type":"LineString","coordinates":[[22.430594,39.647318],[22.430315,39.64715],[22.429978,39.646947],[22.429799,39.646839],[22.429494,39.646655],[22.42941,39.646605],[22.42929,39.646533],[22.429005,39.646361],[22.428959,39.646334],[22.428675,39.646162],[22.428658,39.646152],[22.428161,39.645855],[22.428133,39.645838],[22.428043,39.645786]]},"properties":{"name":"Αεροδρομίου"}},{"type":"Feature","geometry":{"type":"LineString","coordinates":[[22.427433,39.645899],[22.427411,39.645843],[22.427393,39.645805],[22.427381,39.645777],[22.427369,39.645754],[22.427356,39.645733],[22.42733,39.645699],[22.427295,39.64566],[22.42721,39.645595],[22.427139,39.645531],[22.426895,39.645326],[22.42671,39.645169],[22.426531,39.645015],[22.426477,39.644971],[22.426425,39.644935],[22.42637,39.644896],[22.426304,39.644851],[22.426088,39.644701],[22.42578,39.6445],[22.425591,39.644383],[22.425415,39.644281],[22.425287,39.644211],[22.425209,39.644173],[22.425123,39.644136],[22.42492,39.644062],[22.424857,39.643924],[22.424922,39.643953],[22.425001,39.643981],[22.425078,39.644012],[22.425155,39.644045],[22.425202,39.644067],[22.425324,39.644129],[22.42543,39.644188],[22.425747,39.644369],[22.426018,39.644549],[22.426164,39.644663],[22.426451,39.644848],[22.426573,39.644927],[22.426622,39.644962],[22.426675,39.645002],[22.426716,39.645036],[22.426812,39.645113],[22.426905,39.645194],[22.426966,39.645243],[22.427057,39.64533],[22.427288,39.645538],[22.427357,39.645588],[22.42742,39.645629],[22.427478,39.645667],[22.427515,39.645687],[22.427516,39.645688],[22.427547,39.6457],[22.427579,39.64571],[22.427617,39.645713]]},"properties":{"name":"Αεροδρομίου"}},{"type":"Feature","geometry":{"type":"LineString","coordinates":[[22.424857,39.643924],[22.424808,39.643831],[22.424585,39.643453],[22.424484,39.643307],[22.424389,39.643165],[22.424152,39.64284],[22.42355,39.642255],[22.423325,39.642037],[22.423206,39.641929],[22.423111,39.641846],[22.422999,39.641772],[22.422647,39.641538],[22.422605,39.64151],[22.422018,39.641121],[22.421471,39.640759],[22.421325,39.640662],[22.421301,39.640646],[22.421206,39.640583],[22.421119,39.640525],[22.421033,39.640469],[22.420634,39.640203],[22.420268,39.639961],[22.420118,39.639862],[22.419916,39.639733],[22.419796,39.639653],[22.41975,39.639621],[22.419694,39.63958],[22.419683,39.639565],[22.419678,39.639558],[22.419669,39.639545],[22.419653,39.639515]]},"properties":{"name":"31ης Αυγούστου"}},{"type":"Feature","geometry":{"type":"LineString","coordinates":[[22.419916,39.639733],[22.419525,39.639704],[22.419463,39.639699],[22.419405,39.639695],[22.41891,39.639655],[22.41887,39.639653],[22.418839,39.639651],[22.418747,39.639659],[22.418721,39.639662],[22.41867,39.639667],[22.418432,39.639688],[22.418243,39.639705],[22.417996,39.639728],[22.417619,39.639763],[22.417583,39.639766],[22.417548,39.639769],[22.417496,39.639774],[22.417173,39.639803],[22.416873,39.639831],[22.416437,39.63988]]},"properties":{"name":"Ελευθέριου Βενιζέλου"}},{"type":"Feature","geometry":{"type":"LineString","coordinates":[[22.416437,39.63988],[22.416426,39.639849],[22.416363,39.63968],[22.416063,39.639016],[22.416033,39.638949],[22.416015,39.638904],[22.416005,39.638872],[22.416002,39.638836],[22.416005,39.638812],[22.416008,39.63878]]},"properties":{"name":"Φιλελλήνων"}},{"type":"Feature","geometry":{"type":"LineString","coordinates":[[22.420354,39.639174],[22.419811,39.63914],[22.419763,39.639139],[22.419721,39.639142],[22.419697,39.639158],[22.419675,39.639182],[22.41966,39.639209],[22.419652,39.639237]]},"properties":{"name":"Κύπρου"}},{"type":"Feature","geometry":{"type":"LineString","coordinates":[[22.420346,39.639142],[22.420289,39.639137],[22.419893,39.639102],[22.419702,39.639086],[22.419426,39.639062],[22.419115,39.639034],[22.418877,39.639014],[22.418792,39.639006],[22.418736,39.639002],[22.418373,39.63897],[22.418144,39.63895],[22.417786,39.638919],[22.417352,39.638881],[22.417297,39.638876],[22.416972,39.638848],[22.416864,39.638839],[22.416558,39.638812],[22.41652,39.638808],[22.416386,39.638797],[22.416202,39.638781],[22.416145,39.638776],[22.416085,39.638776],[22.416008,39.63878],[22.415909,39.638773],[22.415862,39.638769],[22.415813,39.638766],[22.415652,39.638755],[22.415326,39.638732],[22.415292,39.63873],[22.415229,39.638725],[22.415179,39.638722],[22.415147,39.63872],[22.415097,39.638716]]},"properties":{"name":"Κύπρου"}},{"type":"Feature","geometry":{"type":"LineString","coordinates":[[22.41308,39.638485],[22.413106,39.63848],[22.413139,39.63848],[22.413175,39.638486],[22.413209,39.638495],[22.413247,39.638514],[22.413276,39.638528],[22.413316,39.63855],[22.413332,39.638557],[22.41335,39.638564],[22.413365,39.63857],[22.41338,39.638575],[22.413396,39.63858],[22.413413,39.638583],[22.41343,39.638585],[22.413445,39.638586],[22.413518,39.638587],[22.413804,39.638604],[22.414282,39.638635],[22.414536,39.638653],[22.414627,39.63866],[22.414728,39.638667],[22.414977,39.638683],[22.415097,39.638716],[22.415057,39.638718],[22.415019,39.638727],[22.41498,39.638742],[22.414954,39.638757]]},"properties":{"name":"Κύπρου"}},{"type":"Feature","geometry":{"type":"LineString","coordinates":[[22.413017,39.638522],[22.412947,39.638529],[22.412873,39.63853],[22.412825,39.638529],[22.412785,39.638527],[22.412759,39.638526],[22.412724,39.638524],[22.412431,39.638507],[22.411701,39.638464],[22.411326,39.638442],[22.41102,39.638424]]},"properties":{"name":"Κύπρου"}},{"type":"Feature","geometry":{"type":"LineString","coordinates":[[22.416558,39.638812],[22.416602,39.638774],[22.41663,39.638739],[22.416633,39.638735],[22.416646,39.638716],[22.416649,39.638709],[22.416652,39.638701],[22.416653,39.638693],[22.416659,39.638246],[22.416658,39.638089],[22.416688,39.637858],[22.416694,39.637774],[22.416699,39.637735],[22.416699,39.637727],[22.416695,39.637651],[22.416694,39.637583],[22.416704,39.637517],[22.416698,39.637243],[22.416699,39.6372],[22.416687,39.636147],[22.416692,39.635769],[22.416714,39.635371],[22.416715,39.635352]]},"properties":{"name":"Μεγάλου Αλεξάνδρου"}},{"type":"Feature","geometry":{"type":"LineString","coordinates":[[22.416715,39.635352],[22.41664,39.635346],[22.416556,39.635338],[22.416386,39.635323],[22.416184,39.635304],[22.416134,39.635297],[22.416035,39.635281],[22.415948,39.635262],[22.415824,39.635235],[22.415529,39.635162],[22.415325,39.63511],[22.41525,39.635088],[22.415185,39.635066],[22.415104,39.635027],[22.414616,39.63479],[22.414262,39.634608],[22.413459,39.634248],[22.413357,39.634203],[22.413271,39.634162],[22.413234,39.634141],[22.413175,39.6341]]},"properties":{"name":"Νικηφόρου Μανδηλαρά"}},{"type":"Feature","geometry":{"type":"LineString","coordinates":[[22.4132,39.631805],[22.413199,39.631883],[22.413196,39.631944],[22.413181,39.63257],[22.413179,39.632886],[22.413178,39.63291],[22.413179,39.633381],[22.41318,39.633694],[22.413175,39.6341],[22.413175,39.634129],[22.413175,39.63415],[22.413175,39.634781],[22.413176,39.634905],[22.413178,39.635123],[22.413182,39.635765],[22.413181,39.635819],[22.413174,39.636171],[22.413164,39.636613],[22.413151,39.637179],[22.41315,39.637234],[22.413139,39.637736],[22.41313,39.638294],[22.413131,39.638329],[22.413128,39.638373],[22.413121,39.638404],[22.413103,39.638451],[22.41308,39.638485]]},"properties":{"name":"Ανθίμου Γαζή"}},{"type":"Feature","geometry":{"type":"LineString","coordinates":[[22.413199,39.631883],[22.412441,39.632034],[22.412288,39.632064],[22.411762,39.632169],[22.411391,39.632243],[22.411345,39.632252],[22.41118,39.632285],[22.411082,39.632305],[22.410919,39.632337],[22.410419,39.632437],[22.409803,39.63257],[22.409688,39.632595],[22.409441,39.632648],[22.409421,39.632653],[22.409391,39.632659],[22.409253,39.632689],[22.408345,39.632882],[22.407341,39.633102],[22.407314,39.633108],[22.407144,39.633145]]},"properties":{"name":"Ηρώων Πολυτεχνείου"}},{"type":"Feature","geometry":{"type":"LineString","coordinates":[[22.407943,39.632862],[22.409121,39.632621],[22.409221,39.632601],[22.410811,39.632276],[22.410899,39.632258],[22.411071,39.632222],[22.41117,39.632202],[22.411321,39.632171],[22.411592,39.632114],[22.412004,39.632035],[22.412704,39.631901],[22.41311,39.631822],[22.4132,39.631805],[22.413759,39.6317],[22.414207,39.631616],[22.414463,39.631568],[22.415005,39.631466],[22.415181,39.631432],[22.415567,39.631365],[22.416622,39.63118],[22.41678,39.631184]]},"properties":{"name":"Ηρώων Πολυτεχνείου"}},{"type":"Feature","geometry":{"type":"LineString","coordinates":[[22.429632,39.634641],[22.429577,39.634626],[22.429531,39.634602],[22.429496,39.634572],[22.42946,39.634531],[22.42931,39.634359],[22.428984,39.633998],[22.428473,39.633451],[22.428351,39.63333],[22.428295,39.633279],[22.428246,39.633241],[22.428188,39.633201],[22.428107,39.63315],[22.428047,39.633122],[22.427984,39.633097],[22.427921,39.633076],[22.427753,39.633025],[22.427565,39.632968],[22.427471,39.63294],[22.427347,39.632905],[22.427088,39.632832],[22.426802,39.632751],[22.426102,39.632555],[22.425245,39.632321],[22.424919,39.632227],[22.424592,39.632132],[22.424389,39.632075],[22.424164,39.632005],[22.423952,39.63194],[22.423767,39.631887],[22.423624,39.631848],[22.423386,39.631787],[22.423255,39.631754],[22.423128,39.631725],[22.423025,39.6317],[22.422476,39.631574],[22.422372,39.63155],[22.422243,39.631521],[22.421263,39.631302],[22.421181,39.631287],[22.421037,39.631259],[22.419891,39.631037],[22.419589,39.630977],[22.419462,39.630953],[22.419373,39.630933],[22.419299,39.630917],[22.419263,39.630909],[22.419045,39.630862],[22.418829,39.630817],[22.418795,39.630811],[22.418732,39.63081],[22.418657,39.630812],[22.418546,39.630823],[22.418281,39.630861],[22.418091,39.630903],[22.417962,39.630969]]},"properties":{"name":"Ηρώων Πολυτεχνείου"}},{"type":"Feature","geometry":{"type":"LineString","coordinates":[[22.428043,39.645786],[22.428082,39.645705],[22.428092,39.645676],[22.4281,39.645655],[22.428113,39.645619],[22.428136,39.64556],[22.428167,39.645494],[22.428414,39.644983],[22.428632,39.644517],[22.428789,39.644198],[22.428879,39.644001],[22.428961,39.643816],[22.428991,39.643743],[22.429066,39.643553],[22.42913,39.64337],[22.429505,39.642261],[22.429563,39.642081],[22.429648,39.641819],[22.429678,39.641729],[22.429719,39.641601],[22.42975,39.641487],[22.429757,39.641461],[22.429769,39.641419],[22.429811,39.641221],[22.429889,39.640867],[22.430051,39.640125],[22.430139,39.639707],[22.430232,39.639263],[22.430336,39.638811],[22.430376,39.638643],[22.430394,39.638562],[22.430422,39.638417],[22.430446,39.638295],[22.430456,39.638247],[22.430514,39.637999],[22.430565,39.637769],[22.43072,39.637118],[22.430759,39.636937],[22.430771,39.636862],[22.430778,39.636815],[22.430791,39.636704],[22.430797,39.636589],[22.4308,39.636464],[22.430798,39.636409],[22.430797,39.636355],[22.430782,39.636256],[22.430764,39.636184],[22.430728,39.63608],[22.430694,39.636009],[22.430661,39.635939],[22.430608,39.635852],[22.430503,39.635701],[22.430391,39.635563],[22.430302,39.635457],[22.430212,39.635353],[22.429806,39.634908],[22.429778,39.634867],[22.429762,39.634827],[22.429762,39.634787]]},"properties":{"name":"Ηρώων Πολυτεχνείου"}},{"type":"Feature","geometry":{"type":"LineString","coordinates":[[22.463487,39.561183],[22.463712,39.56124],[22.464189,39.561361],[22.464833,39.561513],[22.465196,39.561575]]},"properties":{"name":"Ηρώων Πολυτεχνείου"}},{"type":"Feature","geometry":{"type":"LineString","coordinates":[[22.415187,39.631518],[22.41528,39.631501],[22.415809,39.631401],[22.416645,39.63124],[22.41678,39.631184],[22.416938,39.631158],[22.417962,39.630969],[22.418113,39.630979],[22.418298,39.630942],[22.418453,39.630911],[22.418559,39.630905],[22.418629,39.630907],[22.418759,39.630923],[22.418803,39.630931],[22.419017,39.63097],[22.419269,39.631021],[22.419415,39.631051],[22.419558,39.631079],[22.419729,39.631112],[22.421219,39.631417],[22.421348,39.631443],[22.421857,39.631548],[22.421925,39.631561],[22.422339,39.631646],[22.422443,39.63167],[22.422504,39.631685],[22.422983,39.631791],[22.423126,39.631826],[22.423206,39.631847],[22.423252,39.63186],[22.423578,39.631948],[22.424877,39.632324],[22.42521,39.632421],[22.427038,39.632917],[22.427403,39.633009],[22.427667,39.633084],[22.427885,39.633155],[22.427978,39.633191],[22.428043,39.63322],[22.428101,39.633254],[22.428137,39.633279],[22.428171,39.633306],[22.428217,39.63335],[22.428369,39.633511],[22.429187,39.634405],[22.429393,39.634633],[22.429442,39.634685],[22.429504,39.634746]]},"properties":{"name":"Ηρώων Πολυτεχνείου"}},{"type":"Feature","geometry":{"type":"LineString","coordinates":[[22.429588,39.634841],[22.42964,39.63489],[22.429671,39.634923],[22.429697,39.63496],[22.430066,39.635377],[22.430188,39.635522],[22.430277,39.63563],[22.430354,39.635734],[22.430417,39.635828],[22.430478,39.635928],[22.430507,39.635981],[22.430525,39.636017],[22.43054,39.636049],[22.430554,39.636078],[22.430573,39.636127],[22.430585,39.636161],[22.430598,39.636202],[22.43061,39.636246],[22.430626,39.636334],[22.430635,39.636415],[22.43064,39.636523],[22.430639,39.636629],[22.430639,39.636715],[22.430636,39.636793],[22.43063,39.636846],[22.430619,39.636939],[22.430593,39.637088],[22.430543,39.637316],[22.430465,39.637688],[22.430395,39.638],[22.430345,39.638236],[22.430335,39.638283],[22.430309,39.638408],[22.430278,39.638548],[22.430267,39.638604],[22.430221,39.638801],[22.430159,39.639064],[22.430097,39.639326],[22.430051,39.639535],[22.429996,39.639787],[22.42993,39.640109],[22.429863,39.640403],[22.429817,39.640605],[22.429762,39.640859],[22.429734,39.640989],[22.429645,39.6414],[22.429636,39.641447],[22.429605,39.641589],[22.429578,39.641687],[22.429572,39.641711],[22.429565,39.641735],[22.429547,39.641801],[22.429502,39.641956],[22.429471,39.642061],[22.429407,39.642245],[22.429178,39.642892],[22.42902,39.64335],[22.428957,39.643521],[22.428861,39.64374],[22.428819,39.643839],[22.428761,39.643965],[22.428659,39.64419],[22.428205,39.645129],[22.428054,39.645456],[22.428021,39.645523],[22.427986,39.645574],[22.427964,39.645608],[22.427952,39.645621],[22.427938,39.64563],[22.427878,39.645659]]},"properties":{"name":"Ηρώων Πολυτεχνείου"}},{"type":"Feature","geometry":{"type":"LineString","coordinates":[[22.407108,39.633052],[22.407144,39.633145],[22.407181,39.633244],[22.407243,39.633389],[22.407275,39.633461],[22.407498,39.633961],[22.407524,39.634021],[22.407579,39.634145]]},"properties":{"name":"Τρικάλων"}},{"type":"Feature","geometry":{"type":"LineString","coordinates":[[22.407108,39.633052],[22.407075,39.632978],[22.407063,39.632956],[22.407057,39.632945],[22.407046,39.632929],[22.40704,39.632921],[22.407032,39.632912],[22.40702,39.6329],[22.407006,39.632887],[22.406993,39.632877],[22.406978,39.632866],[22.406962,39.632857],[22.406942,39.632846],[22.406919,39.632835],[22.406896,39.632825],[22.406874,39.632816],[22.406849,39.632808],[22.406821,39.632799],[22.406796,39.632793],[22.406767,39.632786],[22.406725,39.63278],[22.405718,39.632757],[22.405461,39.632752],[22.405377,39.63275],[22.404996,39.632742],[22.404792,39.632737],[22.404663,39.632734],[22.404186,39.632724],[22.403839,39.632716],[22.403466,39.632708],[22.402379,39.632684],[22.402279,39.632682],[22.402178,39.632679],[22.402089,39.632677],[22.401407,39.632661],[22.40089,39.632649],[22.399601,39.632619],[22.399172,39.63261],[22.399017,39.632606],[22.398978,39.632605],[22.398803,39.632601],[22.39857,39.632596],[22.398452,39.632593],[22.39832,39.63259],[22.398139,39.632586],[22.397155,39.632563],[22.397048,39.63256],[22.397005,39.63256],[22.396962,39.632559],[22.395955,39.632544],[22.395712,39.63254],[22.3953,39.632535],[22.394981,39.632537],[22.394673,39.632556],[22.394424,39.632575],[22.393722,39.632638],[22.393283,39.632678],[22.392615,39.632743],[22.392269,39.632774],[22.392036,39.632797],[22.391799,39.632819],[22.39158,39.63284],[22.39116,39.632881],[22.390715,39.632923],[22.390498,39.632944],[22.390263,39.632967],[22.39015,39.632978],[22.390033,39.632989],[22.38989,39.633002],[22.389767,39.633014],[22.389747,39.633016],[22.389686,39.633022],[22.389651,39.633025],[22.389551,39.633035],[22.389221,39.633066],[22.388726,39.633114],[22.388651,39.633121],[22.388447,39.633141],[22.387963,39.633187],[22.387635,39.633213],[22.387374,39.633229],[22.387031,39.633248]]},"properties":{"name":"Ιωαννίνων"}},{"type":"Feature","geometry":{"type":"LineString","coordinates":[[22.384503,39.633603],[22.38461,39.633558],[22.384673,39.633541],[22.384728,39.633531],[22.384759,39.633527],[22.385293,39.633459],[22.385479,39.633437],[22.385808,39.633401],[22.38605,39.633378],[22.386366,39.633346],[22.386811,39.63331],[22.386936,39.633299],[22.387031,39.633248],[22.38692,39.633216],[22.386487,39.633242],[22.385788,39.633317],[22.384708,39.633429],[22.384597,39.633431],[22.384538,39.63342],[22.384452,39.633395]]},"properties":{"name":"Ιωαννίνων"}},{"type":"Feature","geometry":{"type":"LineString","coordinates":[[22.397048,39.63256],[22.397051,39.632454],[22.397083,39.631765],[22.397085,39.631723],[22.397095,39.631267],[22.397108,39.630942],[22.39711,39.630914],[22.397135,39.630139],[22.397137,39.630095],[22.397161,39.629342],[22.397163,39.629285],[22.397164,39.629244],[22.397166,39.629205],[22.397196,39.628554],[22.3972,39.628453],[22.397223,39.628091],[22.397226,39.628025],[22.397237,39.627786],[22.39725,39.62737],[22.397254,39.627281],[22.397256,39.62725],[22.397262,39.627203],[22.397268,39.627166],[22.397282,39.627099],[22.397295,39.627038],[22.397313,39.626953],[22.397334,39.626868],[22.397351,39.6268],[22.397365,39.626756],[22.397373,39.626738],[22.397407,39.626675],[22.397418,39.626653],[22.397427,39.626636],[22.397471,39.626566],[22.397504,39.626516],[22.397522,39.626489],[22.397531,39.626476],[22.397544,39.626457],[22.397558,39.626436],[22.397573,39.626417],[22.397639,39.626327],[22.39768,39.626271],[22.397728,39.626208],[22.397775,39.626144]]},"properties":{"name":"Χατζημιχάλη"}},{"type":"Feature","geometry":{"type":"LineString","coordinates":[[22.397407,39.626675],[22.397245,39.626671],[22.39706,39.626665],[22.396828,39.626663],[22.396442,39.626651],[22.396027,39.626643],[22.395986,39.626642],[22.395928,39.626641],[22.395851,39.626641],[22.395769,39.626647],[22.395695,39.626655],[22.395626,39.626669],[22.395527,39.626694]]},"properties":{"name":"Νικολούλη"}},{"type":"Feature","geometry":{"type":"LineString","coordinates":[[22.395527,39.626694],[22.395428,39.626748],[22.395327,39.626802]]},"properties":{"name":"Μπουμπουλίνας"}},{"type":"Feature","geometry":{"type":"LineString","coordinates":[[22.39248,39.623883],[22.392833,39.624245],[22.393182,39.624595],[22.393534,39.624958],[22.393878,39.625307],[22.394071,39.625505],[22.394226,39.625674],[22.394591,39.62604],[22.394941,39.626406],[22.395327,39.626802]]},"properties":{"name":"Μαυρογένους"}},{"type":"Feature","geometry":{"type":"LineString","coordinates":[[22.394462,39.622734],[22.393983,39.623011],[22.393545,39.623266],[22.393444,39.623324],[22.393051,39.623552],[22.392769,39.623716],[22.39248,39.623883]]},"properties":{"name":"Ιατρίδου"}},{"type":"Feature","geometry":{"type":"LineString","coordinates":[[22.396674,39.620011],[22.396335,39.620497],[22.396214,39.62067],[22.395996,39.620983],[22.395637,39.621496],[22.395594,39.621554],[22.395362,39.621846],[22.395068,39.622177],[22.394751,39.622466],[22.394655,39.622557],[22.394462,39.622734]]},"properties":{"name":"Καραγκούνη"}},{"type":"Feature","geometry":{"type":"LineString","coordinates":[[22.396674,39.620011],[22.398497,39.620791],[22.398738,39.620901],[22.400423,39.621599],[22.400908,39.621801],[22.401037,39.621851]]},"properties":{"name":"Δημοκρατίας"}},{"type":"Feature","geometry":{"type":"LineString","coordinates":[[22.399943,39.623292],[22.400302,39.622815],[22.40067,39.622341],[22.400773,39.622202],[22.400862,39.622084],[22.401037,39.621851],[22.401086,39.621785],[22.401343,39.621447],[22.401611,39.621087],[22.401747,39.620905],[22.401756,39.620893],[22.401906,39.6207],[22.40205,39.620516],[22.402124,39.620418],[22.402218,39.620297],[22.402445,39.619993],[22.402856,39.619433],[22.403232,39.618938],[22.403616,39.618423]]},"properties":{"name":"Παπανδρέου"}},{"type":"Feature","geometry":{"type":"LineString","coordinates":[[22.399943,39.623292],[22.399899,39.623352],[22.399693,39.623631],[22.399432,39.623985],[22.39926,39.624206],[22.399177,39.624309],[22.398982,39.624553],[22.398893,39.624668],[22.398867,39.624701],[22.39858,39.625072],[22.398312,39.625424],[22.398037,39.625779],[22.397979,39.625858],[22.397775,39.626144]]},"properties":{"name":"1ης Μεραρχίας"}},{"type":"Feature","geometry":{"type":"LineString","coordinates":[[22.399899,39.623352],[22.39946,39.623167],[22.399088,39.623014],[22.397424,39.622326],[22.395594,39.621554]]},"properties":{"name":"Κλεάρχου Πατέρα"}},{"type":"Feature","geometry":{"type":"LineString","coordinates":[[22.395867,39.628432],[22.396822,39.628447],[22.396979,39.62845],[22.397093,39.628451],[22.3972,39.628453]]},"properties":{"name":"Αγχιάλου"}},{"type":"Feature","geometry":{"type":"LineString","coordinates":[[22.395867,39.628432],[22.395824,39.629214],[22.395821,39.629265],[22.395793,39.630066],[22.395778,39.630884],[22.39577,39.631066],[22.395742,39.631693],[22.395713,39.632456],[22.395712,39.63254]]},"properties":{"name":"Καρφή"}},{"type":"Feature","geometry":{"type":"LineString","coordinates":[[22.407579,39.634145],[22.408327,39.634137],[22.408443,39.634136],[22.409171,39.634129],[22.409196,39.634128],[22.409251,39.634128],[22.40938,39.634126],[22.409431,39.634126],[22.409483,39.634125],[22.409845,39.634122],[22.409925,39.634121],[22.410082,39.634119],[22.410399,39.634116],[22.411391,39.634106],[22.411703,39.634102],[22.41172,39.634102],[22.412374,39.634099],[22.413022,39.634101],[22.413083,39.634101],[22.413175,39.6341],[22.41339,39.634095],[22.413842,39.634097],[22.413994,39.634101],[22.414091,39.634105],[22.414146,39.634109],[22.414208,39.634115],[22.414333,39.634133],[22.414435,39.634145],[22.414631,39.634174]]},"properties":{"name":"Ηπείρου"}},{"type":"Feature","geometry":{"type":"LineString","coordinates":[[22.415229,39.638725],[22.415228,39.638673],[22.415228,39.638654],[22.415223,39.6383],[22.415221,39.638091],[22.415219,39.637901],[22.415217,39.63776],[22.415217,39.637732],[22.415216,39.637698],[22.415216,39.637675],[22.41521,39.637202],[22.41521,39.637171],[22.41521,39.637141],[22.415203,39.636599],[22.415198,39.636146],[22.415194,39.635765],[22.415189,39.635401],[22.415187,39.635196],[22.415186,39.635141],[22.415185,39.635066],[22.415185,39.635006],[22.415184,39.634962],[22.415182,39.634764],[22.415194,39.634435],[22.4152,39.634214],[22.415199,39.634158],[22.415199,39.634125],[22.415198,39.633905],[22.415197,39.633728],[22.415197,39.633581],[22.415194,39.633049],[22.415192,39.632573],[22.415189,39.631994],[22.415187,39.631518]]},"properties":{"name":"Αλέξανδρου Παπαναστασίου"}},{"type":"Feature","geometry":{"type":"LineString","coordinates":[[22.419426,39.639062],[22.41947,39.639082],[22.419511,39.639103],[22.41955,39.639127],[22.41959,39.63916],[22.419624,39.639197],[22.419652,39.639237],[22.419656,39.639469],[22.419653,39.639515],[22.419645,39.639534],[22.419639,39.639549],[22.419633,39.639558],[22.419626,39.639568],[22.419616,39.63958],[22.419611,39.639586],[22.419596,39.639601],[22.419579,39.639616],[22.419542,39.639642],[22.4195,39.639664],[22.419454,39.63968],[22.419405,39.639695]]},"properties":{"name":"Αμαλίας"}},{"type":"Feature","geometry":{"type":"LineString","coordinates":[[22.406725,39.63278],[22.406986,39.632783],[22.407506,39.632821],[22.407558,39.632825],[22.407719,39.632837],[22.407943,39.632862]]},"properties":{"name":"ΕΟ6"}},{"type":"Feature","geometry":{"type":"LineString","coordinates":[[22.415187,39.631518],[22.415181,39.631432],[22.415175,39.631412],[22.415169,39.631392],[22.415168,39.631385],[22.415167,39.631381],[22.415167,39.631378],[22.415165,39.631373],[22.415164,39.631368],[22.415163,39.631365],[22.415155,39.63134],[22.415148,39.631319],[22.415135,39.631291],[22.415126,39.63127],[22.415109,39.631247],[22.415078,39.631203],[22.414898,39.630961],[22.414806,39.630843],[22.41473,39.630743],[22.414589,39.630568],[22.41392,39.629762],[22.413791,39.629606],[22.413654,39.629432],[22.413558,39.629318],[22.413148,39.628828],[22.412805,39.628419],[22.412765,39.628372],[22.412552,39.62812],[22.412336,39.627863],[22.412154,39.627654],[22.411972,39.627445],[22.411925,39.627383],[22.411602,39.626999],[22.411276,39.626618],[22.410964,39.626242],[22.410609,39.625817],[22.410395,39.625563],[22.410117,39.625233],[22.410004,39.6251],[22.409848,39.624927],[22.409502,39.624529],[22.409475,39.624496],[22.409367,39.624367],[22.409194,39.624171],[22.409152,39.624119],[22.409099,39.624041],[22.409063,39.623998],[22.408739,39.623602],[22.4083,39.623075],[22.407984,39.622705],[22.40767,39.622331],[22.407632,39.622282],[22.407315,39.621909],[22.40701,39.621546],[22.406809,39.621307],[22.406699,39.621184],[22.406423,39.620858],[22.406285,39.620691],[22.406182,39.620568],[22.406148,39.620526],[22.406027,39.620377],[22.405878,39.6202],[22.405595,39.619862],[22.405297,39.619506],[22.405028,39.61918],[22.404773,39.618869],[22.404647,39.61878],[22.404469,39.618579],[22.404197,39.618256],[22.404108,39.618149],[22.404083,39.618119],[22.404035,39.618061],[22.403972,39.617982],[22.403812,39.617795],[22.403445,39.61736],[22.403236,39.61712],[22.403092,39.616908]]},"properties":{"name":"Καρδίτσης"}},{"type":"Feature","geometry":{"type":"LineString","coordinates":[[22.401693,39.615241],[22.401761,39.615322],[22.402368,39.616021],[22.402746,39.616484],[22.402788,39.616536],[22.403092,39.616908],[22.403284,39.617095],[22.403516,39.617338],[22.403574,39.617408],[22.403745,39.617609],[22.403964,39.61787],[22.404026,39.617942],[22.404093,39.618022],[22.404146,39.618086],[22.404259,39.618216],[22.404524,39.618538],[22.404697,39.61875],[22.404773,39.618869]]},"properties":{"name":"Καρδίτσης"}},{"type":"Feature","geometry":{"type":"LineString","coordinates":[[22.420505,39.639087],[22.42054,39.639063],[22.420646,39.63899],[22.420782,39.638897],[22.421033,39.638731],[22.421621,39.638322],[22.421683,39.638286],[22.421751,39.638244],[22.421838,39.638217],[22.421949,39.638156],[22.422154,39.638029],[22.422213,39.637995],[22.422311,39.637939],[22.42249,39.637838],[22.422583,39.637795],[22.422654,39.637766],[22.422733,39.637734],[22.422786,39.637714],[22.423294,39.637489],[22.423437,39.637426],[22.423605,39.637352],[22.424841,39.636808],[22.425583,39.636482],[22.425984,39.636305],[22.426566,39.636049],[22.427408,39.635678],[22.428214,39.635323],[22.428515,39.635191],[22.428868,39.635036],[22.428945,39.635003],[22.429373,39.634815],[22.429427,39.634801],[22.429482,39.6348],[22.429534,39.63481]]},"properties":{"name":"23ης Οκτωβρίου"}},{"type":"Feature","geometry":{"type":"LineString","coordinates":[[22.421751,39.638244],[22.421792,39.638185],[22.421934,39.638088],[22.422093,39.637992],[22.422272,39.637884],[22.422712,39.637617],[22.422826,39.637541]]},"properties":{"name":"23ης Οκτωβρίου"}},{"type":"Feature","geometry":{"type":"LineString","coordinates":[[22.422826,39.637541],[22.423135,39.637292],[22.424365,39.63602],[22.424541,39.635838],[22.424742,39.635629],[22.42497,39.635401],[22.425227,39.635148],[22.425384,39.634993],[22.425603,39.634778],[22.425989,39.634399],[22.426106,39.634284],[22.426333,39.634061],[22.426994,39.633411],[22.427332,39.633079],[22.427363,39.633048],[22.427403,39.633009],[22.427471,39.63294]]},"properties":{"name":"Υψηλάντου"}},{"type":"Feature","geometry":{"type":"LineString","coordinates":[[22.429671,39.634644],[22.429752,39.634642],[22.429837,39.634632],[22.429916,39.634609]]},"properties":{"name":"Βόλου"}},{"type":"Feature","geometry":{"type":"LineString","coordinates":[[22.434731,39.633358],[22.434703,39.633386],[22.434668,39.63341],[22.43464,39.633423],[22.434599,39.633438],[22.434537,39.633452],[22.434469,39.633465],[22.434388,39.633484],[22.434247,39.633523],[22.434201,39.633535],[22.43418,39.63354],[22.434115,39.633567]]},"properties":{"name":"Βόλου"}},{"type":"Feature","geometry":{"type":"LineString","coordinates":[[22.435191,39.633298],[22.435361,39.63329],[22.435392,39.633288],[22.435516,39.633279],[22.435638,39.633266],[22.435745,39.633254],[22.435804,39.633249],[22.435911,39.633251]]},"properties":{"name":"Βόλου"}},{"type":"Feature","geometry":{"type":"LineString","coordinates":[[22.445252,39.631639],[22.444748,39.631728],[22.444713,39.631734],[22.444347,39.631799],[22.444318,39.631804],[22.443907,39.631876],[22.443717,39.631909],[22.443467,39.631953],[22.443042,39.632028],[22.442845,39.632062],[22.4428,39.63207],[22.442558,39.632111],[22.442519,39.632118],[22.442238,39.632166],[22.44187,39.632228],[22.441825,39.632236],[22.441534,39.632285],[22.441428,39.632303],[22.441191,39.632343],[22.440984,39.632376],[22.440852,39.632399],[22.440623,39.632437],[22.440566,39.632447],[22.440213,39.632508],[22.440141,39.63252],[22.440057,39.632535],[22.439823,39.632576],[22.439759,39.632587],[22.439537,39.632626],[22.439434,39.632645],[22.439313,39.632666],[22.439119,39.6327],[22.439082,39.632706],[22.438996,39.63272],[22.438717,39.632768],[22.438383,39.632825],[22.43797,39.632896],[22.437862,39.632914],[22.43766,39.632949],[22.437267,39.633016],[22.437172,39.633033],[22.436908,39.633078],[22.436083,39.633221],[22.435911,39.633251],[22.435843,39.633273],[22.435757,39.633302],[22.435683,39.633322],[22.43557,39.633345],[22.435418,39.633379],[22.435405,39.633382],[22.435345,39.6334],[22.435243,39.633435]]},"properties":{"name":"Βόλου"}},{"type":"Feature","geometry":{"type":"LineString","coordinates":[[22.445547,39.631546],[22.446559,39.631379],[22.447028,39.631301],[22.447921,39.631151],[22.448395,39.631069],[22.448677,39.63102],[22.449012,39.630962],[22.449481,39.630881],[22.449724,39.630839],[22.449879,39.630813],[22.450192,39.63076],[22.45022,39.630755],[22.450345,39.630734],[22.450634,39.630684],[22.451241,39.63058],[22.451863,39.630472],[22.452086,39.630434],[22.452176,39.630419],[22.452693,39.63033],[22.452912,39.630293],[22.453507,39.630191],[22.45453,39.630015],[22.455103,39.629917],[22.455516,39.629846],[22.455615,39.629829],[22.456185,39.629732],[22.461417,39.628832],[22.462634,39.628616],[22.46305,39.628542],[22.464021,39.628377],[22.466006,39.628038],[22.467067,39.627857],[22.469735,39.627403],[22.47088,39.627208],[22.47268,39.626901],[22.474604,39.626573],[22.475102,39.626485],[22.475296,39.626451],[22.475839,39.626355],[22.478382,39.625904],[22.480098,39.625599],[22.48111,39.62542],[22.481998,39.625262],[22.486301,39.624524],[22.486448,39.624498],[22.486837,39.624429],[22.486979,39.624404],[22.487105,39.624381],[22.487945,39.624239],[22.488296,39.62418],[22.488551,39.624137],[22.488994,39.62406],[22.490383,39.623808],[22.490976,39.623682],[22.492006,39.623431],[22.49343,39.623028],[22.49597,39.622325],[22.501671,39.620743],[22.502334,39.620543]]},"properties":{"name":"Βόλου"}},{"type":"Feature","geometry":{"type":"LineString","coordinates":[[22.429773,39.634754],[22.429807,39.6347],[22.429854,39.634656],[22.429916,39.634609],[22.430176,39.634501],[22.430496,39.634369],[22.430657,39.634303],[22.430909,39.634209],[22.431166,39.634124],[22.431427,39.634048],[22.43146,39.634039],[22.431611,39.634003],[22.431664,39.633992],[22.431723,39.633981],[22.431808,39.633965],[22.432192,39.633897],[22.432531,39.633837],[22.432891,39.633776],[22.43325,39.633714],[22.433464,39.633678],[22.433608,39.633654],[22.433803,39.633621],[22.434025,39.633584],[22.434079,39.633574],[22.434115,39.633567],[22.434212,39.633576],[22.434213,39.633576],[22.434289,39.633575],[22.43432,39.633572],[22.434403,39.633562],[22.434496,39.63355],[22.434579,39.633543],[22.434642,39.633544],[22.434706,39.633549],[22.434766,39.633556],[22.434791,39.633561]]},"properties":{"name":"Βόλου"}},{"type":"Feature","geometry":{"type":"LineString","coordinates":[[22.445572,39.63164],[22.446415,39.631497],[22.447016,39.631395],[22.447472,39.631318],[22.447935,39.63124],[22.448369,39.631166],[22.448605,39.631126],[22.448865,39.631081],[22.449392,39.63099],[22.449969,39.63089],[22.450193,39.630851],[22.450219,39.630846],[22.450382,39.630818],[22.450866,39.630739],[22.451133,39.630695],[22.451322,39.630661],[22.451735,39.630589],[22.452166,39.630514],[22.452716,39.630418],[22.452798,39.630403],[22.45293,39.63038],[22.453101,39.630352],[22.453274,39.630323],[22.4536,39.630268],[22.453906,39.630217],[22.454212,39.630164],[22.454838,39.630055],[22.455476,39.629943],[22.455542,39.629932],[22.455631,39.629918],[22.456201,39.629821],[22.462155,39.628797],[22.462641,39.628713],[22.46387,39.628496],[22.468064,39.627773],[22.469242,39.627569],[22.475321,39.62652],[22.475497,39.626491],[22.476024,39.626401],[22.482028,39.625362],[22.482669,39.625256],[22.485868,39.624694],[22.48713,39.624476],[22.487263,39.624454],[22.487439,39.624425],[22.487765,39.62437],[22.487905,39.624347],[22.489019,39.624158],[22.489722,39.624026],[22.490641,39.623854],[22.491276,39.623709],[22.491851,39.623563],[22.492426,39.623405],[22.493001,39.623246],[22.496015,39.622413],[22.501076,39.621016],[22.502362,39.620646]]},"properties":{"name":"Βόλου"}},{"type":"Feature","geometry":{"type":"LineString","coordinates":[[22.445547,39.631546],[22.445252,39.631639],[22.445572,39.63164]]},"properties":{"name":"ΕΟ1;ΕΟ6"}},{"type":"Feature","geometry":{"type":"LineString","coordinates":[[22.462644,39.628795],[22.46238,39.628837],[22.461962,39.628905],[22.461365,39.629027],[22.461077,39.629065],[22.460632,39.629145],[22.460076,39.62924],[22.459889,39.629272],[22.459386,39.629363],[22.459062,39.629419],[22.458825,39.629459],[22.457952,39.629609],[22.457812,39.629635],[22.456839,39.629805],[22.456461,39.629866],[22.456419,39.629872],[22.456364,39.629877],[22.456303,39.629879],[22.456201,39.629821]]},"properties":{"name":"Παράπλευρη Οδός"}},{"type":"Feature","geometry":{"type":"LineString","coordinates":[[22.501998,39.619785],[22.502017,39.619821],[22.502113,39.619995],[22.502187,39.620147],[22.502204,39.620181],[22.50221,39.620201],[22.502256,39.620313],[22.50227,39.620359],[22.502334,39.620543],[22.502362,39.620646]]},"properties":{"name":"Παράπλευρη Οδός"}},{"type":"Feature","geometry":{"type":"LineString","coordinates":[[22.473088,39.582996],[22.472982,39.582874],[22.472892,39.582668],[22.47288,39.582504],[22.472916,39.582375],[22.47299,39.582253],[22.473126,39.582102],[22.473263,39.581985],[22.473347,39.581931],[22.473459,39.581887],[22.47372,39.581822],[22.473883,39.581801],[22.474051,39.581792],[22.47417,39.581788],[22.474289,39.581783]]},"properties":{"name":"Παράπλευρη Οδός"}},{"type":"Feature","geometry":{"type":"LineString","coordinates":[[22.474653,39.584384],[22.474563,39.584902],[22.474555,39.584963],[22.474504,39.584958],[22.474472,39.584957],[22.474441,39.584945],[22.474422,39.584916],[22.474416,39.584867],[22.474431,39.584762],[22.474423,39.584664],[22.47441,39.584622],[22.474378,39.584586],[22.474295,39.584527],[22.474102,39.584476],[22.473777,39.584412],[22.473688,39.584392],[22.473601,39.584364],[22.47354,39.584325],[22.473454,39.584259],[22.473297,39.584136],[22.473165,39.584071],[22.473065,39.584045],[22.472976,39.584043],[22.472891,39.584049],[22.472779,39.584065],[22.472638,39.584102],[22.472467,39.584155],[22.472083,39.584345],[22.471203,39.584737],[22.468382,39.586093],[22.468311,39.58612],[22.468157,39.586169],[22.468077,39.586196],[22.468017,39.586222],[22.467934,39.586273],[22.467853,39.586317],[22.46235,39.589033],[22.461885,39.589246],[22.461557,39.589441],[22.46095,39.589727],[22.460159,39.590105],[22.458095,39.591137],[22.457455,39.59148],[22.456739,39.591839],[22.456035,39.592154],[22.453425,39.593411],[22.452405,39.593903],[22.452042,39.594107],[22.451686,39.594303],[22.451208,39.594643],[22.45107,39.594738],[22.450964,39.594842],[22.450882,39.594928],[22.450843,39.594968],[22.450733,39.595085],[22.45061,39.595186],[22.450455,39.595355]]},"properties":{"name":"Παράπλευρη Οδός"}},{"type":"Feature","geometry":{"type":"LineString","coordinates":[[22.410727,39.647098],[22.411155,39.647291],[22.411267,39.647341],[22.41181,39.647585],[22.413131,39.648179],[22.413277,39.648246]]},"properties":{"name":"Πάρνηθος"}},{"type":"Feature","geometry":{"type":"LineString","coordinates":[[22.410553,39.647089],[22.41067,39.647086],[22.410693,39.647088],[22.410727,39.647098]]},"properties":{"name":"Αλκαζάρ"}},{"type":"Feature","geometry":{"type":"LineString","coordinates":[[22.412313,39.641179],[22.412311,39.641183],[22.412308,39.641189],[22.412301,39.641198],[22.412292,39.641211],[22.412284,39.641222],[22.412276,39.641231],[22.412267,39.641239],[22.412258,39.641247],[22.412249,39.641253],[22.412239,39.641259],[22.412209,39.641274],[22.412202,39.641277],[22.411147,39.641774],[22.411103,39.641795],[22.411025,39.641832],[22.41075,39.641981],[22.410658,39.642035],[22.410616,39.64206],[22.410573,39.64209],[22.410538,39.642114],[22.410508,39.642135],[22.410463,39.642173],[22.410423,39.642213],[22.410389,39.642261],[22.410365,39.642297],[22.410338,39.64235],[22.410318,39.642389],[22.4103,39.642437],[22.410284,39.642488],[22.410269,39.642558],[22.410264,39.642624],[22.410265,39.642682],[22.410264,39.642727],[22.410267,39.642865],[22.410275,39.642991],[22.410297,39.643302],[22.410305,39.643407],[22.410322,39.643684],[22.410344,39.644072],[22.410372,39.644442],[22.410395,39.644684],[22.410424,39.645215],[22.410435,39.645321],[22.410441,39.645449],[22.410483,39.64616],[22.410501,39.64644],[22.410532,39.646851],[22.410553,39.647089],[22.410557,39.64712],[22.41056,39.647216],[22.410583,39.647679],[22.410573,39.647824],[22.410559,39.647934],[22.410538,39.648023],[22.410514,39.648116],[22.410448,39.648284],[22.41035,39.648471],[22.410155,39.64879],[22.40996,39.649081],[22.409774,39.64935],[22.409527,39.649721],[22.409465,39.649801],[22.409399,39.649856],[22.4093,39.649904]]},"properties":{"name":"Γρηγορίου Λαμπράκη"}},{"type":"Feature","geometry":{"type":"LineString","coordinates":[[22.412425,39.64129],[22.412412,39.641292],[22.412401,39.641295],[22.412383,39.6413],[22.412373,39.641303],[22.412361,39.641309],[22.412314,39.641328],[22.412296,39.641337],[22.41227,39.641349],[22.412269,39.641349],[22.411196,39.641847],[22.411161,39.641862],[22.410996,39.641951],[22.410901,39.641999],[22.410827,39.642042],[22.410773,39.642077],[22.410721,39.642112],[22.410681,39.642143],[22.410629,39.642188],[22.410592,39.642229],[22.410563,39.642265],[22.410539,39.642299],[22.410499,39.642358],[22.410462,39.642418],[22.410446,39.642447],[22.410431,39.642479],[22.410411,39.642527],[22.4104,39.642561],[22.410389,39.642598],[22.410384,39.642626],[22.410379,39.642667],[22.410379,39.642695],[22.410382,39.642736],[22.410391,39.642844],[22.410405,39.642974],[22.410458,39.643744],[22.410468,39.64406],[22.410504,39.644562],[22.410522,39.644828],[22.410546,39.645142],[22.410556,39.645209],[22.410626,39.646282],[22.410628,39.646413],[22.410653,39.646846],[22.410662,39.64699],[22.41067,39.647086],[22.410678,39.647214],[22.410692,39.647578],[22.410691,39.647658],[22.410688,39.647704],[22.410685,39.64777],[22.410676,39.647821],[22.410668,39.64788],[22.41066,39.647929],[22.410649,39.647984],[22.410638,39.648032],[22.410628,39.648077],[22.410615,39.648127],[22.410599,39.648181],[22.410562,39.648287],[22.410524,39.648379],[22.4105,39.648435],[22.410472,39.648493],[22.410447,39.648537],[22.409682,39.649688],[22.409638,39.649767],[22.409616,39.649806],[22.409599,39.649868],[22.409585,39.649938],[22.409583,39.650015]]},"properties":{"name":"Γρηγορίου Λαμπράκη"}},{"type":"Feature","geometry":{"type":"LineString","coordinates":[[22.412501,39.641064],[22.412538,39.641032],[22.412565,39.641],[22.412584,39.640967],[22.412596,39.640931],[22.412602,39.640896],[22.412603,39.640867],[22.412611,39.640764],[22.412627,39.640679],[22.412635,39.640644],[22.412641,39.640617],[22.412647,39.640595],[22.412658,39.640551],[22.412666,39.64052],[22.41267,39.640505],[22.412673,39.640493],[22.412679,39.640472],[22.412693,39.640418],[22.412704,39.640376],[22.412766,39.640122],[22.412785,39.640029],[22.412794,39.63997],[22.412817,39.639829],[22.412839,39.639702],[22.41285,39.639633],[22.412867,39.639564],[22.41289,39.639478],[22.41291,39.639386],[22.412919,39.639346],[22.412935,39.639262],[22.412967,39.639089],[22.412987,39.63898],[22.412995,39.638924],[22.413,39.638893],[22.413006,39.638855],[22.413006,39.638831],[22.413003,39.638811],[22.412999,39.638797],[22.412995,39.638784],[22.412989,39.638768],[22.412984,39.638749],[22.412976,39.638725],[22.412962,39.638698],[22.412955,39.638674],[22.412953,39.638652],[22.412957,39.63861],[22.412963,39.638592],[22.412977,39.638565],[22.412994,39.638544],[22.413017,39.638522],[22.41303,39.638512],[22.413049,39.6385],[22.41308,39.638485]]},"properties":{"name":"Κενταύρων"}},{"type":"Feature","geometry":{"type":"LineString","coordinates":[[22.420385,39.639084],[22.420388,39.638976],[22.420388,39.638918],[22.420387,39.638409],[22.420375,39.637721],[22.420368,39.63726],[22.420367,39.637231],[22.420368,39.637203],[22.420366,39.636887],[22.420366,39.63683],[22.420369,39.636783],[22.42038,39.636731],[22.42039,39.636704],[22.420416,39.636646],[22.420515,39.636456],[22.420808,39.635894],[22.420831,39.635855],[22.420849,39.635806],[22.420954,39.635511],[22.421197,39.634831],[22.421374,39.634336],[22.421525,39.633912],[22.421746,39.633295],[22.421823,39.633079],[22.421894,39.632878],[22.421906,39.632847],[22.421965,39.632679],[22.422091,39.632327],[22.422311,39.631733],[22.422339,39.631646]]},"properties":{"name":"28ης Οκτωβρίου"}},{"type":"Feature","geometry":{"type":"LineString","coordinates":[[22.419373,39.630933],[22.419415,39.631051],[22.419462,39.630953]]},"properties":{"name":"ΕΟ3"}},{"type":"Feature","geometry":{"type":"LineString","coordinates":[[22.420596,39.629029],[22.42102,39.628504]]},"properties":{"name":"ΕΟ3"}},{"type":"Feature","geometry":{"type":"LineString","coordinates":[[22.421925,39.627416],[22.422064,39.627288],[22.421997,39.627438]]},"properties":{"name":"ΕΟ3"}},{"type":"Feature","geometry":{"type":"LineString","coordinates":[[22.421113,39.628499],[22.421072,39.62855],[22.420703,39.629029],[22.420691,39.629044]]},"properties":{"name":"ΕΟ3"}},{"type":"Feature","geometry":{"type":"LineString","coordinates":[[22.419045,39.630862],[22.419123,39.630851],[22.419161,39.630843],[22.4192,39.63083],[22.419253,39.630804],[22.419286,39.630776],[22.419322,39.630733],[22.419352,39.630689],[22.419377,39.630622]]},"properties":{"name":"ΕΟ3"}},{"type":"Feature","geometry":{"type":"LineString","coordinates":[[22.419373,39.630933],[22.419372,39.63086],[22.419377,39.630622],[22.419391,39.630557],[22.419408,39.630508],[22.419427,39.630458],[22.419453,39.630411],[22.41947,39.630382],[22.419485,39.630362],[22.419505,39.630331],[22.419541,39.630291],[22.420596,39.629029]]},"properties":{"name":"Φαρσάλων"}},{"type":"Feature","geometry":{"type":"LineString","coordinates":[[22.42102,39.628504],[22.421876,39.627469],[22.421925,39.627416]]},"properties":{"name":"Φαρσάλων"}},{"type":"Feature","geometry":{"type":"LineString","coordinates":[[22.419462,39.630953],[22.419469,39.630874],[22.419474,39.630818],[22.419499,39.630622],[22.419506,39.630574],[22.419543,39.630477],[22.41957,39.630428],[22.419591,39.630388],[22.419641,39.630332],[22.420691,39.629044]]},"properties":{"name":"Φαρσάλων"}},{"type":"Feature","geometry":{"type":"LineString","coordinates":[[22.422064,39.627288],[22.422173,39.627156],[22.422271,39.627039],[22.422319,39.626982],[22.422418,39.626862],[22.422625,39.626613],[22.422757,39.626454],[22.423134,39.626],[22.423381,39.625703],[22.423416,39.625661],[22.423601,39.625438],[22.423853,39.625134],[22.42392,39.625054],[22.424081,39.62486],[22.424277,39.624624],[22.424352,39.624534],[22.424479,39.624381],[22.424513,39.624341],[22.424569,39.624273],[22.424621,39.624211],[22.42468,39.624139],[22.42472,39.624091],[22.424922,39.623847],[22.424986,39.62377],[22.425221,39.623487],[22.425268,39.62343],[22.425389,39.623264],[22.425458,39.623178],[22.425765,39.62279],[22.425806,39.622729],[22.425838,39.622673],[22.425921,39.622519],[22.425995,39.622368],[22.426072,39.622195],[22.426101,39.622116],[22.426163,39.621942],[22.426227,39.621763],[22.426386,39.621335],[22.426499,39.62102],[22.426577,39.620769],[22.426595,39.62071],[22.426694,39.620394],[22.426853,39.619946],[22.426971,39.619672],[22.427015,39.61959],[22.427056,39.619522],[22.427317,39.619147],[22.427565,39.618808],[22.427629,39.618723],[22.427998,39.618238],[22.428156,39.618029],[22.428204,39.617965],[22.428309,39.617826],[22.428338,39.617787],[22.428514,39.617553],[22.428576,39.617469],[22.42877,39.617208],[22.428793,39.617178],[22.428814,39.61715],[22.429036,39.616857],[22.429052,39.616836],[22.429322,39.616488],[22.429437,39.616341],[22.429648,39.616071],[22.429886,39.615766],[22.430068,39.615525],[22.43017,39.615377],[22.430251,39.615259],[22.430342,39.615117],[22.430371,39.615064],[22.430383,39.615044],[22.430428,39.614962],[22.43045,39.614912],[22.430464,39.614869],[22.430476,39.614834],[22.430488,39.614797],[22.43057,39.614505],[22.430577,39.614482],[22.430728,39.613915],[22.430868,39.613476],[22.430993,39.613057],[22.43105,39.612858],[22.431121,39.612598],[22.431136,39.612539],[22.43114,39.612518],[22.431142,39.612511],[22.43115,39.612462],[22.431159,39.612417],[22.431189,39.612285],[22.431221,39.612127],[22.43126,39.611958],[22.431284,39.611854],[22.431308,39.611751],[22.431351,39.611562],[22.431415,39.611313],[22.431494,39.611047],[22.431646,39.61053],[22.431666,39.610462],[22.431688,39.610387],[22.431795,39.610024],[22.431865,39.609787],[22.431901,39.609674],[22.431959,39.609497],[22.432002,39.609367],[22.432014,39.609326],[22.432069,39.609164],[22.432151,39.608945],[22.432183,39.608864],[22.432284,39.608638],[22.432379,39.608449],[22.432502,39.608233],[22.432592,39.608102],[22.432674,39.60798],[22.432854,39.607715],[22.432996,39.607503],[22.43303,39.60745],[22.433053,39.607416],[22.43311,39.607322],[22.433258,39.607106],[22.43345,39.606814],[22.433611,39.606577],[22.433901,39.606173],[22.43401,39.606025],[22.434155,39.605822],[22.434406,39.605457],[22.434623,39.605135],[22.434666,39.605067],[22.434876,39.604761],[22.435113,39.604417],[22.435194,39.604301],[22.435366,39.604056],[22.43545,39.603953],[22.435618,39.603744],[22.435785,39.603521],[22.43587,39.60341],[22.436022,39.603192],[22.436103,39.603073]]},"properties":{"name":"Φαρσάλων"}},{"type":"Feature","geometry":{"type":"LineString","coordinates":[[22.421997,39.627438],[22.421113,39.628499]]},"properties":{"name":"Φαρσάλων"}},{"type":"Feature","geometry":{"type":"LineString","coordinates":[[22.437643,39.600622],[22.437645,39.600651],[22.437647,39.600668],[22.437642,39.6007],[22.437625,39.600744],[22.437605,39.600789],[22.437583,39.60083],[22.437529,39.60091],[22.437494,39.60096],[22.437344,39.601181],[22.437221,39.601363],[22.437198,39.601397],[22.437076,39.601571],[22.436565,39.602331],[22.436505,39.602418],[22.436134,39.602988],[22.436123,39.603007],[22.436103,39.603073],[22.436175,39.603034],[22.436187,39.603025],[22.436195,39.603017],[22.436349,39.602813],[22.436473,39.602648],[22.436626,39.602459],[22.436676,39.602387],[22.437216,39.60157],[22.437556,39.60107],[22.437633,39.600955],[22.43767,39.600907],[22.437711,39.600859],[22.437759,39.600817],[22.437815,39.600772],[22.437871,39.600734],[22.437946,39.600697]]},"properties":{"name":"Φαρσάλων"}},{"type":"Feature","geometry":{"type":"LineString","coordinates":[[22.437849,39.600317],[22.437884,39.600305],[22.437923,39.600276],[22.437956,39.600246],[22.437992,39.60021],[22.438025,39.600173],[22.438043,39.60015],[22.438082,39.6001],[22.438154,39.599996],[22.438474,39.599528],[22.438735,39.599144],[22.43882,39.599012],[22.438889,39.598912],[22.438913,39.598875],[22.439003,39.59875],[22.439157,39.598541],[22.439291,39.598375],[22.439345,39.598313],[22.439503,39.598139],[22.439382,39.598393],[22.439329,39.59849],[22.439272,39.598583],[22.439131,39.598791],[22.439018,39.598952],[22.438586,39.599559],[22.43811,39.600256],[22.438085,39.600302],[22.43807,39.600339],[22.43806,39.600374],[22.438066,39.600403]]},"properties":{"name":"Φαρσάλων"}},{"type":"Feature","geometry":{"type":"LineString","coordinates":[[22.436082,39.600257],[22.436728,39.600343],[22.437149,39.600402],[22.437437,39.600436],[22.437487,39.600438],[22.437539,39.600437],[22.437591,39.600432],[22.43764,39.600408]]},"properties":{"name":"Περιφερειακή Οδός Λάρισας"}},{"type":"Feature","geometry":{"type":"LineString","coordinates":[[22.442823,39.601215],[22.442073,39.601116],[22.441803,39.60108],[22.44021,39.600869],[22.439699,39.600802],[22.439116,39.600721],[22.438976,39.600732],[22.438899,39.60073],[22.438815,39.60072],[22.438294,39.600655],[22.438209,39.600648],[22.438126,39.600649],[22.438071,39.600656],[22.438026,39.600667],[22.43798,39.600685]]},"properties":{"name":"Περιφερειακή Οδός Λάρισας"}},{"type":"Feature","geometry":{"type":"LineString","coordinates":[[22.384063,39.633398],[22.384105,39.633306],[22.384129,39.63325],[22.38415,39.633183],[22.384184,39.633013]]},"properties":{"name":"Περιφερειακή Οδός Λάρισας"}},{"type":"Feature","geometry":{"type":"LineString","coordinates":[[22.384233,39.629877],[22.384248,39.629965],[22.384246,39.630024],[22.384216,39.630108],[22.384176,39.630189]]},"properties":{"name":"Περιφερειακή Οδός Λάρισας"}},{"type":"Feature","geometry":{"type":"LineString","coordinates":[[22.384486,39.629965],[22.384388,39.630011],[22.384311,39.630056],[22.384242,39.630115],[22.384176,39.630189],[22.384141,39.630261],[22.384097,39.630357],[22.384059,39.630455],[22.384031,39.630536],[22.384012,39.630596],[22.383983,39.630686],[22.383959,39.630798],[22.383942,39.630892],[22.383928,39.630989],[22.383919,39.631167],[22.383918,39.631337],[22.383925,39.631495],[22.383941,39.631671],[22.383967,39.631868],[22.384001,39.632042],[22.384077,39.632424],[22.384184,39.633013],[22.384253,39.633175],[22.384278,39.633229],[22.384316,39.633284],[22.38433,39.633299],[22.384379,39.633352]]},"properties":{"name":"Περιφερειακή Οδός Λάρισας"}},{"type":"Feature","geometry":{"type":"LineString","coordinates":[[22.39131,39.621356],[22.391155,39.621519],[22.390928,39.621789],[22.390708,39.622057],[22.390552,39.622238],[22.390452,39.622358],[22.390313,39.622532],[22.390211,39.622656],[22.390052,39.622854],[22.389918,39.623015],[22.389812,39.623147],[22.389682,39.623309],[22.389492,39.623539],[22.38938,39.623685],[22.389298,39.623785],[22.389206,39.623898],[22.38909,39.62404],[22.388672,39.624559],[22.388271,39.625053],[22.387447,39.626068],[22.387396,39.626131],[22.386941,39.626699],[22.384931,39.629168],[22.384798,39.629336]]},"properties":{"name":"Περιφερειακή Οδός Λάρισας"}},{"type":"Feature","geometry":{"type":"LineString","coordinates":[[22.384676,39.629683],[22.384687,39.629585],[22.384711,39.629503],[22.384739,39.629437],[22.384798,39.629336],[22.38471,39.629424],[22.384589,39.629512],[22.384466,39.629575]]},"properties":{"name":"Περιφερειακή Οδός Λάρισας"}},{"type":"Feature","geometry":{"type":"LineString","coordinates":[[22.419415,39.631051],[22.419382,39.631226],[22.419303,39.631654],[22.419297,39.631687],[22.419283,39.631888],[22.419247,39.632586],[22.419218,39.632933],[22.419177,39.633413],[22.419167,39.633577],[22.419138,39.634023],[22.419123,39.63426],[22.419114,39.634391],[22.419055,39.635417],[22.419053,39.635446],[22.419051,39.635477],[22.41905,39.635501],[22.419048,39.636148],[22.419059,39.636637],[22.419071,39.637152],[22.419072,39.637191],[22.419072,39.637219],[22.419073,39.637259],[22.419083,39.637679],[22.419083,39.637709],[22.419084,39.637738],[22.419088,39.637979],[22.419102,39.638371],[22.419111,39.638879],[22.419113,39.638992],[22.419113,39.639008],[22.419115,39.639034]]},"properties":{"name":"Αλεξάνδρου Παναγούλη"}},{"type":"Feature","geometry":{"type":"LineString","coordinates":[[22.414954,39.638757],[22.414883,39.6388],[22.41483,39.638837],[22.414557,39.639074],[22.414195,39.63937],[22.414025,39.639513],[22.413647,39.639792],[22.413555,39.639875],[22.413374,39.640029],[22.413123,39.640244],[22.413054,39.6403],[22.4128,39.640512],[22.412781,39.640529],[22.412759,39.640557],[22.41274,39.640604],[22.412727,39.640638],[22.412722,39.640662],[22.412718,39.640685],[22.412713,39.640704],[22.412709,39.640732],[22.412711,39.640754],[22.412716,39.640779],[22.412728,39.640809],[22.41274,39.640836],[22.41276,39.64088],[22.412766,39.64089],[22.412778,39.640919],[22.412787,39.640944],[22.412788,39.640965],[22.412787,39.640985],[22.412778,39.641006],[22.412769,39.641021],[22.412759,39.64104],[22.412753,39.641052],[22.412739,39.641073],[22.412723,39.64109],[22.412713,39.6411],[22.4127,39.641112],[22.412677,39.641132],[22.412656,39.641152],[22.412636,39.641173],[22.412613,39.641199]]},"properties":{"name":"Μανωλάκη"}},{"type":"Feature","geometry":{"type":"LineString","coordinates":[[22.440728,39.605329],[22.440746,39.605317],[22.440765,39.605305],[22.440787,39.605288],[22.440862,39.605204],[22.441824,39.604131]]},"properties":{"name":"Κωνσταντίνου Καραμανλή"}},{"type":"Feature","geometry":{"type":"LineString","coordinates":[[22.442,39.603934],[22.442369,39.6036],[22.442741,39.603244],[22.442419,39.60364],[22.442142,39.60398]]},"properties":{"name":"Κωνσταντίνου Καραμανλή"}},{"type":"Feature","geometry":{"type":"LineString","coordinates":[[22.432023,39.627044],[22.43203,39.626987],[22.432032,39.626967],[22.432033,39.62694],[22.432031,39.626909],[22.432019,39.626863],[22.432002,39.626817],[22.431957,39.626718],[22.431117,39.624836],[22.43104,39.624666],[22.431001,39.624577],[22.430887,39.624324],[22.430615,39.623716],[22.430472,39.623393],[22.430381,39.623172],[22.43028,39.622903],[22.430189,39.622652],[22.430134,39.622478],[22.430053,39.62222],[22.429989,39.621985],[22.429975,39.621878],[22.429933,39.621643],[22.429924,39.621585],[22.429914,39.621544],[22.429901,39.621506],[22.429882,39.621463],[22.429836,39.621412],[22.429813,39.621392]]},"properties":{"name":"Κωνσταντίνου Καραμανλή"}},{"type":"Feature","geometry":{"type":"LineString","coordinates":[[22.430062,39.621371],[22.430049,39.621398],[22.430037,39.621431],[22.430032,39.621489],[22.430032,39.62153],[22.430039,39.621576],[22.430047,39.621626],[22.43007,39.621743],[22.430147,39.621793],[22.430176,39.621826],[22.430196,39.621872],[22.430219,39.621964],[22.430259,39.622096],[22.430287,39.622175],[22.430419,39.622601],[22.430507,39.622856],[22.430538,39.622936],[22.430615,39.623127],[22.430684,39.623266],[22.430719,39.623336],[22.430851,39.623667],[22.431107,39.624264],[22.431224,39.624522],[22.431275,39.624633],[22.431472,39.625068],[22.431611,39.625373]]},"properties":{"name":"Κωνσταντίνου Καραμανλή"}},{"type":"Feature","geometry":{"type":"LineString","coordinates":[[22.429782,39.619335],[22.429781,39.619259],[22.429788,39.619154],[22.429795,39.619049],[22.429807,39.618832],[22.429827,39.618612],[22.429855,39.618394],[22.429893,39.618175],[22.429948,39.617973],[22.430021,39.617756],[22.430104,39.617543],[22.4302,39.617346],[22.43032,39.617149],[22.430451,39.616955],[22.430587,39.616768],[22.430737,39.616584],[22.430896,39.616397],[22.431056,39.616219],[22.431233,39.61603],[22.432198,39.614913],[22.432266,39.61485],[22.432319,39.614813],[22.432381,39.614784],[22.432462,39.614761]]},"properties":{"name":"Κωνσταντίνου Καραμανλή"}},{"type":"Feature","geometry":{"type":"LineString","coordinates":[[22.432959,39.614076],[22.43275,39.614308],[22.432709,39.614359],[22.432671,39.614418],[22.432653,39.614458],[22.432649,39.614469],[22.432634,39.61453]]},"properties":{"name":"Κωνσταντίνου Καραμανλή"}},{"type":"Feature","geometry":{"type":"LineString","coordinates":[[22.433152,39.613861],[22.43486,39.612001],[22.437102,39.609562],[22.437498,39.609129],[22.437536,39.609103],[22.43762,39.609078]]},"properties":{"name":"Κωνσταντίνου Καραμανλή"}},{"type":"Feature","geometry":{"type":"LineString","coordinates":[[22.437738,39.608655],[22.438255,39.608094],[22.438524,39.60779],[22.439569,39.606636],[22.439984,39.606177],[22.440431,39.605683],[22.440453,39.605654],[22.440463,39.60563],[22.440471,39.605614],[22.440485,39.605591]]},"properties":{"name":"Κωνσταντίνου Καραμανλή"}},{"type":"Feature","geometry":{"type":"LineString","coordinates":[[22.438498,39.608018],[22.437875,39.608706],[22.43786,39.608736],[22.437858,39.608748],[22.437855,39.608765],[22.437857,39.608828]]},"properties":{"name":"Κωνσταντίνου Καραμανλή"}},{"type":"Feature","geometry":{"type":"LineString","coordinates":[[22.355128,39.631166],[22.355125,39.631064],[22.355118,39.630993],[22.355094,39.630946],[22.355051,39.630854],[22.355035,39.630721]]},"properties":{"name":"Κωνσταντίνου Καραμανλή"}},{"type":"Feature","geometry":{"type":"LineString","coordinates":[[22.347806,39.617384],[22.348259,39.61753],[22.348608,39.617667],[22.348985,39.617816],[22.349458,39.617999],[22.349702,39.618084],[22.349913,39.618181],[22.350074,39.618263],[22.350192,39.618335],[22.350297,39.618413],[22.350499,39.618542],[22.350778,39.618705],[22.350942,39.618819],[22.351018,39.618943],[22.35114,39.619121],[22.351198,39.619246],[22.351267,39.619414],[22.351304,39.61952],[22.351323,39.61958]]},"properties":{"name":"Κωνσταντίνου Καραμανλή"}},{"type":"Feature","geometry":{"type":"LineString","coordinates":[[22.355147,39.630839],[22.355035,39.630721],[22.354902,39.630405],[22.354845,39.630269],[22.354723,39.629976]]},"properties":{"name":"Κωνσταντίνου Καραμανλή"}},{"type":"Feature","geometry":{"type":"LineString","coordinates":[[22.354723,39.629976],[22.354625,39.629862],[22.354539,39.629632],[22.354446,39.62939],[22.354299,39.629022],[22.354109,39.628531],[22.353524,39.627049],[22.353315,39.626491],[22.352831,39.625351],[22.352633,39.624867],[22.352309,39.624153],[22.352179,39.623814],[22.352072,39.62347],[22.351965,39.623134],[22.351871,39.622795],[22.35172,39.622263],[22.35161,39.621853],[22.351515,39.621222],[22.351449,39.620786],[22.351441,39.620741],[22.351311,39.619705],[22.351323,39.61958],[22.351421,39.619712],[22.351436,39.619834],[22.351448,39.619912],[22.351557,39.62078],[22.351642,39.621249],[22.351808,39.62182],[22.35221,39.623091],[22.352419,39.623767],[22.352548,39.624145],[22.352622,39.624385],[22.352713,39.624677],[22.352764,39.624843],[22.353027,39.625471],[22.353375,39.626344],[22.353429,39.626476],[22.353642,39.627024],[22.353926,39.627765],[22.35421,39.628511],[22.354421,39.629009],[22.354737,39.629835],[22.354723,39.629976]]},"properties":{"name":"Κωνσταντίνου Καραμανλή"}},{"type":"Feature","geometry":{"type":"LineString","coordinates":[[22.441824,39.604131],[22.442,39.603934]]},"properties":{"name":"Διακλάδωση Λάρισας"}},{"type":"Feature","geometry":{"type":"LineString","coordinates":[[22.442741,39.603244],[22.442799,39.603185],[22.442861,39.603122],[22.443022,39.602943],[22.443109,39.602848],[22.443368,39.602546],[22.443755,39.602136],[22.445129,39.600625],[22.445958,39.599721],[22.446998,39.59859],[22.449036,39.596387],[22.449897,39.59546],[22.450256,39.5951],[22.450602,39.594794],[22.450927,39.594565],[22.451055,39.594471],[22.451149,39.594407],[22.451368,39.594259],[22.451546,39.594157],[22.451655,39.594098],[22.451806,39.594013],[22.452149,39.593823],[22.452688,39.593555],[22.453831,39.59302],[22.455976,39.591972],[22.456498,39.591707],[22.457972,39.590997],[22.460115,39.589981],[22.460309,39.589879],[22.461887,39.589112],[22.462193,39.588962],[22.468114,39.586055],[22.469469,39.585386],[22.469873,39.585155],[22.47059,39.584786],[22.471082,39.584528],[22.471516,39.5843],[22.472243,39.583941],[22.472829,39.583664]]},"properties":{"name":"Διακλάδωση Λάρισας"}},{"type":"Feature","geometry":{"type":"LineString","coordinates":[[22.4401,39.660586],[22.440101,39.66055],[22.440098,39.660523],[22.440088,39.66048],[22.440079,39.660459],[22.440067,39.660431],[22.43981,39.660038],[22.439682,39.659839],[22.439623,39.659736],[22.439556,39.659622],[22.439429,39.659395],[22.439352,39.659248],[22.439251,39.659064]]},"properties":{"name":"Διακλάδωση Λάρισας"}},{"type":"Feature","geometry":{"type":"LineString","coordinates":[[22.439434,39.659027],[22.439783,39.659679],[22.439843,39.659785],[22.439903,39.659892],[22.439955,39.659984],[22.440109,39.660242],[22.440137,39.660287],[22.440202,39.660386],[22.440224,39.660417],[22.440243,39.660438],[22.440275,39.660466],[22.440339,39.660487]]},"properties":{"name":"Διακλάδωση Λάρισας"}},{"type":"Feature","geometry":{"type":"LineString","coordinates":[[22.433152,39.613861],[22.432959,39.614076]]},"properties":{"name":"Διακλάδωση Λάρισας"}},{"type":"Feature","geometry":{"type":"LineString","coordinates":[[22.437618,39.608709],[22.43766,39.6087],[22.437681,39.608693],[22.437699,39.608684],[22.437738,39.608655]]},"properties":{"name":"Διακλάδωση Λάρισας"}},{"type":"Feature","geometry":{"type":"LineString","coordinates":[[22.425921,39.622519],[22.425967,39.622617],[22.425969,39.622647],[22.425941,39.622694],[22.425916,39.622711],[22.425806,39.622729]]},"properties":{"name":"Avin"}},{"type":"Feature","geometry":{"type":"LineString","coordinates":[[22.413244,39.648284],[22.413277,39.648246]]},"properties":{"name":"Μοράβα"}},{"type":"Feature","geometry":{"type":"LineString","coordinates":[[22.432897,39.638635],[22.43232,39.638584],[22.432235,39.638576],[22.431733,39.638533],[22.43117,39.638484],[22.431053,39.638474],[22.430791,39.63845],[22.430522,39.638426],[22.430422,39.638417],[22.430309,39.638408]]},"properties":{"name":"Καραγάτση"}},{"type":"Feature","geometry":{"type":"LineString","coordinates":[[22.432897,39.638635],[22.432826,39.639124],[22.432773,39.639491],[22.432709,39.63993],[22.43269,39.640057],[22.432646,39.640358],[22.432592,39.640729],[22.432537,39.641108],[22.432497,39.641377],[22.432428,39.641858]]},"properties":{"name":"Γιάννη Ψυχάρη"}},{"type":"Feature","geometry":{"type":"LineString","coordinates":[[22.432508,39.641866],[22.432428,39.641858],[22.431271,39.641748],[22.430886,39.641712],[22.430575,39.641682],[22.429878,39.641616],[22.429843,39.641612],[22.42982,39.64161],[22.429719,39.641601],[22.429605,39.641589],[22.429507,39.641579],[22.429158,39.641539],[22.428603,39.641479],[22.428395,39.641466],[22.428311,39.641461],[22.428249,39.641457],[22.428149,39.641452],[22.428,39.641447],[22.427896,39.641447],[22.427807,39.641452],[22.427434,39.641481],[22.426948,39.641521],[22.426161,39.641579],[22.425427,39.641632],[22.424888,39.641674],[22.424462,39.641707],[22.42402,39.641746],[22.423541,39.641787],[22.423286,39.641809],[22.423242,39.641812],[22.423218,39.641816],[22.423111,39.641846]]},"properties":{"name":"Αγιάς"}},{"type":"Feature","geometry":{"type":"LineString","coordinates":[[22.409152,39.624119],[22.409094,39.624135],[22.409025,39.624152],[22.408847,39.624183],[22.408314,39.624284],[22.408034,39.624334],[22.407981,39.624347],[22.407928,39.62436],[22.407819,39.624386]]},"properties":{"name":"Εχεκρατίδα"}},{"type":"Feature","geometry":{"type":"LineString","coordinates":[[22.407819,39.624386],[22.407791,39.624303],[22.407754,39.624202],[22.407624,39.623688],[22.407411,39.623],[22.406809,39.621307]]},"properties":{"name":"Μυρμιδόνων"}},{"type":"Feature","geometry":{"type":"LineString","coordinates":[[22.401693,39.615241],[22.401269,39.614736]]},"properties":{"name":"Λάρισας - Καρδίτσας"}},{"type":"Feature","geometry":{"type":"LineString","coordinates":[[22.398845,39.611883],[22.398787,39.611813],[22.398199,39.611108],[22.397261,39.609979],[22.396894,39.609548],[22.396615,39.609222],[22.395121,39.607474],[22.394431,39.60663]]},"properties":{"name":"Λάρισας - Καρδίτσας"}},{"type":"Feature","geometry":{"type":"LineString","coordinates":[[22.394541,39.606582],[22.396993,39.60951],[22.397362,39.609936],[22.398464,39.61123],[22.398874,39.61172],[22.398906,39.611758],[22.398962,39.611825],[22.399026,39.611902],[22.399965,39.613033],[22.400729,39.613978],[22.400975,39.614275],[22.401107,39.614446],[22.401269,39.614736],[22.40099,39.614498],[22.39965,39.612849],[22.39908,39.612172],[22.398989,39.612058],[22.398906,39.611958]]},"properties":{"name":"Λάρισας - Καρδίτσας"}},{"type":"Feature","geometry":{"type":"LineString","coordinates":[[22.39908,39.612172],[22.399037,39.612146],[22.39895,39.612103],[22.398881,39.612085],[22.398844,39.612076],[22.398751,39.61207],[22.398649,39.61208]]},"properties":{"name":"Λάρισα - Καρδίτσα"}},{"type":"Feature","geometry":{"type":"LineString","coordinates":[[22.420528,39.639178],[22.420571,39.639186],[22.420632,39.639198],[22.421425,39.639272],[22.42231,39.639354],[22.423179,39.639434],[22.423623,39.639476],[22.42374,39.639486],[22.424474,39.639554],[22.425135,39.639616],[22.425482,39.639648],[22.42588,39.639685],[22.427737,39.639879],[22.42786,39.639892]]},"properties":{"name":"Νικηταρά"}},{"type":"Feature","geometry":{"type":"LineString","coordinates":[[22.42786,39.639892],[22.427829,39.639525],[22.427787,39.639084],[22.427785,39.639064],[22.427735,39.638721],[22.427726,39.638661]]},"properties":{"name":"Γεωργίου Σεφέρη"}},{"type":"Feature","geometry":{"type":"LineString","coordinates":[[22.427726,39.638661],[22.427834,39.63862],[22.427902,39.638594],[22.42796,39.638575],[22.428021,39.638554],[22.428077,39.638539],[22.428246,39.638492],[22.428486,39.638425],[22.428668,39.638373],[22.428863,39.63832],[22.42896,39.638307],[22.429017,39.638308],[22.429119,39.638308],[22.429215,39.638313],[22.429339,39.638323],[22.429538,39.638341],[22.430173,39.638396],[22.430309,39.638408]]},"properties":{"name":"Δημητρίου Γούναρη"}},{"type":"Feature","geometry":{"type":"LineString","coordinates":[[22.407829,39.624418],[22.407819,39.624386]]},"properties":{"name":"Ιλάρχου Σαρίμβεη"}},{"type":"Feature","geometry":{"type":"LineString","coordinates":[[22.409405,39.650233],[22.409339,39.650275],[22.409285,39.650323],[22.409251,39.650359],[22.409225,39.650395],[22.408849,39.65097],[22.408816,39.65102],[22.408254,39.651883],[22.408202,39.651963],[22.40756,39.652973],[22.407475,39.653095],[22.407389,39.653223],[22.407202,39.653511],[22.406962,39.653883],[22.406524,39.65457]]},"properties":{"name":"Λάρισας - Ελασσόνας"}},{"type":"Feature","geometry":{"type":"LineString","coordinates":[[22.399911,39.66306],[22.399971,39.663034],[22.400142,39.662954],[22.400316,39.66286],[22.400486,39.662758],[22.400652,39.662646],[22.400979,39.662428],[22.401248,39.662225],[22.401487,39.662018],[22.401689,39.661814],[22.401861,39.661624],[22.401952,39.661529],[22.402053,39.661391],[22.402141,39.661273],[22.402225,39.661153],[22.402303,39.66103],[22.402419,39.660845],[22.402452,39.660792],[22.402552,39.660632],[22.40368,39.658848],[22.403854,39.658568],[22.403906,39.658484],[22.403949,39.658417],[22.403973,39.658378],[22.404025,39.658294],[22.404112,39.658151],[22.40441,39.657685],[22.404788,39.657073],[22.405205,39.656416],[22.405835,39.655458],[22.40586,39.655411],[22.405931,39.65528],[22.405949,39.655253],[22.405997,39.655177],[22.406123,39.65497],[22.407081,39.653462],[22.407434,39.652924],[22.408088,39.651915],[22.408133,39.651839],[22.408351,39.651507],[22.408549,39.651188],[22.408698,39.650967],[22.40873,39.650925],[22.40907,39.650393],[22.4091,39.650347],[22.409145,39.65027],[22.409166,39.650212],[22.409174,39.650141]]},"properties":{"name":"Λάρισας - Ελασσόνας"}},{"type":"Feature","geometry":{"type":"LineString","coordinates":[[22.405996,39.655269],[22.406022,39.65523],[22.406041,39.655204],[22.406073,39.655155],[22.406096,39.655118],[22.406159,39.655027],[22.406246,39.654896],[22.406332,39.654771],[22.40643,39.654668],[22.406524,39.65457],[22.406295,39.654943],[22.406195,39.655097],[22.406143,39.655182],[22.406114,39.655239],[22.406072,39.6553],[22.405963,39.655454],[22.405903,39.655542],[22.405126,39.656762],[22.40478,39.657324],[22.404542,39.6577],[22.404313,39.65806],[22.404207,39.658235],[22.404148,39.658332],[22.404094,39.658414],[22.404062,39.65846],[22.403932,39.65867],[22.403873,39.658766],[22.40364,39.659136],[22.402978,39.660189],[22.402745,39.66056],[22.402598,39.660802],[22.402564,39.660856],[22.402425,39.661079],[22.402336,39.661216],[22.40224,39.661351],[22.402138,39.661483],[22.402054,39.661587],[22.401738,39.66193],[22.401414,39.66223],[22.40113,39.662457],[22.401008,39.662547],[22.400882,39.662634],[22.400754,39.662718],[22.400623,39.6628],[22.400489,39.662879],[22.400353,39.662956],[22.400196,39.66304],[22.400026,39.663122],[22.399966,39.663149],[22.3997,39.663264],[22.399492,39.66335],[22.399274,39.663433],[22.398953,39.663548],[22.39864,39.663656],[22.398547,39.663688],[22.39835,39.663729],[22.397943,39.663881],[22.397715,39.663957],[22.397432,39.664066],[22.397346,39.664099],[22.396923,39.664261],[22.396828,39.664296],[22.396762,39.66432],[22.39604,39.664588],[22.395158,39.664919],[22.395089,39.664946],[22.394991,39.664984],[22.394964,39.664994],[22.39443,39.665196],[22.394273,39.665257]]},"properties":{"name":"Λάρισας - Ελασσόνας"}},{"type":"Feature","geometry":{"type":"LineString","coordinates":[[22.390677,39.666636],[22.390822,39.66658],[22.391671,39.666255],[22.391749,39.666225],[22.392474,39.665947],[22.393152,39.665686],[22.393211,39.665664],[22.393328,39.665619],[22.393383,39.665598],[22.393496,39.665555],[22.39404,39.665346],[22.394086,39.665329],[22.39417,39.665296]]},"properties":{"name":"Λάρισας - Ελασσόνας"}},{"type":"Feature","geometry":{"type":"LineString","coordinates":[[22.396892,39.712993],[22.396911,39.712967],[22.397114,39.712713],[22.397343,39.712425],[22.397578,39.712099],[22.397831,39.711748],[22.397896,39.711636],[22.397946,39.71155],[22.39797,39.711499],[22.397997,39.71144],[22.398365,39.710578],[22.398444,39.710394],[22.398961,39.709303],[22.399177,39.708898],[22.399436,39.708357],[22.399702,39.707786],[22.399726,39.707734],[22.400023,39.707096],[22.40021,39.706711],[22.40029,39.706502],[22.400335,39.706393],[22.400369,39.706303],[22.400396,39.706203],[22.400406,39.706102],[22.400412,39.705969],[22.400407,39.705799],[22.400357,39.705479],[22.400349,39.705429],[22.400313,39.705197],[22.400279,39.704994],[22.400225,39.70467],[22.400133,39.704118],[22.400069,39.703673],[22.4,39.703191],[22.399915,39.702675],[22.399876,39.702391],[22.399863,39.702245],[22.399853,39.702056],[22.399855,39.701897],[22.399859,39.701799],[22.399861,39.70176],[22.39987,39.701532],[22.399888,39.701202],[22.399912,39.700773],[22.399922,39.700593],[22.399925,39.700517],[22.399946,39.699974],[22.399959,39.69964],[22.399979,39.698516],[22.400004,39.697736],[22.400049,39.696629],[22.400059,39.696335],[22.400077,39.69605],[22.400103,39.695715],[22.400142,39.695323],[22.400176,39.695066],[22.400216,39.694809]]},"properties":{"name":"Γιάννουλης - Φαλλάνης"}},{"type":"Feature","geometry":{"type":"LineString","coordinates":[[22.399971,39.663034],[22.400001,39.663079],[22.400026,39.663122],[22.400046,39.663168],[22.400059,39.663205],[22.400069,39.663257],[22.400076,39.663335],[22.400083,39.663461],[22.400058,39.663562]]},"properties":{"name":"Γιάννουλης - Φαλλάνης"}},{"type":"Feature","geometry":{"type":"LineString","coordinates":[[22.399911,39.66306],[22.399943,39.663105],[22.399966,39.663149],[22.399982,39.663195],[22.399994,39.66324],[22.400009,39.663306],[22.400013,39.663334],[22.400017,39.663369],[22.400028,39.663466],[22.400058,39.663562],[22.400057,39.663652],[22.40006,39.663761],[22.400055,39.664321],[22.400059,39.664895],[22.400052,39.665847],[22.400053,39.666373],[22.400051,39.666947],[22.400051,39.667934],[22.400057,39.668569],[22.400057,39.668806],[22.400074,39.670258],[22.400095,39.672287],[22.400096,39.672441],[22.400077,39.675832],[22.400086,39.677009],[22.400089,39.677711],[22.40009,39.677841],[22.400092,39.678704],[22.400088,39.679173],[22.400058,39.681074],[22.400042,39.681553],[22.400018,39.682094],[22.399993,39.682896],[22.400004,39.683057],[22.400013,39.683135],[22.40011,39.683738],[22.400168,39.684067],[22.400235,39.684446],[22.400389,39.685374],[22.400527,39.686784],[22.400532,39.686825],[22.400547,39.686953],[22.400574,39.687264],[22.400617,39.687686],[22.400674,39.688353],[22.40069,39.688578],[22.40071,39.688864],[22.400735,39.689314],[22.400737,39.689357],[22.400772,39.690456],[22.40077,39.690653],[22.400752,39.690915],[22.400717,39.691324],[22.400712,39.691385],[22.400667,39.69182],[22.400646,39.692024]]},"properties":{"name":"Γιάννουλης - Φαλλάνης"}},{"type":"Feature","geometry":{"type":"LineString","coordinates":[[22.400646,39.692024],[22.400658,39.692288],[22.40065,39.692499],[22.400628,39.692764],[22.400599,39.693006],[22.400577,39.693122],[22.400553,39.693286],[22.40054,39.69336],[22.400492,39.693634],[22.400464,39.693794],[22.40041,39.694087],[22.400348,39.694352],[22.400292,39.694567],[22.400216,39.694809],[22.400235,39.694566],[22.400265,39.694352],[22.400354,39.693775],[22.400374,39.693664],[22.400384,39.693606],[22.400405,39.693474],[22.400428,39.693317],[22.4005,39.692833],[22.400535,39.692566],[22.400546,39.692497],[22.400584,39.69228],[22.400646,39.692024]]},"properties":{"name":"Γιάννουλης - Φαλλάνης"}},{"type":"Feature","geometry":{"type":"LineString","coordinates":[[22.396537,39.71707],[22.39659,39.717144],[22.396646,39.717224],[22.396699,39.717284],[22.397031,39.717494],[22.397392,39.717709],[22.397589,39.717831],[22.397748,39.717929],[22.398043,39.718124],[22.39812,39.718177],[22.398271,39.718283],[22.398414,39.718403],[22.398548,39.718516],[22.398713,39.718682],[22.398776,39.718735],[22.39891,39.71888],[22.398985,39.718978],[22.399086,39.71914],[22.399128,39.719217]]},"properties":{"name":"Γεωργάκη Ολυμπίου"}},{"type":"Feature","geometry":{"type":"LineString","coordinates":[[22.399597,39.719357],[22.399513,39.719428],[22.399377,39.719558],[22.398769,39.720042],[22.398584,39.720229],[22.398417,39.720397],[22.398391,39.720444],[22.398339,39.720548],[22.398326,39.720585],[22.398315,39.720619],[22.398216,39.72098],[22.398136,39.721149],[22.398076,39.721274],[22.397862,39.721606],[22.397781,39.721731],[22.397638,39.721983],[22.397595,39.722033]]},"properties":{"name":"Δαβάκη"}},{"type":"Feature","geometry":{"type":"LineString","coordinates":[[22.397595,39.722033],[22.397532,39.722047],[22.397084,39.722049]]},"properties":{"name":"Ελευθερίου Βενιζέλου"}},{"type":"Feature","geometry":{"type":"LineString","coordinates":[[22.393042,39.720604],[22.393008,39.720566],[22.392954,39.72052],[22.392898,39.720467],[22.39261,39.720251],[22.392356,39.720065],[22.392166,39.719924],[22.392107,39.719871],[22.392079,39.719821]]},"properties":{"name":"Μακεδονίας"}},{"type":"Feature","geometry":{"type":"LineString","coordinates":[[22.395533,39.714407],[22.395265,39.714642],[22.394925,39.714984],[22.394863,39.715065],[22.394695,39.715348],[22.39423,39.716158],[22.394066,39.716428],[22.393715,39.716986],[22.393667,39.717055],[22.393598,39.717136],[22.393563,39.717178],[22.393465,39.717306],[22.393313,39.717514],[22.393093,39.717854],[22.392954,39.718085],[22.392685,39.718545],[22.392588,39.718714],[22.392545,39.718799],[22.39247,39.718988],[22.392134,39.719644],[22.392096,39.719746],[22.392079,39.719821]]},"properties":{"name":"Πετραλούγκα"}},{"type":"Feature","geometry":{"type":"LineString","coordinates":[[22.476208,39.674922],[22.47672,39.67505],[22.477276,39.675171],[22.477888,39.675304],[22.478106,39.675368],[22.479013,39.675785],[22.47913,39.675835],[22.479628,39.676073],[22.480291,39.676377],[22.480466,39.676436]]},"properties":{"name":"Θ. Κολοκοτρώνη"}},{"type":"Feature","geometry":{"type":"LineString","coordinates":[[22.467797,39.684731],[22.467711,39.684658],[22.466602,39.683716],[22.466481,39.683584],[22.466398,39.683493]]},"properties":{"name":"Λάρισας - Συκουρίου"}},{"type":"Feature","geometry":{"type":"LineString","coordinates":[[22.449269,39.670628],[22.449465,39.67077],[22.449499,39.670791],[22.44954,39.670806],[22.449571,39.670812],[22.4496,39.670813],[22.449619,39.670812],[22.449639,39.670807],[22.449712,39.670783],[22.449771,39.670762],[22.449866,39.670724],[22.44992,39.670715],[22.449978,39.670713],[22.450025,39.670719],[22.450075,39.670729],[22.450135,39.670751],[22.450215,39.670793],[22.450577,39.67101]]},"properties":{"name":"Λάρισας - Συκουρίου"}},{"type":"Feature","geometry":{"type":"LineString","coordinates":[[22.449847,39.670669],[22.449895,39.670662],[22.449974,39.670662],[22.450034,39.670669],[22.450096,39.670683],[22.450128,39.670695],[22.450227,39.670741],[22.450355,39.670821],[22.450577,39.67101],[22.450959,39.67129],[22.451579,39.671743],[22.452846,39.672613],[22.453099,39.672776],[22.45358,39.673104],[22.454258,39.673569],[22.454987,39.674076],[22.455387,39.674352],[22.455634,39.674504],[22.45643,39.675074],[22.456574,39.675183],[22.456757,39.675325],[22.457083,39.675592],[22.457594,39.676023],[22.458515,39.676807],[22.4604,39.678402],[22.461419,39.679264],[22.461563,39.679385],[22.46194,39.679704],[22.463149,39.680728],[22.4642,39.681622],[22.464312,39.681718],[22.464358,39.681757],[22.464754,39.682095],[22.464788,39.682124],[22.465182,39.68246],[22.465191,39.682468],[22.465697,39.6829],[22.465798,39.682985],[22.466134,39.68327],[22.466398,39.683493],[22.466505,39.683567],[22.466663,39.683676],[22.467251,39.684172],[22.467519,39.684401],[22.467687,39.684544],[22.467773,39.684617]]},"properties":{"name":"Λάρισας - Συκουρίου"}},{"type":"Feature","geometry":{"type":"LineString","coordinates":[[22.447902,39.668684],[22.448006,39.668863],[22.448084,39.668959],[22.448164,39.669059],[22.448282,39.669219],[22.448457,39.669455],[22.448787,39.669921],[22.448983,39.670204],[22.44921,39.670543],[22.449269,39.670628],[22.449469,39.670949],[22.449653,39.671226],[22.450025,39.671836],[22.450152,39.672072],[22.450241,39.672249],[22.450411,39.67254],[22.450487,39.672729],[22.450629,39.673119],[22.450732,39.673416],[22.450774,39.673535],[22.451057,39.674541],[22.451248,39.675221],[22.451777,39.677101],[22.451811,39.677217],[22.451962,39.677742],[22.452417,39.679328],[22.452774,39.680589],[22.453583,39.683462],[22.453731,39.68398],[22.454652,39.687202],[22.455323,39.68956],[22.455476,39.690101],[22.455797,39.691251],[22.456129,39.692409],[22.456494,39.693679],[22.456527,39.693824],[22.456871,39.694972],[22.456884,39.695014],[22.457,39.695434],[22.457458,39.696977],[22.457861,39.698356],[22.457893,39.698451],[22.458087,39.69921],[22.458241,39.699821],[22.458354,39.700074],[22.458566,39.700789],[22.458672,39.701148],[22.458775,39.70151],[22.45881,39.701632],[22.458823,39.701679],[22.458947,39.702123],[22.459045,39.702506],[22.459061,39.702705],[22.459179,39.703109],[22.459448,39.704065],[22.459542,39.704394],[22.459781,39.705231],[22.459858,39.7055],[22.460472,39.707683],[22.461498,39.711284],[22.461811,39.712397],[22.46221,39.713773],[22.462705,39.715294],[22.463014,39.716206],[22.46391,39.71889],[22.464193,39.719712],[22.464271,39.719951],[22.465754,39.724441],[22.465936,39.725],[22.466467,39.726578],[22.466615,39.727016],[22.467103,39.72846],[22.467136,39.728556],[22.467408,39.729346],[22.467562,39.729794],[22.467779,39.730424],[22.469425,39.735319],[22.470003,39.737198],[22.470232,39.737916],[22.470272,39.738041],[22.470325,39.738355],[22.470455,39.738804],[22.472034,39.743518]]},"properties":{"name":"Λάρισας - Λεπτοκαρυάς"}},{"type":"Feature","geometry":{"type":"LineString","coordinates":[[22.440301,39.660855],[22.440344,39.660884],[22.440379,39.660915],[22.440401,39.660935],[22.440423,39.660961],[22.440441,39.660984],[22.440457,39.661015],[22.440476,39.661061],[22.440545,39.661202],[22.440589,39.661273],[22.440614,39.661307],[22.440666,39.66137],[22.440762,39.661457],[22.440891,39.661578],[22.440934,39.661624],[22.440992,39.661692],[22.441038,39.661747],[22.441085,39.661806],[22.441121,39.661854],[22.441192,39.661951],[22.441352,39.662072]]},"properties":{"name":"Λάρισας - Λεπτοκαρυάς"}},{"type":"Feature","geometry":{"type":"LineString","coordinates":[[22.440512,39.660774],[22.440512,39.660814],[22.440525,39.660861],[22.44055,39.660933],[22.440688,39.661136],[22.440921,39.661442],[22.441267,39.661921],[22.441352,39.662072],[22.441568,39.662333],[22.441758,39.662556],[22.441899,39.662719],[22.442123,39.66296],[22.442476,39.663327],[22.44262,39.663473],[22.442955,39.663797],[22.44355,39.664387],[22.444121,39.664953],[22.444459,39.665283],[22.444799,39.665617],[22.445356,39.666164],[22.446569,39.667362],[22.447003,39.667788],[22.447364,39.668142],[22.44753,39.668304],[22.447902,39.668684],[22.448083,39.668822],[22.448174,39.668915],[22.448261,39.669015],[22.448392,39.669172],[22.448577,39.669408],[22.448995,39.669959],[22.449114,39.670116],[22.449348,39.67046],[22.449499,39.670698],[22.449571,39.670812],[22.449661,39.670948],[22.449673,39.670967],[22.449922,39.67141],[22.450131,39.671806],[22.450246,39.67205],[22.450324,39.672232],[22.450411,39.67254]]},"properties":{"name":"Λάρισας - Λεπτοκαρυάς"}},{"type":"Feature","geometry":{"type":"LineString","coordinates":[[22.472154,39.743501],[22.470577,39.73878],[22.470402,39.73834],[22.470272,39.738041]]},"properties":{"name":"Λάρισας - Λεπτοκαρυάς"}},{"type":"Feature","geometry":{"type":"LineString","coordinates":[[22.472638,39.746099],[22.472259,39.744591],[22.472175,39.744235],[22.472086,39.743896]]},"properties":{"name":"Λάρισας - Λεπτοκαρυάς"}},{"type":"Feature","geometry":{"type":"LineString","coordinates":[[22.459061,39.702705],[22.458971,39.702517],[22.458793,39.701916],[22.458749,39.701768],[22.45873,39.701699],[22.458712,39.701633],[22.458646,39.701403],[22.458544,39.701049],[22.458475,39.700805],[22.458375,39.700441],[22.458284,39.700088],[22.458241,39.699821]]},"properties":{"name":"Λάρισας - Λεπτοκαρυάς"}},{"type":"Feature","geometry":{"type":"LineString","coordinates":[[22.418877,39.639014],[22.418849,39.639096],[22.418844,39.63911],[22.41884,39.639132],[22.418785,39.639519],[22.41878,39.63955],[22.418785,39.639582],[22.418797,39.639609],[22.418801,39.639615],[22.418816,39.639634],[22.418839,39.639651],[22.418814,39.639661],[22.418789,39.639671],[22.418768,39.639685],[22.418753,39.639702],[22.418743,39.639721],[22.418739,39.639741],[22.418667,39.640138],[22.418663,39.640206],[22.418654,39.640346],[22.418665,39.640393],[22.41868,39.640453],[22.418699,39.640564],[22.418756,39.641137],[22.41882,39.641655],[22.418885,39.642329],[22.418922,39.642678],[22.418925,39.642694],[22.418929,39.642741]]},"properties":{"name":"Ολύμπου"}},{"type":"Feature","geometry":{"type":"LineString","coordinates":[[22.397715,39.663957],[22.397696,39.663975],[22.397683,39.664],[22.397675,39.664029],[22.397674,39.664065],[22.397673,39.664085],[22.397664,39.664163],[22.397655,39.664206],[22.397643,39.664251],[22.397531,39.664484],[22.397454,39.664608],[22.397248,39.664945],[22.397172,39.665057],[22.39692,39.665446],[22.396635,39.665905],[22.39655,39.666041],[22.396512,39.666103],[22.39644,39.666218],[22.39636,39.666346],[22.396237,39.666547],[22.395826,39.667195],[22.39554,39.667646],[22.395314,39.668008],[22.395257,39.668096],[22.394879,39.668692],[22.394827,39.668776]]},"properties":{"name":"Γιάννουλης - Αμπελώνα"}},{"type":"Feature","geometry":{"type":"LineString","coordinates":[[22.391105,39.667326],[22.391715,39.667562],[22.392241,39.667761],[22.392385,39.667817],[22.392627,39.667904],[22.393698,39.668308],[22.394697,39.668691],[22.394736,39.668706],[22.394827,39.668776]]},"properties":{"name":"Ραιδεστού"}},{"type":"Feature","geometry":{"type":"LineString","coordinates":[[22.391105,39.667326],[22.391027,39.667356]]},"properties":{"name":"Ιωάννου Μεταξά"}},{"type":"Feature","geometry":{"type":"LineString","coordinates":[[22.394273,39.665257],[22.394236,39.6652]]},"properties":{"name":"Κωνσταντινουπόλεως"}},{"type":"Feature","geometry":{"type":"LineString","coordinates":[[22.397609,39.661768],[22.39749,39.661797],[22.397403,39.661826],[22.397195,39.661922]]},"properties":{"name":"Κωνσταντίνου Παλαιολόγου"}},{"type":"Feature","geometry":{"type":"LineString","coordinates":[[22.399809,39.659958],[22.400249,39.659924],[22.400281,39.659922],[22.401211,39.659854],[22.401841,39.659808],[22.402581,39.659749],[22.402951,39.659717]]},"properties":{"name":"Samothrakis"}},{"type":"Feature","geometry":{"type":"LineString","coordinates":[[22.439503,39.598139],[22.439519,39.598115],[22.439639,39.597979],[22.439784,39.597762],[22.440243,39.597076],[22.440516,39.596668],[22.440565,39.596607],[22.440829,39.596221],[22.441249,39.595633],[22.441344,39.595497],[22.441382,39.595438],[22.441619,39.595077],[22.441756,39.594877],[22.442093,39.594377],[22.442448,39.593853],[22.442467,39.593824],[22.442575,39.593665],[22.442718,39.593452],[22.443096,39.592885],[22.443668,39.592047],[22.444241,39.591197],[22.444571,39.590749],[22.444574,39.590744],[22.444651,39.59063],[22.444735,39.590509],[22.444789,39.59044],[22.444839,39.590363],[22.44506,39.590042],[22.445157,39.589902],[22.445364,39.589603],[22.445691,39.58909],[22.445801,39.588919],[22.446184,39.58835],[22.446561,39.587807],[22.447582,39.58634],[22.447687,39.586186],[22.447874,39.585913],[22.448107,39.585535],[22.448228,39.585348],[22.448349,39.585168],[22.448625,39.584805],[22.448925,39.584441],[22.449097,39.58421],[22.449365,39.583891],[22.450326,39.582859],[22.452783,39.579921],[22.453033,39.579622],[22.453418,39.579161],[22.454207,39.578335],[22.454979,39.577419],[22.455588,39.576699],[22.456169,39.576012],[22.456748,39.575371],[22.457263,39.574784],[22.457497,39.574516],[22.45772,39.57426],[22.458162,39.573746],[22.458442,39.57342],[22.458745,39.573059],[22.459051,39.572722],[22.459331,39.572388],[22.459725,39.571937],[22.460006,39.571634],[22.460373,39.571232],[22.460757,39.570803],[22.460901,39.570649],[22.461203,39.570295],[22.461831,39.569561],[22.462432,39.568847],[22.462626,39.568626],[22.463007,39.5682],[22.463034,39.568164],[22.463357,39.567796],[22.463616,39.567513],[22.463718,39.56738],[22.463797,39.567216],[22.463808,39.567122],[22.463809,39.567061],[22.463805,39.566993],[22.4638,39.566953],[22.463796,39.566916],[22.463789,39.566879],[22.463775,39.566826],[22.463757,39.56676],[22.463734,39.566697],[22.4636,39.566429],[22.463461,39.566148],[22.463405,39.566037],[22.463317,39.565855],[22.463246,39.565709],[22.463219,39.565654],[22.463195,39.565603],[22.463165,39.565542],[22.463075,39.56534],[22.463084,39.565214],[22.463094,39.565119],[22.463118,39.565031],[22.463152,39.564972],[22.463345,39.564772],[22.463471,39.56462],[22.463524,39.564564],[22.463827,39.564204],[22.464123,39.563882],[22.464424,39.563525],[22.4645,39.563434],[22.46453,39.563398],[22.464549,39.563372],[22.46457,39.56334],[22.464593,39.563302],[22.464616,39.563259],[22.464633,39.563221],[22.464649,39.563177],[22.464663,39.563136],[22.46479,39.562738],[22.46491,39.562363],[22.465035,39.562001],[22.465117,39.561764],[22.465129,39.561735],[22.465182,39.56161],[22.465196,39.561575],[22.465227,39.561502],[22.465408,39.561125],[22.465479,39.56098],[22.465541,39.560826],[22.465573,39.56074],[22.465609,39.560617],[22.465644,39.560425],[22.465675,39.560199]]},"properties":{"name":"Φαρσάλων - Λάρισας"}},{"type":"Feature","geometry":{"type":"LineString","coordinates":[[22.463387,39.560654],[22.463475,39.56059],[22.463797,39.560417],[22.464212,39.560225],[22.464533,39.560136],[22.464749,39.560079],[22.464915,39.560073],[22.465675,39.560199]]},"properties":{"name":"Αγίου Χαραλάμπους"}},{"type":"Feature","geometry":{"type":"LineString","coordinates":[[22.41172,39.634102],[22.41172,39.634193],[22.411715,39.634785],[22.411708,39.635766],[22.411705,39.636171],[22.411703,39.636476],[22.411702,39.636658],[22.411698,39.637189],[22.411701,39.637302],[22.411701,39.637743],[22.411702,39.638403],[22.411701,39.638464]]},"properties":{"name":"Ταγματάρχου Βελισσαρίου"}},{"type":"Feature","geometry":{"type":"LineString","coordinates":[[22.414536,39.638653],[22.414462,39.638583],[22.414063,39.638158],[22.413681,39.637784],[22.413597,39.637734],[22.413453,39.637183],[22.413359,39.636816],[22.413284,39.636608]]},"properties":{"name":"Σκαρλάτου Σούτσου"}},{"type":"Feature","geometry":{"type":"LineString","coordinates":[[22.413164,39.636613],[22.413284,39.636608]]},"properties":{"name":"Αθανασίου Διάκου"}},{"type":"Feature","geometry":{"type":"LineString","coordinates":[[22.351279,39.617831],[22.35125,39.61786],[22.351213,39.617967],[22.351196,39.61805],[22.351015,39.618635],[22.350942,39.618819]]},"properties":{"name":"Αθανασίου Διάκου"}},{"type":"Feature","geometry":{"type":"LineString","coordinates":[[22.420702,39.626095],[22.421521,39.626316],[22.421771,39.626383],[22.422558,39.626595],[22.422625,39.626613]]},"properties":{"name":"Αλεξανδρουπόλεως"}},{"type":"Feature","geometry":{"type":"LineString","coordinates":[[22.421938,39.622771],[22.421822,39.623107],[22.421708,39.623436],[22.421572,39.623759]]},"properties":{"name":"Ακαδημίας"}},{"type":"Feature","geometry":{"type":"LineString","coordinates":[[22.420967,39.625243],[22.4208,39.625702],[22.420783,39.625749],[22.420703,39.62597],[22.420698,39.626002],[22.420695,39.626077],[22.420702,39.626095]]},"properties":{"name":"Ακαδημίας"}},{"type":"Feature","geometry":{"type":"LineString","coordinates":[[22.420783,39.625749],[22.419803,39.62563]]},"properties":{"name":"Άθωνος"}},{"type":"Feature","geometry":{"type":"LineString","coordinates":[[22.420414,39.622336],[22.420368,39.62246],[22.420273,39.622711],[22.420242,39.622787],[22.420108,39.623127],[22.420098,39.623154],[22.419997,39.623438],[22.419967,39.623532],[22.419952,39.623587],[22.419941,39.623639],[22.41992,39.623771],[22.419879,39.624266],[22.41987,39.624364],[22.419847,39.624642],[22.419839,39.624717],[22.419821,39.625127],[22.419813,39.625306],[22.419803,39.62563]]},"properties":{"name":"Αχιλλέως"}},{"type":"Feature","geometry":{"type":"LineString","coordinates":[[22.419029,39.622078],[22.420414,39.622336]]},"properties":{"name":"Κερκύρας"}},{"type":"Feature","geometry":{"type":"LineString","coordinates":[[22.419029,39.622078],[22.419196,39.621529],[22.419225,39.621425],[22.419254,39.621337],[22.419243,39.621312],[22.419237,39.621278],[22.419235,39.621241],[22.419242,39.621199],[22.419377,39.62082],[22.420123,39.618546],[22.420238,39.6182],[22.420271,39.618101],[22.420319,39.617952],[22.420377,39.617773],[22.420648,39.616942]]},"properties":{"name":"Ζακύνθου"}},{"type":"Feature","geometry":{"type":"LineString","coordinates":[[22.420648,39.616942],[22.420677,39.61694]]},"properties":{"name":"Ευρυβιάδου"}},{"type":"Feature","geometry":{"type":"LineString","coordinates":[[22.411385,39.615878],[22.411969,39.61587],[22.412532,39.615859],[22.413266,39.615893],[22.413862,39.615921]]},"properties":{"name":"Λεωνίδα Δρόση"}},{"type":"Feature","geometry":{"type":"LineString","coordinates":[[22.419049,39.616629],[22.419197,39.616655],[22.419279,39.616669],[22.419796,39.616775],[22.420583,39.616935],[22.420648,39.616942]]},"properties":{"name":"Λεωνίδα Δρόση"}},{"type":"Feature","geometry":{"type":"LineString","coordinates":[[22.421615,39.605268],[22.421638,39.605575],[22.421718,39.606282],[22.421725,39.606338],[22.421726,39.606548],[22.421738,39.606693],[22.421738,39.606802],[22.421741,39.60689],[22.421723,39.60712],[22.421701,39.607455],[22.421696,39.607575],[22.421688,39.607687],[22.421681,39.607763],[22.421673,39.607831],[22.421657,39.607969],[22.421643,39.608055],[22.42162,39.60819],[22.421596,39.608288],[22.421574,39.608383],[22.421513,39.608603],[22.421398,39.609052],[22.421311,39.609361],[22.420942,39.610676],[22.420915,39.610772],[22.420763,39.611314],[22.420578,39.611974],[22.420332,39.61285],[22.420231,39.613211],[22.420064,39.613807],[22.419974,39.614128],[22.419872,39.61449],[22.419748,39.614934],[22.419624,39.615375],[22.419546,39.615654],[22.419459,39.615962],[22.419415,39.616135],[22.419388,39.616249],[22.419279,39.616669]]},"properties":{"name":"Παιωνίου"}},{"type":"Feature","geometry":{"type":"LineString","coordinates":[[22.421615,39.605268],[22.423,39.605466],[22.423157,39.605489],[22.423216,39.605497],[22.423935,39.605567],[22.424443,39.60562]]},"properties":{"name":"Παρμενίωνος"}},{"type":"Feature","geometry":{"type":"LineString","coordinates":[[22.424443,39.60562],[22.424507,39.605629],[22.424941,39.605663],[22.42543,39.605702],[22.425929,39.605746],[22.426719,39.605816],[22.426779,39.605825],[22.42686,39.605842]]},"properties":{"name":"Τσάτσου Δήμητρας"}},{"type":"Feature","geometry":{"type":"LineString","coordinates":[[22.424733,39.61134],[22.424966,39.61072],[22.425341,39.609719],[22.425487,39.609334],[22.42561,39.609009],[22.42572,39.608713],[22.425841,39.608361],[22.425924,39.60812],[22.426196,39.607403],[22.4263,39.607175],[22.42655,39.606626],[22.42686,39.605842]]},"properties":{"name":"Κολχίδος"}},{"type":"Feature","geometry":{"type":"LineString","coordinates":[[22.431159,39.612417],[22.431122,39.61241],[22.427838,39.611857],[22.427752,39.611843],[22.427659,39.611825],[22.426617,39.611653],[22.424733,39.61134],[22.42388,39.611191],[22.420942,39.610676],[22.42039,39.610582],[22.41991,39.610499],[22.41987,39.610491],[22.419523,39.610436],[22.41932,39.610396],[22.41926,39.610386],[22.41918,39.610377],[22.419049,39.610364],[22.418898,39.610359],[22.418803,39.610359],[22.418715,39.610359],[22.418594,39.610359],[22.418425,39.610359],[22.417972,39.610358],[22.417806,39.610358],[22.41745,39.610358],[22.417254,39.610358],[22.417027,39.610357],[22.416744,39.610357],[22.416413,39.610357],[22.416336,39.610377],[22.416305,39.610386],[22.416275,39.610394],[22.416225,39.610414],[22.41615,39.610452],[22.416093,39.610484],[22.416035,39.61052],[22.415983,39.610555],[22.41593,39.610592],[22.415883,39.610626],[22.41579,39.610694],[22.415767,39.610712],[22.415446,39.61093],[22.414985,39.611222],[22.414794,39.611343],[22.414252,39.611696],[22.413743,39.611912],[22.413654,39.611951],[22.413421,39.61206],[22.413394,39.612072],[22.412977,39.612239],[22.412672,39.612368],[22.41213,39.612584],[22.41205,39.612617],[22.411921,39.612669],[22.411621,39.61279],[22.411317,39.612922],[22.410662,39.613198],[22.410624,39.613215],[22.410417,39.613303],[22.41025,39.613374],[22.410108,39.613432],[22.409933,39.613504],[22.409797,39.613553],[22.40969,39.613586],[22.409619,39.613607],[22.40877,39.613846],[22.408666,39.613878],[22.408251,39.614009],[22.407711,39.614163],[22.407147,39.614322],[22.407065,39.614345],[22.406989,39.614366],[22.406767,39.614415],[22.406674,39.614452],[22.406449,39.614551],[22.406034,39.61474],[22.405819,39.614864],[22.405585,39.614971],[22.40554,39.61501],[22.405515,39.615045],[22.405494,39.615084],[22.405483,39.615112],[22.40547,39.615145],[22.405456,39.615182],[22.405437,39.615229],[22.405409,39.615272],[22.405375,39.615303],[22.405313,39.61533],[22.405208,39.615372],[22.405126,39.615399],[22.404895,39.615475]]},"properties":{"name":"Θεοφράστου"}},{"type":"Feature","geometry":{"type":"LineString","coordinates":[[22.40877,39.613846],[22.408822,39.614853],[22.40884,39.61519],[22.408858,39.615547],[22.408877,39.615918]]},"properties":{"name":"Φυτάλη"}},{"type":"Feature","geometry":{"type":"LineString","coordinates":[[22.409861,39.617283],[22.409245,39.616428],[22.409173,39.616319],[22.409148,39.616289],[22.408877,39.615918]]},"properties":{"name":"Δοβρουτσίου"}},{"type":"Feature","geometry":{"type":"LineString","coordinates":[[22.419254,39.621337],[22.419268,39.621346],[22.419286,39.621356],[22.419323,39.621371],[22.419383,39.621391],[22.419451,39.621408],[22.419559,39.621432],[22.424709,39.622415],[22.424799,39.62244],[22.424881,39.622465],[22.425675,39.622757],[22.425765,39.62279]]},"properties":{"name":"Κων. Ροδόπουλου"}},{"type":"Feature","geometry":{"type":"LineString","coordinates":[[22.410061,39.6172],[22.410502,39.617018],[22.410581,39.616991],[22.410666,39.616967],[22.410793,39.616933],[22.410859,39.61692],[22.411334,39.616864]]},"properties":{"name":"Θεοφάνη Καΐρη"}},{"type":"Feature","geometry":{"type":"LineString","coordinates":[[22.411385,39.615878],[22.411362,39.616326],[22.411334,39.616864]]},"properties":{"name":"Τάσου Λειβαδίτη"}},{"type":"Feature","geometry":{"type":"LineString","coordinates":[[22.413862,39.615921],[22.41382,39.616543],[22.413792,39.616959],[22.413728,39.617908],[22.413731,39.617929],[22.413738,39.617946],[22.413992,39.618298],[22.41429,39.618704]]},"properties":{"name":"Θεοδωρακοπούλου"}},{"type":"Feature","geometry":{"type":"LineString","coordinates":[[22.419049,39.616629],[22.417745,39.617201],[22.417239,39.617421],[22.416919,39.617565],[22.41664,39.617682],[22.415341,39.618244],[22.414355,39.618677],[22.41429,39.618704]]},"properties":{"name":"Έλλης Λαμπέτη"}},{"type":"Feature","geometry":{"type":"LineString","coordinates":[[22.419821,39.625127],[22.420967,39.625243]]},"properties":{"name":"Αγίου Όρους"}},{"type":"Feature","geometry":{"type":"LineString","coordinates":[[22.420368,39.62246],[22.421938,39.622771]]},"properties":{"name":"Σάσσωνος"}},{"type":"Feature","geometry":{"type":"LineString","coordinates":[[22.421572,39.623759],[22.422076,39.623913],[22.422547,39.624052],[22.423034,39.624201],[22.423958,39.624513],[22.424277,39.624624]]},"properties":{"name":"Ατλαντίδος"}},{"type":"Feature","geometry":{"type":"LineString","coordinates":[[22.423416,39.625661],[22.423947,39.6259],[22.424407,39.626094],[22.424944,39.626316],[22.425349,39.626494],[22.425427,39.626532],[22.425495,39.626567],[22.425669,39.626668],[22.425815,39.626755],[22.426662,39.627242],[22.427207,39.627417],[22.42735,39.627464],[22.428336,39.627781],[22.428524,39.627843],[22.428964,39.627988],[22.42945,39.628147],[22.429924,39.628303],[22.430392,39.628457],[22.430868,39.628612]]},"properties":{"name":"Δράμας"}},{"type":"Feature","geometry":{"type":"LineString","coordinates":[[22.429792,39.630133],[22.429905,39.629972],[22.429955,39.6299],[22.430334,39.629359],[22.430592,39.629008],[22.430842,39.628649],[22.430868,39.628612],[22.430894,39.628576],[22.431316,39.627938],[22.431368,39.62786],[22.431528,39.627618],[22.431707,39.627348],[22.431784,39.627272],[22.431812,39.627247],[22.431854,39.627209],[22.431897,39.627172],[22.431928,39.627149],[22.431961,39.627124]]},"properties":{"name":"Δούκα"}},{"type":"Feature","geometry":{"type":"LineString","coordinates":[[22.431611,39.625373],[22.431681,39.625362],[22.431707,39.62536],[22.431728,39.625362],[22.431753,39.625365],[22.432321,39.625504],[22.432823,39.62562],[22.432874,39.625635],[22.43291,39.625645],[22.432958,39.625678]]},"properties":{"name":"Γοργοποτάμου"}},{"type":"Feature","geometry":{"type":"LineString","coordinates":[[22.432958,39.625678],[22.433012,39.625741],[22.433041,39.625808],[22.433101,39.625959],[22.433155,39.626095],[22.433306,39.626448],[22.433479,39.62684],[22.433618,39.627161]]},"properties":{"name":"Σπερχειού"}},{"type":"Feature","geometry":{"type":"LineString","coordinates":[[22.400609,39.636312],[22.400674,39.636232],[22.400722,39.636169],[22.400775,39.636102],[22.400885,39.635957]]},"properties":{"name":"Αθανασίου Λαγού"}},{"type":"Feature","geometry":{"type":"LineString","coordinates":[[22.402313,39.643439],[22.402214,39.6433],[22.402197,39.643275],[22.402042,39.643007],[22.401903,39.642723],[22.401865,39.642622],[22.401813,39.642486],[22.401751,39.642242],[22.401694,39.642026],[22.401656,39.641829],[22.401629,39.641652],[22.40161,39.641458],[22.401603,39.641264],[22.401614,39.641038],[22.401633,39.640823],[22.401675,39.640588],[22.401775,39.640181],[22.401917,39.639659],[22.401953,39.639506],[22.401986,39.639341],[22.402001,39.639165],[22.401986,39.638979],[22.401944,39.638799],[22.401878,39.638648],[22.401798,39.638523],[22.40088,39.637334],[22.400836,39.637275],[22.400803,39.637227],[22.400771,39.637176],[22.400732,39.637105],[22.400705,39.637044],[22.400675,39.636969],[22.400643,39.636877],[22.400626,39.636823],[22.400602,39.636762],[22.400582,39.636717],[22.40056,39.636675]]},"properties":{"name":"Αθανασίου Λαγού"}},{"type":"Feature","geometry":{"type":"LineString","coordinates":[[22.4009,39.635936],[22.400952,39.635871],[22.400984,39.635835],[22.401029,39.635794],[22.401083,39.635745],[22.401131,39.635698],[22.401175,39.635656],[22.401229,39.635607],[22.401264,39.635577],[22.401317,39.635532],[22.401372,39.635489],[22.401397,39.635467],[22.401417,39.635454],[22.401471,39.635413],[22.401533,39.63537],[22.40158,39.635337],[22.401656,39.635284],[22.401709,39.635252],[22.401738,39.635234],[22.401781,39.635207],[22.401863,39.63516],[22.402048,39.635056],[22.402076,39.63504],[22.402125,39.635014],[22.402179,39.634991]]},"properties":{"name":"Αθανασίου Λαγού"}},{"type":"Feature","geometry":{"type":"LineString","coordinates":[[22.402179,39.634991],[22.402211,39.635035],[22.402219,39.635045],[22.402251,39.635086],[22.402286,39.635134],[22.402328,39.635186],[22.402401,39.635281],[22.402452,39.635347],[22.402519,39.63542],[22.402557,39.635457],[22.402604,39.635505],[22.402723,39.635602],[22.402816,39.635671],[22.403052,39.63585],[22.403067,39.635861],[22.403162,39.635925],[22.40361,39.636221],[22.40385,39.636367],[22.403902,39.636401],[22.404109,39.636529],[22.404158,39.636561],[22.404809,39.636976],[22.404979,39.637077],[22.405278,39.637191],[22.405423,39.637245],[22.405977,39.637458],[22.40657,39.637633],[22.407101,39.637786],[22.407481,39.637872]]},"properties":{"name":"Κρανώνος"}},{"type":"Feature","geometry":{"type":"LineString","coordinates":[[22.407481,39.637872],[22.407809,39.637934],[22.408047,39.637978],[22.408375,39.63804]]},"properties":{"name":"Βραΐλα Αρμένη"}},{"type":"Feature","geometry":{"type":"LineString","coordinates":[[22.408592,39.638202],[22.408616,39.638225],[22.408666,39.638258],[22.408736,39.638281],[22.408803,39.638293],[22.409341,39.638325],[22.409787,39.638351],[22.410347,39.638383],[22.41102,39.638424]]},"properties":{"name":"Θέτιδος"}},{"type":"Feature","geometry":{"type":"LineString","coordinates":[[22.435597,39.626651],[22.434479,39.626951],[22.433618,39.627161]]},"properties":{"name":"Ευβοίας"}},{"type":"Feature","geometry":{"type":"LineString","coordinates":[[22.435024,39.62615],[22.435164,39.626262],[22.435494,39.626559],[22.435597,39.626651]]},"properties":{"name":"Παστέρ"}},{"type":"Feature","geometry":{"type":"LineString","coordinates":[[22.435024,39.62615],[22.435499,39.625871],[22.43591,39.625658],[22.436131,39.625526],[22.436329,39.625417],[22.436509,39.625314],[22.436721,39.6252],[22.43693,39.62508],[22.437137,39.624967],[22.437266,39.624888],[22.437338,39.62484],[22.437371,39.624817],[22.437466,39.624724],[22.437498,39.624691],[22.437549,39.624645],[22.437704,39.624492]]},"properties":{"name":"Ενιπέως"}},{"type":"Feature","geometry":{"type":"LineString","coordinates":[[22.437704,39.624492],[22.439071,39.62529],[22.439454,39.625517],[22.440058,39.625872],[22.44058,39.626185],[22.441059,39.62653],[22.441146,39.626588],[22.441398,39.626774],[22.441919,39.627141],[22.442371,39.627464],[22.442447,39.627519],[22.442594,39.627622],[22.443227,39.62808],[22.443306,39.628132]]},"properties":{"name":"Καστανιάς"}},{"type":"Feature","geometry":{"type":"LineString","coordinates":[[22.435603,39.631448],[22.435694,39.631431],[22.435851,39.631403],[22.436007,39.631384],[22.436195,39.631356],[22.436283,39.631333],[22.436355,39.631304],[22.436415,39.63128],[22.436529,39.63123],[22.437134,39.630958],[22.43757,39.630772],[22.437978,39.630608],[22.438664,39.630318],[22.439208,39.630085],[22.439675,39.62989],[22.439923,39.629785],[22.440166,39.629683],[22.440266,39.629642],[22.440688,39.629454],[22.44081,39.629399],[22.440917,39.62935],[22.441008,39.629306],[22.441284,39.629179],[22.441368,39.629138],[22.441884,39.628867],[22.442132,39.628736],[22.442438,39.628576],[22.442669,39.628458],[22.44294,39.628325],[22.443019,39.628288],[22.443075,39.628258],[22.44314,39.628221],[22.443206,39.628187],[22.443265,39.628154],[22.443306,39.628132]]},"properties":{"name":"Πολυξένης Ζήλου"}},{"type":"Feature","geometry":{"type":"LineString","coordinates":[[22.431846,39.630465],[22.431687,39.630495],[22.43159,39.630511],[22.431337,39.63055],[22.430955,39.63062],[22.430823,39.630653]]},"properties":{"name":"Αγρινίου"}},{"type":"Feature","geometry":{"type":"LineString","coordinates":[[22.429792,39.630133],[22.429814,39.630143],[22.430023,39.630248],[22.430786,39.630638],[22.430823,39.630653]]},"properties":{"name":"Γρεβενών"}},{"type":"Feature","geometry":{"type":"LineString","coordinates":[[22.428964,39.627988],[22.429354,39.627284],[22.429633,39.626802],[22.429818,39.626454],[22.430055,39.626066],[22.430124,39.625943],[22.430145,39.625892]]},"properties":{"name":"Λακωνίας"}},{"type":"Feature","geometry":{"type":"LineString","coordinates":[[22.430145,39.625892],[22.429493,39.625771],[22.429092,39.625682],[22.428694,39.625595],[22.42829,39.625507],[22.427882,39.625439],[22.427484,39.625383]]},"properties":{"name":"Ακαρνανίας"}},{"type":"Feature","geometry":{"type":"LineString","coordinates":[[22.427484,39.625383],[22.427335,39.625724],[22.427202,39.626027],[22.427146,39.626153],[22.427051,39.626362],[22.426873,39.626765],[22.426786,39.626988],[22.426696,39.62718],[22.426662,39.627242],[22.426537,39.627447]]},"properties":{"name":"Σερρών"}},{"type":"Feature","geometry":{"type":"LineString","coordinates":[[22.426537,39.627447],[22.426264,39.627339]]},"properties":{"name":"Κομοτηνής"}},{"type":"Feature","geometry":{"type":"LineString","coordinates":[[22.425957,39.627207],[22.425278,39.626894],[22.424345,39.626494],[22.424192,39.626428],[22.423724,39.626245],[22.423134,39.626]]},"properties":{"name":"Κομοτηνής"}},{"type":"Feature","geometry":{"type":"LineString","coordinates":[[22.426264,39.627339],[22.425922,39.627261]]},"properties":{"name":"Ξάνθης"}},{"type":"Feature","geometry":{"type":"LineString","coordinates":[[22.425957,39.627207],[22.425922,39.627261]]},"properties":{"name":"Σιδηροκάστρου"}},{"type":"Feature","geometry":{"type":"LineString","coordinates":[[22.397775,39.626144],[22.397595,39.625958],[22.397544,39.625905],[22.397278,39.625631],[22.397258,39.62561],[22.397011,39.625354],[22.396916,39.625257],[22.396552,39.624884],[22.396202,39.624526],[22.395851,39.624172],[22.395751,39.624066],[22.395496,39.623809],[22.395151,39.623455],[22.394938,39.623232],[22.394805,39.623094],[22.394462,39.622734],[22.394067,39.622317],[22.39397,39.62221],[22.393913,39.622155],[22.393863,39.622118],[22.393801,39.622085],[22.393714,39.622053],[22.393607,39.622029],[22.393465,39.622003],[22.3933,39.621966],[22.393164,39.621928],[22.392971,39.621872],[22.392698,39.621788],[22.3925,39.621728],[22.392111,39.621611],[22.392062,39.621596],[22.392046,39.621591],[22.391741,39.621494],[22.391732,39.621492],[22.391588,39.621438]]},"properties":{"name":"Καραολή και Δημητρίου"}},{"type":"Feature","geometry":{"type":"LineString","coordinates":[[22.398046,39.626403],[22.398645,39.627],[22.399287,39.627661]]},"properties":{"name":"Καραολή και Δημητρίου"}},{"type":"Feature","geometry":{"type":"LineString","coordinates":[[22.39131,39.621356],[22.391519,39.621413],[22.391588,39.621438]]},"properties":{"name":"Καραολή-Δημητρίου"}},{"type":"Feature","geometry":{"type":"LineString","coordinates":[[22.398439,39.627782],[22.398441,39.627837],[22.398423,39.627936],[22.398422,39.627993],[22.39843,39.628066],[22.398513,39.628279],[22.398558,39.628391],[22.39857,39.628434],[22.398583,39.628475],[22.398601,39.628518],[22.398605,39.628555],[22.398575,39.629313],[22.398547,39.630126],[22.398514,39.630943],[22.398484,39.631753],[22.398462,39.632459],[22.398452,39.632593]]},"properties":{"name":"Αγίας Τριάδος"}},{"type":"Feature","geometry":{"type":"LineString","coordinates":[[22.472154,39.743501],[22.472293,39.743717],[22.473114,39.745511]]},"properties":{"name":"ΕΟ1"}},{"type":"Feature","geometry":{"type":"LineString","coordinates":[[22.472086,39.743896],[22.472034,39.743518]]},"properties":{"name":"ΕΟ1"}},{"type":"Feature","geometry":{"type":"LineString","coordinates":[[22.476637,39.746202],[22.476604,39.746088],[22.476567,39.746007],[22.476513,39.745932],[22.476429,39.745852],[22.476338,39.745786],[22.476232,39.745733],[22.476126,39.745696],[22.475982,39.745669],[22.475858,39.745656],[22.47576,39.745649],[22.475657,39.745647],[22.475244,39.745649],[22.475033,39.745657],[22.474766,39.745671],[22.474608,39.745683],[22.474346,39.745708],[22.474109,39.745735],[22.47388,39.74578],[22.473616,39.745844],[22.473269,39.745934],[22.47315,39.745965],[22.472972,39.746012],[22.472796,39.746058],[22.472638,39.746099]]},"properties":{"name":"Διακλάδωση Αμπελώνα"}},{"type":"Feature","geometry":{"type":"LineString","coordinates":[[22.418929,39.642741],[22.41892,39.64274],[22.418849,39.64273],[22.41861,39.642696],[22.418323,39.642658],[22.41817,39.642637],[22.418046,39.642625],[22.417911,39.642622],[22.417804,39.642617],[22.417702,39.642617],[22.417522,39.642616],[22.417426,39.642617],[22.417346,39.642616],[22.417303,39.642616],[22.417092,39.64262],[22.416914,39.64262],[22.416804,39.642619],[22.416734,39.642616],[22.416655,39.642614],[22.416582,39.642608],[22.4165,39.642596],[22.416361,39.642602],[22.416274,39.642597],[22.416151,39.642578],[22.415993,39.64255],[22.415117,39.642426],[22.415011,39.642408],[22.41406,39.642257],[22.413945,39.642236],[22.413386,39.642144],[22.413178,39.64211],[22.41313,39.6421],[22.413094,39.64209],[22.413056,39.642077],[22.413018,39.642062],[22.412995,39.642051],[22.412964,39.642034],[22.412938,39.642015],[22.412915,39.641996],[22.412893,39.641972],[22.412876,39.641952],[22.412864,39.641931],[22.412832,39.64188],[22.412766,39.641769],[22.412611,39.641483],[22.412579,39.641425],[22.412561,39.641396],[22.41254,39.641365],[22.412513,39.64133],[22.412483,39.641293]]},"properties":{"name":"Γεωργιάδου"}},{"type":"Feature","geometry":{"type":"LineString","coordinates":[[22.403859,39.643157],[22.403577,39.643203],[22.403392,39.643238],[22.403016,39.643299],[22.402941,39.643311],[22.402695,39.643358],[22.402598,39.643379],[22.402557,39.643387],[22.402443,39.643412],[22.402313,39.643439]]},"properties":{"name":"Μανουσάκη"}},{"type":"Feature","geometry":{"type":"LineString","coordinates":[[22.406064,39.642783],[22.406569,39.642726],[22.40712,39.642743],[22.407632,39.642763],[22.408276,39.642789],[22.408386,39.642792],[22.409112,39.642853],[22.409382,39.642875],[22.410275,39.642991],[22.410405,39.642974]]},"properties":{"name":"Μανουσάκη"}},{"type":"Feature","geometry":{"type":"LineString","coordinates":[[22.40553,39.64083],[22.405628,39.641189],[22.405741,39.641602],[22.405801,39.641821],[22.405893,39.642158],[22.406064,39.642783]]},"properties":{"name":"Τσεκούρα"}},{"type":"Feature","geometry":{"type":"LineString","coordinates":[[22.40553,39.64083],[22.405147,39.640892],[22.404684,39.640967],[22.404223,39.641042],[22.403768,39.641115],[22.403321,39.641188]]},"properties":{"name":"Γληνού"}},{"type":"Feature","geometry":{"type":"LineString","coordinates":[[22.403321,39.641188],[22.403389,39.641436],[22.403592,39.642179],[22.403859,39.643157]]},"properties":{"name":"Λεκατσά"}},{"type":"Feature","geometry":{"type":"LineString","coordinates":[[22.426101,39.622116],[22.426197,39.622081],[22.426294,39.622043],[22.426505,39.62195],[22.42671,39.621854],[22.426939,39.621747],[22.427066,39.621687],[22.427484,39.621489],[22.427679,39.621393],[22.427752,39.621356],[22.427874,39.621319],[22.42793,39.6213],[22.427976,39.621287],[22.428005,39.621278],[22.42809,39.621259],[22.428181,39.62124],[22.428238,39.621228],[22.428285,39.621217],[22.428382,39.621212],[22.428446,39.621212],[22.42887,39.621201],[22.429092,39.621193],[22.429249,39.621188]]},"properties":{"name":"Διγενή Ακρίτα"}},{"type":"Feature","geometry":{"type":"LineString","coordinates":[[22.429704,39.621132],[22.42963,39.621147],[22.429546,39.621159],[22.42947,39.621168],[22.429383,39.621177],[22.429249,39.621188],[22.429342,39.621206],[22.429401,39.62122],[22.42945,39.62123],[22.429538,39.621245],[22.429587,39.621258],[22.429633,39.621273],[22.42966,39.621285],[22.429698,39.621306]]},"properties":{"name":"Διγενή Ακρίτα"}},{"type":"Feature","geometry":{"type":"LineString","coordinates":[[22.429976,39.621057],[22.429955,39.621013],[22.429942,39.620993],[22.429936,39.620974],[22.429918,39.620932],[22.429907,39.620869],[22.429912,39.620744],[22.42992,39.620563],[22.429891,39.620419],[22.429846,39.620199],[22.429831,39.620011],[22.429802,39.619834],[22.429794,39.619683],[22.429787,39.619507],[22.429782,39.619357],[22.429782,39.619335]]},"properties":{"name":"Λεωφόρος Καραμανλή"}},{"type":"Feature","geometry":{"type":"LineString","coordinates":[[22.384078,39.633675],[22.383989,39.633649],[22.383899,39.633636],[22.383807,39.633634],[22.38371,39.633639],[22.3833,39.633686],[22.382989,39.633721],[22.382643,39.633759],[22.382418,39.633786],[22.382292,39.633798],[22.382136,39.633812],[22.381885,39.633832],[22.381576,39.633857],[22.381019,39.633897],[22.380624,39.633928],[22.380083,39.63397],[22.379619,39.634006],[22.379425,39.634021],[22.379234,39.634034],[22.379065,39.634042],[22.378912,39.634044],[22.378699,39.634048],[22.378583,39.634047],[22.378457,39.634048],[22.378304,39.634046],[22.37814,39.634039],[22.378005,39.63403],[22.377864,39.634018],[22.377707,39.634001],[22.377576,39.633988],[22.377473,39.633975],[22.377347,39.633957],[22.377181,39.633933],[22.376986,39.633901],[22.37673,39.633855],[22.376392,39.633787],[22.376078,39.633729],[22.375428,39.6336],[22.374856,39.633488],[22.374299,39.633382],[22.373684,39.633258],[22.373201,39.633166],[22.372919,39.63311],[22.372658,39.633057],[22.372304,39.63299],[22.371702,39.632874],[22.371256,39.632786],[22.370634,39.632664],[22.369705,39.632487],[22.369549,39.632458],[22.368869,39.632323],[22.368682,39.63229],[22.368579,39.632273],[22.368463,39.632251],[22.367246,39.632017],[22.366556,39.631876],[22.365678,39.631697],[22.364706,39.631511],[22.363751,39.631337],[22.362962,39.631234],[22.362539,39.631195],[22.362129,39.631164],[22.361697,39.631146],[22.361266,39.631137],[22.360797,39.631137],[22.360297,39.631137],[22.357462,39.63115],[22.356199,39.631161],[22.355533,39.631163],[22.355368,39.631164],[22.355313,39.631164],[22.355226,39.631165],[22.355128,39.631166],[22.354779,39.63117],[22.353346,39.63117],[22.353026,39.631127]]},"properties":{"name":"Λάρισας - Τρικάλων"}},{"type":"Feature","geometry":{"type":"LineString","coordinates":[[22.384017,39.633457],[22.383953,39.633497],[22.383933,39.633504],[22.383892,39.633517],[22.383793,39.633536],[22.383624,39.63356],[22.383125,39.633613],[22.382966,39.633628],[22.382627,39.633663],[22.382402,39.633688],[22.382275,39.633701],[22.382128,39.633714],[22.381874,39.633738],[22.381562,39.633764],[22.381007,39.633813],[22.380608,39.633844],[22.380068,39.633888],[22.379559,39.633926],[22.379405,39.633939],[22.37922,39.63395],[22.379057,39.633957],[22.378913,39.63396],[22.378693,39.633964],[22.378587,39.633964],[22.378461,39.633964],[22.378308,39.63396],[22.378145,39.633952],[22.378018,39.633944],[22.377877,39.633934],[22.377715,39.633919],[22.377594,39.633906],[22.377486,39.633892],[22.377356,39.633874],[22.377204,39.633851],[22.377006,39.633819],[22.376756,39.633773],[22.376415,39.633706],[22.376113,39.633648],[22.375457,39.63352],[22.374887,39.633407],[22.374398,39.633312],[22.373714,39.633179],[22.373233,39.633087],[22.372948,39.633031],[22.372682,39.632978],[22.37233,39.632908],[22.371738,39.632791],[22.371288,39.632705],[22.370669,39.632583],[22.369735,39.632387],[22.368906,39.63223],[22.368609,39.632172],[22.368493,39.63215],[22.368176,39.632089],[22.368048,39.632064],[22.367814,39.632019],[22.367628,39.631985],[22.367541,39.631967],[22.36658,39.631789],[22.36571,39.631621],[22.36473,39.631428],[22.363777,39.631256],[22.363609,39.631232],[22.363079,39.631161],[22.362981,39.631151],[22.362554,39.631108],[22.362145,39.63108],[22.361706,39.631062],[22.361267,39.631053],[22.3608,39.631051],[22.3603,39.631052],[22.357455,39.631062],[22.355596,39.631066],[22.355227,39.631064],[22.355125,39.631064],[22.354915,39.631064],[22.35477,39.631066],[22.353518,39.631084],[22.353346,39.631085],[22.353026,39.631127],[22.35063,39.631157],[22.348577,39.631169],[22.346598,39.631195],[22.346323,39.631199],[22.34589,39.631204],[22.340954,39.631267],[22.339523,39.63129],[22.338403,39.631308],[22.337721,39.631314]]},"properties":{"name":"Λάρισας - Τρικάλων"}},{"type":"Feature","geometry":{"type":"LineString","coordinates":[[22.290385,39.623612],[22.29203,39.624759],[22.293467,39.625686],[22.294363,39.626231]]},"properties":{"name":"Λάρισας - Τρικάλων"}},{"type":"Feature","geometry":{"type":"LineString","coordinates":[[22.290437,39.623535],[22.293541,39.625622],[22.294363,39.626231],[22.295024,39.626673],[22.295619,39.627039],[22.29595,39.627195],[22.296301,39.627332],[22.296558,39.627415],[22.296862,39.627496],[22.297161,39.627561],[22.297472,39.627605],[22.297558,39.627618],[22.297959,39.627652],[22.298513,39.627697],[22.29943,39.627763],[22.299886,39.627817],[22.300279,39.627865],[22.300735,39.627954],[22.301387,39.628122],[22.301599,39.628188],[22.302635,39.62851],[22.303196,39.628693],[22.304413,39.629106],[22.304907,39.629262],[22.305397,39.629371],[22.305851,39.629459],[22.306054,39.629483],[22.30689,39.629553],[22.30716,39.629576],[22.307711,39.629632],[22.308165,39.629701],[22.308578,39.629794],[22.309699,39.630136],[22.310905,39.630521],[22.311254,39.630601],[22.31158,39.630649],[22.311929,39.630678],[22.312207,39.630682],[22.31243,39.630678],[22.312781,39.630639],[22.313138,39.630578],[22.313196,39.630569],[22.313652,39.630455],[22.314482,39.630247],[22.315386,39.630017],[22.315888,39.629882],[22.316837,39.629623],[22.31712,39.62955],[22.317384,39.629485],[22.317654,39.629428],[22.31796,39.629393],[22.318228,39.629384],[22.318592,39.62939],[22.319081,39.629438],[22.322733,39.629936],[22.322953,39.629967],[22.323609,39.630069],[22.324069,39.630196],[22.324311,39.630287],[22.324559,39.630399],[22.32603,39.631182],[22.326133,39.631235],[22.326451,39.631376],[22.326674,39.63146],[22.326968,39.631546],[22.327446,39.631654],[22.327851,39.631736],[22.32824,39.631807],[22.32865,39.631859],[22.329018,39.63188],[22.329081,39.631882],[22.329228,39.631882],[22.329474,39.63187],[22.329791,39.631846],[22.330162,39.631816]]},"properties":{"name":"Λάρισας - Τρικάλων"}},{"type":"Feature","geometry":{"type":"LineString","coordinates":[[22.337721,39.631314],[22.337272,39.631345],[22.336743,39.63137],[22.336484,39.631386],[22.336193,39.631406],[22.334552,39.631524],[22.334357,39.631539],[22.334168,39.63155],[22.333518,39.631596],[22.331947,39.631705],[22.330162,39.631816],[22.331463,39.631688],[22.331887,39.631646],[22.331944,39.631641],[22.333508,39.631523],[22.334163,39.631479],[22.33436,39.631465],[22.334548,39.631455],[22.336189,39.63135],[22.336483,39.631336],[22.336742,39.631326],[22.33727,39.631308],[22.337721,39.631314]]},"properties":{"name":"Λάρισας - Τρικάλων"}},{"type":"Feature","geometry":{"type":"LineString","coordinates":[[22.289272,39.623886],[22.28928,39.624038],[22.289304,39.624132],[22.289341,39.624211],[22.289395,39.624278]]},"properties":{"name":"Διακλάδωση Αμυγδαλέας"}},{"type":"Feature","geometry":{"type":"LineString","coordinates":[[22.387643,39.633097],[22.387635,39.633213]]},"properties":{"name":"Αυλώνος"}},{"type":"Feature","geometry":{"type":"LineString","coordinates":[[22.413181,39.63257],[22.414122,39.632571],[22.415123,39.632573],[22.415192,39.632573]]},"properties":{"name":"Μουρούζη"}},{"type":"Feature","geometry":{"type":"LineString","coordinates":[[22.41412,39.632387],[22.414122,39.632571]]},"properties":{"name":"Σούτσου"}},{"type":"Feature","geometry":{"type":"LineString","coordinates":[[22.36277,39.631285],[22.362642,39.631273],[22.362593,39.631269],[22.362116,39.631224],[22.36199,39.63122],[22.36113,39.631206],[22.359902,39.631212],[22.358723,39.631217],[22.358225,39.631217],[22.356432,39.631215]]},"properties":{"name":"Πσράπλευρη Οδός"}},{"type":"Feature","geometry":{"type":"LineString","coordinates":[[22.334351,39.631609],[22.334357,39.631539]]},"properties":{"name":"Προς Αερολέσχη Λάρισας"}},{"type":"Feature","geometry":{"type":"LineString","coordinates":[[22.348919,39.616353],[22.348609,39.616592],[22.348394,39.616774],[22.348115,39.617034],[22.347917,39.617218],[22.347806,39.617384]]},"properties":{"name":"Μεγ.Αλεξάνδρου"}},{"type":"Feature","geometry":{"type":"LineString","coordinates":[[22.40447,39.617521],[22.403524,39.616353],[22.403455,39.616263],[22.403406,39.61618],[22.403392,39.616122],[22.403402,39.61607],[22.403427,39.616021],[22.403467,39.61597],[22.403535,39.615913],[22.404161,39.615703]]},"properties":{"name":"Ηλιάδος"}},{"type":"Feature","geometry":{"type":"LineString","coordinates":[[22.427752,39.611843],[22.427716,39.611942],[22.427697,39.611989],[22.427625,39.612156],[22.427343,39.612798],[22.427234,39.613073],[22.427046,39.613511]]},"properties":{"name":"Καλλισθένους"}},{"type":"Feature","geometry":{"type":"LineString","coordinates":[[22.427046,39.613511],[22.428023,39.613777],[22.428222,39.613831],[22.428538,39.613917],[22.430577,39.614482]]},"properties":{"name":"Ευρίπου"}}]}